2.424580000000000000e+05 3.588049647557907633e+02 1.752231773943801443e+02 1.691382798394234328e+02
3.647670000000000000e+05 2.900779892942163087e+02 1.303880451846368373e+02 1.254631929234189016e+02
4.814920000000000000e+05 2.524054433982821308e+02 1.086731871854230889e+02 1.047014719441055206e+02
5.941530000000000000e+05 2.352655343323010015e+02 9.754916791435124424e+01 9.205480793805229212e+01
7.123390000000000000e+05 2.175848889892853890e+02 9.287256194003933274e+01 8.413498874202510081e+01
8.296960000000000000e+05 2.229404807490174676e+02 8.622066886702103261e+01 7.775202567979773960e+01
9.479980000000000000e+05 2.202321272967103312e+02 8.288101828418946582e+01 7.353288906548235104e+01
1.064778000000000000e+06 2.174675775685001042e+02 7.908698813833849783e+01 6.976930408519511673e+01
1.184095000000000000e+06 2.119136975461822772e+02 7.459270989552516085e+01 6.710898967894958389e+01
1.303598000000000000e+06 2.119548933525677796e+02 7.171607951864510255e+01 6.513108650777866160e+01
1.424956000000000000e+06 2.078268381556525242e+02 7.041670502125836606e+01 6.247017623806151221e+01
1.542296000000000000e+06 2.093547705130699228e+02 6.867624501873078202e+01 5.983898693184039530e+01
1.662932000000000000e+06 2.099741554176430043e+02 6.649102418369011502e+01 5.805854703571614550e+01
1.780337000000000000e+06 2.099845065321491973e+02 6.560747458002495591e+01 5.601203308051049135e+01
1.899762000000000000e+06 2.076275626741406199e+02 6.465180088331658226e+01 5.488226630531089256e+01
2.015948000000000000e+06 2.070194817525484723e+02 6.375592150597834973e+01 5.361195954415059362e+01
2.134383000000000000e+06 2.065802416551607337e+02 6.276380234189285545e+01 5.252870591779235099e+01
2.254906000000000000e+06 2.061394818645102305e+02 6.160041593083214906e+01 5.137464173314954508e+01
2.374105000000000000e+06 2.057196789943355384e+02 6.131907372171247061e+01 5.049758572847679261e+01
2.490557000000000000e+06 2.028455824055864980e+02 6.079936257571466740e+01 4.983603845806801758e+01
2.605475000000000000e+06 2.046191471641286341e+02 5.999687416381673444e+01 4.905267696014580281e+01
2.724613000000000000e+06 2.035081642557313728e+02 5.950100089667253656e+01 4.821469710587560797e+01
2.845119000000000000e+06 2.039460024778258571e+02 5.883586541001910319e+01 4.756665838553529824e+01
2.963350000000000000e+06 2.034137993868805268e+02 5.859788641726652969e+01 4.700472211998215499e+01
3.080519000000000000e+06 2.027624507345456948e+02 5.838530987051393595e+01 4.650646963348560803e+01
3.199550000000000000e+06 2.024782520755628354e+02 5.749181374443053727e+01 4.626290880206570222e+01
3.319323000000000000e+06 2.016552484005671317e+02 5.708457611218183558e+01 4.605295180306862335e+01
3.438358000000000000e+06 2.013772159747152841e+02 5.676825573128342484e+01 4.570356880451082304e+01
3.556769000000000000e+06 1.998413028678781984e+02 5.639508317977037422e+01 4.528608187199590418e+01
3.675555000000000000e+06 2.000643268013587033e+02 5.587327203518449892e+01 4.463225133155032864e+01
3.794913000000000000e+06 2.002028451416180701e+02 5.557763270661649813e+01 4.437003411757461180e+01
3.915895000000000000e+06 2.000363373893835046e+02 5.556613693044834434e+01 4.416484766238734494e+01
4.032989000000000000e+06 2.007534986381959641e+02 5.528054233652879645e+01 4.394290027206231741e+01
4.152384000000000000e+06 2.015889381086638537e+02 5.497752045180372704e+01 4.369603982654328433e+01
4.271438000000000000e+06 2.026033146613445979e+02 5.487854114660483162e+01 4.360112959136682775e+01
4.391751000000000000e+06 2.030632329988435458e+02 5.463198342316030676e+01 4.341832086224464859e+01
4.512706000000000000e+06 2.031120201404371812e+02 5.430068141042077201e+01 4.308587857080961925e+01
4.631504000000000000e+06 2.032661814355739693e+02 5.397864391108080184e+01 4.285352716135921725e+01
4.748322000000000000e+06 2.024722038201264809e+02 5.366298985119641429e+01 4.258827009998555013e+01
4.866562000000000000e+06 2.024676886131376534e+02 5.308535843641401186e+01 4.245304572696421275e+01
4.989060000000000000e+06 2.008692419678220631e+02 5.298260119935309120e+01 4.220465313990784750e+01
5.110210000000000000e+06 1.999811273179096816e+02 5.284194853969790984e+01 4.202738977279206978e+01
5.226484000000000000e+06 2.002061746326320417e+02 5.265058723730685841e+01 4.164477057064591747e+01
5.344590000000000000e+06 2.002632954701873587e+02 5.250982510935451586e+01 4.142518848186758618e+01
5.467318000000000000e+06 2.000343198012319874e+02 5.226115860769731114e+01 4.155609235142861024e+01
5.590111000000000000e+06 1.998003244056087624e+02 5.190844300192874528e+01 4.136029140640339108e+01
5.706699000000000000e+06 2.007241260284873192e+02 5.166200042505216317e+01 4.118338312728596406e+01
5.825291000000000000e+06 2.001423143856480635e+02 5.168389284728754518e+01 4.115014536867828099e+01
5.945667000000000000e+06 2.007247184768970101e+02 5.149604370869981551e+01 4.133098909548035493e+01
6.067009000000000000e+06 2.000109794773167096e+02 5.131892297393435598e+01 4.118893186410512897e+01
6.186556000000000000e+06 2.002401771647818691e+02 5.120668030147749761e+01 4.114228315262536029e+01
6.307385000000000000e+06 1.996497216705821529e+02 5.115647055997662562e+01 4.097504884703881345e+01
6.426209000000000000e+06 1.997057822746630507e+02 5.086467870516076317e+01 4.070626553593251629e+01
6.546587000000000000e+06 1.991159544762851965e+02 5.090772284396487635e+01 4.061048420918476154e+01
6.664552000000000000e+06 2.000029710471547162e+02 5.081818819800578524e+01 4.042114731245172976e+01
6.780216000000000000e+06 1.997277476894895472e+02 5.092574943458980385e+01 4.037262174784004998e+01
6.902516000000000000e+06 1.988668137756955048e+02 5.092631720437053389e+01 4.020406053937697521e+01
7.022113000000000000e+06 1.992486948728428047e+02 5.099658761208874580e+01 4.011303091265339305e+01
7.142468000000000000e+06 1.987821330526409724e+02 5.112142424660141415e+01 4.005228773501826822e+01
7.262644000000000000e+06 1.993509189758050297e+02 5.112480994438769955e+01 3.992731264640647026e+01
7.380799000000000000e+06 1.990467041764736962e+02 5.091086923543424803e+01 3.979704383988452321e+01
7.502509000000000000e+06 1.990544812800614238e+02 5.073802128187565330e+01 3.983831896064074130e+01
7.622952000000000000e+06 1.989629278769492089e+02 5.070301470920989573e+01 3.975425726874065901e+01
7.742040000000000000e+06 1.981003317047020573e+02 5.047015243242201876e+01 3.966594913322465032e+01
7.862300000000000000e+06 1.979468675136712648e+02 5.045645201643598909e+01 3.949187725295244178e+01
7.980090000000000000e+06 1.970243999797564527e+02 5.036928782461465914e+01 3.937946382369478471e+01
8.098822000000000000e+06 1.961921748701478236e+02 5.041021599415134347e+01 3.918539661402883922e+01
8.217048000000000000e+06 1.959395319924466889e+02 5.035173192851067370e+01 3.916291386893158943e+01
8.336273000000000000e+06 1.959413962021678230e+02 5.039265397923587386e+01 3.902929302316336191e+01
8.452459000000000000e+06 1.955658031805307644e+02 5.014237326641139703e+01 3.886399062340046129e+01
8.571739000000000000e+06 1.956148420148361140e+02 5.019040280158180423e+01 3.882371979314905985e+01
8.690933000000000000e+06 1.955723986004593655e+02 5.013126144992898503e+01 3.868913118898891668e+01
8.809937000000000000e+06 1.957222073390741173e+02 5.020657670709809395e+01 3.876558165112736276e+01
8.930294000000000000e+06 1.958414945049760831e+02 4.999852841342180909e+01 3.868919125951920535e+01
9.051886000000000000e+06 1.960977057489599531e+02 4.984820411909410609e+01 3.869990292229662288e+01
9.168753000000000000e+06 1.967903348050266743e+02 4.974655486261034554e+01 3.868393205586131245e+01
9.287070000000000000e+06 1.968424836731557832e+02 4.972435922241137263e+01 3.864659143717599932e+01
9.405935000000000000e+06 1.967692002127003832e+02 4.976647050950674611e+01 3.863886881254412486e+01
9.525669000000000000e+06 1.961543674381965445e+02 4.973127533198891115e+01 3.859346626237930167e+01
9.647074000000000000e+06 1.964891869714276424e+02 4.971212109947311575e+01 3.846877299684605589e+01
9.767729000000000000e+06 1.965881327789271893e+02 4.960411568415357664e+01 3.838440583915630100e+01
9.887956000000000000e+06 1.970177138393625285e+02 4.957815312962075183e+01 3.821123672923206982e+01
1.000988200000000000e+07 1.966955393223310296e+02 4.958185683416648004e+01 3.831297517566802924e+01
1.013082300000000000e+07 1.970409473001425908e+02 4.955509124645618613e+01 3.822649570898564519e+01
1.025146200000000000e+07 1.969691397150114653e+02 4.931572593673455174e+01 3.806539383003408261e+01
1.037341800000000000e+07 1.968851750990048970e+02 4.933997632309892367e+01 3.799611644998564941e+01
1.048995100000000000e+07 1.973276445818350169e+02 4.919048963867813029e+01 3.795803562417737709e+01
1.060865400000000000e+07 1.980362782104175778e+02 4.927118411759504824e+01 3.782339220278782932e+01
1.073091400000000000e+07 1.978765754735230473e+02 4.932331081003903961e+01 3.783584025073035662e+01
1.084862100000000000e+07 1.974694177905711854e+02 4.928763668299070844e+01 3.779675415449137432e+01
1.096630900000000000e+07 1.973811223965102499e+02 4.924510476783508039e+01 3.773716929443641277e+01
1.108633200000000000e+07 1.972923209344907036e+02 4.914475351823016069e+01 3.769352077239783227e+01
1.120388600000000000e+07 1.970964734891175567e+02 4.914696563138689811e+01 3.767559020618576682e+01
1.132309700000000000e+07 1.968996288028357355e+02 4.912667039773290867e+01 3.758998865326023520e+01
1.144190400000000000e+07 1.969529793968887361e+02 4.907103649904407661e+01 3.749351091850368078e+01
1.156301000000000000e+07 1.972192444681100483e+02 4.902496441025829199e+01 3.748590054390508897e+01
1.168315200000000000e+07 1.972012508166656062e+02 4.894018393854167925e+01 3.750079731379643988e+01
1.180334300000000000e+07 1.969533151727806342e+02 4.879358760349158786e+01 3.743554504353409840e+01
1.192262300000000000e+07 1.967898638703907750e+02 4.869979311598701344e+01 3.740794675997421592e+01
1.204209700000000000e+07 1.968113315759683815e+02 4.853452724916907357e+01 3.717507736255282680e+01
1.215982100000000000e+07 1.970704917295403789e+02 4.834032982056124439e+01 3.691593772250920580e+01
1.227761900000000000e+07 1.970527454060376726e+02 4.809304928224507591e+01 3.661042313959189443e+01
1.239601600000000000e+07 1.970057087215989782e+02 4.791690984131370357e+01 3.629073918229255469e+01
1.251650100000000000e+07 1.970695452881544156e+02 4.779093796359179436e+01 3.603492140244570408e+01
1.263479200000000000e+07 1.967204906009334309e+02 4.745008092875482930e+01 3.564559468437969514e+01
1.275234800000000000e+07 1.963637732392836028e+02 4.718181523286934720e+01 3.540102888677903792e+01
1.287197000000000000e+07 1.962812991991271474e+02 4.692660431417708367e+01 3.514820532538539766e+01
1.299406800000000000e+07 1.965883010386401395e+02 4.678126842593064083e+01 3.491283894434081247e+01
1.311329000000000000e+07 1.971478839913596914e+02 4.653868753824684035e+01 3.474365602450074419e+01
1.323399200000000000e+07 1.976945881502783493e+02 4.637097910957478319e+01 3.455872644144940153e+01
1.335440100000000000e+07 1.980216531448320723e+02 4.630861210969180775e+01 3.435385362017635913e+01
1.347352500000000000e+07 1.982332698652720069e+02 4.607283960228154740e+01 3.414482625037894792e+01
1.359514300000000000e+07 1.985035966171768109e+02 4.585112145444026055e+01 3.398391027381359208e+01
1.371392500000000000e+07 1.980730743102182601e+02 4.561268634354552631e+01 3.375613864845962553e+01
1.383230400000000000e+07 1.978573113387723481e+02 4.533805772113788635e+01 3.355641612527090700e+01
1.395360100000000000e+07 1.978010165544182257e+02 4.529572969352688716e+01 3.337715161956861465e+01
1.407234900000000000e+07 1.976426836012819308e+02 4.514003255549082638e+01 3.315992257517578423e+01
1.419302900000000000e+07 1.977671058749710653e+02 4.502664692146797165e+01 3.292070000693958320e+01
1.431099400000000000e+07 1.977026872862547009e+02 4.488129683477621512e+01 3.277085001782875651e+01
1.443187000000000000e+07 1.975616055997099636e+02 4.478544178258729147e+01 3.262457655653156507e+01
1.455323700000000000e+07 1.972675497181328410e+02 4.471716068412743539e+01 3.249179903714274076e+01
1.467199600000000000e+07 1.975980505488126653e+02 4.449783553284308368e+01 3.232708465106716744e+01
1.479011900000000000e+07 1.973774293493973175e+02 4.430900360480675459e+01 3.216850771211443316e+01
1.491212600000000000e+07 1.975420249853183634e+02 4.417516333562780062e+01 3.200671255729049847e+01
1.502746600000000000e+07 1.975148023337544885e+02 4.407068784780854998e+01 3.188572105945360846e+01
1.514789000000000000e+07 1.975398890624261128e+02 4.388253604107295303e+01 3.172980122417567017e+01
1.526811400000000000e+07 1.980884393804665820e+02 4.377910027161142636e+01 3.162366467289357530e+01
1.538662700000000000e+07 1.979841108217658245e+02 4.369414413871945868e+01 3.147089347350803479e+01
1.550538200000000000e+07 1.978556604623371982e+02 4.358184920346297275e+01 3.137171821128403693e+01
1.562583900000000000e+07 1.978507287854551464e+02 4.344125102164093022e+01 3.124911477425486339e+01
1.574537800000000000e+07 1.978856122671033404e+02 4.335149633036480310e+01 3.111369943756743695e+01
1.586287500000000000e+07 1.978344214948894262e+02 4.320175400278229461e+01 3.098535370592063387e+01
1.598435800000000000e+07 1.978138037315933673e+02 4.312540906826939846e+01 3.082652850788129939e+01
1.610177700000000000e+07 1.979706644534975055e+02 4.299189344233663235e+01 3.062348499253140588e+01
1.622161800000000000e+07 1.980629657463239539e+02 4.283101141485648355e+01 3.042961077386942748e+01
1.633831600000000000e+07 1.978812657925461451e+02 4.270927389343817993e+01 3.030273212587479037e+01
1.645641900000000000e+07 1.978819151259327214e+02 4.257144265891878376e+01 3.016592533319519021e+01
1.657860400000000000e+07 1.978294830145394769e+02 4.253686210707823534e+01 3.010213007385923945e+01
1.669516100000000000e+07 1.975098704481704885e+02 4.243218435947108702e+01 3.004309378304191469e+01
1.681789200000000000e+07 1.974658094957617607e+02 4.234559634927865801e+01 2.996013281023306263e+01
1.693879300000000000e+07 1.975342368889922113e+02 4.214727940021192154e+01 2.986406461773452747e+01
1.705568800000000000e+07 1.976914211529220040e+02 4.208781933064877734e+01 2.974148779076553950e+01
1.717682800000000000e+07 1.978494774025678566e+02 4.205650005426810623e+01 2.963854716063722350e+01
1.729697900000000000e+07 1.979015042678533405e+02 4.191993403266096863e+01 2.952074934603640344e+01
1.741540000000000000e+07 1.976620551244633077e+02 4.186281313793937642e+01 2.949097122974121987e+01
1.753395600000000000e+07 1.973046342207398141e+02 4.181397554346227707e+01 2.940229666632439631e+01
1.765217600000000000e+07 1.975405142777934770e+02 4.179246327052177890e+01 2.933643321217331490e+01
1.776853700000000000e+07 1.974115860077290847e+02 4.169048004440660549e+01 2.924414161562328829e+01
1.788896600000000000e+07 1.973035225007561166e+02 4.165824597212577629e+01 2.910667475510927815e+01
1.800667900000000000e+07 1.968688558276338370e+02 4.170294781794525107e+01 2.908213217707660547e+01
1.812905100000000000e+07 1.968844044045984276e+02 4.159542014220861716e+01 2.904783740337741094e+01
1.824961200000000000e+07 1.969523287714619926e+02 4.149812601220900632e+01 2.902693365964854166e+01
1.836956700000000000e+07 1.970433874217571315e+02 4.139946279812475183e+01 2.891493389490195298e+01
1.849036300000000000e+07 1.967070843702398690e+02 4.137149350274816584e+01 2.883605876708740823e+01
1.860868900000000000e+07 1.963042819510001493e+02 4.129470229603906972e+01 2.882251879392559601e+01
1.872898300000000000e+07 1.962540787999276972e+02 4.134009778947478253e+01 2.881658226345645701e+01
1.884559700000000000e+07 1.964596665684783261e+02 4.136117379796316129e+01 2.870322153798930387e+01
1.896744600000000000e+07 1.963507575216962380e+02 4.131078958632352283e+01 2.861143584529651207e+01
1.908647200000000000e+07 1.962500153460938179e+02 4.123442159624267589e+01 2.852823195989600791e+01
1.920703900000000000e+07 1.959212921818450468e+02 4.121495467090986153e+01 2.849664513180303160e+01
1.932595000000000000e+07 1.962913537248741136e+02 4.118961208150501108e+01 2.846803296061745669e+01
1.944115800000000000e+07 1.960528993388721801e+02 4.111754990690474898e+01 2.848524250622924470e+01
1.956175500000000000e+07 1.960435543060181942e+02 4.108137014248335817e+01 2.840954805328892263e+01
1.967847800000000000e+07 1.959203918164985510e+02 4.101751419613761840e+01 2.835220636983306974e+01
1.979747600000000000e+07 1.958041560319076098e+02 4.103612358682775607e+01 2.829790179491887159e+01
1.991352600000000000e+07 1.961338586574472913e+02 4.101486134691533891e+01 2.824150052394215393e+01
2.003236900000000000e+07 1.958163990624088058e+02 4.111618117647184789e+01 2.819154695078697870e+01
2.015094900000000000e+07 1.960462438528730900e+02 4.108423019928698494e+01 2.813532480845149664e+01
2.027182400000000000e+07 1.960832032296396505e+02 4.108550313230477968e+01 2.813335208946527999e+01
2.039358000000000000e+07 1.961225986680022970e+02 4.108080625343636427e+01 2.808056723962938861e+01
2.051144000000000000e+07 1.960585789852816276e+02 4.110951077433412593e+01 2.803036452605774187e+01
2.062945300000000000e+07 1.961700617215311127e+02 4.107931502335443241e+01 2.800451644119335626e+01
2.075124600000000000e+07 1.961391534660649825e+02 4.109423813844617257e+01 2.796385987934862882e+01
2.086629500000000000e+07 1.963441900864809213e+02 4.104065559332570956e+01 2.793132655789288421e+01
2.098330900000000000e+07 1.965701872920164419e+02 4.105957137292376302e+01 2.788802935989889775e+01
2.110025300000000000e+07 1.964866114690369159e+02 4.103663392902288365e+01 2.788526817295390003e+01
2.122170800000000000e+07 1.962483030989729400e+02 4.100142392499770239e+01 2.780266627897914589e+01
2.133925300000000000e+07 1.964435749309109269e+02 4.100402941500604470e+01 2.775801697156807180e+01
2.145910900000000000e+07 1.964403306247143064e+02 4.096986644285126999e+01 2.771306693308719815e+01
2.157975500000000000e+07 1.965830741973600482e+02 4.101090890102732089e+01 2.767294115418532385e+01
2.169903900000000000e+07 1.965462355790537572e+02 4.102604862513266681e+01 2.765983235184835110e+01
2.181796300000000000e+07 1.963815305230219508e+02 4.099199274184062602e+01 2.760824344860766644e+01
2.193780000000000000e+07 1.965315963459229920e+02 4.101404685181693566e+01 2.757640490854855031e+01
2.205703100000000000e+07 1.965459052336458967e+02 4.103377635940008616e+01 2.754340193862651631e+01
2.217539500000000000e+07 1.965065415729179392e+02 4.103360532654843951e+01 2.753193520333971023e+01
2.229406800000000000e+07 1.965696555530877845e+02 4.104019533961250943e+01 2.751789604309147563e+01
2.241498600000000000e+07 1.969319771344861465e+02 4.103800842792205827e+01 2.748211564493976056e+01
2.253507900000000000e+07 1.970493973292786336e+02 4.106003909178129163e+01 2.746494229392133946e+01
2.265594500000000000e+07 1.968366553868641518e+02 4.103476081220357230e+01 2.748689485426562840e+01
2.277294600000000000e+07 1.967826932896782353e+02 4.104364549741155344e+01 2.743906167123406448e+01
2.289379900000000000e+07 1.968982048567016818e+02 4.099561906070780992e+01 2.741744345024267204e+01
2.301489100000000000e+07 1.970953042669145248e+02 4.106952387420277972e+01 2.734914121662212594e+01
2.313543400000000000e+07 1.973282274350878254e+02 4.105491441616445769e+01 2.733342384554581983e+01
2.325575900000000000e+07 1.972605230812071682e+02 4.098062310581831014e+01 2.729627620238329655e+01
2.337751600000000000e+07 1.973051782014659352e+02 4.100463502211380273e+01 2.727075748797106769e+01
2.349847600000000000e+07 1.971589549770470455e+02 4.104010246537567497e+01 2.726788447619243172e+01
2.361849000000000000e+07 1.974420349666396817e+02 4.106665478642649703e+01 2.723716063626559958e+01
2.373461200000000000e+07 1.976238582795066918e+02 4.105052210902649534e+01 2.721569633316729764e+01
2.385281800000000000e+07 1.976106232793484594e+02 4.100016436143683052e+01 2.707442522285032638e+01
2.396916300000000000e+07 1.974820740773258194e+02 4.086247737625293297e+01 2.692242687549414271e+01
2.408547000000000000e+07 1.974638359210420049e+02 4.085292597323275032e+01 2.681396711817023970e+01
2.420425500000000000e+07 1.974847725231101094e+02 4.075269402493893978e+01 2.673387100662807825e+01
2.432668400000000000e+07 1.973881861069437207e+02 4.073185253679347539e+01 2.660758737212058023e+01
2.444704300000000000e+07 1.975160035181099545e+02 4.065937701059592513e+01 2.649860876128673937e+01
2.456743500000000000e+07 1.974606583726531426e+02 4.056938486973871250e+01 2.635873640994194389e+01
2.468667500000000000e+07 1.977866052098490570e+02 4.059641742225138472e+01 2.624572480674757813e+01
2.480381900000000000e+07 1.978466870639017543e+02 4.052157744634588710e+01 2.616627795697603176e+01
2.492732600000000000e+07 1.977439484270500998e+02 4.046546016526858836e+01 2.607970248707227867e+01
2.504713600000000000e+07 1.977003580702171064e+02 4.036438256883878495e+01 2.599727835613283489e+01
2.517155000000000000e+07 1.976150843700555129e+02 4.025851992129011592e+01 2.587250833758607627e+01
2.528888900000000000e+07 1.975663002682112506e+02 4.014787724058922436e+01 2.577913553310212436e+01
2.540947500000000000e+07 1.975896923400487708e+02 4.006250678576022040e+01 2.570113150570443850e+01
2.552963600000000000e+07 1.976958430680127208e+02 3.999540829982397128e+01 2.562469229980077756e+01
2.565079000000000000e+07 1.976454854761440743e+02 3.990239263672530967e+01 2.556009894089939039e+01
2.577175900000000000e+07 1.976688227844727805e+02 3.986152989635849764e+01 2.546499134030323575e+01
2.589031500000000000e+07 1.976109777573960287e+02 3.981406672146430026e+01 2.537892010646764618e+01
2.601330400000000000e+07 1.975497019453169401e+02 3.980613804245237475e+01 2.528112983463166330e+01
2.613180400000000000e+07 1.977213969322654066e+02 3.981287780258516307e+01 2.518763448394879134e+01
2.625398800000000000e+07 1.977464831019673852e+02 3.974373232766493658e+01 2.509790785928536039e+01
2.636934800000000000e+07 1.979042461672896422e+02 3.968380323768724338e+01 2.503572677517370693e+01
2.648829900000000000e+07 1.978403975537326289e+02 3.967810281635599523e+01 2.493607365810996868e+01
2.660901700000000000e+07 1.977365313876966582e+02 3.961756325076838436e+01 2.484323978523004683e+01
2.672816600000000000e+07 1.977866062230949922e+02 3.956017080508332384e+01 2.479840051779942911e+01
2.684701800000000000e+07 1.978312705691879785e+02 3.947925384174939722e+01 2.472333896997398384e+01
2.696798200000000000e+07 1.979257681940524094e+02 3.945626575485031395e+01 2.466047126809911560e+01
2.708366800000000000e+07 1.981000705521190923e+02 3.943234056515967012e+01 2.459602547049574994e+01
2.720509700000000000e+07 1.981244553659425662e+02 3.937396763935603872e+01 2.452995091103668912e+01
2.732402900000000000e+07 1.980477797142827399e+02 3.931102076198956041e+01 2.450265098402058683e+01
2.743972100000000000e+07 1.981364587033214377e+02 3.921576152416584904e+01 2.444820358097406654e+01
2.755761600000000000e+07 1.981990152768586029e+02 3.918145899681874766e+01 2.439251368076396886e+01
2.767365500000000000e+07 1.981975957282268155e+02 3.915935847753516441e+01 2.433764250284420783e+01
2.778940900000000000e+07 1.982767932483900495e+02 3.909269239563101905e+01 2.428222882961595630e+01
2.791190500000000000e+07 1.981761900617862295e+02 3.903822025581777666e+01 2.423675231186177115e+01
2.803748100000000000e+07 1.980085597563275144e+02 3.899608502057235171e+01 2.419008463707673329e+01
2.815798200000000000e+07 1.980404912815492935e+02 3.898340904114733263e+01 2.411886828940296468e+01
2.827989500000000000e+07 1.980933501339624172e+02 3.890229620413083467e+01 2.407617631450682438e+01
2.839982200000000000e+07 1.979193141102712445e+02 3.887355298425579520e+01 2.400039379321852806e+01
2.851925800000000000e+07 1.978518401609979662e+02 3.881294293423717789e+01 2.394318267627604513e+01
2.863816100000000000e+07 1.976391562234778689e+02 3.873401923200392361e+01 2.387669331630046798e+01
2.875414900000000000e+07 1.975658798553925237e+02 3.870639712035199409e+01 2.383388643025999443e+01
2.887252400000000000e+07 1.974859974073651472e+02 3.874313294821273956e+01 2.379971323228663849e+01
2.899239300000000000e+07 1.974676217995541947e+02 3.871860270339644927e+01 2.374630451567181311e+01
2.911196900000000000e+07 1.973634628195911489e+02 3.868886130921817568e+01 2.372052206039529310e+01
2.923110900000000000e+07 1.973722731753388757e+02 3.864706022359342796e+01 2.369193257727198088e+01
2.935171400000000000e+07 1.973781305524923653e+02 3.858362652370399104e+01 2.364997971473092520e+01
2.947230100000000000e+07 1.974172496229543583e+02 3.853288472042644486e+01 2.356248667816480591e+01
2.959076400000000000e+07 1.974673924607840263e+02 3.850890469393372229e+01 2.352590489904988402e+01
2.971271300000000000e+07 1.975293846191194973e+02 3.849608883390410341e+01 2.348231492401145459e+01
2.982923200000000000e+07 1.976079268013601506e+02 3.845544778176138578e+01 2.346891198808792467e+01
2.994578300000000000e+07 1.975510206988608388e+02 3.842968060243550354e+01 2.341962901994892476e+01
3.006678900000000000e+07 1.975329382859821408e+02 3.839650316233229432e+01 2.337300444463550164e+01
3.018365900000000000e+07 1.974794650135855250e+02 3.837652442022991295e+01 2.338870001064990589e+01
3.030656900000000000e+07 1.974338656604732023e+02 3.834801564845719213e+01 2.335793194533767192e+01
3.042565100000000000e+07 1.974240171022356947e+02 3.833798475213458090e+01 2.334627181915762151e+01
3.054671200000000000e+07 1.974604059024326261e+02 3.828878863617612183e+01 2.330352792361781056e+01
3.066563700000000000e+07 1.972893476594902609e+02 3.827534990692322481e+01 2.325279564796164777e+01
3.078740100000000000e+07 1.972873788278747327e+02 3.825633133564909372e+01 2.323187273322534807e+01
3.090501100000000000e+07 1.973767595860812207e+02 3.821483214563212272e+01 2.319309554318419941e+01
3.102482700000000000e+07 1.974734479590035789e+02 3.819839360126701422e+01 2.315327595662504123e+01
3.114261000000000000e+07 1.974796989130479972e+02 3.818910790145452694e+01 2.313042918376507018e+01
3.126309800000000000e+07 1.976681855533126395e+02 3.821427693247915869e+01 2.311717931221520672e+01
3.138170300000000000e+07 1.976896207022744534e+02 3.817525577908089929e+01 2.308110649658459934e+01
3.150021400000000000e+07 1.974414191560688892e+02 3.818349857031546435e+01 2.304804382006557972e+01
3.161859200000000000e+07 1.977521137615421480e+02 3.812590893940901537e+01 2.300064150327770207e+01
3.173650700000000000e+07 1.976758977222087310e+02 3.810725684338558494e+01 2.297694328909989281e+01
3.185531200000000000e+07 1.976862213148201022e+02 3.807207611947104908e+01 2.293809411409450760e+01
3.197431000000000000e+07 1.977697777867109608e+02 3.801000194488496220e+01 2.291809359248311395e+01
3.209790600000000000e+07 1.976819055462083270e+02 3.797634354948970525e+01 2.286792788425867684e+01
3.221691700000000000e+07 1.976582941900765604e+02 3.801069002433364830e+01 2.285376800677695286e+01
3.233596700000000000e+07 1.977762243878629249e+02 3.795323688578071852e+01 2.281547213852905642e+01
3.245529900000000000e+07 1.978785811792543257e+02 3.794465775357888759e+01 2.280590609518978695e+01
3.257506000000000000e+07 1.978779842635863417e+02 3.795147964918873384e+01 2.276927424805333544e+01
3.269363400000000000e+07 1.977758395011573782e+02 3.788909252955140516e+01 2.275548193405772679e+01
3.281287300000000000e+07 1.977508397055808871e+02 3.786240903993306262e+01 2.268630575530621130e+01
3.293277700000000000e+07 1.977256287196993298e+02 3.785103536465130247e+01 2.268758679164384873e+01
3.305229200000000000e+07 1.977386139940842043e+02 3.780572686324823906e+01 2.268740294458222806e+01
3.317139100000000000e+07 1.975674337014003754e+02 3.776915557428551296e+01 2.269979537255032653e+01
3.329013600000000000e+07 1.974436722576065222e+02 3.780811661688127856e+01 2.270943209294360088e+01
3.341022100000000000e+07 1.975269359133335172e+02 3.780143693630544277e+01 2.272000973012491443e+01
3.352524300000000000e+07 1.975767268294798100e+02 3.778144688561560116e+01 2.272618983864002118e+01
3.364852300000000000e+07 1.975371054590086146e+02 3.779446547125837697e+01 2.273521989866223336e+01
3.376660900000000000e+07 1.974139012019801669e+02 3.780069571010135121e+01 2.270265341774504364e+01
3.388532300000000000e+07 1.973899833611502572e+02 3.779378015271890945e+01 2.271693097579608889e+01
3.400363400000000000e+07 1.973946440608106627e+02 3.776003908148772581e+01 2.272543665448468175e+01
3.411977300000000000e+07 1.974010853244211603e+02 3.778755759187649232e+01 2.269353938247958880e+01
3.424117600000000000e+07 1.974615624938034273e+02 3.778798063006074415e+01 2.268233755663319329e+01
3.435993200000000000e+07 1.975727534815506488e+02 3.784623842901017099e+01 2.267412222910368058e+01
3.447939200000000000e+07 1.975557054854182581e+02 3.784202847570070105e+01 2.265535033971805490e+01
3.459756100000000000e+07 1.976009635700808929e+02 3.782316570766199959e+01 2.264757449788337595e+01
3.471621100000000000e+07 1.974766448876002016e+02 3.783684109161070808e+01 2.269577651823787789e+01
3.483540600000000000e+07 1.973300252671223518e+02 3.780241708843308146e+01 2.270970031199598083e+01
3.495544400000000000e+07 1.974816769648706156e+02 3.777141338277483840e+01 2.268853441179864561e+01
3.507146100000000000e+07 1.975139391968199334e+02 3.775848641500088121e+01 2.269132704714277082e+01
3.519291000000000000e+07 1.976548624741535605e+02 3.774884726855582073e+01 2.272170750287741470e+01
3.531188700000000000e+07 1.976478743998806635e+02 3.780224465863101102e+01 2.273111977796642691e+01
3.543489200000000000e+07 1.977007600221414236e+02 3.782882070553665699e+01 2.274458198374935236e+01
3.555413000000000000e+07 1.976396089914633478e+02 3.785515745117935893e+01 2.275742977562417124e+01
3.567440500000000000e+07 1.976276387678086053e+02 3.779420502877040633e+01 2.267431022857563505e+01
3.579383300000000000e+07 1.977425451177431057e+02 3.777456224519013972e+01 2.261500416097211641e+01
3.591162200000000000e+07 1.978575905255539169e+02 3.774173512845226242e+01 2.255924583058248345e+01
3.603124600000000000e+07 1.979929773425299402e+02 3.765020138872384337e+01 2.250252699379491617e+01
3.615038700000000000e+07 1.980153986073679278e+02 3.760277098647258498e+01 2.242124620817520508e+01
3.627193000000000000e+07 1.977968388493695784e+02 3.750774557220608330e+01 2.232515147320399862e+01
3.638870400000000000e+07 1.979215276296519335e+02 3.743082670335827089e+01 2.225230965038213782e+01
3.650961800000000000e+07 1.978450294765410433e+02 3.738009462825208118e+01 2.216126684252513712e+01
3.662930100000000000e+07 1.979349542389760757e+02 3.733394069955535599e+01 2.210240775251984147e+01
3.675213200000000000e+07 1.978846757123972111e+02 3.727056347753472920e+01 2.203514208287944243e+01
3.687134000000000000e+07 1.978966222754007163e+02 3.718934068236264068e+01 2.200543629553460434e+01
3.699302900000000000e+07 1.980688387558429611e+02 3.712857184270429656e+01 2.196475566033862137e+01
3.711456200000000000e+07 1.981485524101558440e+02 3.708780865399815951e+01 2.192120048822689782e+01
3.723533400000000000e+07 1.981732766594587929e+02 3.705869983288896918e+01 2.184146853835980906e+01
3.735427000000000000e+07 1.983562076725633005e+02 3.700812964614753042e+01 2.180369116594655310e+01
3.747178200000000000e+07 1.984503474988646303e+02 3.701208923403054740e+01 2.173459215598792937e+01
3.759175400000000000e+07 1.984122701577355201e+02 3.692544661780630832e+01 2.169874813812643310e+01
3.771068400000000000e+07 1.983659980386495931e+02 3.686891979249037377e+01 2.165609718648993720e+01
3.783441100000000000e+07 1.983249157505011908e+02 3.684282328177091870e+01 2.159319484740529660e+01
3.795576600000000000e+07 1.982203818960652484e+02 3.678823611582249242e+01 2.153217963310536121e+01
3.807479800000000000e+07 1.982153072760868611e+02 3.676913804877212044e+01 2.148956210802107947e+01
3.819317300000000000e+07 1.981747256933867050e+02 3.673296237857359614e+01 2.143940717194080392e+01
3.831071800000000000e+07 1.983531905797793229e+02 3.671142403110455632e+01 2.137757896675116598e+01
3.842720800000000000e+07 1.984455110413776708e+02 3.666953341467986860e+01 2.132445526155613180e+01
3.854788100000000000e+07 1.983878186779936073e+02 3.665839978605781369e+01 2.128561729893522525e+01
3.866610600000000000e+07 1.983072974653641154e+02 3.661440683174393484e+01 2.124861078090559374e+01
3.878339100000000000e+07 1.983603057049163851e+02 3.653938754574868142e+01 2.120984574784583998e+01
3.890285700000000000e+07 1.984033409713150888e+02 3.653010762681510215e+01 2.119269016018617435e+01
3.902359300000000000e+07 1.983804744932648418e+02 3.651051878861943578e+01 2.119799015086053728e+01
3.914368700000000000e+07 1.983868921258553542e+02 3.650519193591111389e+01 2.115997552451152330e+01
3.926365300000000000e+07 1.984319471844612508e+02 3.649196784363468993e+01 2.110062199129157889e+01
3.938437700000000000e+07 1.983419539534873195e+02 3.644136725055407311e+01 2.107254509951092203e+01
3.950467200000000000e+07 1.985563758109304615e+02 3.639715221595584183e+01 2.102975135993782629e+01
3.962107000000000000e+07 1.984865054706074545e+02 3.639773520372632021e+01 2.099841645944608359e+01
3.974142900000000000e+07 1.984906608401106212e+02 3.638402042203651376e+01 2.097372073955273564e+01
3.986249000000000000e+07 1.984272788492457380e+02 3.637799555132838947e+01 2.096306478774498316e+01
3.998265500000000000e+07 1.983494767148501694e+02 3.636822613672759985e+01 2.094178825542632438e+01
4.010161600000000000e+07 1.983453801606427760e+02 3.633379928470443332e+01 2.090445862497421103e+01
4.022361100000000000e+07 1.983637752345489105e+02 3.625859730553541027e+01 2.086520480853725701e+01
4.034187100000000000e+07 1.982885494407156557e+02 3.622304088555956980e+01 2.083537664877404438e+01
4.046146400000000000e+07 1.983292770087440147e+02 3.617409820754429006e+01 2.079666380851783103e+01
4.057773100000000000e+07 1.983522330384826091e+02 3.612253178189730818e+01 2.077474209667661853e+01
4.069803500000000000e+07 1.984071069409193342e+02 3.607559205579695316e+01 2.072472541861520767e+01
4.081626400000000000e+07 1.982598884183322809e+02 3.608090385234263664e+01 2.070392246866403951e+01
4.093614000000000000e+07 1.981031488338663564e+02 3.599309712275957196e+01 2.065575410720088456e+01
4.105405900000000000e+07 1.980227731565396709e+02 3.595965782615849093e+01 2.064583501791820197e+01
4.117129900000000000e+07 1.980556799608957590e+02 3.590589163253510918e+01 2.062905855968223179e+01
4.129061000000000000e+07 1.980646197472836434e+02 3.584830736236103377e+01 2.061867903820783354e+01
4.140885100000000000e+07 1.980013350264163989e+02 3.581829236889774393e+01 2.058905721929351174e+01
4.152887700000000000e+07 1.979975383037608196e+02 3.583204321775852463e+01 2.056182421191014598e+01
4.165081100000000000e+07 1.979438667061098727e+02 3.579068400043450993e+01 2.054279274177294567e+01
4.177087600000000000e+07 1.980558788555313470e+02 3.575906310273055766e+01 2.050926978607553508e+01
4.188909900000000000e+07 1.980142159046464201e+02 3.574631297499272620e+01 2.049258735684896138e+01
4.201267700000000000e+07 1.979991370350812758e+02 3.572493272905526851e+01 2.045278139651137650e+01
4.213343100000000000e+07 1.980749944626444972e+02 3.570193636402542836e+01 2.040278561437271065e+01
4.225532900000000000e+07 1.979524080485577429e+02 3.567584775044755929e+01 2.038280527958678334e+01
4.237103900000000000e+07 1.980139602731446757e+02 3.565449833780921551e+01 2.033021605033611579e+01
4.249189400000000000e+07 1.980446667273465664e+02 3.562642243655807306e+01 2.031558560117510837e+01
4.261408200000000000e+07 1.980362102803580910e+02 3.558230015489094455e+01 2.031844522188230684e+01
4.273215800000000000e+07 1.982253827207179313e+02 3.558233888399367828e+01 2.031494579439620196e+01
4.285282300000000000e+07 1.982805104694040494e+02 3.556106206832650685e+01 2.027504712820823940e+01
4.297222400000000000e+07 1.982715464311680194e+02 3.551426322986255713e+01 2.026241892089221608e+01
4.309048000000000000e+07 1.983475198309523364e+02 3.550951993131641160e+01 2.024667510431638462e+01
4.320861800000000000e+07 1.983422936829410617e+02 3.547946160532312376e+01 2.020626642015150765e+01
4.332807400000000000e+07 1.982575340601331106e+02 3.545330387627677737e+01 2.018769907875871539e+01
4.344823200000000000e+07 1.981429823165083235e+02 3.544495971240007037e+01 2.016255032362109745e+01
4.356902900000000000e+07 1.980352221794967136e+02 3.542359178976479228e+01 2.015571561694521208e+01
4.368962500000000000e+07 1.981388956266698358e+02 3.544312694211068049e+01 2.014329534659662357e+01
4.380797000000000000e+07 1.979793558378197531e+02 3.545585022178317303e+01 2.010448723925494008e+01
4.392934800000000000e+07 1.980092362878510812e+02 3.548673549009016170e+01 2.009023085157658528e+01
4.405034700000000000e+07 1.979259537411587075e+02 3.550430533545652878e+01 2.008417558151602123e+01
4.417365000000000000e+07 1.980677921649904647e+02 3.548257865441610193e+01 2.006856326061190288e+01
4.428994100000000000e+07 1.981084817846639226e+02 3.545755019240439054e+01 2.002934748262039477e+01
4.440851000000000000e+07 1.979969296204979798e+02 3.543908255783833283e+01 2.001278064471214080e+01
4.452624900000000000e+07 1.979618729151349328e+02 3.546769568396078398e+01 2.000620927064804988e+01
4.464653900000000000e+07 1.979953829516012433e+02 3.544804810193811306e+01 1.998986649382398184e+01
4.476603700000000000e+07 1.980426625374531682e+02 3.543595284190824657e+01 1.994533746376826855e+01
4.488515800000000000e+07 1.980842381130962906e+02 3.537337942243576094e+01 1.994617987926196179e+01
4.500321100000000000e+07 1.981369499024708034e+02 3.539375406484914777e+01 1.991064189756430025e+01
4.512384000000000000e+07 1.980621015255560735e+02 3.538909987790506051e+01 1.988158822129090453e+01
4.524180000000000000e+07 1.979788860253046607e+02 3.536843496867720660e+01 1.986665734490486557e+01
4.536216000000000000e+07 1.978972576641465650e+02 3.532847091555338181e+01 1.985717818682253011e+01
4.547981900000000000e+07 1.978239324418274236e+02 3.533539761232943732e+01 1.984333261641730317e+01
4.560069700000000000e+07 1.979341480279634595e+02 3.534312939592043534e+01 1.983923071596351662e+01
4.571893800000000000e+07 1.978771634759961842e+02 3.532608418813366313e+01 1.984467239999793264e+01
4.584148000000000000e+07 1.979565907282034232e+02 3.533554567725797568e+01 1.983141204545656322e+01
4.596314000000000000e+07 1.979780465233139637e+02 3.535489002403993908e+01 1.980635770849648836e+01
4.608356200000000000e+07 1.978090853359410914e+02 3.535881761871507223e+01 1.979412263047948173e+01
4.620574400000000000e+07 1.977667489218762569e+02 3.530930565212781858e+01 1.976994707716356103e+01
4.632463800000000000e+07 1.978577711143297790e+02 3.533019647375864736e+01 1.973581341868911210e+01
4.644287000000000000e+07 1.979317382743665235e+02 3.533078649584602005e+01 1.973147713132995662e+01
4.656197200000000000e+07 1.978721019718337573e+02 3.531436257120994071e+01 1.972319386457711232e+01
4.668039900000000000e+07 1.979060023254830298e+02 3.530602163303718299e+01 1.970194424218447082e+01
4.679658600000000000e+07 1.979004100658043797e+02 3.530297968021041299e+01 1.968466924256480155e+01
4.691475300000000000e+07 1.977780010387411664e+02 3.527898268825951078e+01 1.967566545730257843e+01
4.703315100000000000e+07 1.977145242339791480e+02 3.527975482623285330e+01 1.967882573167980809e+01
4.714983800000000000e+07 1.975341892952374394e+02 3.525377659721703338e+01 1.966653854370094834e+01
4.727066400000000000e+07 1.973928781274834421e+02 3.523105231022366723e+01 1.966451523779980093e+01
4.738994500000000000e+07 1.974039335710021135e+02 3.521956114856476461e+01 1.966413845212892397e+01
4.750796400000000000e+07 1.973615634336408959e+02 3.516840033196934456e+01 1.962095195035337269e+01
4.762869200000000000e+07 1.973153603559240707e+02 3.511396663668105589e+01 1.954697783224515817e+01
4.774796300000000000e+07 1.972357314890112150e+02 3.506136160989702688e+01 1.951343282837533621e+01
4.786913400000000000e+07 1.973299279585457668e+02 3.502123948058500247e+01 1.948289707081498179e+01
4.799025000000000000e+07 1.973330705551611004e+02 3.497347285179215248e+01 1.943334198204696861e+01
4.810814700000000000e+07 1.974415311317162036e+02 3.496889112191951199e+01 1.940133350810136648e+01
4.822739100000000000e+07 1.974354721159998007e+02 3.490502494401757616e+01 1.938761816966299989e+01
4.834765400000000000e+07 1.974442145574764140e+02 3.482352397632421770e+01 1.935832812181274321e+01
4.847042100000000000e+07 1.974714251060048014e+02 3.478392382198541100e+01 1.931326002272566100e+01
4.858750300000000000e+07 1.975528810103239152e+02 3.476322225786375242e+01 1.929150389607705662e+01
4.870523000000000000e+07 1.976139549403925457e+02 3.476035474638418066e+01 1.925917029601151143e+01
4.882512700000000000e+07 1.976881533617433035e+02 3.474280741746313339e+01 1.919547626352689207e+01
4.894401300000000000e+07 1.976957234615254890e+02 3.473470270485886147e+01 1.913916808986145668e+01
4.905862500000000000e+07 1.976190143462267486e+02 3.472755386626601393e+01 1.909001635902576410e+01
4.917574900000000000e+07 1.975676592478475015e+02 3.470314865826772177e+01 1.908157709374058442e+01
4.929522100000000000e+07 1.974222419363334780e+02 3.466703957514320678e+01 1.906060838326988716e+01
4.941473900000000000e+07 1.974364898943960327e+02 3.465029494013313638e+01 1.903957873541311940e+01
4.953522200000000000e+07 1.975074452198309984e+02 3.463128718577098653e+01 1.900609037371358312e+01
4.965726100000000000e+07 1.975593828445695124e+02 3.459669368241993936e+01 1.899149919408630183e+01
4.977270200000000000e+07 1.976121833999476110e+02 3.457813075918687673e+01 1.896350317401597252e+01
4.989302100000000000e+07 1.975766500792213378e+02 3.455627289887253539e+01 1.895372910244169873e+01
5.001044500000000000e+07 1.975357096987929140e+02 3.451722021684967245e+01 1.893202492849900764e+01
5.012884600000000000e+07 1.975539597161457266e+02 3.453674536017663854e+01 1.890440051306911329e+01
5.024617800000000000e+07 1.974788768906754228e+02 3.453132054798467010e+01 1.888704220383243992e+01
5.036525700000000000e+07 1.973974571918822676e+02 3.454868461161078841e+01 1.887962974520217330e+01
5.048371900000000000e+07 1.974120113080465728e+02 3.452157106837842804e+01 1.883766220483256504e+01
5.060396200000000000e+07 1.974734674434218107e+02 3.450909365361139436e+01 1.880390039375189204e+01
5.072346900000000000e+07 1.974785462200947848e+02 3.445198166332476575e+01 1.878107607809449320e+01
5.084293900000000000e+07 1.973825360558791715e+02 3.445048147413765349e+01 1.875329592921913502e+01
5.096338100000000000e+07 1.973489635085642817e+02 3.445823234699646065e+01 1.872449675484964260e+01
5.108208300000000000e+07 1.973094450705219458e+02 3.442855535433420044e+01 1.869328606542055837e+01
5.119989800000000000e+07 1.973217557894413119e+02 3.441548436919499210e+01 1.867744596708182314e+01
5.131858800000000000e+07 1.973239651774623837e+02 3.436816997320543976e+01 1.866536891595924885e+01
5.143759300000000000e+07 1.972675729949779111e+02 3.434872564470988010e+01 1.866045210492274364e+01
5.155431300000000000e+07 1.973335332910842794e+02 3.431744026253461755e+01 1.862169032179204819e+01
5.167281700000000000e+07 1.974249411911601442e+02 3.427986134344226343e+01 1.859289896211308246e+01
5.179297300000000000e+07 1.976387684012821069e+02 3.426479021657851831e+01 1.856671639725880851e+01
5.191041400000000000e+07 1.976789448810913257e+02 3.424548809313024123e+01 1.855419771684764640e+01
5.203110000000000000e+07 1.976233347227431238e+02 3.427483044593189732e+01 1.852085516300327583e+01
5.215413300000000000e+07 1.976328383977817396e+02 3.423136972180175519e+01 1.849184459390561486e+01
5.227275000000000000e+07 1.976908864517812106e+02 3.422794139914210376e+01 1.846013970182413289e+01
5.239056500000000000e+07 1.976191319461344733e+02 3.422477429607882726e+01 1.844856029431923616e+01
5.250602300000000000e+07 1.975977906431395752e+02 3.421981644100577569e+01 1.841374446763694195e+01
5.262717600000000000e+07 1.976806539682882260e+02 3.422198481567787809e+01 1.840969264339490508e+01
5.274503200000000000e+07 1.977572657175643656e+02 3.421541177252285593e+01 1.838386162587317685e+01
5.286566200000000000e+07 1.977904909693444324e+02 3.419452261841283303e+01 1.835569372596161131e+01
5.298770600000000000e+07 1.978227788086614964e+02 3.416473617965172593e+01 1.834810246461060146e+01
5.310620200000000000e+07 1.977786073063241190e+02 3.416935294392089872e+01 1.832171946041856359e+01
5.322569700000000000e+07 1.977973674136162003e+02 3.417266888497120902e+01 1.830530821976243772e+01
5.334646200000000000e+07 1.977679141966363261e+02 3.417140224621886802e+01 1.829391350737545707e+01
5.346779600000000000e+07 1.977472939629884650e+02 3.420480379314332708e+01 1.828884800991614412e+01
5.358672000000000000e+07 1.976753253369193430e+02 3.420916413452946614e+01 1.825463236164394942e+01
5.370467000000000000e+07 1.975989485671543378e+02 3.417423939856985271e+01 1.823855667481728560e+01
5.382473500000000000e+07 1.975145128594565733e+02 3.418121725093710950e+01 1.823915775866297651e+01
5.394334800000000000e+07 1.975379565225146621e+02 3.416588008046446134e+01 1.821286680199870389e+01
5.406219300000000000e+07 1.974840342209402309e+02 3.414104570266698602e+01 1.820673046201070377e+01
5.418182300000000000e+07 1.974351575488106505e+02 3.411853678011821245e+01 1.818550809081300912e+01
5.430401100000000000e+07 1.973911070786073196e+02 3.415053780049617416e+01 1.816123037069641200e+01
5.442720900000000000e+07 1.974703807891681322e+02 3.416205093440287754e+01 1.815270330316136693e+01
5.454295700000000000e+07 1.975058366975544573e+02 3.414972592497952064e+01 1.813943484947374429e+01
5.466542400000000000e+07 1.976022854222046590e+02 3.417451050323597883e+01 1.813456043270612383e+01
5.478252300000000000e+07 1.976044791576888997e+02 3.418652858788833981e+01 1.813709966657496864e+01
5.490068700000000000e+07 1.976936880428984864e+02 3.419423306499137283e+01 1.812188846060412217e+01
5.502057300000000000e+07 1.976920160581477717e+02 3.420792975268611258e+01 1.807975176138184992e+01
5.513840700000000000e+07 1.976430473648896111e+02 3.418885855502040982e+01 1.806757593697286879e+01
5.525460600000000000e+07 1.976348090666139683e+02 3.418721578097313341e+01 1.807472683681520564e+01
5.537170800000000000e+07 1.976398174876774760e+02 3.415019251786421250e+01 1.806438238115202566e+01
5.549032500000000000e+07 1.975406912608587504e+02 3.413257569206445652e+01 1.803061626525843764e+01
5.561099300000000000e+07 1.975562772187364544e+02 3.414493453380602261e+01 1.798810354365829767e+01
5.573237600000000000e+07 1.975604245874210108e+02 3.412308098821946345e+01 1.798950313601896056e+01
5.585770900000000000e+07 1.975835377784566447e+02 3.409616071516617097e+01 1.798223385454993917e+01
5.597755300000000000e+07 1.976501122147303704e+02 3.412456081502572403e+01 1.800255657908094520e+01
5.609620100000000000e+07 1.976029678057227841e+02 3.411059239143238386e+01 1.800597561132326163e+01
5.621472100000000000e+07 1.975503190861006146e+02 3.409922445984498296e+01 1.798822547466618360e+01
5.633368600000000000e+07 1.975980135614307756e+02 3.407930441193915527e+01 1.798762122090456117e+01
5.645787000000000000e+07 1.976335601520113414e+02 3.406418864129843627e+01 1.797248699277444928e+01
5.657584700000000000e+07 1.975940192942019564e+02 3.406610001847734992e+01 1.797229324122767480e+01
5.669422300000000000e+07 1.974845958655367326e+02 3.407091517398348657e+01 1.795775287593802005e+01
5.681229600000000000e+07 1.974424723607793339e+02 3.404486894530487717e+01 1.795695025308658188e+01
5.692983500000000000e+07 1.975343841992544469e+02 3.403778982656918828e+01 1.797176147572919191e+01
5.704926600000000000e+07 1.974058328662533199e+02 3.402427094090857196e+01 1.795787025207242493e+01
5.717013800000000000e+07 1.973898349176153317e+02 3.401282228627223958e+01 1.795014631588207266e+01
5.728797400000000000e+07 1.974128502515774812e+02 3.400635539530664886e+01 1.794661802823906172e+01
5.740488400000000000e+07 1.974247890416281166e+02 3.400361276933382015e+01 1.794348598660165450e+01
5.752484100000000000e+07 1.975337124403980624e+02 3.400135066598158318e+01 1.797029241227851060e+01
5.764195700000000000e+07 1.975137222797698371e+02 3.399852261765038008e+01 1.796915374006238508e+01
5.776019000000000000e+07 1.975671500279004817e+02 3.398273364001666152e+01 1.796448949940375783e+01
5.788078300000000000e+07 1.975970466306071671e+02 3.397144943687247576e+01 1.796267511206682244e+01
5.799956400000000000e+07 1.976571210889003680e+02 3.397549184765651376e+01 1.795325347225293200e+01
5.811702600000000000e+07 1.976904909344648900e+02 3.398296088382102909e+01 1.794371340883181531e+01
5.823632800000000000e+07 1.977187566100394065e+02 3.399318074121530486e+01 1.795312677918506949e+01
5.835488200000000000e+07 1.977055785040726619e+02 3.398266653815014138e+01 1.795097178567425189e+01
5.847614600000000000e+07 1.976701927823985443e+02 3.399490642648341776e+01 1.796051160709092542e+01
5.859558500000000000e+07 1.977048725998626821e+02 3.398813692752116822e+01 1.795781711787634194e+01
5.871223700000000000e+07 1.976770941843541607e+02 3.397586413906913094e+01 1.794558097524079443e+01
5.882797900000000000e+07 1.977059165520730630e+02 3.399448609420896616e+01 1.796058480462415829e+01
5.894470900000000000e+07 1.976640235396548633e+02 3.401833447880332528e+01 1.796761983074632241e+01
5.906465100000000000e+07 1.977251413874351158e+02 3.400061896457078348e+01 1.797523586152544439e+01
5.918355900000000000e+07 1.976820646918328919e+02 3.400483800455706529e+01 1.798959082847128599e+01
5.930309800000000000e+07 1.977148709579773538e+02 3.395184112351565631e+01 1.797580007178878247e+01
5.942513900000000000e+07 1.976625734696169445e+02 3.393439103205315632e+01 1.795089819777831863e+01
5.954645500000000000e+07 1.975399086088669094e+02 3.390003423684752448e+01 1.792692551133185930e+01
5.966488100000000000e+07 1.976453354028017486e+02 3.388099046124461466e+01 1.790794477754886671e+01
5.978262900000000000e+07 1.976885790259104283e+02 3.386018220821998881e+01 1.788960144813582431e+01
5.990340200000000000e+07 1.977445321349418350e+02 3.383622478134350331e+01 1.785461378588952641e+01
6.002262600000000000e+07 1.977548105662157241e+02 3.385079983510996726e+01 1.782850516163704313e+01
6.014422000000000000e+07 1.977304163141859021e+02 3.383394734469075615e+01 1.779181502027142514e+01
6.026348600000000000e+07 1.977519546026263981e+02 3.384572389670248782e+01 1.777555286127903500e+01
6.038256600000000000e+07 1.976939381578434904e+02 3.384913970652046800e+01 1.774843290370469262e+01
6.050267800000000000e+07 1.976290078853371313e+02 3.383089644392915574e+01 1.773197043250391403e+01
6.062392600000000000e+07 1.975826050193280992e+02 3.378228635355704057e+01 1.770488827640125606e+01
6.074270300000000000e+07 1.976292826489252263e+02 3.376926000601989131e+01 1.767048090993784015e+01
6.086527300000000000e+07 1.976199466476148245e+02 3.376978738585311390e+01 1.765430065591202791e+01
6.098407300000000000e+07 1.976599412897512309e+02 3.374708291306665586e+01 1.764674034925203827e+01
6.110363100000000000e+07 1.976585858152875517e+02 3.374442145292621120e+01 1.761757176958147753e+01
6.122355600000000000e+07 1.977977660739369412e+02 3.372316638850507076e+01 1.760923666047125025e+01
6.134490600000000000e+07 1.978862480143548623e+02 3.371170659646934098e+01 1.757840689746021212e+01
6.146358500000000000e+07 1.978621577788907473e+02 3.371683968973390932e+01 1.755681302703932190e+01
6.158215000000000000e+07 1.978491931521878939e+02 3.368405705081254808e+01 1.753331112353472676e+01
6.170252900000000000e+07 1.978752419885285292e+02 3.369548410022393625e+01 1.750938510409123339e+01
6.182110800000000000e+07 1.979923506515995939e+02 3.368016521293353804e+01 1.746238780533169432e+01
6.194085400000000000e+07 1.979268782902494479e+02 3.366333435526434670e+01 1.743444842226946179e+01
6.206318200000000000e+07 1.979058502835155764e+02 3.365769474710885589e+01 1.740549065280725571e+01
6.218316700000000000e+07 1.979374336974169637e+02 3.364849346127911645e+01 1.738249818171304639e+01
6.230094300000000000e+07 1.979256705126091731e+02 3.362197102312478592e+01 1.736949615086674825e+01
6.242121700000000000e+07 1.979404145903031917e+02 3.363036615726799994e+01 1.734427800213962811e+01
6.253843200000000000e+07 1.979673646191328373e+02 3.362408090253378390e+01 1.733979998941502032e+01
6.265311300000000000e+07 1.978940014931792462e+02 3.361620638906698133e+01 1.729961098752217552e+01
6.277420900000000000e+07 1.978957135261939868e+02 3.360016111496907598e+01 1.727875943828421867e+01
6.289435300000000000e+07 1.979813694882001300e+02 3.357970737412063045e+01 1.724993112590239974e+01
6.301514700000000000e+07 1.979435404334601287e+02 3.357609468432092115e+01 1.722483120561368963e+01
6.313469700000000000e+07 1.980097791651263037e+02 3.353985006984702721e+01 1.721510920902462871e+01
6.325341100000000000e+07 1.980530195199374930e+02 3.353232619637721257e+01 1.721235669227584708e+01
6.337297500000000000e+07 1.980249828910047540e+02 3.349531958437430035e+01 1.719928607888114769e+01
6.349171200000000000e+07 1.980492616982823222e+02 3.350101011188047551e+01 1.717123315415448914e+01
6.361130600000000000e+07 1.980237520725018783e+02 3.348904924787804305e+01 1.717035973060903231e+01
6.372953000000000000e+07 1.979655000279038291e+02 3.346890364194017309e+01 1.715983752273388063e+01
6.384890900000000000e+07 1.979730814419188221e+02 3.344712729728047407e+01 1.715802207980437188e+01
6.396610000000000000e+07 1.979095361934644473e+02 3.340987100629589435e+01 1.712958257989693323e+01
6.408285400000000000e+07 1.979318824677787916e+02 3.342942562889732727e+01 1.711958029162766692e+01
6.420572900000000000e+07 1.979140858288675417e+02 3.340440638464325929e+01 1.709761231913116220e+01
6.432402000000000000e+07 1.979457804288602745e+02 3.338987230789290805e+01 1.708200749281304098e+01
6.444281200000000000e+07 1.979308482031277947e+02 3.338220049551166824e+01 1.705641159537220375e+01
6.456248000000000000e+07 1.979545909389933911e+02 3.336653411251324286e+01 1.705634360578403985e+01
6.468496000000000000e+07 1.979891367158463993e+02 3.336529426042918800e+01 1.704348671270690119e+01
6.480484800000000000e+07 1.979654387159071405e+02 3.334749512555380591e+01 1.702467208181076330e+01
6.492669100000000000e+07 1.979619502281503856e+02 3.332888389475564139e+01 1.702175603705640938e+01
6.504398800000000000e+07 1.980072468302192021e+02 3.328934266001840570e+01 1.702389429146764144e+01
6.516345500000000000e+07 1.980051866276144779e+02 3.330078117735435228e+01 1.701077850403883218e+01
6.528091500000000000e+07 1.979792846493603236e+02 3.326895469130237615e+01 1.700048234020457372e+01
6.540068900000000000e+07 1.979958568520253550e+02 3.329009002363377334e+01 1.698391067277331956e+01
6.552012900000000000e+07 1.979945701272071972e+02 3.327601911185011119e+01 1.699283554054948198e+01
6.563801500000000000e+07 1.980156634732218492e+02 3.325540676695374032e+01 1.699954705619555639e+01
6.575625400000000000e+07 1.979920264241438872e+02 3.323520956024246686e+01 1.698232639256762866e+01
6.587462000000000000e+07 1.979519491749310305e+02 3.323787785360183733e+01 1.696588327940463614e+01
6.599537600000000000e+07 1.978966060840662919e+02 3.325243205563737092e+01 1.693272869041889095e+01
6.611292000000000000e+07 1.979157970168064651e+02 3.323997142351442591e+01 1.691017701868983991e+01
6.623203000000000000e+07 1.979188884603956922e+02 3.322540885366006336e+01 1.689040310486187124e+01
6.635143900000000000e+07 1.978997983784951771e+02 3.319943542009108484e+01 1.688099164453188550e+01
6.647026500000000000e+07 1.979290902525691820e+02 3.317630579852320238e+01 1.686759238023310914e+01
6.659019300000000000e+07 1.978860747556113324e+02 3.317019859383535163e+01 1.688037095698808798e+01
6.670943400000000000e+07 1.978890589657322892e+02 3.317900868225663658e+01 1.686933037274469172e+01
6.682779500000000000e+07 1.978342995327421647e+02 3.318726861354604551e+01 1.686702843473283053e+01
6.694587100000000000e+07 1.977944570081452298e+02 3.315877395903051195e+01 1.685023089856939649e+01
6.706753500000000000e+07 1.978208617756013155e+02 3.313436078973456489e+01 1.684096592908604251e+01
6.718712400000000000e+07 1.978288732763202802e+02 3.313991237964887659e+01 1.683953730578358332e+01
6.730875400000000000e+07 1.977934209443612019e+02 3.313793343165973937e+01 1.684193830889060806e+01
6.742996700000000000e+07 1.978392357597246018e+02 3.313493428747658243e+01 1.684347050502438492e+01
6.754811000000000000e+07 1.977794410458234040e+02 3.311971927730748888e+01 1.682245277366454417e+01
6.766545700000000000e+07 1.977951036395957658e+02 3.308982605631147322e+01 1.680521903142769347e+01
6.778494500000000000e+07 1.978519394554132020e+02 3.309081149525150778e+01 1.678883159684077953e+01
6.790269600000000000e+07 1.977488845367899160e+02 3.309428489173203758e+01 1.677528004860411670e+01
6.802293000000000000e+07 1.977579798627781997e+02 3.307595395479989264e+01 1.675877182135163324e+01
6.814153400000000000e+07 1.978228413337240852e+02 3.307096417278547307e+01 1.675278379481257574e+01
6.826048400000000000e+07 1.977317046543867605e+02 3.307564706786319420e+01 1.673841666174513776e+01
6.837975000000000000e+07 1.977221887797418276e+02 3.308358323158839198e+01 1.673851504646316002e+01
6.850194100000000000e+07 1.977377432504453907e+02 3.307846048690026919e+01 1.672563699634869749e+01
6.861864500000000000e+07 1.976783452860851185e+02 3.308764740155183404e+01 1.670176366221172870e+01
6.873685800000000000e+07 1.976989293290542093e+02 3.311328589836773517e+01 1.670667286659879736e+01
6.885623700000000000e+07 1.976750770609052950e+02 3.310616261244384617e+01 1.670804646661965975e+01
6.897267700000000000e+07 1.975942049545363375e+02 3.310107217730194407e+01 1.671730600470340988e+01
6.909066400000000000e+07 1.976052760972832516e+02 3.307126902092775111e+01 1.670421108441615843e+01
6.921094000000000000e+07 1.975481759945912188e+02 3.305914026061572031e+01 1.669630848304236181e+01
6.933136400000000000e+07 1.974876545382217898e+02 3.306266513590689726e+01 1.669412250511708962e+01
6.945030800000000000e+07 1.974364994766502548e+02 3.305881005257073468e+01 1.668153715820287175e+01
6.957121200000000000e+07 1.974018857966067344e+02 3.303287823956402036e+01 1.667770799747652433e+01
6.969292300000000000e+07 1.973772586262573725e+02 3.303630921390092823e+01 1.667300345931636230e+01
6.981363700000000000e+07 1.974906601082971633e+02 3.303625007485328524e+01 1.667367595939911595e+01
6.993305300000000000e+07 1.974874735213313670e+02 3.302279534762603674e+01 1.668758674796666241e+01
7.005105800000000000e+07 1.975094094372660436e+02 3.303228453622826066e+01 1.668295566860894041e+01
7.016875300000000000e+07 1.974908426460866906e+02 3.305290197676667674e+01 1.668507415062633470e+01
7.028850500000000000e+07 1.973515700383783269e+02 3.303680059961074988e+01 1.667562916649027827e+01
7.040824100000000000e+07 1.973580738551900140e+02 3.303819590444933141e+01 1.670292844836286150e+01
7.052934100000000000e+07 1.973160890537874366e+02 3.302101181269298280e+01 1.670529560568516558e+01
7.064740200000000000e+07 1.973492558203987528e+02 3.302113295886151434e+01 1.669877463051059863e+01
7.076423300000000000e+07 1.973107964443908600e+02 3.302046735006464218e+01 1.670027370070953410e+01
7.088438300000000000e+07 1.973265815868707023e+02 3.300881870252243999e+01 1.668993866706647466e+01
7.100521300000000000e+07 1.973769122486786785e+02 3.300461924312048012e+01 1.667605844234843460e+01
7.112284900000000000e+07 1.973982720285985408e+02 3.296499540260154504e+01 1.663513523393324434e+01
7.124149500000000000e+07 1.973314552966696738e+02 3.293444233727903026e+01 1.661481689847131804e+01
7.136213700000000000e+07 1.973210082750381105e+02 3.290767660759230751e+01 1.659365852923517792e+01
7.148001500000000000e+07 1.974358490918172890e+02 3.288368248337835809e+01 1.657297612720664048e+01
7.160028200000000000e+07 1.974560690226622626e+02 3.286390665893152629e+01 1.657289679724939191e+01
7.171808000000000000e+07 1.973729896934774501e+02 3.284007033745983506e+01 1.654863513808956910e+01
7.183491700000000000e+07 1.973631289824723467e+02 3.284739622784445601e+01 1.652802095391596637e+01
7.195261200000000000e+07 1.973882137631546243e+02 3.283554222323454752e+01 1.651648415750407040e+01
7.207237400000000000e+07 1.973244882597323624e+02 3.280752831882085729e+01 1.647812862571631598e+01
7.219202900000000000e+07 1.973306383240950481e+02 3.279846302285614712e+01 1.643333624868108345e+01
7.230997600000000000e+07 1.972773756738377244e+02 3.280368045916313235e+01 1.639050768449692796e+01
7.242761900000000000e+07 1.972990803272514597e+02 3.280252206262629500e+01 1.638099773185538055e+01
7.254658300000000000e+07 1.972441522713816653e+02 3.276607850107456699e+01 1.636824230332466357e+01
7.266677400000000000e+07 1.972831101456930298e+02 3.273087783122622341e+01 1.633446362363707038e+01
7.278779500000000000e+07 1.972708348561519358e+02 3.271388787487221350e+01 1.631854039657566346e+01
7.290993900000000000e+07 1.972238838157963983e+02 3.269714372501902488e+01 1.630421428161938735e+01
7.302754800000000000e+07 1.971494444308950449e+02 3.268787080270941203e+01 1.626361516120078932e+01
7.314600200000000000e+07 1.971523470868783363e+02 3.268135750627110525e+01 1.625860981459958410e+01
7.326576800000000000e+07 1.972361592036164382e+02 3.266302626187855651e+01 1.626192359919422614e+01
7.338652600000000000e+07 1.972839365282708854e+02 3.263446000811677550e+01 1.624767662855097683e+01
7.350214300000000000e+07 1.972941940729869827e+02 3.262492306353308180e+01 1.621785276877539062e+01
7.362393800000000000e+07 1.972693145800740524e+02 3.260173120425557869e+01 1.620055657930373627e+01
7.374507700000000000e+07 1.971729864877895579e+02 3.258060306876956247e+01 1.619106113804246405e+01
7.386422400000000000e+07 1.972259655512851282e+02 3.257426677414760263e+01 1.616791078847697349e+01
7.398160000000000000e+07 1.972492877335322703e+02 3.255494581065534732e+01 1.613547040944685662e+01
7.410271100000000000e+07 1.972364901780345292e+02 3.254262223292529654e+01 1.611267642216817109e+01
7.422112400000000000e+07 1.972615457298631725e+02 3.251441950269999381e+01 1.611497570799486923e+01
7.434013500000000000e+07 1.972191021313475403e+02 3.250143561495838185e+01 1.609235803779039742e+01
7.446098800000000000e+07 1.971708374224628244e+02 3.250056943663912534e+01 1.607148214441890843e+01
7.457876700000000000e+07 1.971611776690189117e+02 3.248276951474046115e+01 1.603283059750608430e+01
7.470046500000000000e+07 1.972035523038013025e+02 3.245918074650609952e+01 1.600098558378169855e+01
7.482036300000000000e+07 1.972769958604932299e+02 3.243927050718818350e+01 1.597410815123471117e+01
7.494284100000000000e+07 1.972619020970294343e+02 3.241218439826959496e+01 1.596467298737913154e+01
7.506360800000000000e+07 1.973152328927478152e+02 3.239990305070116960e+01 1.593737629103832454e+01
7.518429100000000000e+07 1.973098121993442078e+02 3.237843169079260974e+01 1.591931765888884698e+01
7.530138500000000000e+07 1.973235066135106877e+02 3.236657919103758729e+01 1.590556330723785727e+01
7.541865900000000000e+07 1.972590953908776328e+02 3.235965085990763868e+01 1.589371263696247993e+01
7.554153000000000000e+07 1.972155275385571542e+02 3.235752331874830645e+01 1.587915835012405630e+01
7.565900600000000000e+07 1.972799354206114515e+02 3.234513514898368669e+01 1.585236462812786584e+01
7.577886600000000000e+07 1.972875071784294221e+02 3.231207501903412549e+01 1.584116455186314099e+01
7.589872800000000000e+07 1.972590976185392435e+02 3.229985097022058227e+01 1.582579021368093741e+01
7.601592300000000000e+07 1.972538001884274479e+02 3.228011451998507653e+01 1.581292391481981241e+01
7.613810300000000000e+07 1.972373468900983937e+02 3.227236876141843425e+01 1.579523621935898348e+01
7.625523600000000000e+07 1.972617626485792357e+02 3.222995249483300739e+01 1.575561618048428514e+01
7.637590200000000000e+07 1.972406115315215231e+02 3.221341180206222532e+01 1.575247256705118026e+01
7.649821700000000000e+07 1.972827020551518160e+02 3.220095021151582415e+01 1.573841621965096316e+01
7.661965300000000000e+07 1.972315893889278016e+02 3.217602766719554808e+01 1.572170802960002689e+01
7.673697400000000000e+07 1.972898671464500922e+02 3.216572650375687203e+01 1.569592015869293533e+01
7.685383900000000000e+07 1.972936292408492704e+02 3.214967947679993898e+01 1.568721971951177352e+01
7.697372600000000000e+07 1.973319388953187001e+02 3.215568946424663466e+01 1.568391813239889032e+01
7.709051700000000000e+07 1.973069126694889235e+02 3.214180560795090003e+01 1.565590248024142994e+01
7.720892700000000000e+07 1.972705639422770219e+02 3.213168032702660781e+01 1.564308479053900314e+01
7.732679600000000000e+07 1.972436940051948682e+02 3.212463211308362077e+01 1.562324133812548510e+01
7.744491000000000000e+07 1.972851033850216709e+02 3.210243428124534404e+01 1.561131094694903432e+01
7.756553000000000000e+07 1.972237062033418056e+02 3.209621072417876775e+01 1.558722292452820213e+01
7.768648700000000000e+07 1.971354364909668391e+02 3.209453115835810166e+01 1.557301005693515528e+01
7.780422200000000000e+07 1.971252057771204420e+02 3.207505151075101679e+01 1.557323182283635887e+01
7.792501600000000000e+07 1.971305498860482714e+02 3.207150197733634656e+01 1.557081602342950077e+01
7.804057600000000000e+07 1.971857113975110281e+02 3.206622112904318556e+01 1.557920678783501067e+01
7.815655400000000000e+07 1.971788231197802475e+02 3.206823434832742237e+01 1.557418166937648074e+01
7.827336500000000000e+07 1.972132052668430617e+02 3.205717631066346485e+01 1.557471481068944463e+01
7.839549800000000000e+07 1.972061605158667703e+02 3.205310536883017392e+01 1.556122759404174793e+01
7.851285100000000000e+07 1.971865901985971448e+02 3.204982029060742832e+01 1.554805746564191438e+01
7.863400800000000000e+07 1.971687530037876002e+02 3.203940600110171744e+01 1.554469463525072115e+01
7.875347000000000000e+07 1.971659528572280635e+02 3.202676214057178328e+01 1.552777714603339554e+01
7.886985100000000000e+07 1.972418843785493436e+02 3.205621988181086124e+01 1.552464730446038743e+01
7.898743900000000000e+07 1.972308625086123470e+02 3.207586321249787886e+01 1.551014112533471412e+01
7.910789000000000000e+07 1.972224654680674973e+02 3.206647592062208219e+01 1.551016645875460043e+01
7.922716100000000000e+07 1.971499975660275652e+02 3.204213095416190527e+01 1.548545176257463396e+01
7.934608900000000000e+07 1.971449116432872302e+02 3.203029937950417860e+01 1.546925268337702875e+01
7.946604800000000000e+07 1.970756562219177113e+02 3.201101885224672117e+01 1.545776015121774272e+01
7.958508100000000000e+07 1.970116547814997432e+02 3.201116975478660720e+01 1.543588433363217938e+01
7.970100000000000000e+07 1.970511325375878187e+02 3.199986208811895594e+01 1.541739397000923439e+01
7.982058700000000000e+07 1.970068204330138144e+02 3.199319522504829294e+01 1.542556045176496937e+01
7.993943400000000000e+07 1.969710134520529721e+02 3.196744308296826986e+01 1.541037422716754790e+01
8.005785200000000000e+07 1.970157365628916182e+02 3.194657155163660889e+01 1.539366852079110970e+01
8.017436100000000000e+07 1.969891329043746282e+02 3.193752310169966435e+01 1.536799115049546671e+01
8.029391600000000000e+07 1.970532978984676049e+02 3.191344821139522736e+01 1.536193305953722898e+01
8.041308400000000000e+07 1.970697304653599815e+02 3.188505302001328445e+01 1.535322795204786672e+01
8.053323600000000000e+07 1.970850366829983500e+02 3.186561217218774544e+01 1.534717637267342027e+01
8.065026000000000000e+07 1.970386760144489529e+02 3.185760706883633731e+01 1.533403504845317578e+01
8.076758500000000000e+07 1.970067226916854963e+02 3.185727840789382981e+01 1.534645758246883673e+01
8.088779200000000000e+07 1.969688508931360786e+02 3.185719018222342314e+01 1.534487522280204530e+01
8.100529300000000000e+07 1.969532263203936964e+02 3.183243752172928964e+01 1.534194292882419575e+01
8.112567900000000000e+07 1.968941053267085977e+02 3.184807180408479610e+01 1.533265805723127073e+01
8.124305700000000000e+07 1.968976934397561820e+02 3.184550935134814864e+01 1.531159144376495895e+01
8.136247000000000000e+07 1.968882316942139425e+02 3.183452406411045033e+01 1.529575678025365626e+01
8.148145100000000000e+07 1.969281153630743688e+02 3.182070541191779611e+01 1.528918781006058047e+01
8.160198200000000000e+07 1.970127791896766212e+02 3.180012632165470521e+01 1.526151254730303108e+01
8.172092500000000000e+07 1.969247355546699509e+02 3.178626715484253396e+01 1.525495192244126130e+01
8.184132600000000000e+07 1.969116349566547512e+02 3.178721881966760066e+01 1.525592614664823188e+01
8.195808700000000000e+07 1.969844683153000346e+02 3.178833310508261789e+01 1.525436569884169380e+01
8.207730600000000000e+07 1.970049436267855754e+02 3.176978383592051003e+01 1.524458539726238016e+01
8.219737000000000000e+07 1.970269723963953368e+02 3.177204236879488164e+01 1.522359945250986257e+01
8.231477500000000000e+07 1.969779340116461981e+02 3.177102869727236367e+01 1.521160314296915672e+01
8.243742000000000000e+07 1.968982140473678442e+02 3.176301125726034513e+01 1.521061460310876967e+01
8.255926100000000000e+07 1.969229160383972896e+02 3.176561954194534465e+01 1.520157307082097731e+01
8.267957500000000000e+07 1.969167089032715126e+02 3.176998805295012573e+01 1.518436105324321161e+01
8.280072700000000000e+07 1.969580201266212782e+02 3.172674945241008615e+01 1.516619375157032579e+01
8.292188800000000000e+07 1.970058723383414758e+02 3.171058978431817721e+01 1.514701950179263790e+01
8.304046700000000000e+07 1.969833235273311516e+02 3.169999982155293949e+01 1.512266005548124070e+01
8.316179700000000000e+07 1.969793221025569210e+02 3.169277214373294527e+01 1.509249689905005987e+01
8.328331500000000000e+07 1.969346275976746199e+02 3.167561334426472541e+01 1.506676343131802120e+01
8.340183600000000000e+07 1.969673793709758627e+02 3.166656713049872707e+01 1.503254034000449479e+01
8.352050300000000000e+07 1.969478407416909249e+02 3.163991999676548161e+01 1.501232845312765818e+01
8.363859600000000000e+07 1.968965488543110496e+02 3.164300105687118148e+01 1.500145578641051181e+01
8.375736000000000000e+07 1.969173182904267492e+02 3.164452609697359975e+01 1.497495992988757862e+01
8.387649300000000000e+07 1.969163694058398733e+02 3.162931121254074895e+01 1.496648927170351406e+01
8.399540600000000000e+07 1.968646443791410263e+02 3.163269872783888204e+01 1.494019960726529739e+01
8.411189100000000000e+07 1.968658646259908664e+02 3.161964559116452023e+01 1.490998699750756096e+01
8.423163200000000000e+07 1.968638034656579805e+02 3.162506591576592285e+01 1.489593265384813847e+01
8.434658100000000000e+07 1.968587075606195640e+02 3.162834022586288185e+01 1.488461342405504517e+01
8.446581000000000000e+07 1.968707182791119124e+02 3.161062762723990360e+01 1.488001573357756335e+01
8.458452500000000000e+07 1.968364013949419302e+02 3.159792967277736864e+01 1.486905949792175718e+01
8.470346700000000000e+07 1.968381158393561918e+02 3.160283013111578754e+01 1.485607474560162444e+01
8.481810200000000000e+07 1.968920560420445440e+02 3.160362032982992631e+01 1.484981584885863271e+01
8.493784600000000000e+07 1.969070208666816768e+02 3.160312980200503929e+01 1.483275123356433944e+01
8.505454900000000000e+07 1.969381672311436375e+02 3.161301332139375830e+01 1.481928436538939309e+01
8.517339500000000000e+07 1.969200180925276698e+02 3.160134821178791853e+01 1.479618948947679158e+01
8.529471800000000000e+07 1.969037064283153597e+02 3.158594769932673785e+01 1.478078335863809301e+01
8.541658200000000000e+07 1.969230266149540967e+02 3.158259997638974070e+01 1.477176459153017163e+01
8.553471900000000000e+07 1.969522403891739941e+02 3.154306946289361591e+01 1.476181643246854236e+01
8.565348900000000000e+07 1.968811601931868722e+02 3.155251349297037322e+01 1.474077849670872098e+01
8.577256800000000000e+07 1.968347120322172543e+02 3.155307351347153144e+01 1.472947290794767738e+01
8.589112100000000000e+07 1.967454797292256217e+02 3.153037424147482071e+01 1.470376311103376565e+01
8.600837200000000000e+07 1.967558564226317230e+02 3.151996865213372701e+01 1.470011504123900181e+01
8.612848000000000000e+07 1.967088842596279790e+02 3.151619148391633729e+01 1.467286853745021169e+01
8.624601000000000000e+07 1.966702245130970539e+02 3.150427254461853011e+01 1.465681909289313722e+01
8.636852500000000000e+07 1.966127848504347071e+02 3.152308469295588722e+01 1.463297083676441090e+01
8.648848000000000000e+07 1.966320946529679361e+02 3.151669685978288271e+01 1.461972600465461269e+01
8.660759000000000000e+07 1.966088837103730214e+02 3.151088765909828737e+01 1.460285715994925937e+01
8.672617400000000000e+07 1.965844102939535958e+02 3.151754434887309486e+01 1.459715056453369186e+01
8.684443200000000000e+07 1.965735222842770327e+02 3.150226369515242197e+01 1.458862065272239938e+01
8.696314000000000000e+07 1.965402234843937492e+02 3.149548408232622521e+01 1.458003351395371183e+01
8.708497800000000000e+07 1.965030221237651631e+02 3.150652850816879891e+01 1.458693869393194475e+01
8.720094900000000000e+07 1.964254176709829380e+02 3.149737312962722058e+01 1.458918986926005701e+01
8.731953600000000000e+07 1.964338187920432688e+02 3.150438657521863206e+01 1.456472849556499405e+01
8.743910500000000000e+07 1.964334727047379943e+02 3.149790247161428880e+01 1.455201249534893826e+01
8.755360900000000000e+07 1.964950078717137671e+02 3.150510158064854593e+01 1.452759311453237601e+01
8.767432700000000000e+07 1.965076547138717160e+02 3.150913942778882060e+01 1.452149161451150583e+01
8.779274500000000000e+07 1.965054022655773167e+02 3.151563122781993087e+01 1.450635642855998242e+01
8.791147100000000000e+07 1.965538186125087634e+02 3.149774219848243462e+01 1.450229411382031586e+01
8.802892400000000000e+07 1.965543567162984289e+02 3.150316115777537007e+01 1.448701022169043284e+01
8.814868200000000000e+07 1.965338772951437818e+02 3.150967675153158254e+01 1.448185351540654153e+01
8.826664700000000000e+07 1.965158229576631186e+02 3.151725775651786421e+01 1.447285498828934358e+01
8.838441700000000000e+07 1.965138834936895478e+02 3.150665163297223259e+01 1.444841067264985135e+01
8.850439700000000000e+07 1.965422534079186221e+02 3.151121081017942060e+01 1.442954916641913243e+01
8.862612900000000000e+07 1.964939048910287624e+02 3.149216783550080123e+01 1.442047647708764657e+01
8.874449200000000000e+07 1.965805610237233054e+02 3.149145660647234024e+01 1.441719652774912319e+01
8.886663400000000000e+07 1.966068034374971489e+02 3.149075990719830287e+01 1.440374464714197522e+01
8.898594800000000000e+07 1.966139749102479755e+02 3.148611860660949091e+01 1.439719841521852928e+01
8.910565800000000000e+07 1.967009508315536834e+02 3.148426560981634381e+01 1.439780685728881515e+01
8.922540000000000000e+07 1.966927017391521701e+02 3.148095456309490103e+01 1.438269943532017869e+01
8.934544200000000000e+07 1.966937346714709633e+02 3.146662632412989780e+01 1.436923456347926908e+01
8.946374300000000000e+07 1.966762367246252836e+02 3.147018968692860241e+01 1.436200561176807788e+01
8.958073800000000000e+07 1.967181837306104910e+02 3.146881016953302179e+01 1.434782789216109933e+01
8.970123400000000000e+07 1.967396795669757239e+02 3.148671326873826004e+01 1.435070471096371492e+01
8.982149300000000000e+07 1.966983293229213814e+02 3.145654124484490666e+01 1.435012312946239454e+01
8.994219000000000000e+07 1.966715031972699421e+02 3.146530968299745012e+01 1.435498509990239846e+01
9.006409500000000000e+07 1.967068525457108308e+02 3.145320825230447070e+01 1.435695834923217795e+01
9.018641700000000000e+07 1.966669170844264158e+02 3.146609615391263404e+01 1.434667070278281287e+01
9.030619800000000000e+07 1.966725601071471203e+02 3.147559892787198876e+01 1.435019565425310439e+01
9.042300000000000000e+07 1.966837687603325264e+02 3.147465396462417786e+01 1.435528802587940334e+01
9.054509000000000000e+07 1.966847502888421104e+02 3.147416788624862960e+01 1.434656858052545658e+01
9.066433900000000000e+07 1.967317800079931374e+02 3.148432822709469292e+01 1.434174687970559248e+01
9.078104600000000000e+07 1.967617033146839844e+02 3.146380083474076983e+01 1.433536493353421193e+01
9.090345200000000000e+07 1.967322191796783386e+02 3.147900653671551652e+01 1.433681728759593987e+01
9.102413500000000000e+07 1.968229172632792370e+02 3.145553609429769892e+01 1.432643370336915645e+01
9.114474100000000000e+07 1.968209332329560084e+02 3.145529764284410135e+01 1.431800350954586065e+01
9.126392600000000000e+07 1.967981293878233089e+02 3.143874252723128748e+01 1.432527929762658125e+01
9.138213400000000000e+07 1.967659079971948586e+02 3.143696577998920105e+01 1.432879156045567193e+01
9.150124500000000000e+07 1.967814721783874745e+02 3.144123668227899060e+01 1.432844297413484291e+01
9.162133200000000000e+07 1.967786093955397746e+02 3.145072079716611313e+01 1.432397879365485238e+01
9.173915000000000000e+07 1.967955952678566121e+02 3.146438803601532896e+01 1.433369482827795949e+01
9.186000200000000000e+07 1.968161648812455837e+02 3.145955533453624398e+01 1.432784075647101574e+01
9.197845400000000000e+07 1.968136502710147226e+02 3.146450508123906431e+01 1.433858656156386324e+01
9.209729200000000000e+07 1.967459357338008772e+02 3.145286979589474896e+01 1.433967851120379322e+01
9.221694400000000000e+07 1.967153805616937063e+02 3.146254692823130128e+01 1.434917633381727953e+01
9.233677100000000000e+07 1.967465074707674830e+02 3.146413596957059156e+01 1.434355428884488326e+01
9.245654700000000000e+07 1.967687498223039881e+02 3.148295966965607207e+01 1.435485091662579649e+01
9.257417300000000000e+07 1.967700946838055813e+02 3.149203579969849542e+01 1.435720800769855643e+01
9.269408700000000000e+07 1.967934306370563888e+02 3.148115751460352385e+01 1.435073578844073339e+01
9.281186200000000000e+07 1.967796111238418462e+02 3.149344375102862870e+01 1.435188544254112841e+01
9.292833100000000000e+07 1.967379638650385232e+02 3.148663530523515419e+01 1.434880614091699869e+01
9.304554300000000000e+07 1.967810274110804016e+02 3.148920703954402711e+01 1.435516875922524527e+01
9.316381800000000000e+07 1.967662268456096797e+02 3.148206212005464266e+01 1.435104256311165116e+01
9.328280200000000000e+07 1.967982279353809929e+02 3.148504076470003099e+01 1.435716878646346295e+01
9.340751300000000000e+07 1.967426541875243799e+02 3.148822154095299197e+01 1.435228316708150054e+01
9.353108700000000000e+07 1.967969084107832032e+02 3.147752725472382807e+01 1.434804010787434514e+01
9.365220500000000000e+07 1.967799474226816301e+02 3.146655280682153943e+01 1.434576252511467764e+01
9.377045000000000000e+07 1.968223908556540493e+02 3.148401548718014453e+01 1.433944619387596120e+01
9.388976000000000000e+07 1.968222424630702960e+02 3.147886183509771740e+01 1.434029787072934958e+01
9.401067100000000000e+07 1.968003909398519795e+02 3.149985060830745454e+01 1.434158474269755601e+01
9.413059400000000000e+07 1.967670862099338365e+02 3.150685005357730617e+01 1.433846947681562156e+01
9.424983300000000000e+07 1.967885090166576845e+02 3.152400519083840180e+01 1.434347758679127338e+01
9.436845800000000000e+07 1.968277952475201289e+02 3.152702808221357600e+01 1.433178630547514310e+01
9.448653000000000000e+07 1.968767392267563707e+02 3.153635442326035587e+01 1.433157735086801665e+01
9.460454000000000000e+07 1.968936651447344275e+02 3.155631489697867309e+01 1.433818167753857864e+01
9.472374800000000000e+07 1.969079370355314040e+02 3.153673028232622855e+01 1.430974688237201953e+01
9.484675300000000000e+07 1.969193963773998064e+02 3.153324480810239194e+01 1.430119100568464674e+01
9.496582900000000000e+07 1.968547848982495907e+02 3.153314962155052825e+01 1.428303989287230280e+01
9.508449000000000000e+07 1.968174012740021510e+02 3.150595229192754232e+01 1.427069150769215966e+01
9.519916300000000000e+07 1.968458840184881637e+02 3.149102680140390120e+01 1.425410915286297353e+01
9.531774000000000000e+07 1.968573877451846954e+02 3.147293563434008234e+01 1.423746838125827807e+01
9.543237900000000000e+07 1.968194339521741085e+02 3.146833734589637643e+01 1.421798649385473290e+01
9.555203700000000000e+07 1.967977626567578682e+02 3.147664815841210384e+01 1.420006604615358015e+01
9.567045100000000000e+07 1.968334549002780136e+02 3.146930428116388256e+01 1.419153452167032192e+01
9.579221000000000000e+07 1.967557111931188842e+02 3.144143331267544994e+01 1.417627663841145491e+01
9.591248900000000000e+07 1.967812761282636416e+02 3.141953165615556287e+01 1.415903648380781732e+01
9.603245400000000000e+07 1.967674073302850957e+02 3.138607692960422213e+01 1.414578901173846504e+01
9.614727100000000000e+07 1.968160884268199311e+02 3.138714746043941517e+01 1.413238517460728971e+01
9.626772900000000000e+07 1.967627341696537542e+02 3.139381434650211133e+01 1.412922938878491408e+01
9.638866200000000000e+07 1.967858193680038426e+02 3.138943953611606474e+01 1.411998162239194876e+01
9.650951000000000000e+07 1.968115988544411721e+02 3.137871597595686524e+01 1.411487214459057959e+01
9.662811300000000000e+07 1.968237712861487410e+02 3.136631616746599605e+01 1.410011622984061219e+01
9.674965300000000000e+07 1.967821982734084543e+02 3.135610690985871329e+01 1.409635504940727913e+01
9.686835600000000000e+07 1.967695052230023407e+02 3.135515104766269090e+01 1.407578558287672976e+01
9.698754600000000000e+07 1.967894942848730295e+02 3.136297704540952935e+01 1.406442020861119779e+01
9.710855700000000000e+07 1.968041866919112124e+02 3.135711075049562524e+01 1.404927649797265232e+01
9.722967900000000000e+07 1.967746291644270116e+02 3.134697811087961838e+01 1.404560979819467548e+01
9.735165200000000000e+07 1.966871270561151732e+02 3.134096315986083070e+01 1.404808246170345321e+01
9.747242200000000000e+07 1.966751797427507427e+02 3.133759371115344550e+01 1.403440862692386304e+01
9.759190200000000000e+07 1.966195845207624302e+02 3.130691550350788077e+01 1.402477867245349685e+01
9.771216900000000000e+07 1.966839270216181603e+02 3.129679563787832564e+01 1.400653746224280383e+01
9.783247700000000000e+07 1.966073091676461786e+02 3.131187708751230403e+01 1.399519085014124542e+01
9.795264200000000000e+07 1.966227645627987499e+02 3.130334504437131216e+01 1.397613035318479291e+01
9.807188100000000000e+07 1.966305700472875060e+02 3.128614114220700060e+01 1.395670339052295716e+01
9.819207300000000000e+07 1.965867125677266074e+02 3.128194829200228355e+01 1.393074545170885159e+01
9.830938400000000000e+07 1.966581500482410831e+02 3.126210462045912308e+01 1.392803502427037898e+01
9.842789800000000000e+07 1.966511948860066923e+02 3.124379592033823627e+01 1.390963774140957376e+01
9.854686500000000000e+07 1.966216237599832084e+02 3.122780761702068730e+01 1.388928342552594941e+01
9.866595500000000000e+07 1.965987405741618090e+02 3.123283721473291763e+01 1.388127806831064426e+01
9.878586200000000000e+07 1.965776002382994534e+02 3.123211849152124842e+01 1.387269847017293500e+01
9.890342800000000000e+07 1.966649346866809651e+02 3.123015139749932700e+01 1.385201529387183506e+01
9.902375000000000000e+07 1.966575201184684545e+02 3.123520394231972830e+01 1.384381026478195231e+01
9.914109400000000000e+07 1.966907599664957331e+02 3.123798136349400068e+01 1.383772239722820707e+01
9.926329000000000000e+07 1.966918790247095785e+02 3.124102010566424070e+01 1.382789958496567273e+01
9.937885600000000000e+07 1.966410963309097895e+02 3.124011355644646670e+01 1.382884516145917608e+01
9.949425200000000000e+07 1.966015266692592434e+02 3.121769095163375596e+01 1.382286744510801491e+01
9.961220600000000000e+07 1.965478002453151305e+02 3.120663758925773124e+01 1.381690083981052553e+01
9.973130500000000000e+07 1.965586860916435228e+02 3.121914116331246092e+01 1.380675473322581048e+01
9.985560800000000000e+07 1.966060470003845069e+02 3.121702181946285748e+01 1.378968864514767212e+01
9.997102100000000000e+07 1.966221375140394514e+02 3.121962921851853778e+01 1.378954758046844731e+01
1.000894190000000000e+08 1.966328367291740449e+02 3.123379633846317915e+01 1.378962773935949215e+01
1.002085650000000000e+08 1.965302638658649528e+02 3.123666602788190261e+01 1.377686067194012232e+01
1.003261920000000000e+08 1.965352777790735104e+02 3.124139752613906751e+01 1.375934247679670897e+01
1.004486110000000000e+08 1.964792126418983003e+02 3.122881289171105479e+01 1.374395385566064931e+01
1.005694240000000000e+08 1.964502763206955080e+02 3.123101515344780310e+01 1.373811327692659745e+01
1.006908590000000000e+08 1.963956037039812088e+02 3.124592346431551704e+01 1.373060032711309653e+01
1.008101360000000000e+08 1.963943125181921801e+02 3.123674131641871199e+01 1.372163120943052483e+01
1.009308200000000000e+08 1.963525343541110431e+02 3.122334152484026859e+01 1.371507874116219128e+01
1.010480670000000000e+08 1.962723541367830649e+02 3.122066701895401408e+01 1.370591979191449639e+01
1.011655790000000000e+08 1.962597725252139753e+02 3.120723858004505047e+01 1.370368674012031107e+01
1.012847260000000000e+08 1.963317503390984768e+02 3.120183592510768378e+01 1.369592624897390110e+01
1.014047940000000000e+08 1.962751895420424546e+02 3.119265363224161547e+01 1.368980197414299838e+01
1.015276780000000000e+08 1.962231172485661830e+02 3.118231485233011568e+01 1.368383588594251599e+01
1.016470410000000000e+08 1.962347505980059452e+02 3.117398694667196324e+01 1.367861069172556832e+01
1.017679470000000000e+08 1.962368006169476757e+02 3.116339274545590499e+01 1.367136433097039117e+01
1.018830900000000000e+08 1.962483952199603436e+02 3.115394368787662671e+01 1.366341418580282863e+01
1.020016820000000000e+08 1.962427074323715885e+02 3.114725852380816207e+01 1.365367853912793805e+01
1.021197400000000000e+08 1.962126499023980841e+02 3.113559073142723577e+01 1.365190369200407616e+01
1.022400300000000000e+08 1.962151117823356117e+02 3.113217329829949165e+01 1.364772638502892832e+01
1.023569270000000000e+08 1.962222120283286984e+02 3.112630223681331287e+01 1.363568792378915084e+01
1.024739230000000000e+08 1.962402595340329299e+02 3.112974357721162377e+01 1.361893844715307011e+01
1.025931890000000000e+08 1.962246150611217672e+02 3.112623740430366581e+01 1.360083659032164682e+01
1.027108100000000000e+08 1.962188711584697955e+02 3.111218041773687659e+01 1.359302085872228361e+01
1.028308500000000000e+08 1.962370082276661947e+02 3.111012777621721526e+01 1.358817096194078822e+01
1.029514100000000000e+08 1.961918345542777899e+02 3.110925532831147322e+01 1.357754512768083899e+01
1.030721980000000000e+08 1.962408855881047316e+02 3.111466966347229857e+01 1.355873793230801283e+01
1.031914920000000000e+08 1.962387191299006588e+02 3.109844766478154199e+01 1.354734651425307490e+01
1.033105540000000000e+08 1.962242800438535539e+02 3.108779999597091859e+01 1.354653078796517462e+01
1.034296580000000000e+08 1.961710886315257198e+02 3.108207032785859170e+01 1.353474523469940394e+01
1.035456670000000000e+08 1.961178751128193483e+02 3.107424601276690268e+01 1.352787237597991243e+01
1.036658790000000000e+08 1.961007974806531706e+02 3.109389338186932505e+01 1.352394653229401200e+01
1.037858760000000000e+08 1.960782332747730550e+02 3.108910584408695144e+01 1.351632888769391450e+01
1.039037590000000000e+08 1.960674155049053411e+02 3.108336748456752474e+01 1.350496009497901362e+01
1.040238930000000000e+08 1.960771999376799783e+02 3.106974778612041987e+01 1.348574224821191159e+01
1.041438340000000000e+08 1.960792784103041697e+02 3.106920168872536081e+01 1.348979143701333427e+01
1.042659980000000000e+08 1.960995135739114801e+02 3.106957061653150021e+01 1.348194440648611270e+01
1.043901920000000000e+08 1.961324538716045822e+02 3.106816835044962843e+01 1.347959828850326680e+01
1.045094340000000000e+08 1.961366298245004600e+02 3.107850977854656094e+01 1.348397063834768161e+01
1.046274140000000000e+08 1.961880975762178139e+02 3.107287325479601492e+01 1.348310747456872249e+01
1.047425730000000000e+08 1.961885123787290581e+02 3.105367526082313034e+01 1.347886364816474725e+01
1.048604800000000000e+08 1.961422487462079687e+02 3.105937752726089585e+01 1.347748111510925639e+01
1.049795050000000000e+08 1.961615542945518769e+02 3.105031481426451734e+01 1.347224260502901849e+01
1.050994550000000000e+08 1.961278800269884925e+02 3.104766436112915073e+01 1.347221911254649207e+01
1.052201950000000000e+08 1.961370138322334356e+02 3.105524821468666374e+01 1.346982185940986021e+01
1.053358000000000000e+08 1.960962426298172829e+02 3.104734904810242924e+01 1.347519203874038496e+01
1.054548530000000000e+08 1.960865446592514729e+02 3.104146762176596397e+01 1.346899812837397192e+01
1.055749430000000000e+08 1.960937685898161931e+02 3.103655337450303620e+01 1.347640888673796766e+01
1.056893760000000000e+08 1.961193499237116953e+02 3.101896205433744313e+01 1.346734144511120412e+01
1.058105620000000000e+08 1.960920632078700123e+02 3.102509342681150883e+01 1.346441816453854479e+01
1.059288810000000000e+08 1.961002453360264894e+02 3.099788150203432480e+01 1.346100000940811903e+01
1.060457860000000000e+08 1.960909742753962632e+02 3.100389417673975601e+01 1.345585528355941562e+01
1.061670640000000000e+08 1.960792016743244233e+02 3.099055285504472579e+01 1.346822169677783343e+01
1.062842710000000000e+08 1.960909438771362261e+02 3.097744079701103814e+01 1.346855808045175884e+01
1.064053420000000000e+08 1.960887562044973151e+02 3.097423524438561770e+01 1.345515532879220544e+01
1.065271980000000000e+08 1.960894524994718324e+02 3.095643658206676463e+01 1.343952132704704816e+01
1.066484850000000000e+08 1.960994260505710258e+02 3.096001341333905543e+01 1.343771085474116589e+01
1.067676590000000000e+08 1.961284622551728205e+02 3.094680413663353846e+01 1.342965604743404739e+01
1.068895490000000000e+08 1.961482656498942276e+02 3.091854651614139726e+01 1.341092546202578895e+01
1.070086030000000000e+08 1.961263471829214495e+02 3.091669764186009317e+01 1.340317708290386101e+01
1.071281930000000000e+08 1.961158403278046194e+02 3.091797741368292307e+01 1.338698416460779761e+01
1.072456010000000000e+08 1.960873395672722950e+02 3.092651818930077923e+01 1.337327183945040332e+01
1.073642110000000000e+08 1.960462898047628357e+02 3.092955367924141896e+01 1.335027505017225735e+01
1.074856860000000000e+08 1.960588882017734988e+02 3.092477020017605582e+01 1.334285502257651324e+01
1.076059700000000000e+08 1.960691409261451099e+02 3.092271860551075946e+01 1.333142082126891559e+01
1.077233240000000000e+08 1.960772245580349136e+02 3.091915673377197393e+01 1.331472067533772830e+01
1.078435240000000000e+08 1.960986640758920316e+02 3.092782773288348963e+01 1.331464876471558156e+01
1.079622570000000000e+08 1.961110640839289658e+02 3.093592321377527554e+01 1.330075348591597262e+01
1.080798040000000000e+08 1.961214992216056601e+02 3.092585039564240290e+01 1.329469859328935932e+01
1.081992740000000000e+08 1.960815176580103412e+02 3.091953010529416446e+01 1.328944257191931300e+01
1.083171550000000000e+08 1.961345009228833760e+02 3.091180708345811468e+01 1.327939045197105195e+01
1.084371260000000000e+08 1.961373019485991733e+02 3.089863066000193115e+01 1.328243845904508547e+01
1.085557140000000000e+08 1.961148194652835741e+02 3.088399364912690004e+01 1.326899403545458966e+01
1.086752010000000000e+08 1.960797442339302847e+02 3.088524221298842676e+01 1.325545408679706405e+01
1.087939190000000000e+08 1.960778738615174746e+02 3.087617667454669856e+01 1.325421721232790695e+01
1.089118020000000000e+08 1.960784746525894207e+02 3.087118415276493977e+01 1.324210207331187128e+01
1.090338740000000000e+08 1.960646291114838959e+02 3.085811946022521468e+01 1.323522460178342541e+01
1.091530090000000000e+08 1.960688381960763707e+02 3.085886105628455667e+01 1.322910028032659646e+01
1.092764730000000000e+08 1.960872983806396235e+02 3.084302495775122921e+01 1.321367766887661510e+01
1.093939070000000000e+08 1.960671961655172879e+02 3.085009776737135923e+01 1.319874233911620642e+01
1.095138310000000000e+08 1.960566168701402034e+02 3.085331898064999834e+01 1.319728756061612884e+01
1.096318500000000000e+08 1.960077772060629968e+02 3.084776807459329007e+01 1.319013006345973871e+01
1.097509740000000000e+08 1.959924657708854454e+02 3.084638091288911355e+01 1.317955835371410345e+01
1.098689140000000000e+08 1.959954874491433259e+02 3.084776232115714834e+01 1.316237687175361692e+01
1.099887570000000000e+08 1.960223403612179141e+02 3.084803459289609862e+01 1.315813309599445269e+01
1.101103330000000000e+08 1.960222786202801046e+02 3.084558785824091487e+01 1.315490603986939178e+01
1.102308640000000000e+08 1.960253971570970180e+02 3.084247803375652452e+01 1.314759926807984947e+01
1.103479110000000000e+08 1.959862561741431080e+02 3.083420206741968528e+01 1.314082429987142753e+01
1.104692710000000000e+08 1.960231239857905905e+02 3.084159026344871180e+01 1.312738155711179822e+01
1.105898490000000000e+08 1.960314299577457291e+02 3.084936437574400614e+01 1.312122603267828680e+01
1.107115940000000000e+08 1.961022338887607077e+02 3.084171702695472206e+01 1.311040456099612150e+01
1.108311560000000000e+08 1.961684116830478501e+02 3.085048319998155364e+01 1.311118074961780700e+01
1.109510130000000000e+08 1.962351837615049988e+02 3.083666380299213827e+01 1.310251155726151318e+01
1.110710860000000000e+08 1.962208722208418692e+02 3.082395393259995586e+01 1.310017703656496835e+01
1.111903030000000000e+08 1.962294439981108098e+02 3.083603243468051502e+01 1.309144055141643648e+01
1.113071400000000000e+08 1.962091273739675046e+02 3.081712853803663066e+01 1.307984907863624358e+01
1.114253800000000000e+08 1.962515157605585898e+02 3.080268032944689338e+01 1.306977310803284986e+01
1.115439240000000000e+08 1.962371152168061315e+02 3.080806876227324764e+01 1.307255883884938008e+01
1.116615360000000000e+08 1.962274811162400283e+02 3.079828523395163131e+01 1.305976697581444412e+01
1.117805830000000000e+08 1.962356420969217652e+02 3.078698733473414606e+01 1.305157289324998082e+01
1.119000510000000000e+08 1.962688502527183232e+02 3.078186769160400971e+01 1.304794228435936709e+01
1.120175640000000000e+08 1.962811537937316757e+02 3.078159976756572291e+01 1.303993875275119407e+01
1.121359140000000000e+08 1.962942143763690979e+02 3.078797698260087401e+01 1.303779707271478294e+01
1.122555670000000000e+08 1.963005414955015056e+02 3.078371815605209250e+01 1.303728087101426070e+01
1.123741260000000000e+08 1.963113344861541520e+02 3.076375616665544754e+01 1.302894981948323050e+01
1.124934920000000000e+08 1.963542545189370969e+02 3.077120549572953578e+01 1.302623202560506854e+01
1.126097220000000000e+08 1.963368042002744005e+02 3.076694871529087294e+01 1.302385120630100346e+01
1.127320800000000000e+08 1.963523067893816858e+02 3.075213931174227611e+01 1.302103434090037837e+01
1.128516200000000000e+08 1.963500581324913412e+02 3.075014697193544677e+01 1.301350527682101088e+01
1.129705120000000000e+08 1.963540925824997601e+02 3.076193059556752374e+01 1.299760797638984400e+01
1.130909900000000000e+08 1.963064796505797460e+02 3.076584317499819221e+01 1.299580431331413877e+01
1.132114680000000000e+08 1.963259453314945802e+02 3.077005259388602454e+01 1.298227835351997861e+01
1.133323370000000000e+08 1.962930629744754185e+02 3.076428150945570295e+01 1.297841378332943663e+01
1.134486780000000000e+08 1.962830088363548384e+02 3.076160506869754485e+01 1.298268756925662615e+01
1.135668310000000000e+08 1.962681225396520404e+02 3.075905398430260362e+01 1.298762895850443044e+01
1.136848680000000000e+08 1.962299553671002172e+02 3.075993647619075233e+01 1.297915298739011014e+01
1.138050270000000000e+08 1.962129045081671848e+02 3.075824774541989726e+01 1.297445634331363173e+01
1.139225690000000000e+08 1.962469625986236110e+02 3.076008790545522942e+01 1.297584302412241719e+01
1.140412570000000000e+08 1.962268728180472976e+02 3.076605713230412320e+01 1.296377145005944520e+01
1.141617890000000000e+08 1.962130310523426431e+02 3.074443988277617024e+01 1.296796971632431728e+01
1.142797110000000000e+08 1.962141716399082156e+02 3.074874848091050694e+01 1.296568505047386921e+01
1.143971270000000000e+08 1.962616352514827724e+02 3.072603146344925662e+01 1.296408498704162149e+01
1.145188690000000000e+08 1.962793310120636363e+02 3.072226012093396008e+01 1.296966361608801854e+01
1.146383560000000000e+08 1.962907088982140351e+02 3.071838762034785830e+01 1.297582853274207260e+01
1.147558610000000000e+08 1.963617081265770707e+02 3.071344248035418190e+01 1.296242741076729921e+01
1.148773540000000000e+08 1.963454585633562317e+02 3.071758681586611672e+01 1.295139281881515458e+01
1.149968290000000000e+08 1.963606690016853520e+02 3.072647958563137394e+01 1.293579434863407407e+01
1.151106700000000000e+08 1.963407177092558982e+02 3.072415750802837309e+01 1.293153949411058434e+01
1.152300200000000000e+08 1.963347804625890944e+02 3.071910278667314742e+01 1.292212145850577265e+01
1.153493160000000000e+08 1.963381070488872808e+02 3.070198751391929548e+01 1.291958736909126593e+01
1.154669380000000000e+08 1.963782978764033089e+02 3.069265715180842591e+01 1.291180010335050454e+01
1.155836140000000000e+08 1.963574406791809679e+02 3.069072148463140692e+01 1.290984140140673730e+01
1.157067770000000000e+08 1.963565657691825947e+02 3.068859236452981420e+01 1.290223685769863948e+01
1.158233530000000000e+08 1.963417370300014397e+02 3.070277130692854684e+01 1.290627933230116042e+01
1.159413820000000000e+08 1.963255321132860445e+02 3.068667741688904371e+01 1.290198786155067801e+01
1.160580560000000000e+08 1.963183516084016844e+02 3.069053496970011352e+01 1.290055428688597772e+01
1.161775830000000000e+08 1.963324316517138186e+02 3.069155070967237364e+01 1.289816636600905753e+01
1.162981030000000000e+08 1.963116005820986629e+02 3.069711773121839471e+01 1.289830803379004998e+01
1.164173110000000000e+08 1.962882815899439208e+02 3.067471599699038265e+01 1.288799291603489472e+01
1.165360520000000000e+08 1.963048995479648227e+02 3.066654717725268853e+01 1.287808996298434572e+01
1.166571910000000000e+08 1.962900571523986173e+02 3.067964387324993325e+01 1.289018987478146450e+01
1.167767760000000000e+08 1.963188615944373225e+02 3.067843081481425571e+01 1.288847019901430357e+01
1.168973740000000000e+08 1.962862963283405122e+02 3.067489807315031314e+01 1.288505055428195689e+01
1.170145860000000000e+08 1.963137687199015602e+02 3.067116838462450801e+01 1.288609324608735207e+01
1.171342400000000000e+08 1.963374409929728301e+02 3.067319404628828394e+01 1.287451744977132684e+01
1.172540030000000000e+08 1.963323442456198507e+02 3.068092220850742180e+01 1.287472778768134596e+01
1.173752040000000000e+08 1.962931681439254703e+02 3.068651759984605931e+01 1.287628393660945747e+01
1.174949300000000000e+08 1.963111609079912228e+02 3.068364606048642074e+01 1.286758784260770128e+01
1.176144420000000000e+08 1.963244840607214030e+02 3.067855876863200493e+01 1.287058071588620756e+01
1.177341070000000000e+08 1.963524782274419067e+02 3.069254013761097255e+01 1.286780818592376896e+01
1.178539890000000000e+08 1.963781481592807268e+02 3.068639893607108604e+01 1.286206389028077801e+01
1.179711050000000000e+08 1.963962753877828504e+02 3.067313195368101475e+01 1.286452023964727509e+01
1.180894960000000000e+08 1.963639593768718896e+02 3.067595983747665755e+01 1.286430680064902532e+01
1.182077130000000000e+08 1.963675969211310530e+02 3.068004645790956175e+01 1.286116772570958133e+01
1.183234440000000000e+08 1.963712357244476436e+02 3.067421540207925901e+01 1.284940131829312016e+01
1.184418410000000000e+08 1.963520888405302003e+02 3.067358244552010049e+01 1.283657714466540689e+01
1.185640610000000000e+08 1.963755177093480313e+02 3.069770115312775971e+01 1.282414057270736407e+01
1.186836840000000000e+08 1.963643535191343688e+02 3.068963853504273942e+01 1.281303190163546546e+01
1.188003380000000000e+08 1.963617656267360587e+02 3.066241208902444626e+01 1.279586604167626085e+01
1.189194410000000000e+08 1.963679234410026311e+02 3.066077850788736114e+01 1.278346146722322274e+01
1.190364830000000000e+08 1.963109567798250623e+02 3.065404620333371710e+01 1.276551014698896047e+01
1.191541490000000000e+08 1.963282177280209169e+02 3.064953510946710225e+01 1.274111028471688378e+01
1.192727340000000000e+08 1.963088987331421720e+02 3.064416204918265763e+01 1.273979133215608783e+01
1.193930050000000000e+08 1.962703919483855657e+02 3.065388172181790694e+01 1.272301814049487234e+01
1.195130710000000000e+08 1.963103916618570679e+02 3.066364288530396109e+01 1.271270469416468174e+01
1.196327570000000000e+08 1.963580254146637287e+02 3.064774744971818521e+01 1.270555828845282420e+01
1.197485670000000000e+08 1.963759692870206379e+02 3.064682566242350958e+01 1.269263249393218729e+01
1.198685430000000000e+08 1.964388905499496900e+02 3.065204677924450749e+01 1.268141471996465164e+01
1.199884920000000000e+08 1.964746937476095638e+02 3.064868456222919590e+01 1.267210246213458191e+01
1.201070950000000000e+08 1.964683585921692952e+02 3.066339432234157059e+01 1.266609735786823165e+01
1.202249740000000000e+08 1.965140001925391289e+02 3.065720199033961180e+01 1.265480409618004742e+01
1.203450560000000000e+08 1.965362813407153624e+02 3.065449685232641741e+01 1.264531241191983213e+01
1.204621380000000000e+08 1.965387732439263857e+02 3.064550110657115667e+01 1.262260443883716121e+01
1.205772550000000000e+08 1.965058405261001724e+02 3.064778611364272365e+01 1.260618426291977912e+01
1.206987540000000000e+08 1.964986968068238298e+02 3.064639812877315350e+01 1.260376006296950280e+01
1.208163110000000000e+08 1.964953605146429538e+02 3.064328124371917283e+01 1.259396347478439182e+01
1.209340850000000000e+08 1.964878040514933843e+02 3.063069891496938979e+01 1.258864800928242467e+01
1.210525010000000000e+08 1.964817876938041081e+02 3.062610239175464955e+01 1.258020848414541071e+01
1.211717680000000000e+08 1.964896095663348206e+02 3.062473235049220932e+01 1.257243747764974984e+01
1.212930480000000000e+08 1.965110828950293467e+02 3.061869961625140135e+01 1.255948022198045422e+01
1.214129690000000000e+08 1.965255196962351931e+02 3.060843549587846013e+01 1.254813089091662981e+01
1.215328470000000000e+08 1.965327227629532274e+02 3.060269704685343584e+01 1.253048729681216855e+01
1.216514870000000000e+08 1.965986596862354929e+02 3.060354436291844848e+01 1.251968289114156718e+01
1.217679960000000000e+08 1.966082818529837652e+02 3.061183415431603549e+01 1.250578057788831821e+01
1.218881170000000000e+08 1.966281416481341182e+02 3.062283569875070199e+01 1.249967281336609126e+01
1.220109870000000000e+08 1.966348708915129748e+02 3.062119623612319330e+01 1.249323733757920785e+01
1.221321480000000000e+08 1.966780912118094591e+02 3.060071202409821112e+01 1.247708488820098438e+01
1.222561320000000000e+08 1.966646996131042897e+02 3.060521556069734217e+01 1.247647712162918410e+01
1.223758210000000000e+08 1.966611279188291803e+02 3.060168980059512833e+01 1.246319161192192126e+01
1.224937780000000000e+08 1.966862115124215791e+02 3.060066893265660681e+01 1.245553579618899676e+01
1.226114240000000000e+08 1.967048509866217785e+02 3.058228308464296319e+01 1.245339753967621199e+01
1.227276340000000000e+08 1.967064525547235974e+02 3.058367821596776892e+01 1.244808138319046087e+01
1.228448170000000000e+08 1.966981718795512961e+02 3.058943363296076612e+01 1.244168241434922173e+01
1.229631450000000000e+08 1.966668725726507034e+02 3.059367360207199837e+01 1.243768847657509014e+01
1.230823780000000000e+08 1.966671204777882167e+02 3.058137484836955977e+01 1.243022245645718726e+01
1.232037700000000000e+08 1.966431377232045179e+02 3.057104655509388635e+01 1.241865058300654567e+01
1.233207560000000000e+08 1.966554559736920282e+02 3.057618103072757521e+01 1.241279828550931086e+01
1.234385480000000000e+08 1.966446165300145310e+02 3.057535628365867098e+01 1.240636394888732497e+01
1.235601420000000000e+08 1.965936341955667785e+02 3.057507488474025692e+01 1.240024347970717145e+01
1.236786930000000000e+08 1.966195953768934146e+02 3.057522087014885415e+01 1.239267666816431834e+01
1.237979570000000000e+08 1.966679160868075371e+02 3.057505902218581184e+01 1.238250195156411415e+01
1.239180830000000000e+08 1.966888929883553772e+02 3.057230846133176527e+01 1.238418544237500996e+01
1.240372490000000000e+08 1.966840086489743555e+02 3.057106165767007511e+01 1.237642393435049293e+01
1.241584850000000000e+08 1.966506750461520596e+02 3.056961337290590208e+01 1.236821332752043645e+01
1.242787010000000000e+08 1.966592856478265503e+02 3.056785729750130898e+01 1.236897373284279666e+01
1.243970830000000000e+08 1.966569980437243998e+02 3.056001992266372014e+01 1.236868825068859401e+01
1.245159360000000000e+08 1.966618110745673107e+02 3.056084345092883225e+01 1.236147161776508874e+01
1.246343840000000000e+08 1.966637948224869206e+02 3.054967378318005800e+01 1.235407432873046574e+01
1.247525480000000000e+08 1.966394309407281753e+02 3.053515007712847407e+01 1.234815663831533783e+01
1.248709590000000000e+08 1.966821354186812130e+02 3.053681843948967511e+01 1.234096283720898057e+01
1.249905900000000000e+08 1.966993414689834196e+02 3.052716283670077502e+01 1.234066587193401432e+01
1.251112510000000000e+08 1.967142327781996585e+02 3.051829018429176443e+01 1.234001959555864048e+01
1.252314920000000000e+08 1.966999873232262246e+02 3.052200663898756972e+01 1.232999008977430577e+01
1.253521140000000000e+08 1.967249566917951995e+02 3.051105644593516075e+01 1.232516789839191951e+01
1.254725410000000000e+08 1.967528527609638616e+02 3.051581442736212679e+01 1.232492974756998194e+01
1.255895000000000000e+08 1.967700137129449445e+02 3.051766873930844071e+01 1.231949969971312697e+01
1.257101570000000000e+08 1.967754905673869530e+02 3.052108440054025706e+01 1.230809471046893222e+01
1.258287110000000000e+08 1.968056721008584304e+02 3.053466444154739179e+01 1.230833171783985236e+01
1.259518960000000000e+08 1.968208339098480906e+02 3.053240568668290322e+01 1.230049903299244285e+01
1.260697140000000000e+08 1.968066469124748323e+02 3.053590170646391755e+01 1.229885524264987495e+01
1.261898370000000000e+08 1.968055089578929255e+02 3.052587282375809608e+01 1.228580562912554441e+01
1.263093890000000000e+08 1.968170347210159434e+02 3.052210277240468983e+01 1.228788071545494276e+01
1.264293580000000000e+08 1.968213664275672272e+02 3.052034400926634206e+01 1.228656970041071084e+01
1.265473770000000000e+08 1.968238493431321672e+02 3.052913592263770681e+01 1.228856126729233189e+01
1.266666760000000000e+08 1.968729215611120082e+02 3.053149639697019779e+01 1.228570594539507077e+01
1.267861490000000000e+08 1.968962185762148351e+02 3.052824657852588786e+01 1.228446370039850777e+01
1.269048140000000000e+08 1.968875136527027792e+02 3.053700165422204549e+01 1.227636150855911268e+01
1.270236060000000000e+08 1.969121284965748657e+02 3.054219931234489138e+01 1.227709974867459231e+01
1.271432230000000000e+08 1.968846471520554076e+02 3.054451349495360901e+01 1.226765130977748441e+01
1.272644690000000000e+08 1.969257736722071854e+02 3.054407555074442371e+01 1.226162226526486343e+01
1.273814990000000000e+08 1.969277181969178514e+02 3.054941628646823304e+01 1.225660550291591022e+01
1.275016730000000000e+08 1.969338058478568030e+02 3.055288676684125093e+01 1.224999689206523534e+01
1.276213050000000000e+08 1.969247040052933357e+02 3.055378615918696639e+01 1.224695888042483283e+01
1.277397350000000000e+08 1.969238027721495996e+02 3.054727167711061142e+01 1.223731020794829050e+01
1.278594440000000000e+08 1.969357439002727972e+02 3.054612259221518400e+01 1.223791509339894468e+01
1.279768710000000000e+08 1.969366295371611386e+02 3.054827141395508860e+01 1.223277460373913961e+01
1.280945260000000000e+08 1.969476806680163747e+02 3.053922888680302350e+01 1.222443987330220061e+01
1.282150430000000000e+08 1.969457040189832355e+02 3.053069788974632104e+01 1.221358777665806805e+01
1.283360230000000000e+08 1.969491669938549592e+02 3.054124995902950346e+01 1.220712640876749333e+01
1.284573090000000000e+08 1.969674174244914866e+02 3.053562730022436966e+01 1.220560458870570031e+01
1.285761570000000000e+08 1.969594342511478544e+02 3.053100719516071493e+01 1.220297633221711564e+01
1.286950640000000000e+08 1.969359934863345813e+02 3.052211795271132289e+01 1.220090006755803635e+01
1.288156410000000000e+08 1.969368121206422870e+02 3.051832435020641299e+01 1.220337395893900734e+01
1.289354130000000000e+08 1.969545336843077905e+02 3.052305185744220495e+01 1.220159803296717271e+01
1.290564840000000000e+08 1.969930517093579283e+02 3.053436149585531112e+01 1.219731014262513469e+01
1.291757300000000000e+08 1.969885570444190250e+02 3.051974148274865328e+01 1.219153858941617941e+01
1.292951340000000000e+08 1.969520917535134856e+02 3.050589898064022876e+01 1.218350562748982568e+01
1.294156380000000000e+08 1.969610898127728547e+02 3.049062936195366902e+01 1.217725052195844881e+01
1.295370540000000000e+08 1.969665761119558169e+02 3.049995609097509686e+01 1.217182577638822849e+01
1.296552640000000000e+08 1.969814709914115269e+02 3.050233621567792852e+01 1.217354160365605864e+01
1.297754860000000000e+08 1.969890798189107954e+02 3.050414800724398390e+01 1.217722941517275004e+01
1.298920310000000000e+08 1.969983366362568518e+02 3.052054092308431521e+01 1.217474814879228440e+01
1.300110000000000000e+08 1.969813561974319782e+02 3.051880884112067704e+01 1.217164338903191911e+01
1.301308330000000000e+08 1.969973305089998803e+02 3.051028375831219108e+01 1.216907620097639864e+01
1.302494020000000000e+08 1.970201865618522561e+02 3.051335032065661323e+01 1.214983020390807944e+01
1.303714990000000000e+08 1.970262451185591885e+02 3.050947255860530660e+01 1.214328434110892374e+01
1.304909460000000000e+08 1.970576415463054047e+02 3.051011793347778323e+01 1.212705881756230575e+01
1.306109330000000000e+08 1.970955318233341131e+02 3.049250692540640628e+01 1.211614232087513265e+01
1.307242580000000000e+08 1.970914775570772690e+02 3.048044504226430007e+01 1.210608556627044763e+01
1.308450920000000000e+08 1.970684952831271630e+02 3.047060378254886004e+01 1.209651433957045441e+01
1.309635100000000000e+08 1.970941144038855555e+02 3.046099004541349942e+01 1.208126915519286726e+01
1.310838560000000000e+08 1.970398251435873931e+02 3.046343629065949798e+01 1.206874141976284065e+01
1.312035140000000000e+08 1.970136794699409961e+02 3.045838003063759913e+01 1.205861144198349066e+01
1.313221700000000000e+08 1.970410360789968820e+02 3.045241916688152983e+01 1.205084629107950356e+01
1.314424320000000000e+08 1.970490658795509091e+02 3.046096337303913160e+01 1.203333051714038326e+01
1.315570750000000000e+08 1.970222818978619443e+02 3.046121231697528131e+01 1.202483124850196816e+01
1.316797220000000000e+08 1.969908112796845501e+02 3.045874511849292432e+01 1.201580542441847932e+01
1.317920840000000000e+08 1.969837315815324246e+02 3.048590040166423165e+01 1.200958338736110953e+01
1.319093400000000000e+08 1.969454178107456244e+02 3.049279310554252120e+01 1.199575392517347439e+01
1.320290530000000000e+08 1.969336321598091502e+02 3.050959862507039233e+01 1.199177677087951999e+01
1.321468960000000000e+08 1.968921604246779680e+02 3.050429167794683138e+01 1.198954313960910412e+01
1.322673560000000000e+08 1.968861808130916131e+02 3.051037944740351548e+01 1.197749068409685869e+01
1.323883720000000000e+08 1.968814233035386962e+02 3.049894006209813213e+01 1.196281956904583410e+01
1.325064070000000000e+08 1.969104996046625047e+02 3.049636463056899771e+01 1.195452182067805857e+01
1.326267340000000000e+08 1.969229800442922169e+02 3.049154255346393683e+01 1.194791392178702516e+01
1.327484580000000000e+08 1.969246523531570574e+02 3.048879649396456060e+01 1.193299218199771872e+01
1.328676700000000000e+08 1.968937004920813649e+02 3.049664414226527498e+01 1.192491331595360471e+01
1.329880630000000000e+08 1.969145313021437289e+02 3.049144437274276598e+01 1.192013260372895012e+01
1.331081100000000000e+08 1.969407315878456188e+02 3.047858291941077979e+01 1.191519216474060272e+01
1.332272210000000000e+08 1.969422106027886059e+02 3.048546014461609843e+01 1.191183146917001068e+01
1.333456700000000000e+08 1.969672195299892508e+02 3.049066907875317156e+01 1.190764511440561968e+01
1.334643600000000000e+08 1.969777366231847395e+02 3.049144133352757535e+01 1.189369765623166053e+01
1.335839780000000000e+08 1.969852369892378192e+02 3.049184186677673836e+01 1.188010612699174118e+01
1.337025760000000000e+08 1.969734945469835452e+02 3.050390394176291764e+01 1.187150146000667306e+01
1.338224840000000000e+08 1.970076645446053476e+02 3.049218359154034985e+01 1.186108783990469107e+01
1.339423850000000000e+08 1.970228109205214935e+02 3.048753902760731194e+01 1.185522342994965861e+01
1.340662720000000000e+08 1.970517749658299067e+02 3.047561197505029185e+01 1.184481345011905695e+01
1.341887240000000000e+08 1.970554635539853905e+02 3.047729630994446026e+01 1.184048651152904874e+01
1.343076840000000000e+08 1.970602317102763834e+02 3.047147958054592465e+01 1.183433365768894951e+01
1.344271690000000000e+08 1.970667104092838997e+02 3.047687956535016340e+01 1.182551322853460718e+01
1.345457240000000000e+08 1.970850409721984136e+02 3.046199862751756271e+01 1.181438946030013781e+01
1.346673270000000000e+08 1.971022376237091578e+02 3.046973752514726996e+01 1.181589084636234865e+01
1.347836830000000000e+08 1.970744482903431845e+02 3.046179568507829671e+01 1.180734392918909492e+01
1.349010150000000000e+08 1.970995843004911308e+02 3.046995814662404101e+01 1.180048526367819584e+01
1.350201520000000000e+08 1.971019815008216653e+02 3.045834926768644380e+01 1.179531830174187057e+01
1.351422070000000000e+08 1.971199202420971233e+02 3.045390674428849920e+01 1.179127148681067183e+01
1.352609730000000000e+08 1.971260122234432401e+02 3.045372141679909461e+01 1.178295758695208484e+01
1.353812780000000000e+08 1.971697001667687630e+02 3.046141290853145733e+01 1.178015660811580112e+01
1.355028120000000000e+08 1.972399964153939891e+02 3.046431465546732298e+01 1.177852554955314623e+01
1.356241300000000000e+08 1.972260511384027097e+02 3.046333390011149689e+01 1.177376465766585234e+01
1.357426590000000000e+08 1.972109994925272929e+02 3.046013519018580951e+01 1.177315676717988069e+01
1.358617910000000000e+08 1.972360173371156975e+02 3.045780657516159806e+01 1.176403404171984590e+01
1.359805960000000000e+08 1.972423454331961636e+02 3.045091300576987337e+01 1.176306954258386739e+01
1.361001240000000000e+08 1.972385509102816457e+02 3.044252036012705531e+01 1.175860864299575859e+01
1.362194680000000000e+08 1.972403287951575521e+02 3.043777396253643985e+01 1.175176013130587727e+01
1.363405220000000000e+08 1.972426488929980337e+02 3.043695339847803893e+01 1.174488850907239801e+01
1.364585550000000000e+08 1.972192569948547032e+02 3.042789573068243314e+01 1.174098337206311271e+01
1.365830500000000000e+08 1.972113586094707216e+02 3.043374254036934445e+01 1.173369202772361852e+01
1.367002450000000000e+08 1.972312503464335691e+02 3.042994320287178311e+01 1.172890673348711843e+01
1.368198490000000000e+08 1.971972322514982920e+02 3.041690059802161628e+01 1.172625381934220457e+01
1.369417400000000000e+08 1.971858741372853672e+02 3.041554365393083614e+01 1.171941450568130705e+01
1.370619660000000000e+08 1.972191767093291332e+02 3.041843782821106146e+01 1.172226860629024614e+01
1.371827070000000000e+08 1.972399775152340169e+02 3.040721357398812330e+01 1.171617665629522520e+01
1.373028470000000000e+08 1.972281334808023132e+02 3.041532804051960426e+01 1.170200513211973004e+01
1.374228480000000000e+08 1.972622124009986067e+02 3.041293828298986313e+01 1.170304053567154234e+01
1.375428700000000000e+08 1.973275503697664988e+02 3.040748538968524883e+01 1.170160187512247596e+01
1.376629340000000000e+08 1.973500101556404331e+02 3.040970605838303698e+01 1.170014564459581230e+01
1.377811230000000000e+08 1.973793373984265429e+02 3.042227523995022409e+01 1.169733670184282737e+01
1.378988090000000000e+08 1.973880387584124207e+02 3.043295198555120962e+01 1.170031951677274940e+01
1.380186860000000000e+08 1.973534239562786752e+02 3.043294995886672183e+01 1.169961050433990835e+01
1.381347760000000000e+08 1.973186485675461768e+02 3.043886134622814410e+01 1.169765901366009508e+01
1.382532890000000000e+08 1.972768820727939953e+02 3.043592412683451087e+01 1.170124051699454881e+01
1.383738680000000000e+08 1.972671395888340271e+02 3.042488035571847504e+01 1.169608852498016383e+01
1.384941100000000000e+08 1.972976899262871484e+02 3.043134617162293765e+01 1.169339837521205183e+01
1.386132550000000000e+08 1.973021807431247794e+02 3.042331958837322503e+01 1.169425008935597887e+01
1.387329980000000000e+08 1.972447369089110794e+02 3.041871128013481851e+01 1.168926128996366565e+01
1.388521340000000000e+08 1.972430517287263854e+02 3.041518436213524978e+01 1.169080689868267520e+01
1.389708690000000000e+08 1.972338509311454686e+02 3.041635265563428447e+01 1.168475130171728971e+01
1.390927720000000000e+08 1.972560545779784320e+02 3.042766551894574434e+01 1.168381698324812490e+01
1.392107420000000000e+08 1.972515497490471716e+02 3.043342725027767059e+01 1.168116098547051429e+01
1.393311690000000000e+08 1.972440229303509511e+02 3.042583251276457190e+01 1.167356820007058715e+01
1.394523390000000000e+08 1.972412814690234200e+02 3.042963758726762435e+01 1.166789925756999224e+01
1.395718650000000000e+08 1.972516507983396821e+02 3.041899876580337292e+01 1.166711480119571931e+01
1.396905860000000000e+08 1.972648663272772183e+02 3.042491695358393855e+01 1.166053942342732874e+01
1.398084500000000000e+08 1.972768341218772434e+02 3.042368243950076234e+01 1.165870102629934557e+01
1.399307950000000000e+08 1.973029063041434483e+02 3.041423726130909344e+01 1.164883614226547159e+01
1.400509960000000000e+08 1.973097054446299978e+02 3.042260039442613007e+01 1.164642342601560721e+01
1.401657790000000000e+08 1.973044706127137999e+02 3.042383333469998519e+01 1.164849555199892350e+01
1.402872710000000000e+08 1.972921559321798384e+02 3.042364125948878240e+01 1.164212396409109651e+01
1.404062860000000000e+08 1.972591430125428644e+02 3.043353134541932903e+01 1.163773916405586384e+01
1.405259180000000000e+08 1.972703307609189949e+02 3.043562901377767815e+01 1.163740662151603544e+01
1.406453960000000000e+08 1.972573032467147982e+02 3.044828882540999970e+01 1.163543229685249791e+01
1.407622230000000000e+08 1.972525629164429404e+02 3.044105590364688751e+01 1.162751942124790361e+01
1.408822320000000000e+08 1.971904619076615290e+02 3.044124300292631347e+01 1.162771516892047963e+01
1.410014540000000000e+08 1.971690117434350213e+02 3.045200451384872053e+01 1.162639094397026973e+01
1.411230170000000000e+08 1.971688264940666500e+02 3.046301052307622825e+01 1.162761487518647563e+01
1.412400500000000000e+08 1.971794360480695900e+02 3.045466430752557940e+01 1.163067412793114208e+01
1.413554230000000000e+08 1.971733916383663541e+02 3.047349085229974364e+01 1.162581316689374056e+01
1.414756520000000000e+08 1.971430758032036010e+02 3.048066567586879572e+01 1.162765255015986554e+01
1.415937950000000000e+08 1.971392742876445254e+02 3.047927672438995117e+01 1.162199369278072680e+01
1.417101940000000000e+08 1.971462865650686922e+02 3.047934240506551618e+01 1.162322999773937404e+01
1.418324200000000000e+08 1.971359948877004342e+02 3.048069461464519492e+01 1.162406769377833626e+01
1.419519160000000000e+08 1.971673365321017570e+02 3.047172345918364655e+01 1.161825783007039981e+01
1.420711830000000000e+08 1.971640398789938331e+02 3.046657369065418663e+01 1.161439423701773599e+01
1.421917720000000000e+08 1.971602762003456917e+02 3.045503501966657822e+01 1.161159818841986535e+01
1.423113780000000000e+08 1.971572516945082043e+02 3.044796076368805160e+01 1.160746236114124130e+01
1.424321330000000000e+08 1.971677031130569162e+02 3.044751776602169002e+01 1.160573388617650892e+01
1.425513770000000000e+08 1.971114042756123297e+02 3.043556419777861066e+01 1.159677023231589921e+01
1.426709660000000000e+08 1.971186314662249117e+02 3.042676399471219284e+01 1.159159510612604471e+01
1.427892430000000000e+08 1.971231750400092437e+02 3.042907654926353445e+01 1.158275063281916495e+01
1.429089450000000000e+08 1.971053464277864293e+02 3.041717998210403096e+01 1.157303346807132449e+01
1.430262430000000000e+08 1.971022058378763120e+02 3.041821375791492699e+01 1.157167616011829558e+01
1.431423330000000000e+08 1.970751497860390202e+02 3.042460237027503211e+01 1.156440444725979688e+01
1.432599070000000000e+08 1.970855221334075225e+02 3.041970437346124356e+01 1.155845843083216806e+01
1.433808260000000000e+08 1.970724683043931122e+02 3.042245232596097892e+01 1.155443772300585792e+01
1.434960990000000000e+08 1.970985081922002848e+02 3.040538162599451155e+01 1.155390278376037472e+01
1.436134790000000000e+08 1.970948699351434641e+02 3.039929953227954229e+01 1.154961508039815676e+01
1.437315780000000000e+08 1.970349672124537506e+02 3.038884232893961723e+01 1.153889221121818842e+01
1.438507230000000000e+08 1.970248298107875939e+02 3.037928898423733415e+01 1.153739244986578960e+01
1.439681800000000000e+08 1.970268542469903821e+02 3.037766458882529363e+01 1.153312149578243861e+01
1.440855710000000000e+08 1.970443185037209162e+02 3.036498854738676201e+01 1.152163125302203994e+01
1.442021310000000000e+08 1.970640516036054350e+02 3.035768524635930277e+01 1.151909084800012906e+01
1.443219420000000000e+08 1.970459124415276051e+02 3.033901336079166455e+01 1.152029087026527243e+01
1.444395920000000000e+08 1.970426441784766496e+02 3.032109834621597955e+01 1.151216856089544471e+01
1.445597720000000000e+08 1.970381120119444347e+02 3.031506089423681871e+01 1.150883469696044870e+01
1.446790900000000000e+08 1.970335191994323338e+02 3.030340518971170738e+01 1.150527352085169852e+01
1.447990110000000000e+08 1.970447619550449474e+02 3.029512370623251272e+01 1.150256479477200067e+01
1.449204490000000000e+08 1.970739209882803493e+02 3.027422069313646347e+01 1.149876770507735557e+01
1.450392480000000000e+08 1.970667913192661729e+02 3.027197412091145168e+01 1.149049425304389693e+01
1.451581370000000000e+08 1.971238428062817718e+02 3.027854896995803458e+01 1.148020945053731801e+01
1.452801510000000000e+08 1.970847670450230567e+02 3.026368490056007943e+01 1.147572784111332922e+01
1.453973280000000000e+08 1.970585003392429257e+02 3.024857505134550095e+01 1.146712185805515816e+01
1.455168770000000000e+08 1.970527171319584738e+02 3.024700672091482190e+01 1.145952358117321168e+01
1.456341730000000000e+08 1.970297919968814711e+02 3.023974190505170156e+01 1.145471790480071483e+01
1.457562350000000000e+08 1.969867131735683472e+02 3.023963403767606906e+01 1.144479237995351717e+01
1.458772190000000000e+08 1.969947486884669274e+02 3.023724575723711538e+01 1.143789317890603563e+01
1.459938140000000000e+08 1.969693646239706197e+02 3.024028721390356367e+01 1.143447357334214942e+01
1.461143420000000000e+08 1.969457970764980530e+02 3.024097964273554240e+01 1.142655716554150302e+01
1.462346340000000000e+08 1.969336470545968609e+02 3.023770736583762542e+01 1.141685723147863563e+01
1.463524780000000000e+08 1.969638828725837811e+02 3.025306925594441410e+01 1.141511562665579582e+01
1.464718510000000000e+08 1.969596512758889730e+02 3.025349836418248728e+01 1.140629420637525193e+01
1.465897420000000000e+08 1.969903739805970417e+02 3.025347792186654416e+01 1.140814511762573957e+01
1.467096330000000000e+08 1.970064606490830101e+02 3.025716156543414925e+01 1.140144111846405472e+01
1.468296100000000000e+08 1.969859723250377499e+02 3.025277317995963955e+01 1.140173764399060019e+01
1.469500390000000000e+08 1.970006118998385602e+02 3.024785960807183471e+01 1.139299786889675659e+01
1.470689400000000000e+08 1.970090333502174929e+02 3.023524952590764769e+01 1.139168731342054031e+01
1.471898410000000000e+08 1.969947877154906735e+02 3.023426147477614023e+01 1.138837923314942024e+01
1.473075950000000000e+08 1.970034318359889198e+02 3.022111802702193017e+01 1.138620947151557949e+01
1.474259250000000000e+08 1.969719604241248589e+02 3.022030385309914990e+01 1.138422414213757605e+01
1.475450860000000000e+08 1.969674241660686107e+02 3.022360457158010050e+01 1.137980279571064024e+01
1.476659540000000000e+08 1.969415998641403007e+02 3.020821673038876654e+01 1.137528331722167607e+01
1.477883550000000000e+08 1.969549179747031928e+02 3.019592338091616668e+01 1.137651011263249146e+01
1.479058870000000000e+08 1.969811385682220077e+02 3.017704034084017906e+01 1.137419727180862772e+01
1.480254280000000000e+08 1.969632422764770752e+02 3.017203495144201142e+01 1.136261508872562587e+01
1.481425820000000000e+08 1.969481849681518781e+02 3.017277146299126755e+01 1.135525855603678558e+01
1.482657360000000000e+08 1.969358316844354135e+02 3.016699376983934400e+01 1.134818357603136540e+01
1.483839330000000000e+08 1.969247597018859324e+02 3.016296860960913051e+01 1.133972336432214156e+01
1.485055260000000000e+08 1.969294415571704917e+02 3.015272765432011681e+01 1.134343825385659699e+01
1.486250240000000000e+08 1.969574902672605106e+02 3.015322080078307820e+01 1.133755386380920349e+01
1.487448530000000000e+08 1.969422641320620357e+02 3.014332254884104856e+01 1.134071028672169312e+01
1.488674480000000000e+08 1.969381334576511904e+02 3.012256748015061447e+01 1.133726993181722698e+01
1.489842600000000000e+08 1.969725879205696231e+02 3.012241458209565792e+01 1.133164036655663587e+01
1.491015240000000000e+08 1.969502973760959890e+02 3.012758926922022340e+01 1.132876103812279212e+01
1.492182100000000000e+08 1.969521557330319865e+02 3.010866032432409511e+01 1.132765835391783149e+01
1.493338390000000000e+08 1.969620177285196405e+02 3.010369925359221455e+01 1.132242948080614298e+01
1.494552920000000000e+08 1.969535113308381824e+02 3.010007815888834770e+01 1.131834698742317258e+01
1.495753300000000000e+08 1.970067146531955302e+02 3.009208556078658248e+01 1.131211950875599470e+01
1.496958190000000000e+08 1.969806087744381102e+02 3.009908796735948755e+01 1.130811320600197334e+01
1.498152410000000000e+08 1.969701559435405045e+02 3.009122229668736992e+01 1.130732876103375339e+01
1.499328490000000000e+08 1.970065505826752883e+02 3.008897145390942640e+01 1.130767381980753861e+01
1.500497300000000000e+08 1.970502834527881078e+02 3.008945852653602415e+01 1.130917686354307428e+01
1.501680350000000000e+08 1.970830744045026677e+02 3.007546072823503991e+01 1.130532023418335896e+01
1.502889980000000000e+08 1.970416900581448942e+02 3.007316518891787283e+01 1.130098657839215370e+01
1.504086500000000000e+08 1.970159401505178209e+02 3.007166780010626539e+01 1.129401663515609044e+01
1.505306670000000000e+08 1.970289281810350133e+02 3.006682495770659358e+01 1.129102909596079662e+01
1.506484930000000000e+08 1.970257070975422948e+02 3.006575099633651149e+01 1.129533199192471393e+01
1.507668530000000000e+08 1.970571157874140056e+02 3.006617167944198599e+01 1.130180623727872913e+01
1.508899440000000000e+08 1.970690211736013566e+02 3.006656826793611614e+01 1.129976050134365728e+01
1.510087120000000000e+08 1.971011843210751238e+02 3.005739897348428968e+01 1.129771159593413010e+01
1.511247120000000000e+08 1.971229734443867585e+02 3.004952489659884662e+01 1.129201672887678853e+01
1.512429380000000000e+08 1.971343447976622940e+02 3.003869312815997006e+01 1.128558436820091337e+01
1.513624690000000000e+08 1.971053843214428696e+02 3.003836581214757118e+01 1.129132685812146342e+01
1.514807360000000000e+08 1.970894394301359398e+02 3.004951917417825058e+01 1.129160274843895095e+01
1.515998360000000000e+08 1.970814087739942977e+02 3.004286619337113606e+01 1.129152116057038313e+01
1.517157750000000000e+08 1.970973902895119920e+02 3.003900968260914439e+01 1.128271924052825881e+01
1.518323680000000000e+08 1.971025008531931064e+02 3.003769493431272153e+01 1.128102890996766128e+01
1.519485990000000000e+08 1.971105432787113898e+02 3.003652122160081461e+01 1.128053121991483998e+01
1.520711780000000000e+08 1.970853516183714191e+02 3.002811024480062585e+01 1.127566138018988262e+01
1.521924640000000000e+08 1.971196150094857273e+02 3.001408736685534606e+01 1.127570065580136749e+01
1.523093490000000000e+08 1.971570017164342232e+02 3.003012093614800193e+01 1.127480726211307704e+01
1.524300070000000000e+08 1.971582113864500911e+02 3.002823038188084226e+01 1.127553864761712177e+01
1.525464660000000000e+08 1.971555163458393451e+02 3.003556124010582806e+01 1.127591290631648491e+01
1.526647980000000000e+08 1.971650471408664487e+02 3.002902717225561702e+01 1.127704455360180447e+01
1.527887770000000000e+08 1.971623939221313435e+02 3.002539549252885465e+01 1.127628896994315078e+01
1.529068860000000000e+08 1.971599999110019610e+02 3.002210500072166965e+01 1.127974281127681522e+01
1.530248070000000000e+08 1.972024019897829135e+02 3.001485189200261772e+01 1.128234373774631294e+01
1.531433100000000000e+08 1.971959705206892579e+02 3.002352227765272374e+01 1.127267799427654182e+01
1.532628090000000000e+08 1.972102820294891785e+02 3.002568251698576063e+01 1.126620408818475383e+01
1.533853490000000000e+08 1.972119008900208996e+02 3.003169741889776390e+01 1.127209810821135250e+01
1.535025400000000000e+08 1.971988868727636941e+02 3.003319714088414472e+01 1.126719677803751729e+01
1.536260420000000000e+08 1.972000574250105842e+02 3.003455790682139437e+01 1.126644796382867320e+01
1.537438290000000000e+08 1.971953568795860576e+02 3.003861925006730615e+01 1.125728684771483934e+01
1.538631330000000000e+08 1.971727710123108466e+02 3.003046321684466946e+01 1.125321520521732666e+01
1.539804190000000000e+08 1.971823800806871532e+02 3.002663352923374873e+01 1.124630350089532627e+01
1.541014100000000000e+08 1.971368986570467712e+02 3.002596464698560297e+01 1.124774949694590198e+01
1.542202770000000000e+08 1.971354731274352616e+02 3.003474366869222933e+01 1.124187179423448235e+01
1.543399210000000000e+08 1.971365445050261371e+02 3.003178599653181635e+01 1.123918339709882375e+01
1.544579570000000000e+08 1.971235214478616342e+02 3.003943288286318847e+01 1.123927220630633350e+01
1.545794810000000000e+08 1.971106065253382269e+02 3.002850592172832478e+01 1.123666939132924547e+01
1.546997070000000000e+08 1.971295432439709430e+02 3.002208863507272341e+01 1.122499699462430378e+01
1.548197490000000000e+08 1.971167678211328393e+02 3.002053601509846459e+01 1.122500042592782243e+01
1.549407840000000000e+08 1.971215146991043241e+02 3.001524140135722973e+01 1.122455336658081215e+01
1.550607110000000000e+08 1.971240304159476864e+02 2.999458875941822100e+01 1.122488522783885401e+01
1.551814880000000000e+08 1.971357506486165505e+02 3.000008542594797589e+01 1.121741077061482983e+01
1.553018050000000000e+08 1.971467760764878676e+02 3.000296584373868924e+01 1.121255337793396301e+01
1.554222300000000000e+08 1.971108157466189539e+02 3.000308008812431382e+01 1.121194526164570249e+01
1.555393320000000000e+08 1.971705260411205813e+02 2.999413660743523025e+01 1.120642433537481075e+01
1.556609590000000000e+08 1.971664086007493495e+02 2.999874228521308694e+01 1.120549982003391953e+01
1.557823650000000000e+08 1.971571771623308678e+02 2.999166306999903497e+01 1.120077892001762621e+01
1.558993490000000000e+08 1.971390578911419595e+02 2.999697933685346385e+01 1.120230526137079785e+01
1.560178700000000000e+08 1.971154698353052197e+02 3.000487863076807216e+01 1.119656571098239972e+01
1.561375080000000000e+08 1.970994812724524081e+02 2.999095611593921262e+01 1.119623984142090656e+01
1.562532940000000000e+08 1.970927765697281302e+02 2.998551054185861275e+01 1.119065951944343951e+01
1.563703600000000000e+08 1.970568193264306558e+02 2.997996500524790520e+01 1.118788847513587825e+01
1.564907280000000000e+08 1.970699941937128585e+02 2.997283906084260607e+01 1.117924549805493406e+01
1.566099380000000000e+08 1.970885505312597274e+02 2.997076403472026485e+01 1.117313683722385598e+01
1.567271820000000000e+08 1.971156737664396985e+02 2.996602393641712681e+01 1.116194460640736708e+01
1.568445980000000000e+08 1.971278055850962403e+02 2.996326503167600563e+01 1.115238837135109407e+01
1.569656060000000000e+08 1.971252780187055578e+02 2.997213284813091150e+01 1.114269361727502528e+01
1.570816820000000000e+08 1.971355989272084344e+02 2.997667028703984116e+01 1.113588180908305780e+01
1.572033470000000000e+08 1.971791315744304711e+02 2.998232122361227781e+01 1.113466620927060546e+01
1.573256030000000000e+08 1.971708142971298514e+02 2.997543847624499946e+01 1.113711279160864187e+01
1.574458610000000000e+08 1.971643791570791393e+02 2.996637327714546828e+01 1.113783930351939055e+01
1.575645180000000000e+08 1.971559137314874306e+02 2.996745861626505913e+01 1.113695249587756209e+01
1.576843570000000000e+08 1.971813308184961215e+02 2.997363087328230691e+01 1.113233230815896313e+01
1.578046860000000000e+08 1.971903098167551320e+02 2.996327720968651320e+01 1.112524187679820642e+01
1.579241100000000000e+08 1.971974035253023203e+02 2.996530954761096410e+01 1.112570243941203785e+01
1.580439820000000000e+08 1.972213910607463561e+02 2.996451804980822331e+01 1.112565095768102985e+01
1.581628930000000000e+08 1.972251205019351232e+02 2.996771220361105748e+01 1.112146793386339994e+01
1.582848440000000000e+08 1.972012187309654507e+02 2.996360096165554410e+01 1.111690670307260120e+01
1.584029430000000000e+08 1.972039949960992544e+02 2.995658226595377727e+01 1.111959398866062720e+01
1.585226350000000000e+08 1.971489707121141919e+02 2.996041483923881898e+01 1.111580861805595966e+01
1.586435380000000000e+08 1.971529021024694543e+02 2.995865828148701127e+01 1.111325972946619700e+01
1.587645160000000000e+08 1.971785266485767636e+02 2.994969498570959843e+01 1.110160574144908985e+01
1.588853530000000000e+08 1.971912581020137054e+02 2.995096473916245117e+01 1.110249099285896435e+01
1.590033100000000000e+08 1.971931860268985304e+02 2.995152216017322999e+01 1.110225424184607412e+01
1.591236000000000000e+08 1.971996710816015934e+02 2.994450304827439879e+01 1.110299757635066520e+01
1.592418180000000000e+08 1.972115211430335648e+02 2.993873955845590373e+01 1.109471765345730709e+01
1.593618920000000000e+08 1.972303960843722734e+02 2.994057924921693115e+01 1.108791311252105061e+01
1.594808740000000000e+08 1.972521713472548868e+02 2.993707628228042950e+01 1.108930885713491676e+01
1.596007020000000000e+08 1.972505564666927853e+02 2.993377096319308706e+01 1.109022468734186972e+01
1.597206420000000000e+08 1.972487831430496215e+02 2.994326567083595592e+01 1.108254265303362018e+01
1.598430550000000000e+08 1.972300867522001795e+02 2.992945530293217971e+01 1.108874601886649280e+01
1.599635910000000000e+08 1.972458359552296372e+02 2.993219720770237657e+01 1.108131497547351252e+01
1.600826120000000000e+08 1.972477156005803920e+02 2.993911091973872374e+01 1.108033009247067113e+01
1.602028860000000000e+08 1.972424919004810135e+02 2.994555559537800349e+01 1.107786864439765040e+01
1.603228360000000000e+08 1.972557296254006474e+02 2.994619161379571537e+01 1.107386691541176837e+01
1.604427060000000000e+08 1.972701430420364943e+02 2.994790595904931152e+01 1.107351300555531104e+01
1.605621940000000000e+08 1.972774349337169895e+02 2.993770638949538920e+01 1.107220462570590946e+01
1.606814230000000000e+08 1.973033071394262095e+02 2.992855673492273283e+01 1.106751810355523702e+01
1.607992600000000000e+08 1.973168752051501258e+02 2.992550850121403272e+01 1.106677900354404187e+01
1.609174070000000000e+08 1.972921053240947344e+02 2.992343887442340744e+01 1.106312007869013847e+01
1.610354870000000000e+08 1.972398879464591062e+02 2.992496298530156906e+01 1.106411943029530320e+01
1.611554140000000000e+08 1.972138763408076727e+02 2.992842456375118587e+01 1.106394680164359023e+01
1.612751670000000000e+08 1.972076776701030099e+02 2.992977044059248470e+01 1.106194298722042824e+01
1.614005260000000000e+08 1.972062968054522116e+02 2.993741321110487874e+01 1.105912686481507734e+01
1.615182570000000000e+08 1.972409692440885465e+02 2.992863949431852078e+01 1.105523542698268713e+01
1.616375930000000000e+08 1.972190008245674733e+02 2.993006604290702555e+01 1.104864044133327283e+01
1.617539280000000000e+08 1.971934970039772850e+02 2.992123718775055252e+01 1.105063921630162227e+01
1.618712440000000000e+08 1.971695381117166619e+02 2.992117149019010469e+01 1.104996169903431102e+01
1.619919920000000000e+08 1.971279137853341012e+02 2.992225682337843295e+01 1.104597804564032337e+01
1.621065430000000000e+08 1.971224501929521580e+02 2.992655910029095168e+01 1.104412451618608948e+01
1.622269210000000000e+08 1.971272256210754676e+02 2.991745377996377186e+01 1.104120544090081424e+01
1.623453300000000000e+08 1.971187887530433613e+02 2.991903676979033477e+01 1.104070186622405991e+01
1.624660850000000000e+08 1.971187548450616021e+02 2.992460477446330103e+01 1.103773952993859631e+01
1.625843070000000000e+08 1.971356924473738559e+02 2.992740749391856880e+01 1.103155794191316552e+01
1.627020910000000000e+08 1.971137460855389349e+02 2.992441836642549546e+01 1.102621889964492574e+01
1.628211260000000000e+08 1.971230744602530365e+02 2.991955646249980560e+01 1.102316626950901934e+01
1.629430630000000000e+08 1.971047567289822666e+02 2.992087087652648236e+01 1.101987691959943660e+01
1.630624430000000000e+08 1.971147695179736843e+02 2.992040168147008572e+01 1.102319073258311022e+01
1.631805570000000000e+08 1.971373485293698025e+02 2.991626539230643900e+01 1.102375784797074054e+01
1.632994810000000000e+08 1.971488596079528577e+02 2.991483860572314768e+01 1.102281377605202550e+01
1.634195030000000000e+08 1.971541015995455552e+02 2.990930963081505212e+01 1.102425409351520891e+01
1.635395740000000000e+08 1.971510248069764089e+02 2.991189181427297683e+01 1.102308228401567014e+01
1.636593270000000000e+08 1.971988560909368857e+02 2.990733841913028712e+01 1.102995694106418867e+01
1.637811700000000000e+08 1.972295998599133213e+02 2.990472894799640713e+01 1.102662407432112879e+01
1.638993420000000000e+08 1.972479494328368617e+02 2.990574135239277709e+01 1.102380347167255081e+01
1.640203360000000000e+08 1.972695588620402987e+02 2.990728657758977960e+01 1.102178140239991500e+01
1.641382260000000000e+08 1.972981433398688296e+02 2.989895741260386686e+01 1.102253301758715409e+01
1.642596860000000000e+08 1.973019753322641066e+02 2.989669923830675202e+01 1.102661669773620012e+01
1.643747910000000000e+08 1.972974424550236563e+02 2.988260196390830714e+01 1.102447390073126776e+01
1.644908290000000000e+08 1.973121551717966611e+02 2.988434023252187544e+01 1.102636301921280726e+01
1.646082790000000000e+08 1.973075103487585409e+02 2.988848677083388594e+01 1.102575885866119521e+01
1.647267440000000000e+08 1.972965119452358351e+02 2.989869808809576668e+01 1.101838437662896553e+01
1.648434690000000000e+08 1.972992666334608032e+02 2.990161859451520598e+01 1.102133232639221916e+01
1.649645170000000000e+08 1.972699937775782644e+02 2.989661773307730641e+01 1.102375647700582739e+01
1.650826380000000000e+08 1.972818666399294329e+02 2.990271799079254578e+01 1.103312643591929287e+01
1.652035530000000000e+08 1.972655359050425261e+02 2.989712598959971146e+01 1.102906649631925973e+01
1.653225040000000000e+08 1.972770895866119645e+02 2.988432378738819750e+01 1.103464916894399472e+01
1.654414640000000000e+08 1.972863300639230886e+02 2.989219057949010150e+01 1.103921337313987294e+01
1.655630530000000000e+08 1.973082656061542934e+02 2.988959895200583361e+01 1.104212784975833372e+01
1.656838110000000000e+08 1.973140361315200835e+02 2.988768322910637210e+01 1.104041749891782409e+01
1.657999570000000000e+08 1.973348705979931310e+02 2.989193485296628694e+01 1.103240473599717397e+01
1.659188020000000000e+08 1.973288471195940019e+02 2.988892340999616692e+01 1.102859791398667255e+01
1.660406770000000000e+08 1.972977526765082530e+02 2.988049729710142799e+01 1.102045113202668958e+01
1.661577640000000000e+08 1.973161474826545714e+02 2.988151348370248073e+01 1.101866119338207106e+01
1.662762140000000000e+08 1.973025598177987661e+02 2.987155298206608123e+01 1.101798831593728423e+01
1.663965060000000000e+08 1.973112475206405065e+02 2.986712171151038575e+01 1.100996334043516356e+01
1.665193850000000000e+08 1.973155830443991476e+02 2.986247837597371912e+01 1.100466113968472293e+01
1.666377210000000000e+08 1.973006721713075535e+02 2.985786293443247530e+01 1.099806517253089488e+01
1.667562370000000000e+08 1.973212174304862856e+02 2.986463944338990473e+01 1.100140836951261569e+01
1.668761990000000000e+08 1.973014401690006991e+02 2.986664999322904279e+01 1.099439081008588737e+01
1.669929270000000000e+08 1.972731098973457335e+02 2.986519512520320063e+01 1.098939583289291555e+01
1.671085220000000000e+08 1.972717635581204831e+02 2.985696701866503133e+01 1.098749872949885109e+01
1.672289600000000000e+08 1.972614721571355005e+02 2.985876736264480158e+01 1.098736145876890191e+01
1.673479910000000000e+08 1.972784171399676438e+02 2.985409257148625173e+01 1.098023747328102750e+01
1.674640510000000000e+08 1.972611131086435421e+02 2.984171734224354111e+01 1.097545372526633933e+01
1.675826660000000000e+08 1.972695161070721213e+02 2.983757321123871264e+01 1.097587174210414851e+01
1.677029010000000000e+08 1.972425194852518473e+02 2.983842896675133716e+01 1.097052503291100933e+01
1.678263770000000000e+08 1.972804474673141328e+02 2.984338874740133107e+01 1.096923187918068798e+01
1.679431990000000000e+08 1.972817655494431222e+02 2.982232668985814428e+01 1.095955205429760326e+01
1.680650530000000000e+08 1.972774037049529738e+02 2.982033632306766435e+01 1.095329497877050606e+01
1.681819150000000000e+08 1.972624369351689779e+02 2.982055674469572182e+01 1.095185521081723934e+01
1.683022530000000000e+08 1.972412848790148132e+02 2.980943043943578630e+01 1.094990019557852534e+01
1.684241540000000000e+08 1.972494802320087501e+02 2.979937743536456907e+01 1.094729420242538431e+01
1.685435490000000000e+08 1.972701160673880167e+02 2.978780873012058450e+01 1.094316482703002080e+01
1.686616620000000000e+08 1.972742017851763876e+02 2.977767755816269357e+01 1.093834035617996037e+01
1.687822180000000000e+08 1.972572514624200153e+02 2.976087790728040972e+01 1.093630815893533637e+01
1.689006180000000000e+08 1.972559441523034707e+02 2.975204335261958022e+01 1.093635901578263159e+01
1.690164720000000000e+08 1.972374856534794105e+02 2.975835573689889557e+01 1.093498406850370941e+01
1.691330980000000000e+08 1.972406180069294521e+02 2.975485242060388558e+01 1.093916461089649950e+01
1.692509330000000000e+08 1.971997855863691029e+02 2.974416719926777120e+01 1.093447976237154862e+01
1.693718920000000000e+08 1.972002999198861630e+02 2.974093094870283593e+01 1.093448587334478184e+01
1.694920900000000000e+08 1.971944247677688224e+02 2.973232107592840379e+01 1.093228342362835726e+01
1.696114090000000000e+08 1.971741329683086121e+02 2.972146018884944141e+01 1.092625397171912915e+01
1.697286710000000000e+08 1.971607317877641776e+02 2.972317426807099139e+01 1.091675124627715832e+01
1.698498860000000000e+08 1.971722832364871749e+02 2.971478965858220178e+01 1.091461428776924869e+01
1.699710290000000000e+08 1.971774279557903071e+02 2.972295626288055459e+01 1.091349308061442080e+01
1.700919910000000000e+08 1.971580047176678931e+02 2.971049061972170335e+01 1.090684053840825030e+01
1.702100460000000000e+08 1.971570465736290885e+02 2.971000026128912097e+01 1.090810475825775860e+01
1.703301710000000000e+08 1.971566688538746916e+02 2.970459830632826481e+01 1.090517432644023721e+01
1.704486350000000000e+08 1.971332772900535701e+02 2.969723789181435336e+01 1.090383594046972249e+01
1.705681800000000000e+08 1.971240126315001362e+02 2.969810927186025751e+01 1.090146371444399342e+01
1.706849950000000000e+08 1.971130526157493819e+02 2.968782427413000136e+01 1.089907379699074852e+01
1.708011940000000000e+08 1.971491577448663577e+02 2.968804268210718078e+01 1.089818359478762311e+01
1.709227240000000000e+08 1.971600174016429889e+02 2.967599723877736295e+01 1.089299916870404772e+01
1.710427630000000000e+08 1.971485199290280832e+02 2.969012284590822048e+01 1.088783535237428346e+01
1.711618600000000000e+08 1.971306123664469965e+02 2.968424046143900341e+01 1.088139461956489207e+01
1.712817480000000000e+08 1.971065036690286547e+02 2.968038398051283622e+01 1.087325683029102308e+01
1.714006710000000000e+08 1.970885201313517427e+02 2.967050401580422303e+01 1.087406961491833002e+01
1.715189390000000000e+08 1.970843432095622063e+02 2.966369844157509306e+01 1.086429123885058701e+01
1.716385510000000000e+08 1.970758699062079415e+02 2.966506486139811472e+01 1.086043753773978260e+01
1.717622870000000000e+08 1.970908171668667990e+02 2.966780008602264473e+01 1.085883244978823470e+01
1.718825510000000000e+08 1.970719981650489672e+02 2.966467758614535910e+01 1.085351931582539464e+01
1.719986310000000000e+08 1.970681240559441676e+02 2.966387734766245998e+01 1.084862178227702501e+01
1.721189690000000000e+08 1.970714269517755781e+02 2.966446195142998477e+01 1.084524032163508522e+01
1.722360920000000000e+08 1.970825856553531708e+02 2.965754565248965235e+01 1.084305012391052969e+01
1.723563730000000000e+08 1.970630531508400622e+02 2.966384656739340997e+01 1.083823297633089666e+01
1.724772790000000000e+08 1.970520906584575869e+02 2.966694148934502095e+01 1.083362016386251270e+01
1.725968980000000000e+08 1.970771049321146791e+02 2.966661151295695475e+01 1.083458788866926703e+01
1.727190370000000000e+08 1.970582618584236627e+02 2.965732088349759010e+01 1.082889534028614165e+01
1.728380960000000000e+08 1.970732131028665606e+02 2.965440183102739624e+01 1.083054004834577277e+01
1.729547320000000000e+08 1.970577689538181119e+02 2.965131091077230252e+01 1.082839666052625383e+01
1.730747080000000000e+08 1.970452592286532081e+02 2.965116805413382650e+01 1.082577410506587157e+01
1.731933290000000000e+08 1.970571046714377701e+02 2.965099818893592598e+01 1.082353492552299734e+01
1.733108250000000000e+08 1.970717727886033117e+02 2.964664490278179088e+01 1.081640073923704470e+01
1.734325820000000000e+08 1.970800443420256443e+02 2.964307398792692894e+01 1.081672024522477216e+01
1.735493670000000000e+08 1.970778004462359547e+02 2.963541427173298359e+01 1.082306917889510522e+01
1.736701450000000000e+08 1.971000752380048198e+02 2.964087857822304173e+01 1.082554014890501470e+01
1.737893030000000000e+08 1.971152522562528304e+02 2.963345160350953833e+01 1.082871226043401691e+01
1.739046330000000000e+08 1.971353304504321784e+02 2.963129669689240586e+01 1.082228763893149548e+01
1.740253690000000000e+08 1.971699043710531498e+02 2.963282003233440776e+01 1.081699863105292536e+01
1.741456570000000000e+08 1.971927417625831254e+02 2.962477863506537545e+01 1.082094444578358150e+01
1.742664440000000000e+08 1.971813757409221353e+02 2.962155442242340087e+01 1.082288819732813678e+01
1.743859500000000000e+08 1.971839529585891455e+02 2.961700624113243308e+01 1.082583243250851446e+01
1.745045440000000000e+08 1.972141711500216275e+02 2.961440043827108326e+01 1.082370598515405646e+01
1.746272170000000000e+08 1.972284013305132362e+02 2.961528225337401565e+01 1.082216323136616509e+01
1.747451630000000000e+08 1.972256009225390585e+02 2.960852627485864730e+01 1.082385589527458514e+01
1.748635400000000000e+08 1.972670535084739356e+02 2.960325781263675182e+01 1.082810832926172928e+01
1.749864550000000000e+08 1.972674882896361908e+02 2.958891504193056221e+01 1.083362204685278840e+01
1.751066820000000000e+08 1.972777504560840782e+02 2.959551729978604939e+01 1.083689267639453568e+01
1.752270650000000000e+08 1.972576665360637662e+02 2.958970404090630169e+01 1.083700726041805673e+01
1.753482080000000000e+08 1.972623231265495463e+02 2.959064477563537210e+01 1.083558096487896805e+01
1.754669010000000000e+08 1.972662829826067252e+02 2.958417657142729595e+01 1.083656457376840976e+01
1.755874090000000000e+08 1.972460641282207519e+02 2.958677391020910719e+01 1.084261007182604430e+01
1.757050370000000000e+08 1.972501776403063616e+02 2.958719706371716995e+01 1.084357366271885503e+01
1.758262640000000000e+08 1.972490668550622104e+02 2.958746690640148103e+01 1.084050709186955430e+01
1.759465310000000000e+08 1.972156224753023821e+02 2.958917134653507119e+01 1.083634217486620877e+01
1.760649990000000000e+08 1.972015062259173419e+02 2.957715323573789590e+01 1.082995241365656369e+01
1.761856590000000000e+08 1.971825759958163928e+02 2.957814260832002162e+01 1.082774539145381887e+01
1.763030980000000000e+08 1.971955967438278776e+02 2.958789803599548307e+01 1.082702264081316379e+01
1.764241700000000000e+08 1.971863504009298538e+02 2.958810777851627805e+01 1.082723499298757730e+01
1.765424210000000000e+08 1.971740912267451051e+02 2.958551582590652629e+01 1.083072264472636270e+01
1.766584500000000000e+08 1.971695490402090343e+02 2.958810287012772733e+01 1.082304520342906073e+01
1.767785710000000000e+08 1.971478475071098160e+02 2.958437090877537656e+01 1.083054315263497180e+01
1.768992520000000000e+08 1.971384783113721255e+02 2.958104751651771025e+01 1.082875127410096816e+01
1.770188650000000000e+08 1.971364697673590172e+02 2.956767317847821985e+01 1.082684923594261939e+01
1.771371130000000000e+08 1.971446748156218973e+02 2.956267316983127813e+01 1.082366480860613933e+01
1.772561200000000000e+08 1.971708064860767990e+02 2.956052889673877004e+01 1.082208331521972156e+01
1.773761590000000000e+08 1.971935627676148215e+02 2.955369246329926369e+01 1.081774030401346209e+01
1.774922710000000000e+08 1.971851472291980940e+02 2.955352149741634449e+01 1.081231464828344713e+01
1.776163550000000000e+08 1.972006800234040043e+02 2.955088830927293841e+01 1.080244912639870769e+01
1.777373850000000000e+08 1.972323517550942427e+02 2.953687488917223547e+01 1.079577090853942245e+01
1.778528590000000000e+08 1.972428228874769047e+02 2.953980149190416427e+01 1.078290205225653686e+01
1.779708770000000000e+08 1.972451249184868516e+02 2.954105279270009987e+01 1.077718096899236144e+01
1.780913760000000000e+08 1.972265940923425944e+02 2.954652547987826594e+01 1.076435152743234092e+01
1.782118190000000000e+08 1.972266186646150743e+02 2.955504728361865929e+01 1.075912466925808531e+01
1.783339450000000000e+08 1.972320968848750340e+02 2.954491057118794828e+01 1.075386891037684478e+01
1.784514660000000000e+08 1.972446460605206084e+02 2.953457207122836792e+01 1.074456972501126018e+01
1.785715920000000000e+08 1.972489256808109417e+02 2.953616108391290496e+01 1.073430331042899333e+01
1.786902570000000000e+08 1.972664431272540355e+02 2.953250017596293020e+01 1.072990310572453510e+01
1.788085990000000000e+08 1.972800817586238793e+02 2.952598086609185657e+01 1.072122388399344750e+01
1.789308640000000000e+08 1.972526884000128291e+02 2.952740496703543371e+01 1.071819045099215018e+01
1.790472950000000000e+08 1.972319070300812029e+02 2.951709200724258508e+01 1.070909394301651929e+01
1.791678850000000000e+08 1.972543388310146213e+02 2.951377998759951282e+01 1.070219515013253719e+01
1.792844160000000000e+08 1.972655697671736448e+02 2.952041044186239205e+01 1.070066110947144900e+01
1.794018270000000000e+08 1.972517568859358619e+02 2.952211566905905826e+01 1.069291005866302058e+01
1.795175650000000000e+08 1.972356779418583415e+02 2.953238466718837785e+01 1.068859515264579940e+01
1.796365780000000000e+08 1.971894221642794776e+02 2.953738997363785046e+01 1.068814746092070145e+01
1.797556510000000000e+08 1.971951245811908677e+02 2.953671929867544321e+01 1.068355516155860307e+01
1.798741740000000000e+08 1.971808915746651962e+02 2.953011793470436430e+01 1.068287716491373018e+01
1.799954350000000000e+08 1.971673992310490462e+02 2.953368747898836943e+01 1.068250776739438912e+01
1.801126520000000000e+08 1.971867517279465005e+02 2.952725258987880252e+01 1.067330718089568187e+01
1.802330610000000000e+08 1.972180724703889609e+02 2.951317348048183220e+01 1.066745779341722411e+01
1.803516920000000000e+08 1.972333877278691148e+02 2.950781427991866934e+01 1.066968104854925237e+01
1.804720070000000000e+08 1.972489586188481780e+02 2.950966511745691179e+01 1.066613138065268629e+01
1.805897170000000000e+08 1.972534335051768721e+02 2.950204755261406930e+01 1.066237711020834311e+01
1.807047920000000000e+08 1.972503447975167887e+02 2.950750157681119390e+01 1.066081815693588730e+01
1.808245560000000000e+08 1.972396896223403644e+02 2.950710724863895962e+01 1.065279567118726334e+01
1.809428530000000000e+08 1.972375051201317433e+02 2.950531572624245413e+01 1.065562066940940866e+01
1.810613090000000000e+08 1.972198906333742343e+02 2.949728169697588598e+01 1.064609083426971203e+01
1.811782850000000000e+08 1.972225137391120313e+02 2.949251836801431637e+01 1.064420526123467425e+01
1.812969360000000000e+08 1.972107217313540275e+02 2.948905067164224647e+01 1.064315705421928548e+01
1.814198460000000000e+08 1.972394928048208556e+02 2.949396744247085067e+01 1.063714592730294051e+01
1.815376440000000000e+08 1.972292446233308567e+02 2.949408040579544732e+01 1.063295141045767700e+01
1.816585780000000000e+08 1.972448027887198236e+02 2.948967696604095323e+01 1.062959149835136330e+01
1.817788600000000000e+08 1.972517833691574367e+02 2.949534851259632617e+01 1.062815148194770209e+01
1.818996540000000000e+08 1.972759917985178788e+02 2.948512224198467990e+01 1.062432723544579005e+01
1.820191910000000000e+08 1.972597249431969999e+02 2.949465077912920208e+01 1.061302858232437707e+01
1.821375260000000000e+08 1.972621808973341047e+02 2.948161637178622030e+01 1.060813699726929293e+01
1.822576090000000000e+08 1.972796331072730709e+02 2.948534251487415148e+01 1.060474799970605453e+01
1.823760750000000000e+08 1.972885248994034839e+02 2.948603543880402356e+01 1.059918325985509746e+01
1.824966350000000000e+08 1.973028648191448440e+02 2.947900303593801397e+01 1.059465401290719733e+01
1.826150850000000000e+08 1.973152865921656769e+02 2.947845737014265666e+01 1.059101720498897059e+01
1.827320150000000000e+08 1.973148102002188011e+02 2.947717311420191066e+01 1.058262386251996467e+01
1.828523830000000000e+08 1.973255237195410245e+02 2.947130166114826366e+01 1.057928093497923427e+01
1.829751590000000000e+08 1.973460372740665036e+02 2.946893705849883105e+01 1.057265949216592560e+01
1.830915920000000000e+08 1.973519880546053002e+02 2.946504375895736416e+01 1.057219963273951713e+01
1.832085160000000000e+08 1.973311456149769185e+02 2.945499055611937678e+01 1.056697476189251006e+01
1.833263630000000000e+08 1.973233347026854574e+02 2.945469961280525339e+01 1.056404579979365188e+01
1.834445820000000000e+08 1.973445976152132175e+02 2.945205040360833593e+01 1.055448838025426639e+01
1.835629140000000000e+08 1.973358237682878382e+02 2.945379445890217696e+01 1.055811961285108147e+01
1.836818540000000000e+08 1.973356462924915604e+02 2.946131881777176886e+01 1.055077784341388991e+01
1.838015870000000000e+08 1.973549941844802618e+02 2.945645919226329568e+01 1.054689723191708950e+01
1.839193250000000000e+08 1.973421321385140175e+02 2.946840350301755151e+01 1.054077103067148613e+01
1.840388140000000000e+08 1.973251070389636368e+02 2.946839493195373194e+01 1.053452256478095173e+01
1.841545260000000000e+08 1.973265660911918928e+02 2.946319922205982067e+01 1.052784875106599927e+01
1.842749010000000000e+08 1.973149083394166041e+02 2.946639257725003347e+01 1.052471026392374753e+01
1.843948710000000000e+08 1.973135277581339437e+02 2.946819720719519609e+01 1.052653128944400507e+01
1.845181800000000000e+08 1.973313246446988387e+02 2.946343318058818994e+01 1.051957528044249912e+01
1.846384840000000000e+08 1.973422937649122844e+02 2.946520852346993635e+01 1.051889050124060176e+01
1.847607530000000000e+08 1.973487019955238679e+02 2.946788338752485714e+01 1.051028718617441093e+01
1.848782120000000000e+08 1.973670972103228394e+02 2.947196849858790557e+01 1.051274176194906396e+01
1.849980490000000000e+08 1.973552892496491609e+02 2.947414918112812643e+01 1.051192568751557843e+01
1.851183170000000000e+08 1.973538907253348214e+02 2.948020811836641641e+01 1.051416310285129185e+01
1.852332900000000000e+08 1.973657527764999600e+02 2.948759349972069543e+01 1.051122279090215628e+01
1.853515970000000000e+08 1.973750826209791001e+02 2.950064090016564577e+01 1.051277819920595746e+01
1.854727460000000000e+08 1.973786302350737856e+02 2.950161567405958252e+01 1.051379255272443380e+01
1.855892120000000000e+08 1.973564534055228137e+02 2.950413737152979010e+01 1.051109619082747670e+01
1.857075470000000000e+08 1.973720867470986491e+02 2.951053170935988490e+01 1.051493981262854227e+01
1.858258790000000000e+08 1.973686175110787815e+02 2.951724743645930715e+01 1.051542548785161024e+01
1.859442820000000000e+08 1.973781886832823602e+02 2.952220611581983434e+01 1.051215938109968029e+01
1.860642310000000000e+08 1.973949338616648106e+02 2.952408277739053588e+01 1.051591575309383408e+01
1.861838070000000000e+08 1.973832731401766125e+02 2.952088863914683614e+01 1.051221914126630352e+01
1.863026010000000000e+08 1.973924553488365063e+02 2.952858600063125039e+01 1.051254195452362872e+01
1.864196960000000000e+08 1.974129709881379426e+02 2.952192164099826854e+01 1.051348652809277340e+01
1.865390470000000000e+08 1.974238074337740159e+02 2.953313891285788984e+01 1.051779460659552790e+01
1.866593120000000000e+08 1.974220506179175345e+02 2.953144170418264736e+01 1.051506024410350904e+01
1.867764600000000000e+08 1.974263507377786482e+02 2.952898613405388417e+01 1.051262521507750058e+01
1.868963830000000000e+08 1.974492732442246847e+02 2.953571854319149281e+01 1.051649962069646627e+01
1.870145890000000000e+08 1.974244070364117363e+02 2.953073111150644436e+01 1.051383583616391881e+01
1.871335110000000000e+08 1.974167855123170625e+02 2.952794320570391307e+01 1.051516429529782215e+01
1.872483320000000000e+08 1.974309607616607707e+02 2.953070375117145474e+01 1.051111580702143655e+01
1.873671120000000000e+08 1.974262350154516810e+02 2.952468947544819144e+01 1.050957199817798049e+01
1.874851290000000000e+08 1.973995666483063474e+02 2.952837337654985816e+01 1.050917650818933957e+01
1.876033370000000000e+08 1.974063236224957052e+02 2.953221451004128895e+01 1.050413153059232130e+01
1.877239370000000000e+08 1.973880183877919023e+02 2.952427915839666284e+01 1.050046681009575167e+01
1.878420510000000000e+08 1.973717637276120911e+02 2.952389375363506119e+01 1.049917576320020451e+01
1.879656190000000000e+08 1.973747767692000536e+02 2.953147037212350412e+01 1.049541237068711652e+01
1.880873020000000000e+08 1.974017221959993833e+02 2.953766638124684718e+01 1.050116875983821352e+01
1.882089180000000000e+08 1.974144596138612258e+02 2.954286221225178011e+01 1.049956762909397412e+01
1.883276890000000000e+08 1.974219291487677879e+02 2.953658778759838555e+01 1.049718233428385616e+01
1.884460330000000000e+08 1.974431858935072626e+02 2.953600244884868431e+01 1.049924719599358980e+01
1.885654190000000000e+08 1.974300235361041871e+02 2.953488236763764263e+01 1.049737223425941224e+01
1.886840640000000000e+08 1.974190545812302844e+02 2.953389239452849679e+01 1.049765723988431887e+01
1.888074620000000000e+08 1.974065166792674120e+02 2.953827961591283469e+01 1.049530541863004274e+01
1.889230030000000000e+08 1.973995100071643947e+02 2.954243207569327012e+01 1.049670986859354826e+01
1.890408720000000000e+08 1.974243447967595841e+02 2.953433932956945540e+01 1.049722415116072582e+01
1.891590050000000000e+08 1.974189890280141242e+02 2.952773633301214318e+01 1.048604144761475787e+01
1.892782400000000000e+08 1.974518515942809529e+02 2.952518821958042139e+01 1.048262541935620717e+01
1.893989690000000000e+08 1.974553169800113324e+02 2.952732658209237115e+01 1.047783397380416126e+01
1.895174240000000000e+08 1.974431700409786572e+02 2.951763644629229688e+01 1.047785820820600122e+01
1.896376490000000000e+08 1.974443712846140784e+02 2.951768143581798398e+01 1.047507741771458534e+01
1.897540430000000000e+08 1.974545512322605134e+02 2.952239170774259236e+01 1.047098938336511154e+01
1.898747010000000000e+08 1.974436974173803776e+02 2.950721211767607244e+01 1.046791374895660454e+01
1.899955890000000000e+08 1.974412898090679676e+02 2.950064694329776316e+01 1.046312169781437440e+01
1.901119470000000000e+08 1.974286870458524561e+02 2.949761070365512694e+01 1.046068246683718783e+01
1.902347400000000000e+08 1.974101364394983591e+02 2.948655724062675532e+01 1.045963616236585736e+01
1.903522340000000000e+08 1.974031297871478614e+02 2.948020960387632527e+01 1.045671426035113605e+01
1.904687530000000000e+08 1.973904650527374827e+02 2.947400231466187748e+01 1.045499533720908403e+01
1.905860680000000000e+08 1.974043370278142788e+02 2.948095239260637612e+01 1.044971575104879236e+01
1.907034830000000000e+08 1.973668676556971775e+02 2.947899553139459172e+01 1.044554808741227170e+01
1.908242560000000000e+08 1.973374909934616710e+02 2.947167225487658015e+01 1.044109607082058133e+01
1.909437620000000000e+08 1.973608057897140213e+02 2.945801483053935499e+01 1.044313137002333569e+01
1.910626450000000000e+08 1.973534857837126708e+02 2.944936858243698907e+01 1.044072960031353325e+01
1.911806500000000000e+08 1.973639463554189035e+02 2.944035629565896173e+01 1.043611686981376963e+01
1.913020350000000000e+08 1.973843182034740664e+02 2.945042831397636363e+01 1.043056448705324613e+01
1.914234880000000000e+08 1.973875557574881441e+02 2.944921663532105072e+01 1.042554037206244821e+01
1.915451510000000000e+08 1.974024710846414337e+02 2.944551199547780485e+01 1.042576634482712983e+01
1.916660480000000000e+08 1.974005253598577951e+02 2.943873273575399097e+01 1.042335430539289298e+01
1.917849700000000000e+08 1.973905171246843508e+02 2.942819314038207779e+01 1.041522915593084875e+01
1.919049490000000000e+08 1.973690483097236665e+02 2.941440301991542583e+01 1.041509966382289498e+01
1.920235060000000000e+08 1.973704838498261438e+02 2.941166846712449967e+01 1.041309794168204483e+01
1.921421250000000000e+08 1.973825964745297767e+02 2.941324115615136137e+01 1.041013797650475148e+01
1.922623860000000000e+08 1.973645508055278128e+02 2.941787277987512184e+01 1.040856272885488920e+01
1.923820050000000000e+08 1.973739100049583897e+02 2.942236817380499048e+01 1.040500800885217281e+01
1.925012290000000000e+08 1.973692559960921074e+02 2.942088727347752197e+01 1.040275942295124523e+01
1.926212120000000000e+08 1.973740920510269063e+02 2.941701648703886107e+01 1.039605170315741312e+01
1.927415060000000000e+08 1.973923262047260607e+02 2.940932323885152400e+01 1.039586492973528387e+01
1.928607370000000000e+08 1.973872730645747424e+02 2.939889644833339588e+01 1.039367839802022786e+01
1.929798540000000000e+08 1.973920024271252203e+02 2.940308195488657361e+01 1.039025521432257904e+01
1.931001840000000000e+08 1.973805893870571708e+02 2.938966574451820080e+01 1.039175694455386889e+01
1.932202210000000000e+08 1.974069273291489708e+02 2.939016848368069645e+01 1.039284360758725967e+01
1.933360410000000000e+08 1.974326401158475619e+02 2.939774294985222980e+01 1.039032851965958315e+01
1.934530780000000000e+08 1.974387783006467032e+02 2.939077169650311561e+01 1.038380364599850658e+01
1.935719610000000000e+08 1.974415798382242428e+02 2.938616700596066167e+01 1.037735490082979339e+01
1.936890240000000000e+08 1.974415912737538576e+02 2.938385546769644208e+01 1.037737028087659574e+01
1.938052320000000000e+08 1.974780928644861717e+02 2.938431564250071659e+01 1.037076168567218026e+01
1.939248210000000000e+08 1.974674388836649257e+02 2.938278840158003291e+01 1.036966452581946108e+01
1.940415210000000000e+08 1.974413878034595200e+02 2.938457113188348302e+01 1.036315509413650382e+01
1.941577740000000000e+08 1.974400111504852475e+02 2.940346121111947042e+01 1.035999362671953250e+01
1.942767420000000000e+08 1.974275462268739716e+02 2.941472424335901792e+01 1.036003796892620521e+01
1.943922770000000000e+08 1.974290543098287571e+02 2.941779555243080324e+01 1.035804816283163454e+01
1.945122290000000000e+08 1.974172489002627060e+02 2.941473124811146889e+01 1.035403981651891669e+01
1.946335860000000000e+08 1.974022658055895647e+02 2.941938283016402167e+01 1.034736011218369356e+01
1.947505850000000000e+08 1.973942216687379698e+02 2.942422423826827327e+01 1.034217957620903228e+01
1.948704190000000000e+08 1.973814029223513273e+02 2.942089493444860437e+01 1.034464157887853730e+01
1.949922890000000000e+08 1.973832424117555604e+02 2.942418422449894067e+01 1.034683207665410265e+01
1.951124960000000000e+08 1.973814897868570029e+02 2.943011037256163576e+01 1.034658127305641528e+01
1.952318230000000000e+08 1.973868467397405766e+02 2.942892945851044217e+01 1.034089088381832866e+01
1.953511770000000000e+08 1.973686837077925702e+02 2.944302914933707527e+01 1.033954722812085691e+01
1.954718920000000000e+08 1.973691242755530766e+02 2.944140622332048096e+01 1.033949571036064086e+01
1.955898530000000000e+08 1.973720196663106776e+02 2.943748807140504198e+01 1.033915548410625185e+01
1.957078670000000000e+08 1.973755488072694959e+02 2.944104178954718520e+01 1.033752844441125696e+01
1.958281640000000000e+08 1.974070997481169343e+02 2.944689736473617003e+01 1.033721014595138143e+01
1.959438880000000000e+08 1.973903256662940180e+02 2.945374412576719791e+01 1.033659206997772273e+01
1.960624550000000000e+08 1.973730965068045862e+02 2.944590679365702712e+01 1.033891372509915563e+01
1.961814230000000000e+08 1.973775775862231399e+02 2.944124989890705635e+01 1.033424671201218104e+01
1.963037920000000000e+08 1.973800325561896045e+02 2.944160155805186463e+01 1.033468462878141381e+01
1.964235680000000000e+08 1.974090312954259332e+02 2.944020376533980965e+01 1.033515600017568659e+01
1.965413470000000000e+08 1.974055768845806824e+02 2.944108608104718883e+01 1.033608812515217679e+01
1.966569110000000000e+08 1.973910432852179611e+02 2.944825661997680655e+01 1.033386461273764034e+01
1.967755550000000000e+08 1.973687585214005935e+02 2.944301156587475887e+01 1.033115048579025697e+01
1.968969760000000000e+08 1.973684636574527076e+02 2.944067435082156692e+01 1.033054395701167216e+01
1.970149000000000000e+08 1.973826308389955670e+02 2.944444262682266356e+01 1.033028359495731863e+01
1.971322000000000000e+08 1.973856006246044217e+02 2.944833445235547487e+01 1.032708941323682517e+01
1.972494720000000000e+08 1.973882903877712067e+02 2.945350020636711719e+01 1.032682235376500302e+01
1.973709380000000000e+08 1.973824933344645842e+02 2.944840562209862611e+01 1.032311181943751954e+01
1.974874650000000000e+08 1.973916636547655514e+02 2.944248018182891613e+01 1.032121934143388842e+01
1.976044260000000000e+08 1.973874275854934979e+02 2.944615088580381723e+01 1.031816496642307257e+01
1.977221640000000000e+08 1.973911518024969212e+02 2.944263506701424760e+01 1.032012994438977316e+01
1.978398510000000000e+08 1.973787231171585290e+02 2.944211317973024222e+01 1.032633923413479771e+01
1.979606840000000000e+08 1.974000378332888488e+02 2.944996543621417828e+01 1.032390144170880575e+01
1.980784460000000000e+08 1.974080380745797072e+02 2.944892211348812694e+01 1.032255868435784407e+01
1.981947670000000000e+08 1.973865559637182514e+02 2.944664957140093975e+01 1.032061205072356991e+01
1.983144840000000000e+08 1.973886559995239338e+02 2.945253401290538875e+01 1.031728851409790515e+01
1.984314630000000000e+08 1.974083665529369114e+02 2.944567266466217959e+01 1.031716886651483556e+01
1.985524180000000000e+08 1.973958291734735724e+02 2.944936262613219213e+01 1.031329054960564129e+01
1.986720790000000000e+08 1.973702358643905370e+02 2.944484192976467796e+01 1.031042901581015059e+01
1.987939670000000000e+08 1.973972644269720149e+02 2.943557070101887163e+01 1.031304010574698893e+01
1.989164510000000000e+08 1.973997817656824054e+02 2.944077623366900198e+01 1.031068221340653857e+01
1.990344800000000000e+08 1.973924164540088952e+02 2.944362402083709895e+01 1.031127119004988657e+01
1.991561970000000000e+08 1.974255625922853028e+02 2.943995588192920820e+01 1.030889307923866305e+01
1.992761660000000000e+08 1.974304005043378822e+02 2.943665662337519606e+01 1.031017602741091643e+01
1.993962050000000000e+08 1.974293652447195200e+02 2.942702694649324258e+01 1.031200552207825716e+01
1.995163160000000000e+08 1.974351467446571178e+02 2.943314830419443595e+01 1.031014875691033517e+01
1.996366530000000000e+08 1.974472109143376031e+02 2.943097007560994882e+01 1.030919823014764347e+01
1.997568100000000000e+08 1.974443682359012087e+02 2.943456498034521118e+01 1.031399976755670345e+01
1.998757630000000000e+08 1.974465729983643030e+02 2.942987460523650967e+01 1.030907662349399345e+01
1.999949460000000000e+08 1.974375258937151045e+02 2.943367249252995421e+01 1.031634595788349529e+01
2.001148540000000000e+08 1.974316330552560146e+02 2.943921346081984325e+01 1.031866345247281735e+01
2.002347150000000000e+08 1.974450077536110655e+02 2.943010617322207167e+01 1.032088010608379491e+01
2.003547490000000000e+08 1.974605293852519594e+02 2.943238062736769933e+01 1.032181178003689581e+01
2.004739180000000000e+08 1.974536421904551560e+02 2.942566517445234808e+01 1.032495196472895138e+01
2.005938310000000000e+08 1.974696455985280181e+02 2.942862833138003253e+01 1.032197161166360466e+01
2.007132770000000000e+08 1.974774011014232542e+02 2.942479821450902122e+01 1.031885939544329034e+01
2.008333370000000000e+08 1.974715833371992062e+02 2.942622875076808953e+01 1.032054931061886371e+01
2.009538610000000000e+08 1.974985643733310781e+02 2.942085892665182101e+01 1.031197242024297189e+01
2.010716100000000000e+08 1.974952818025714691e+02 2.942223931045650787e+01 1.031050438071842379e+01
2.011890860000000000e+08 1.974883184011982564e+02 2.942612797495295496e+01 1.030457415378382890e+01
2.013070940000000000e+08 1.974957804376759896e+02 2.942494839928988526e+01 1.030216268105551869e+01
2.014265090000000000e+08 1.975116757715167637e+02 2.942650865962632523e+01 1.029382194767406844e+01
2.015479620000000000e+08 1.975491633628676027e+02 2.941694799273835059e+01 1.028389094751114108e+01
2.016668770000000000e+08 1.975649619167949709e+02 2.941001384434916233e+01 1.028134814084637227e+01
2.017861180000000000e+08 1.975684061059305066e+02 2.940659613542078787e+01 1.027795153292515273e+01
2.019091920000000000e+08 1.975669808815484032e+02 2.940657177023458146e+01 1.027267239383199282e+01
2.020294010000000000e+08 1.975670702095092963e+02 2.939557106623967186e+01 1.026899486027788733e+01
2.021463990000000000e+08 1.975466541180001059e+02 2.939699773785683590e+01 1.026902431949104688e+01
2.022672450000000000e+08 1.975527657634286243e+02 2.940245989666901139e+01 1.026457426863254696e+01
2.023836890000000000e+08 1.975716969122279636e+02 2.940876569562928466e+01 1.026161624013634466e+01
2.025040180000000000e+08 1.975599787151796534e+02 2.940354935711431494e+01 1.025556984581714381e+01
2.026229100000000000e+08 1.975679334801960465e+02 2.939607976999205263e+01 1.025425338169198675e+01
2.027393920000000000e+08 1.975740969253986350e+02 2.938859991286881623e+01 1.024839137909764730e+01
2.028572830000000000e+08 1.975691330327597939e+02 2.938060725471579460e+01 1.024391453292026810e+01
2.029784810000000000e+08 1.975534664839226764e+02 2.937910659102523070e+01 1.024052545772748424e+01
2.030979920000000000e+08 1.975682629311494907e+02 2.937920202569597450e+01 1.023637688214099839e+01
2.032140890000000000e+08 1.975953372903659329e+02 2.937133870963322835e+01 1.023458841577527956e+01
2.033381090000000000e+08 1.975865334002262443e+02 2.936815933084756836e+01 1.022960200859257895e+01
2.034562560000000000e+08 1.975868078977981952e+02 2.936417602634626078e+01 1.022542943388276804e+01
2.035756610000000000e+08 1.975676180289420358e+02 2.936674086907395420e+01 1.021882359474256852e+01
2.036944700000000000e+08 1.975693270074878001e+02 2.936769840127239206e+01 1.021465203156762769e+01
2.038112080000000000e+08 1.975844547921252001e+02 2.936760754119232431e+01 1.021169966469802937e+01
2.039312280000000000e+08 1.975870526205392537e+02 2.936613899747284151e+01 1.020754654642404091e+01
2.040476440000000000e+08 1.975577638938679286e+02 2.936784391368531288e+01 1.020242888424056105e+01
2.041659440000000000e+08 1.975489801723569201e+02 2.935728454976503343e+01 1.020070908133173759e+01
2.042877300000000000e+08 1.975373372773265999e+02 2.935655065123132346e+01 1.019789109240292113e+01
2.044081510000000000e+08 1.975524941992547667e+02 2.935456206955237235e+01 1.019331024561902410e+01
2.045311980000000000e+08 1.975635740461789851e+02 2.934663999494734199e+01 1.019289141580040514e+01
2.046510260000000000e+08 1.975629008957583324e+02 2.934901465998240511e+01 1.019145138587145283e+01
2.047724620000000000e+08 1.975451631909390926e+02 2.935831131074707656e+01 1.019048595359398490e+01
2.048904240000000000e+08 1.975081262778207076e+02 2.936510160421613236e+01 1.018450926811561885e+01
2.050082490000000000e+08 1.975172761320272912e+02 2.936786326064001784e+01 1.017977086394599340e+01
2.051261490000000000e+08 1.975186332798384683e+02 2.936568631357458159e+01 1.018111874549891738e+01
2.052456260000000000e+08 1.975331974357849276e+02 2.936655546274851503e+01 1.018082251694677787e+01
2.053675690000000000e+08 1.975174699883513085e+02 2.936596749669127604e+01 1.017608321106297531e+01
2.054878680000000000e+08 1.975045945368359241e+02 2.936293345563762358e+01 1.016996644225993585e+01
2.056062940000000000e+08 1.974855839963792050e+02 2.936347263136790176e+01 1.017264729964168524e+01
2.057244760000000000e+08 1.974974043769330478e+02 2.936055979976370978e+01 1.016889514996953636e+01
2.058465590000000000e+08 1.975003796679727657e+02 2.934939793241812112e+01 1.017007500427114053e+01
2.059647040000000000e+08 1.975050800966289728e+02 2.935491362955075445e+01 1.016718685381600729e+01
2.060819670000000000e+08 1.974895012073437783e+02 2.933778069413191147e+01 1.016678514013042545e+01
2.061994770000000000e+08 1.974891201235289486e+02 2.933102743977186222e+01 1.016504124962071920e+01
2.063206050000000000e+08 1.974778332071654177e+02 2.931652007889396572e+01 1.016149916454820890e+01
2.064400790000000000e+08 1.974881870842439753e+02 2.931248286201849496e+01 1.015944460875059896e+01
2.065580640000000000e+08 1.975109453394042873e+02 2.931546619213587235e+01 1.015674420428723934e+01
2.066769640000000000e+08 1.975185319509815827e+02 2.931128677954058759e+01 1.015613724236880877e+01
2.067981860000000000e+08 1.975230165791891750e+02 2.930549533704249754e+01 1.014767405795222466e+01
2.069145880000000000e+08 1.975369898062519667e+02 2.931053792055138629e+01 1.014433739990927741e+01
2.070320050000000000e+08 1.975357465965446409e+02 2.930656820099206072e+01 1.014163636097178411e+01
2.071524790000000000e+08 1.975444930878367700e+02 2.930429066551124606e+01 1.013475644875876824e+01
2.072730670000000000e+08 1.975466315747638077e+02 2.929845170160068690e+01 1.012989324680165737e+01
2.073917260000000000e+08 1.975132001435763982e+02 2.930240467619195499e+01 1.012084559427846742e+01
2.075093240000000000e+08 1.975184791195647733e+02 2.930164081845599355e+01 1.011869821888409149e+01
2.076292360000000000e+08 1.975106899028627936e+02 2.930297200158072357e+01 1.011461895960234614e+01
2.077494840000000000e+08 1.975159133279748858e+02 2.930487855133628727e+01 1.010799028602493621e+01
2.078657650000000000e+08 1.975114820652458434e+02 2.930800185006729919e+01 1.010686598588532981e+01
2.079837170000000000e+08 1.974991529196065585e+02 2.931543362203924730e+01 1.010394984038085298e+01
2.081036950000000000e+08 1.974864278368680743e+02 2.931104066565670863e+01 1.010191628875466563e+01
2.082269390000000000e+08 1.974503293891855833e+02 2.931284823426797104e+01 1.009734859166681709e+01
2.083460320000000000e+08 1.974730885324885037e+02 2.931010450730356354e+01 1.009612045704990457e+01
2.084674430000000000e+08 1.974989587986527511e+02 2.930901506932745448e+01 1.009547805770696627e+01
2.085887860000000000e+08 1.974794566783553762e+02 2.930204533963569347e+01 1.009438500031388664e+01
2.087099910000000000e+08 1.974605465892838652e+02 2.929640442792068811e+01 1.009123596198996609e+01
2.088339250000000000e+08 1.974494651083844019e+02 2.929492401945384827e+01 1.008555112585339231e+01
2.089525930000000000e+08 1.974787318723073213e+02 2.928527757611610127e+01 1.008194445701392894e+01
2.090728290000000000e+08 1.974722728275499719e+02 2.928351566959398511e+01 1.007788609841799321e+01
2.091905400000000000e+08 1.974935172583964516e+02 2.928119629096917720e+01 1.007461024509914616e+01
2.093085960000000000e+08 1.974908849659584575e+02 2.927826193372751717e+01 1.007198557319313892e+01
2.094267300000000000e+08 1.975154264072191665e+02 2.928095452043161728e+01 1.006658918188747620e+01
2.095438170000000000e+08 1.975069450572593723e+02 2.929120826318224857e+01 1.006628630776267741e+01
2.096630500000000000e+08 1.974787556106037414e+02 2.928298700526860188e+01 1.005885294255077334e+01
2.097834510000000000e+08 1.974779573826502315e+02 2.928074950440325352e+01 1.006557092466680814e+01
2.099037440000000000e+08 1.974855834019222129e+02 2.927756201456932672e+01 1.006119107728007123e+01
2.100253780000000000e+08 1.974879363989070953e+02 2.927243722771246581e+01 1.006177437565681920e+01
2.101443270000000000e+08 1.974740943845237950e+02 2.927567980113221324e+01 1.006467246586230146e+01
2.102619590000000000e+08 1.974790731056632467e+02 2.927515942473773336e+01 1.006021540287006388e+01
2.103808600000000000e+08 1.974649621873391823e+02 2.927903240510523730e+01 1.005572425391948954e+01
2.104993190000000000e+08 1.974584275815760748e+02 2.927965282083333420e+01 1.005696598110600171e+01
2.106176190000000000e+08 1.974816228855201246e+02 2.927494743455687498e+01 1.005694698729126024e+01
2.107367570000000000e+08 1.974749827062726979e+02 2.927181709433206436e+01 1.005288117612410126e+01
2.108542270000000000e+08 1.974555403478518940e+02 2.926261457672350730e+01 1.005818203403121558e+01
2.109736070000000000e+08 1.974487270590213370e+02 2.925893550350942718e+01 1.006025678910428311e+01
2.110911900000000000e+08 1.974496794223773577e+02 2.926238365950972309e+01 1.005964208874731369e+01
2.112123180000000000e+08 1.974290361431390863e+02 2.925665231049262260e+01 1.005665239765911245e+01
2.113324930000000000e+08 1.973970935907011892e+02 2.925883948554369240e+01 1.005670932137581630e+01
2.114523890000000000e+08 1.974084168330820432e+02 2.925991645227046689e+01 1.005662189522287520e+01
2.115679450000000000e+08 1.973783637693282458e+02 2.925651988283603089e+01 1.005815192478023157e+01
2.116877610000000000e+08 1.973780253766847750e+02 2.925925559466308101e+01 1.005875272096989548e+01
2.118082050000000000e+08 1.973755215128507814e+02 2.926312893765181755e+01 1.005391751794243760e+01
2.119248800000000000e+08 1.973898594160672815e+02 2.925157279397190280e+01 1.005041961590266908e+01
2.120439300000000000e+08 1.973929514038630373e+02 2.925950991162599024e+01 1.004538823339114018e+01
2.121614330000000000e+08 1.974164679194357745e+02 2.925860581425305185e+01 1.004535508812016076e+01
2.122803740000000000e+08 1.974289902085104416e+02 2.925143430870932093e+01 1.004681081169106349e+01
2.123978920000000000e+08 1.974108179417147255e+02 2.924111381570282830e+01 1.003705433969387073e+01
2.125150360000000000e+08 1.974035906697541805e+02 2.923355209799433752e+01 1.003769680587375568e+01
2.126339550000000000e+08 1.974066635318404224e+02 2.923413866836928676e+01 1.003513778754780716e+01
2.127504620000000000e+08 1.973910705558764107e+02 2.922772064477223708e+01 1.002986520398349768e+01
2.128685230000000000e+08 1.973804086004510054e+02 2.922745684879631511e+01 1.003023339970234140e+01
2.129855820000000000e+08 1.973735113998973247e+02 2.922210995368359221e+01 1.003047740200367244e+01
2.131086890000000000e+08 1.973814412028115726e+02 2.921560163809537869e+01 1.002661227646801301e+01
2.132294020000000000e+08 1.973700511600806351e+02 2.921161985113510440e+01 1.002430895075076123e+01
2.133533800000000000e+08 1.973788006701486495e+02 2.920457843010171928e+01 1.002300751807062973e+01
2.134740260000000000e+08 1.973947079646024179e+02 2.920451423401274482e+01 1.002235415573023758e+01
2.135970940000000000e+08 1.973841586505014618e+02 2.920442858342709513e+01 1.001986185969647991e+01
2.137153750000000000e+08 1.973793857623835493e+02 2.921339696742095526e+01 1.001591072089118128e+01
2.138355690000000000e+08 1.973625567015562297e+02 2.920256680695355200e+01 1.001150459843529816e+01
2.139534190000000000e+08 1.973343399175547574e+02 2.919942826757398180e+01 1.000615285535655197e+01
2.140741420000000000e+08 1.973199191390835665e+02 2.920119912764264214e+01 1.000275227426066671e+01
2.141921950000000000e+08 1.973332562686427991e+02 2.919898727113888626e+01 9.993935941002087375e+00
2.143109960000000000e+08 1.973419004952097850e+02 2.919441519921417338e+01 9.991054917205408614e+00
2.144286070000000000e+08 1.973333980176406612e+02 2.919133579977036064e+01 9.986770456543013097e+00
2.145474510000000000e+08 1.973466932720359068e+02 2.918925504517818226e+01 9.980965103975584896e+00
2.146681940000000000e+08 1.973560775632974753e+02 2.918515815520916945e+01 9.980452615452303888e+00
2.147878650000000000e+08 1.973534691597693325e+02 2.918253149253813561e+01 9.978967559907625073e+00
2.149097240000000000e+08 1.973591598660392492e+02 2.917862358673764334e+01 9.978688953594449629e+00
2.150281360000000000e+08 1.973454144970826007e+02 2.918304979838201163e+01 9.977329885075082672e+00
2.151502720000000000e+08 1.973434901865075801e+02 2.918123480904838019e+01 9.973848586443054387e+00
2.152705270000000000e+08 1.973618936131857140e+02 2.917779345353688214e+01 9.968346669057867260e+00
2.153869640000000000e+08 1.973625670029396133e+02 2.918942736470849297e+01 9.966250406238174264e+00
2.155028720000000000e+08 1.973714612879806225e+02 2.917583538050040914e+01 9.959645273079432926e+00
2.156204860000000000e+08 1.973793700318473725e+02 2.916995498511595386e+01 9.953037921810508948e+00
2.157394730000000000e+08 1.973697772077301806e+02 2.916216963624280112e+01 9.954811837625195281e+00
2.158560530000000000e+08 1.973706694004922326e+02 2.915536389937214423e+01 9.950627742603533221e+00
2.159760610000000000e+08 1.973721988011311339e+02 2.915041179743594313e+01 9.951347947831067131e+00
2.160962690000000000e+08 1.973789352605210183e+02 2.914757345434183122e+01 9.949019132487029182e+00
2.162126080000000000e+08 1.973728747561324042e+02 2.914496504810472643e+01 9.953694574630787884e+00
2.163284390000000000e+08 1.973628082373108441e+02 2.914380841757792240e+01 9.953122147526020314e+00
2.164486670000000000e+08 1.973441311828416076e+02 2.913974365576734371e+01 9.947225782583197784e+00
2.165661930000000000e+08 1.973812364924113751e+02 2.913263175290939699e+01 9.944179634171566917e+00
2.166855590000000000e+08 1.973947298368830161e+02 2.913307660372135643e+01 9.935998073294594946e+00
2.168066630000000000e+08 1.973840531115594672e+02 2.912800262558402054e+01 9.933769885265032684e+00
2.169251870000000000e+08 1.973718167291279713e+02 2.913059760666156706e+01 9.931551295230542920e+00
2.170473310000000000e+08 1.973869204492654319e+02 2.912470375188022587e+01 9.933327607272492088e+00
2.171661540000000000e+08 1.973878714261023219e+02 2.912289080565226485e+01 9.932047766117580778e+00
2.172833820000000000e+08 1.973787386485287811e+02 2.912688880832643079e+01 9.931911127227227354e+00
2.174022970000000000e+08 1.973604129795211577e+02 2.912339673197004331e+01 9.930205894473793649e+00
2.175197750000000000e+08 1.973878266510326966e+02 2.911857941230610081e+01 9.925704956688738534e+00
2.176403540000000000e+08 1.973751970790596602e+02 2.911794984003694609e+01 9.922446742133788078e+00
2.177622030000000000e+08 1.973672922014386586e+02 2.912195087378057323e+01 9.920246029441077695e+00
2.178812570000000000e+08 1.973741327152140173e+02 2.911371532094525350e+01 9.920963560971786777e+00
2.180038230000000000e+08 1.973996127715505509e+02 2.911327878502295974e+01 9.922102048466069135e+00
2.181216750000000000e+08 1.973881414808413695e+02 2.910816430669781951e+01 9.920217139408745055e+00
2.182417610000000000e+08 1.973710386067608056e+02 2.910201056578029721e+01 9.919540422247022704e+00
2.183601250000000000e+08 1.973478156868177109e+02 2.909963433318311488e+01 9.917701898176419562e+00
2.184781020000000000e+08 1.973397880311798644e+02 2.910249804257583861e+01 9.918823161124219467e+00
2.185973310000000000e+08 1.973348181799058807e+02 2.909914620736146418e+01 9.915915237432475493e+00
2.187157820000000000e+08 1.973534139850258384e+02 2.909698902329632375e+01 9.911808465578065608e+00
2.188342080000000000e+08 1.973530302930738287e+02 2.909368332893273035e+01 9.906825235064369295e+00
2.189534290000000000e+08 1.973560560492465754e+02 2.908900206794393739e+01 9.908071736300000154e+00
2.190718970000000000e+08 1.973637991187771092e+02 2.908727115073649117e+01 9.907942814526474962e+00
2.191925630000000000e+08 1.973594694869819932e+02 2.908476893325072510e+01 9.907670923688710829e+00
2.193114720000000000e+08 1.973718070815009185e+02 2.908330956454052796e+01 9.907358563308486410e+00
2.194306960000000000e+08 1.973837232321760382e+02 2.907931280191041523e+01 9.904399553469225737e+00
2.195510030000000000e+08 1.973923143625012813e+02 2.906532670234152604e+01 9.902118354224059615e+00
2.196710710000000000e+08 1.974070046530559353e+02 2.906729859353026413e+01 9.897643843330229174e+00
2.197899190000000000e+08 1.974328842428530777e+02 2.907114562022709237e+01 9.896049960664134559e+00
2.199107910000000000e+08 1.974025290049587511e+02 2.907213259158546492e+01 9.892262282486516511e+00
2.200296340000000000e+08 1.973994669161114359e+02 2.907248589697184471e+01 9.889366800992032580e+00
2.201511730000000000e+08 1.973867081915287542e+02 2.906431898220311538e+01 9.887224584711605146e+00
2.202708910000000000e+08 1.973645976847436145e+02 2.906421210877722672e+01 9.888300096188077148e+00
2.203909640000000000e+08 1.973766824833762996e+02 2.905961532052053542e+01 9.886571881069759371e+00
2.205124850000000000e+08 1.973863569882191200e+02 2.905530375339094817e+01 9.880949834481048910e+00
2.206313020000000000e+08 1.973819567753929221e+02 2.905705512148704273e+01 9.877449284696114162e+00
2.207503620000000000e+08 1.973791763933615471e+02 2.906238540580559260e+01 9.878589293824402873e+00
2.208699720000000000e+08 1.973953345981983318e+02 2.905694192663916553e+01 9.881514164432756431e+00
2.209881850000000000e+08 1.973799580851057840e+02 2.904958359800186685e+01 9.886888140436331796e+00
2.211085700000000000e+08 1.973968019837741110e+02 2.904657666980241260e+01 9.890671572174301929e+00
2.212254770000000000e+08 1.973992277841000771e+02 2.904448530142164131e+01 9.886708030310558115e+00
2.213440450000000000e+08 1.973921947345911292e+02 2.904575886998225087e+01 9.886285176955128762e+00
2.214606820000000000e+08 1.973975038721921749e+02 2.904660204307664984e+01 9.888200352792345882e+00
2.215793390000000000e+08 1.974021242003445877e+02 2.904561633529811004e+01 9.889084969977552930e+00
2.216997160000000000e+08 1.973773207468315718e+02 2.904352650534515590e+01 9.888312928651656009e+00
2.218191470000000000e+08 1.973795306576467397e+02 2.903860781670887548e+01 9.889079041591154251e+00
2.219355730000000000e+08 1.973913506985188349e+02 2.903711538339095455e+01 9.892117758677411388e+00
2.220564870000000000e+08 1.973889537032671058e+02 2.903626232495368242e+01 9.895865349621452367e+00
2.221754670000000000e+08 1.974002877290935771e+02 2.902759274169127934e+01 9.896063574668625407e+00
2.222931240000000000e+08 1.973838725355370229e+02 2.902408145374774762e+01 9.894527315585074589e+00
2.224134470000000000e+08 1.973871169865815318e+02 2.903277786446135167e+01 9.895821050831260735e+00
2.225322020000000000e+08 1.973721768390410887e+02 2.902966755150307421e+01 9.890967665481120719e+00
2.226489970000000000e+08 1.973728813887531999e+02 2.903294488998466960e+01 9.888346942928373906e+00
2.227681450000000000e+08 1.973717550685701667e+02 2.902974180516661207e+01 9.885397762334985572e+00
2.228846810000000000e+08 1.973519080911408139e+02 2.903948930031786801e+01 9.886499860244846616e+00
2.230057280000000000e+08 1.973550997225882213e+02 2.903924987998473739e+01 9.883085682111159898e+00
2.231224030000000000e+08 1.973475928960673400e+02 2.902833991333748642e+01 9.876983590392519829e+00
2.232460810000000000e+08 1.973404617617606220e+02 2.902947024953984823e+01 9.876252705828507672e+00
2.233636070000000000e+08 1.973234826749576314e+02 2.902862136969586970e+01 9.873191930920651060e+00
2.234836940000000000e+08 1.973408913489219572e+02 2.902085026680467550e+01 9.870543124644425959e+00
2.236023740000000000e+08 1.973449330386165457e+02 2.901837506773260600e+01 9.870863887185024055e+00
2.237283040000000000e+08 1.973285189982986765e+02 2.901478831212604703e+01 9.868618930107832199e+00
2.238481890000000000e+08 1.973402471175031394e+02 2.901485964473502221e+01 9.870165147175582021e+00
2.239668870000000000e+08 1.973526683604981429e+02 2.900959739428461148e+01 9.870637035996278286e+00
2.240883210000000000e+08 1.973399690320860032e+02 2.900974259260134858e+01 9.869707481753598799e+00
2.242081640000000000e+08 1.973295057877288627e+02 2.901007482727957765e+01 9.868745106125329514e+00
2.243270010000000000e+08 1.973397192614979474e+02 2.900556550170065151e+01 9.866806912056784284e+00
2.244450680000000000e+08 1.973234244042838554e+02 2.900106096324317662e+01 9.866451026831271065e+00
2.245625670000000000e+08 1.973275580454557598e+02 2.900167660683823811e+01 9.864184933622317075e+00
2.246813180000000000e+08 1.973261718351224943e+02 2.900022850493996884e+01 9.862406239686883680e+00
2.247999490000000000e+08 1.973134058314693959e+02 2.899714993086616843e+01 9.858938458298055707e+00
2.249196790000000000e+08 1.973043337115591100e+02 2.899142653149635862e+01 9.855058335030948413e+00
2.250384810000000000e+08 1.972937424474885120e+02 2.898210827975455928e+01 9.849825409714451752e+00
2.251554090000000000e+08 1.972772448133212038e+02 2.898351883348563263e+01 9.840683455893476150e+00
2.252692730000000000e+08 1.972729266904728433e+02 2.899682135267669736e+01 9.839819333634141074e+00
2.253902340000000000e+08 1.972921262038951511e+02 2.899231501700009161e+01 9.834230540454655056e+00
2.255101430000000000e+08 1.973118360142728989e+02 2.899738850243718957e+01 9.830182334251301057e+00
2.256278930000000000e+08 1.973325417731092557e+02 2.899223686941741462e+01 9.826451593472546264e+00
2.257473600000000000e+08 1.973548552617550911e+02 2.899709670994491262e+01 9.825081039950328332e+00
2.258687660000000000e+08 1.973490624849435164e+02 2.898934965247139672e+01 9.821237677044168279e+00
2.259870460000000000e+08 1.973639772443657137e+02 2.899180528071903140e+01 9.821368720453010681e+00
2.261050350000000000e+08 1.973631465918247443e+02 2.898931714475090970e+01 9.823038358524193825e+00
2.262233020000000000e+08 1.973910863656696506e+02 2.898606246261524078e+01 9.817984815815599120e+00
2.263433220000000000e+08 1.973894145191204927e+02 2.897934283209346162e+01 9.818149790196262217e+00
2.264628970000000000e+08 1.973994287388861437e+02 2.897412771162949596e+01 9.819123163925418396e+00
2.265847570000000000e+08 1.974389647846953153e+02 2.897248908040322846e+01 9.817106596375193561e+00
2.267030970000000000e+08 1.974543331226314251e+02 2.897490732038228245e+01 9.818218335996839130e+00
2.268197870000000000e+08 1.974550055734780187e+02 2.897619352988510499e+01 9.812848694725508025e+00
2.269372780000000000e+08 1.974248252966707469e+02 2.897068205083006376e+01 9.807354411606960198e+00
2.270561080000000000e+08 1.974231214460293700e+02 2.896260977944324111e+01 9.801464282003982120e+00
2.271740830000000000e+08 1.974503546632462871e+02 2.896047505212595041e+01 9.801725271441883436e+00
2.272928430000000000e+08 1.974387783325238672e+02 2.895375370239849389e+01 9.803370741497602125e+00
2.274117830000000000e+08 1.974477782529154979e+02 2.895107842357283090e+01 9.802047785578880124e+00
2.275310840000000000e+08 1.974361902454562880e+02 2.894738705704556025e+01 9.793167167863735756e+00
2.276476560000000000e+08 1.974393412318833896e+02 2.894716559620787066e+01 9.789226754636565886e+00
2.277649140000000000e+08 1.974525475480001830e+02 2.894173676053254596e+01 9.787826858960453791e+00
2.278816780000000000e+08 1.974348744476628497e+02 2.894747468327541640e+01 9.784162875345188581e+00
2.280021210000000000e+08 1.974224377717055745e+02 2.894386125102147744e+01 9.780337270595827803e+00
2.281218380000000000e+08 1.974206931687032238e+02 2.893758273008410242e+01 9.780355248489193798e+00
2.282421960000000000e+08 1.974252608153455526e+02 2.893488970941488247e+01 9.779088477961693116e+00
2.283606450000000000e+08 1.974284887037467513e+02 2.893222137819653028e+01 9.773856194606995729e+00
2.284784200000000000e+08 1.974565432855837059e+02 2.893561108207742905e+01 9.770723364482213569e+00
2.285945740000000000e+08 1.974465133116842708e+02 2.893338521362105453e+01 9.770345153203555455e+00
2.287114410000000000e+08 1.974384688493452416e+02 2.892628765875615215e+01 9.767162167575845544e+00
2.288320170000000000e+08 1.974307471058075407e+02 2.892291325735097729e+01 9.760788699288658776e+00
2.289474250000000000e+08 1.974126216746387001e+02 2.891638036977452231e+01 9.758598678250342218e+00
2.290648560000000000e+08 1.974138670930815920e+02 2.890952307846763247e+01 9.751535409537005705e+00
2.291792910000000000e+08 1.974037369085926628e+02 2.891047120871816034e+01 9.756132693670473088e+00
2.292972460000000000e+08 1.974089750816035576e+02 2.890290767256329119e+01 9.754484291544152086e+00
2.294163820000000000e+08 1.974183971256436791e+02 2.889531406462894836e+01 9.755554537529617321e+00
2.295369950000000000e+08 1.974011209744984683e+02 2.889186681216938979e+01 9.753298253627871617e+00
2.296555550000000000e+08 1.974035134817793846e+02 2.888327293180939392e+01 9.750031845970843492e+00
2.297731220000000000e+08 1.974079565958859348e+02 2.888263870893630525e+01 9.748266840963578872e+00
2.298912240000000000e+08 1.974060555688939758e+02 2.888621227739922404e+01 9.746761896295865313e+00
2.300101590000000000e+08 1.974188462107462954e+02 2.887747922681444734e+01 9.745397350056558494e+00
2.301302500000000000e+08 1.974138508460087849e+02 2.886511063549731304e+01 9.749120215674292211e+00
2.302482530000000000e+08 1.974182629848247075e+02 2.886545899717518182e+01 9.746128191451711942e+00
2.303662730000000000e+08 1.974248412227434528e+02 2.886025992622900915e+01 9.743223777145434639e+00
2.304842290000000000e+08 1.974333811461847858e+02 2.886517677119414316e+01 9.743150474860806654e+00
2.306022690000000000e+08 1.974449051654673326e+02 2.886780763168094310e+01 9.737886482026098633e+00
2.307204630000000000e+08 1.974624477841610144e+02 2.886505460637637910e+01 9.737477193316010471e+00
2.308395580000000000e+08 1.974749532231607247e+02 2.886728564713913769e+01 9.742141010590717798e+00
2.309569650000000000e+08 1.974624359426816795e+02 2.886793555558898916e+01 9.737771608833591941e+00
2.310788510000000000e+08 1.974753453065199267e+02 2.886320396715581538e+01 9.736469478559719448e+00
2.311969470000000000e+08 1.974834035014591507e+02 2.886169038160662836e+01 9.739882397124150160e+00
2.313181110000000000e+08 1.974950053404157586e+02 2.886479679371513996e+01 9.738315711514033524e+00
2.314370800000000000e+08 1.974998241654510309e+02 2.885723090656017220e+01 9.735504744208839156e+00
2.315554280000000000e+08 1.975012417420911675e+02 2.885289555109149973e+01 9.733220553669401198e+00
2.316755590000000000e+08 1.974798770866618725e+02 2.884135215893546089e+01 9.730725403221605063e+00
2.317942080000000000e+08 1.974681291507432945e+02 2.882930233396670161e+01 9.726988450808763176e+00
2.319108760000000000e+08 1.974659394776329293e+02 2.883202820091985430e+01 9.728860362258680894e+00
2.320317400000000000e+08 1.974725156860227742e+02 2.883042467260728614e+01 9.728261589153552436e+00
2.321517280000000000e+08 1.974560357625487939e+02 2.883130620255542809e+01 9.727955367939884468e+00
2.322741890000000000e+08 1.974860736870911353e+02 2.883406762575373250e+01 9.729830118086521651e+00
2.323931350000000000e+08 1.974607461953334280e+02 2.883102592812183929e+01 9.728659860289734951e+00
2.325112610000000000e+08 1.974540857799451601e+02 2.883037739677807565e+01 9.724557586670588449e+00
2.326297000000000000e+08 1.974280771731462494e+02 2.883124812578693863e+01 9.724297280406579702e+00
2.327473290000000000e+08 1.974305518652211902e+02 2.882338584444917728e+01 9.722735632019244179e+00
2.328684450000000000e+08 1.974307072164656631e+02 2.881801409519277257e+01 9.720013746526662501e+00
2.329896280000000000e+08 1.974326147557721924e+02 2.881694472440548438e+01 9.717577120927963108e+00
2.331112510000000000e+08 1.974104346490182138e+02 2.881628101872057712e+01 9.716875422078896207e+00
2.332311750000000000e+08 1.973922921579819274e+02 2.881705456785194741e+01 9.714719930864731623e+00
2.333482370000000000e+08 1.973925341053899842e+02 2.881410768496784058e+01 9.714942364073687386e+00
2.334682030000000000e+08 1.973875966606288443e+02 2.881430515284277050e+01 9.713899703141692044e+00
2.335856360000000000e+08 1.973638305380893883e+02 2.881189538154033158e+01 9.712821601142874073e+00
2.337027690000000000e+08 1.973606371476100492e+02 2.880679214387428999e+01 9.713887730646352026e+00
2.338202120000000000e+08 1.973672006245809314e+02 2.880564649471757122e+01 9.710659658801077398e+00
2.339405060000000000e+08 1.973527037538455033e+02 2.880588814291803246e+01 9.709637776552572319e+00
2.340614020000000000e+08 1.973700304218524764e+02 2.880281869472333511e+01 9.709458799070016966e+00
2.341830310000000000e+08 1.973797512042540916e+02 2.880176937998503917e+01 9.706203718059780883e+00
2.342997310000000000e+08 1.973727083773904951e+02 2.880602152404899385e+01 9.706681924441484810e+00
2.344174690000000000e+08 1.973746010382558040e+02 2.879914793665259864e+01 9.705117503770669174e+00
2.345395230000000000e+08 1.973643243164127625e+02 2.879941929980807558e+01 9.701252321297207715e+00
2.346579780000000000e+08 1.973693119245900220e+02 2.880095581836181395e+01 9.705584147691110886e+00
2.347727980000000000e+08 1.973615994822754089e+02 2.879567646212561627e+01 9.707776592899460155e+00
2.348933850000000000e+08 1.973422675071490744e+02 2.879210189139728726e+01 9.710097599044489769e+00
2.350109710000000000e+08 1.973429700660154822e+02 2.879680473193785772e+01 9.713792331186082762e+00
2.351341230000000000e+08 1.973372760483136688e+02 2.879501399402093043e+01 9.712136360829054738e+00
2.352526850000000000e+08 1.973238765929905867e+02 2.879364969411081887e+01 9.712599493829294772e+00
2.353717410000000000e+08 1.972999740826327297e+02 2.880036945345981536e+01 9.713129357182817003e+00
2.354915100000000000e+08 1.973159241070365795e+02 2.879747512713816704e+01 9.712390738551857083e+00
2.356110710000000000e+08 1.973294940242460882e+02 2.879789477539767617e+01 9.712134532513854168e+00
2.357283990000000000e+08 1.973195955856711237e+02 2.879840210450229776e+01 9.708834870915906023e+00
2.358446390000000000e+08 1.973271492518571790e+02 2.879526285732454127e+01 9.707618455084606524e+00
2.359654670000000000e+08 1.973079712951889633e+02 2.879182172097059222e+01 9.707154291170780880e+00
2.360827710000000000e+08 1.973106876096489088e+02 2.879368982526327514e+01 9.712514842582161023e+00
2.362043190000000000e+08 1.973084424333184188e+02 2.880289139757911698e+01 9.709177011651215494e+00
2.363205370000000000e+08 1.973145868852192848e+02 2.880478601706753139e+01 9.706444103004310264e+00
2.364399790000000000e+08 1.973226420308828040e+02 2.880920336945050408e+01 9.699985324318292967e+00
2.365569310000000000e+08 1.973200835832957409e+02 2.881103147126992070e+01 9.697768938484161438e+00
2.366762760000000000e+08 1.973260936753774502e+02 2.880278969417073043e+01 9.694734262541286895e+00
2.367948710000000000e+08 1.973519392532209906e+02 2.879594506514155583e+01 9.690030356281695845e+00
2.369128210000000000e+08 1.973402506997360888e+02 2.880136282566917671e+01 9.687659673799513982e+00
2.370320930000000000e+08 1.973501177343098618e+02 2.879827356573937891e+01 9.684389502296955499e+00
2.371499410000000000e+08 1.973604671293950332e+02 2.878918297547071603e+01 9.683005072150336900e+00
2.372719610000000000e+08 1.973331084983244921e+02 2.878347016935947167e+01 9.677699517164587206e+00
2.373924310000000000e+08 1.973168876369028624e+02 2.878109152077519894e+01 9.673360970917379120e+00
2.375086280000000000e+08 1.973175370409645950e+02 2.878853014129789045e+01 9.673096148896144442e+00
2.376259010000000000e+08 1.973065127484912864e+02 2.878932095202282326e+01 9.673301146389579941e+00
2.377447580000000000e+08 1.973099533767324658e+02 2.879383735177386683e+01 9.671502572353576355e+00
2.378622720000000000e+08 1.973042148159519229e+02 2.879238660530894478e+01 9.671310644526817768e+00
2.379809820000000000e+08 1.973153434063034979e+02 2.879082755823882067e+01 9.669391034538335816e+00
2.380984390000000000e+08 1.972933720846747576e+02 2.879351945527102430e+01 9.668482596648168226e+00
2.382151470000000000e+08 1.973043270199080439e+02 2.878834219326653354e+01 9.666079735269839546e+00
2.383362720000000000e+08 1.972978931704928129e+02 2.878400746258281728e+01 9.665627331985135129e+00
2.384571110000000000e+08 1.972998902741817631e+02 2.878578213727194779e+01 9.661972910624195165e+00
2.385762290000000000e+08 1.972923810909733504e+02 2.878804345465255565e+01 9.655236221824807785e+00
2.386964130000000000e+08 1.972847519570133556e+02 2.879162345925651323e+01 9.655873073926491301e+00
2.388181530000000000e+08 1.972823263529255087e+02 2.878704878652429500e+01 9.655539495165081476e+00
2.389368780000000000e+08 1.972676185586686586e+02 2.878459317981985777e+01 9.652418624747776121e+00
2.390549650000000000e+08 1.972650758537409388e+02 2.878642265378930531e+01 9.650653492356472185e+00
2.391744810000000000e+08 1.972716111236080394e+02 2.878821561943734864e+01 9.647644461221528189e+00
2.392945480000000000e+08 1.972825430573385859e+02 2.879273295376348685e+01 9.645858590524465370e+00
2.394113640000000000e+08 1.972799194320459435e+02 2.879654013929390999e+01 9.645480442498257645e+00
2.395287390000000000e+08 1.972683751690087774e+02 2.880490270815021603e+01 9.641029649481497543e+00
2.396468910000000000e+08 1.972780213795870168e+02 2.880229360231545144e+01 9.639587034604996774e+00
2.397634780000000000e+08 1.973048727021104582e+02 2.879919401904946952e+01 9.638993775646227391e+00
2.398804830000000000e+08 1.972826001380726666e+02 2.879548690018916446e+01 9.637144771511877650e+00
2.399980980000000000e+08 1.973030178913917325e+02 2.879460561344347269e+01 9.630694339397070536e+00
2.401150220000000000e+08 1.973013075346997596e+02 2.879386818987210717e+01 9.631079396587777453e+00
2.402321070000000000e+08 1.972791645835330883e+02 2.879054016718102105e+01 9.627453571852118586e+00
2.403554180000000000e+08 1.972880899390522700e+02 2.879296101037317257e+01 9.627265589260899148e+00
2.404722860000000000e+08 1.972916524245290759e+02 2.879676903030257051e+01 9.623080153776990997e+00
2.405925970000000000e+08 1.972965264633329809e+02 2.879018542920268331e+01 9.623381209452483986e+00
2.407125340000000000e+08 1.972725819175458071e+02 2.879317551584340151e+01 9.620967006833989643e+00
2.408316190000000000e+08 1.972524936700603178e+02 2.879366937636348212e+01 9.622565466059892714e+00
2.409534200000000000e+08 1.972598641132288151e+02 2.879529203812478855e+01 9.619741672390677678e+00
2.410747540000000000e+08 1.972543474056402033e+02 2.879022181079279363e+01 9.620178821748826437e+00
2.411929690000000000e+08 1.972806431210428855e+02 2.878728556553638640e+01 9.618174485206296254e+00
2.413111170000000000e+08 1.972886852675036948e+02 2.878917060265330718e+01 9.615526214330307297e+00
2.414317090000000000e+08 1.972936634984621378e+02 2.879384331488848758e+01 9.616879374007993420e+00
2.415521850000000000e+08 1.972877896371177826e+02 2.878270214163615037e+01 9.615485848041011252e+00
2.416709530000000000e+08 1.973197394365121227e+02 2.878441178271483025e+01 9.609855571102555061e+00
2.417890160000000000e+08 1.973011893031838326e+02 2.878068490748722752e+01 9.607389581047284466e+00
2.419093860000000000e+08 1.972964171280670485e+02 2.877360328038104242e+01 9.604594957148355761e+00
2.420263290000000000e+08 1.973022975800651579e+02 2.877849523007305166e+01 9.608565231961891939e+00
2.421437230000000000e+08 1.973018501586691684e+02 2.878186062374219034e+01 9.607837732642900974e+00
2.422645950000000000e+08 1.973068522441663504e+02 2.878041261004222306e+01 9.607618049259373905e+00
2.423845960000000000e+08 1.972952702678047672e+02 2.878052409129725930e+01 9.604677457760876891e+00
2.425030260000000000e+08 1.972780126474887084e+02 2.877742679157027439e+01 9.596447254677329397e+00
2.426225920000000000e+08 1.972972084313236394e+02 2.877660217487762040e+01 9.595426236844868839e+00
2.427397990000000000e+08 1.973243352434404585e+02 2.877861788162871903e+01 9.595502447543839963e+00
2.428592960000000000e+08 1.973261673228647339e+02 2.877817277684368236e+01 9.593207865662540357e+00
2.429796710000000000e+08 1.973215772388327309e+02 2.877860827030887236e+01 9.589876296013128965e+00
2.430999850000000000e+08 1.973414166677637240e+02 2.877674083280894735e+01 9.586971628307731308e+00
2.432221050000000000e+08 1.973358115632905765e+02 2.877019609514222509e+01 9.589483671834315714e+00
2.433408040000000000e+08 1.973419840561630565e+02 2.877278065100561477e+01 9.598291148455556865e+00
2.434601430000000000e+08 1.973332448917249735e+02 2.877155497651370553e+01 9.592911952060001468e+00
2.435766510000000000e+08 1.973218331892742867e+02 2.876981409603393658e+01 9.588060831630615510e+00
2.436940500000000000e+08 1.973277686850620682e+02 2.876561003583395504e+01 9.591063839666976065e+00
2.438142950000000000e+08 1.973414654128083896e+02 2.876518027880545603e+01 9.586429403941366445e+00
2.439337070000000000e+08 1.973486933849384570e+02 2.875779743952899992e+01 9.582989650940364257e+00
2.440557700000000000e+08 1.973754394994205086e+02 2.876354666376226277e+01 9.588544902205132558e+00
2.441744700000000000e+08 1.973676521542975308e+02 2.876244974271262578e+01 9.587256338180882409e+00
2.442954330000000000e+08 1.973640301348461890e+02 2.877030236658571027e+01 9.586357408390023593e+00
2.444145450000000000e+08 1.973726274681205552e+02 2.877280396684034613e+01 9.585682096974263544e+00
2.445308300000000000e+08 1.973706996164962959e+02 2.878211693250442593e+01 9.586410436176901584e+00
2.446477250000000000e+08 1.973600834503012322e+02 2.877904282192868379e+01 9.586395828489079562e+00
2.447665980000000000e+08 1.973636027369410613e+02 2.877903832392575367e+01 9.586563863924727258e+00
2.448850720000000000e+08 1.973554440403491128e+02 2.877092059036885630e+01 9.581984753199543903e+00
2.450080370000000000e+08 1.973577465117168117e+02 2.876765107562778567e+01 9.579865635839368565e+00
2.451243530000000000e+08 1.973398851354038754e+02 2.876681681030576954e+01 9.580618728330236422e+00
2.452450920000000000e+08 1.973583249169931833e+02 2.876608007898455099e+01 9.578616259089061558e+00
2.453665980000000000e+08 1.973595801916298456e+02 2.876109134142368617e+01 9.577713211818368322e+00
2.454853990000000000e+08 1.973762976144502659e+02 2.875949057140807241e+01 9.576628799940380077e+00
2.456055160000000000e+08 1.973690854807120445e+02 2.876295241939730829e+01 9.575686699146505276e+00
2.457256900000000000e+08 1.973721768263229990e+02 2.876018256710974086e+01 9.572455749936816360e+00
2.458482610000000000e+08 1.973715444312563250e+02 2.875428758214911085e+01 9.569982115604906525e+00
2.459674840000000000e+08 1.973703388355050379e+02 2.875581450689153584e+01 9.570046680489404878e+00
2.460879400000000000e+08 1.973824830996851460e+02 2.875795054842345522e+01 9.571666808540706839e+00
2.462099250000000000e+08 1.973809054723527936e+02 2.875847788235205016e+01 9.572237327592397094e+00
2.463315700000000000e+08 1.973690086323917114e+02 2.876065505870399974e+01 9.573490043625374923e+00
2.464511070000000000e+08 1.973869483163381346e+02 2.876117521292777468e+01 9.575648634243130175e+00
2.465710950000000000e+08 1.973913507813115871e+02 2.875498172748985581e+01 9.576754685704552017e+00
2.466902880000000000e+08 1.973760221523699272e+02 2.875676051457023874e+01 9.573955784017964987e+00
2.468079960000000000e+08 1.973764819939102040e+02 2.876337270615731967e+01 9.574214828112744158e+00
2.469277950000000000e+08 1.973710025871343134e+02 2.875957761567703486e+01 9.574077150180846374e+00
2.470440670000000000e+08 1.973681251716906218e+02 2.875701209417232107e+01 9.574247856699388493e+00
2.471630430000000000e+08 1.973494438180694317e+02 2.875482270160005882e+01 9.572024408174094390e+00
2.472838410000000000e+08 1.973373451127996248e+02 2.875573219709729855e+01 9.572936262234540195e+00
2.474011620000000000e+08 1.973210097639972389e+02 2.875057814835027159e+01 9.575338750298509893e+00
2.475235610000000000e+08 1.973161108972430213e+02 2.874764106210685455e+01 9.572464683115553541e+00
2.476408060000000000e+08 1.973171987684265787e+02 2.874133578212671125e+01 9.575181041270216298e+00
2.477608320000000000e+08 1.973534523712676503e+02 2.874148867440560551e+01 9.576298215197105890e+00
2.478831510000000000e+08 1.973375320222642983e+02 2.874152720901914293e+01 9.581891551547542463e+00
2.480016700000000000e+08 1.973454242596093877e+02 2.874256025135512971e+01 9.583961415638485803e+00
2.481201320000000000e+08 1.973547325390479159e+02 2.873147543987562003e+01 9.582205573550083955e+00
2.482398900000000000e+08 1.973593515889723449e+02 2.873203902802280751e+01 9.580373059451899209e+00
2.483577130000000000e+08 1.973636058635422046e+02 2.873239752536925806e+01 9.577067185679725370e+00
2.484764960000000000e+08 1.973800288601728994e+02 2.872595863916308900e+01 9.571516065858245881e+00
2.485944720000000000e+08 1.973746001685196916e+02 2.872734547295930341e+01 9.569189838103325130e+00
2.487148190000000000e+08 1.973576143182106080e+02 2.872110153309829172e+01 9.566173920210120585e+00
2.488331890000000000e+08 1.973539399816825437e+02 2.871424929403948312e+01 9.562179337618164965e+00
2.489512330000000000e+08 1.973585841530884295e+02 2.871474575702416487e+01 9.558495243506600403e+00
2.490709910000000000e+08 1.973384370575830360e+02 2.870366449091934413e+01 9.557508463361163109e+00
2.491908160000000000e+08 1.973396540050157739e+02 2.870360621259474243e+01 9.551620716655152776e+00
2.493085590000000000e+08 1.973612307760170381e+02 2.869055005859944174e+01 9.550144281528028856e+00
2.494282300000000000e+08 1.973736206094771433e+02 2.868982737190885146e+01 9.548037903029984008e+00
2.495443480000000000e+08 1.973939476271882256e+02 2.869316876340336364e+01 9.544031525287509865e+00
2.496603510000000000e+08 1.973839951811089009e+02 2.869256899632950208e+01 9.542521853933124021e+00
2.497775660000000000e+08 1.973817986436891658e+02 2.868855328445299335e+01 9.539560917424147135e+00
2.498969820000000000e+08 1.973958591018745210e+02 2.868915525299084734e+01 9.540004943245925517e+00
2.500155510000000000e+08 1.973910742528798892e+02 2.869320837143567360e+01 9.541574297874074517e+00
2.501333350000000000e+08 1.973997896350674068e+02 2.869048510964793408e+01 9.541078197859718557e+00
2.502559410000000000e+08 1.973771062929172899e+02 2.867771469471818691e+01 9.535302281471674135e+00
2.503731880000000000e+08 1.973921377516308269e+02 2.867098801835817312e+01 9.531964924209535894e+00
2.504897010000000000e+08 1.974159024825057998e+02 2.867044485976351709e+01 9.532023174622308304e+00
2.506060200000000000e+08 1.973970749458542286e+02 2.866825699324256149e+01 9.526985135776566693e+00
2.507252830000000000e+08 1.973904836648566175e+02 2.866867648476128139e+01 9.521767555978852826e+00
2.508432150000000000e+08 1.973825016311849652e+02 2.867087316104129968e+01 9.523591333014707061e+00
2.509596920000000000e+08 1.973703172867375031e+02 2.867332877548455983e+01 9.518743798296714687e+00
2.510782800000000000e+08 1.973660609355672477e+02 2.867332176699129320e+01 9.518831022076675197e+00
2.511948700000000000e+08 1.973517807685983882e+02 2.866963911037530366e+01 9.518398416173601717e+00
2.513128180000000000e+08 1.973412048963249958e+02 2.866585957555935593e+01 9.516360493209855775e+00
2.514294610000000000e+08 1.973284279772234413e+02 2.866446423942197086e+01 9.518196201079017982e+00
2.515465780000000000e+08 1.973306139655792038e+02 2.865611721224520636e+01 9.514655280061086629e+00
2.516675370000000000e+08 1.973367498173622323e+02 2.864875727520251658e+01 9.512279310874568239e+00
2.517856800000000000e+08 1.973510328096010937e+02 2.864235980520071223e+01 9.506134638719325736e+00
2.519083180000000000e+08 1.973483117465163446e+02 2.863827711149334831e+01 9.503815556614609861e+00
2.520280710000000000e+08 1.973580193547855970e+02 2.863605041324379741e+01 9.500333358700896014e+00
2.521494350000000000e+08 1.973518640168046261e+02 2.863397866812323045e+01 9.498383535095825891e+00
2.522662530000000000e+08 1.973505735406984911e+02 2.863650384941561811e+01 9.498174337152775593e+00
2.523851000000000000e+08 1.973357871202684919e+02 2.863015293973105102e+01 9.495137879934880232e+00
2.525033580000000000e+08 1.972961414726179612e+02 2.863520989634899649e+01 9.497154080700648038e+00
2.526218280000000000e+08 1.973182084658535302e+02 2.864054437182487334e+01 9.497318454252287268e+00
2.527396950000000000e+08 1.973284206093969999e+02 2.863761892467347181e+01 9.500564372083685427e+00
2.528562460000000000e+08 1.973347067355439322e+02 2.863505289457708614e+01 9.498264840347959037e+00
2.529716870000000000e+08 1.973106640904729261e+02 2.863205629886759596e+01 9.496974735981631000e+00
2.530922200000000000e+08 1.972954282275252353e+02 2.863620880321497708e+01 9.496500227059346599e+00
2.532119490000000000e+08 1.973115556554851651e+02 2.863962431804142739e+01 9.494451841718065666e+00
2.533341320000000000e+08 1.973256149087679034e+02 2.863281787698474545e+01 9.491667587911909010e+00
2.534523190000000000e+08 1.973201152632348396e+02 2.862735729165565601e+01 9.487711241608616675e+00
2.535727490000000000e+08 1.973148604107749406e+02 2.862718780786087791e+01 9.484045839656781496e+00
2.536915070000000000e+08 1.973412836878393648e+02 2.862371737115810433e+01 9.483640654413648008e+00
2.538124940000000000e+08 1.973371255458130236e+02 2.861846477860731497e+01 9.478723823586319597e+00
2.539303460000000000e+08 1.973462221383488213e+02 2.861049205782207139e+01 9.475098118580435269e+00
2.540472330000000000e+08 1.973150136646868873e+02 2.860447471718997292e+01 9.473887407860658527e+00
2.541660420000000000e+08 1.973256179699302777e+02 2.861030336099354088e+01 9.475837708514768920e+00
2.542835900000000000e+08 1.973158136819085939e+02 2.860951033503779684e+01 9.475524829454665010e+00
2.544013050000000000e+08 1.973175243982384757e+02 2.861608455339631618e+01 9.469376295299987589e+00
2.545195790000000000e+08 1.973016282753600876e+02 2.862027146989019144e+01 9.467738441509698788e+00
2.546416080000000000e+08 1.973086994011277966e+02 2.861887535850173592e+01 9.467056575520999218e+00
2.547595020000000000e+08 1.973132392393563066e+02 2.861012426964457944e+01 9.463406573372552089e+00
2.548799620000000000e+08 1.973229141007636258e+02 2.861103450830875516e+01 9.463681709790371599e+00
2.549988860000000000e+08 1.973114659955966488e+02 2.860214085362821024e+01 9.463693403393644843e+00
2.551179040000000000e+08 1.973351046785651874e+02 2.859888001065596086e+01 9.464204546051558253e+00
2.552362730000000000e+08 1.973324054157295677e+02 2.860603974338852851e+01 9.462729065512304416e+00
2.553573820000000000e+08 1.973255582050590249e+02 2.860529413990325054e+01 9.458182449542359649e+00
2.554796650000000000e+08 1.973298154140893530e+02 2.860423996372685806e+01 9.459038795637104258e+00
2.556020590000000000e+08 1.973413793524990467e+02 2.860291065000210153e+01 9.455642972031476745e+00
2.557227690000000000e+08 1.973406133140491931e+02 2.859882185387003872e+01 9.454674231623720004e+00
2.558391410000000000e+08 1.973266709864981578e+02 2.859896630183406785e+01 9.452676493023700388e+00
2.559557770000000000e+08 1.973176324637033190e+02 2.859417436164599735e+01 9.451631465922538666e+00
2.560776880000000000e+08 1.973225891592991843e+02 2.859666302442726504e+01 9.452044638449031311e+00
2.561956600000000000e+08 1.973543623940549310e+02 2.859901749372746593e+01 9.446443083215640968e+00
2.563145070000000000e+08 1.973554603934858847e+02 2.859870309212697492e+01 9.447797625851713121e+00
2.564333020000000000e+08 1.973448384719652324e+02 2.860135459444803274e+01 9.448544713890456137e+00
2.565513590000000000e+08 1.973459474091358459e+02 2.859934719827657545e+01 9.445442385123079987e+00
2.566689060000000000e+08 1.973167777019832272e+02 2.859760612689366610e+01 9.443788142716499578e+00
2.567875840000000000e+08 1.973221679075399209e+02 2.859895395689502706e+01 9.441500734943476303e+00
2.569022980000000000e+08 1.972962005326976964e+02 2.859200604032821857e+01 9.441869549046872478e+00
2.570210120000000000e+08 1.972995796730129143e+02 2.859146913455008132e+01 9.435942979682579335e+00
2.571431820000000000e+08 1.972785661373943640e+02 2.859506980340422189e+01 9.438752355849265641e+00
2.572584900000000000e+08 1.972726349878633414e+02 2.859540516965745027e+01 9.439438341029413593e+00
2.573796820000000000e+08 1.972762699318251407e+02 2.859439530492806725e+01 9.439097301887901637e+00
2.574976840000000000e+08 1.972909344388980912e+02 2.859524592957208355e+01 9.439375913907587901e+00
2.576161950000000000e+08 1.972919252996978514e+02 2.859960083398584274e+01 9.442050731508798478e+00
2.577344690000000000e+08 1.972806730105113786e+02 2.859800984810705415e+01 9.440796564056359585e+00
2.578538980000000000e+08 1.972862764331690926e+02 2.859835251554831004e+01 9.440611086708299737e+00
2.579716620000000000e+08 1.972910381817835912e+02 2.860076903553517624e+01 9.441060713183262010e+00
2.580922830000000000e+08 1.972890117822077798e+02 2.859717271875273781e+01 9.442486609508508266e+00
2.582119570000000000e+08 1.972854677845674587e+02 2.859559985996824594e+01 9.437610045781527290e+00
2.583292860000000000e+08 1.973168638569645736e+02 2.859530927929370492e+01 9.437723638772400392e+00
2.584475460000000000e+08 1.973039521293161158e+02 2.859097696585218884e+01 9.435890722471214076e+00
2.585664730000000000e+08 1.973084076515176548e+02 2.858801180785138030e+01 9.437807570999432016e+00
2.586875830000000000e+08 1.973109029191258799e+02 2.858713808198739770e+01 9.440080453764382540e+00
2.588062050000000000e+08 1.973124148139150407e+02 2.859032625340564948e+01 9.436229580570079989e+00
2.589258280000000000e+08 1.973089934287325491e+02 2.860302376964927618e+01 9.435951895238542164e+00
2.590437540000000000e+08 1.973069171188855648e+02 2.859786620797821755e+01 9.439821945091059874e+00
2.591631480000000000e+08 1.973119024655937324e+02 2.860702417074869075e+01 9.440405003637158288e+00
2.592836430000000000e+08 1.973068087050802148e+02 2.860536715918573947e+01 9.440461988765186163e+00
2.594026210000000000e+08 1.973132028179050792e+02 2.860536867096864810e+01 9.444089413099439057e+00
2.595220990000000000e+08 1.973369781734000981e+02 2.861018664340191719e+01 9.443084205194098857e+00
2.596422210000000000e+08 1.973503156367471547e+02 2.860946495415582547e+01 9.443956954478705867e+00
2.597616740000000000e+08 1.973396005854048383e+02 2.860617011165417622e+01 9.445041199056582570e+00
2.598804170000000000e+08 1.973464994573445495e+02 2.860635699680793920e+01 9.442359146238683110e+00
2.600022100000000000e+08 1.973486961667236699e+02 2.860817294847143799e+01 9.440939021468405912e+00
2.601214190000000000e+08 1.973480192429232147e+02 2.860875480463276688e+01 9.438090972308049942e+00
2.602387450000000000e+08 1.973284505336349355e+02 2.860705094925276981e+01 9.433964014078750182e+00
2.603613780000000000e+08 1.973357020874690022e+02 2.860944984165507421e+01 9.428919623234650160e+00
2.604807060000000000e+08 1.973619423753636966e+02 2.861147353450557773e+01 9.426829593983024225e+00
2.606009180000000000e+08 1.973696213489182867e+02 2.861444395408572916e+01 9.423067288780956119e+00
2.607179220000000000e+08 1.973874511670316849e+02 2.861450464407878869e+01 9.418919955188810533e+00
2.608360910000000000e+08 1.973650842096469091e+02 2.861497776285014538e+01 9.419046927755028165e+00
2.609554690000000000e+08 1.973588132524401146e+02 2.860925147244889999e+01 9.418383556339955831e+00
2.610747840000000000e+08 1.973550780780271339e+02 2.861091435960842944e+01 9.417791578202947989e+00
2.611965690000000000e+08 1.973647080070017523e+02 2.861890441414043096e+01 9.416050890918516103e+00
2.613180560000000000e+08 1.973640642303069797e+02 2.861402640893544458e+01 9.409457354820991881e+00
2.614410070000000000e+08 1.973427426291999325e+02 2.861449759244467472e+01 9.406594501014684084e+00
2.615603780000000000e+08 1.973335661620907047e+02 2.861588787970011083e+01 9.406132190618652800e+00
2.616811570000000000e+08 1.973365563092252160e+02 2.861987450277020884e+01 9.403411646587015227e+00
2.617982680000000000e+08 1.973239583802420043e+02 2.862732526316054305e+01 9.399001620070478680e+00
2.619172510000000000e+08 1.973148122659075625e+02 2.862473228768068623e+01 9.394875761977926842e+00
2.620341820000000000e+08 1.973155622751175713e+02 2.862255338733909582e+01 9.392533926235314468e+00
2.621532380000000000e+08 1.973046911966945061e+02 2.862739223918371678e+01 9.390324801929791576e+00
2.622735820000000000e+08 1.973138839085515315e+02 2.862393895587980808e+01 9.391749614364067966e+00
2.623957510000000000e+08 1.973093261310271771e+02 2.862942527929559589e+01 9.387231365215344070e+00
2.625123530000000000e+08 1.973182647522143895e+02 2.862673848312729419e+01 9.389095326534032893e+00
2.626343780000000000e+08 1.973111093853057980e+02 2.861993660334566059e+01 9.386792857739159501e+00
2.627554260000000000e+08 1.973075189963979028e+02 2.862283067082158894e+01 9.382010326887476381e+00
2.628741640000000000e+08 1.973156449974260340e+02 2.862417718952693590e+01 9.378132723935562964e+00
2.629931230000000000e+08 1.973191059691965847e+02 2.862243005571862398e+01 9.380190571290013324e+00
2.631137760000000000e+08 1.973131081912403602e+02 2.862032602059026942e+01 9.376112881886145445e+00
2.632332320000000000e+08 1.973137282788440814e+02 2.862025506022202848e+01 9.374981951236652122e+00
2.633527540000000000e+08 1.972984094747880306e+02 2.862785455651228261e+01 9.374045460755995762e+00
2.634725940000000000e+08 1.973032189820623898e+02 2.862602584577206244e+01 9.370117041731115037e+00
2.635930530000000000e+08 1.973023625887990420e+02 2.862018254319377775e+01 9.370244526828182430e+00
2.637139130000000000e+08 1.973053597779366442e+02 2.861627825048882912e+01 9.367371300008873192e+00
2.638330340000000000e+08 1.972996651973222697e+02 2.861679125026016735e+01 9.368411909067068777e+00
2.639507220000000000e+08 1.972990722194504087e+02 2.861993635210189524e+01 9.364682329631849100e+00
2.640678240000000000e+08 1.973056339958062324e+02 2.863068303990804253e+01 9.365018028908121295e+00
2.641886640000000000e+08 1.973213445322327289e+02 2.863183471607543851e+01 9.361414494031940592e+00
2.643077620000000000e+08 1.973264495587854412e+02 2.863310284005292417e+01 9.358062991499760841e+00
2.644267430000000000e+08 1.973342073587243135e+02 2.862911751800730542e+01 9.353143162333855898e+00
2.645454960000000000e+08 1.973159357324564667e+02 2.862707296040768057e+01 9.350803463431333284e+00
2.646685370000000000e+08 1.973089086754012271e+02 2.863007140865546063e+01 9.349980289273370104e+00
2.647894410000000000e+08 1.973131257620476049e+02 2.863116645303943031e+01 9.352949627782050968e+00
2.649071080000000000e+08 1.973194243166443869e+02 2.863101861155930550e+01 9.349593917452114766e+00
2.650271970000000000e+08 1.973483284104958386e+02 2.863440571721992356e+01 9.347995632325014626e+00
2.651452300000000000e+08 1.973465178648192193e+02 2.862578803648409220e+01 9.349680970273849923e+00
2.652633600000000000e+08 1.973620237966884758e+02 2.862415020537521926e+01 9.345284910253543131e+00
2.653788930000000000e+08 1.973530749780655356e+02 2.863049627569402489e+01 9.343301382030855251e+00
2.654999900000000000e+08 1.973310514870802876e+02 2.862949125130712602e+01 9.342461812995853876e+00
2.656223500000000000e+08 1.973496741928462370e+02 2.862708157361662842e+01 9.344811128137340717e+00
2.657397180000000000e+08 1.973534790184049257e+02 2.862992230882679223e+01 9.343317314585874556e+00
2.658604380000000000e+08 1.973825234733307639e+02 2.863396880793310828e+01 9.343632261169565467e+00
2.659786940000000000e+08 1.973934555230854926e+02 2.863304344227001508e+01 9.347448856563641328e+00
2.661006600000000000e+08 1.973879591709091983e+02 2.863675404367640454e+01 9.348435806700063466e+00
2.662207150000000000e+08 1.973967631602578194e+02 2.864210745743291042e+01 9.342415546540056681e+00
2.663400360000000000e+08 1.973932257206661234e+02 2.864010654494291330e+01 9.341139591802132713e+00
2.664594380000000000e+08 1.973947715802523248e+02 2.864295071288234595e+01 9.338674947246222047e+00
2.665762190000000000e+08 1.974102153139380675e+02 2.863818409456244396e+01 9.336283994236795891e+00
2.666948200000000000e+08 1.974274106065368244e+02 2.864820561663260534e+01 9.337183761284938655e+00
2.668108910000000000e+08 1.974040075664034646e+02 2.865352822279736955e+01 9.332106879698185864e+00
2.669276010000000000e+08 1.974060465647792455e+02 2.865463639143285235e+01 9.331030583309013693e+00
2.670456980000000000e+08 1.974182314609100501e+02 2.865330467398550240e+01 9.327873977980974729e+00
2.671640240000000000e+08 1.974048562683132957e+02 2.865417239785103831e+01 9.319761477441383946e+00
2.672835130000000000e+08 1.973948935495366186e+02 2.865285484023833718e+01 9.315177974434606156e+00
2.674000630000000000e+08 1.974048971308296245e+02 2.865890637068665825e+01 9.314589867438522575e+00
2.675168270000000000e+08 1.974148849903762937e+02 2.865899823099127630e+01 9.313595044780756282e+00
2.676384520000000000e+08 1.974137400351807514e+02 2.865744879432168446e+01 9.310064893895633631e+00
2.677603360000000000e+08 1.974025991434322123e+02 2.866226597259892728e+01 9.311088185845800780e+00
2.678789730000000000e+08 1.974051551052896230e+02 2.866189911363553833e+01 9.307382099727259828e+00
2.679969060000000000e+08 1.973852376443176695e+02 2.866501774019236848e+01 9.304311003241329203e+00
2.681155630000000000e+08 1.973860974739311303e+02 2.866422080770066216e+01 9.301498572656184294e+00
2.682371730000000000e+08 1.973721100080911128e+02 2.866848902354578854e+01 9.299460914306767023e+00
2.683541240000000000e+08 1.973718232381710322e+02 2.866906640061517209e+01 9.297742518304383808e+00
2.684718280000000000e+08 1.973827154877623400e+02 2.867417590030503050e+01 9.296897652853548522e+00
2.685937330000000000e+08 1.973904319234151217e+02 2.867291606519636815e+01 9.300253318067973396e+00
2.687092850000000000e+08 1.973911649807125173e+02 2.867199184772824694e+01 9.301830407764434483e+00
2.688291530000000000e+08 1.973851187057685479e+02 2.867517152196051811e+01 9.301204095715712938e+00
2.689478930000000000e+08 1.973695521920003273e+02 2.867892819643597235e+01 9.299415407961465263e+00
2.690698970000000000e+08 1.973743421048584707e+02 2.868148804356209780e+01 9.302192446518498414e+00
2.691877570000000000e+08 1.973903121845383168e+02 2.867979586096547351e+01 9.301053718900027079e+00
2.693087440000000000e+08 1.974076469484754170e+02 2.867794307429847933e+01 9.301943806524807457e+00
2.694291750000000000e+08 1.974171676446353558e+02 2.867411192540276588e+01 9.300912914168213419e+00
2.695494690000000000e+08 1.974275816282652443e+02 2.867157446445083480e+01 9.299825336904604001e+00
2.696706500000000000e+08 1.974018700891570575e+02 2.867017845035941548e+01 9.298553640497452477e+00
2.697889080000000000e+08 1.973940687432575203e+02 2.867488248509168258e+01 9.295295930158282260e+00
2.699091150000000000e+08 1.973865470258814696e+02 2.868056621758385205e+01 9.294408115930275827e+00
2.700308930000000000e+08 1.973930707538408456e+02 2.868341422338310309e+01 9.293670646464605056e+00
2.701541560000000000e+08 1.973901442440879350e+02 2.868411636962298417e+01 9.292850050552582175e+00
2.702710960000000000e+08 1.973935719568505078e+02 2.868360961443349311e+01 9.292558391880520574e+00
2.703922470000000000e+08 1.973929878155866220e+02 2.868564382136907298e+01 9.292177456078935194e+00
2.705117840000000000e+08 1.973906502219594756e+02 2.868806992666732825e+01 9.288612268401571725e+00
2.706312610000000000e+08 1.973760277066419633e+02 2.868856270561081701e+01 9.291532991347782655e+00
2.707517550000000000e+08 1.973702846353284599e+02 2.868571344167754944e+01 9.290667540295425297e+00
2.708715330000000000e+08 1.973640074561113806e+02 2.868871086704542961e+01 9.290333416597318816e+00
2.709899050000000000e+08 1.973585516214480151e+02 2.868492701256888822e+01 9.291028724820574070e+00
2.711068970000000000e+08 1.973731506422927851e+02 2.868629125912644895e+01 9.287335085857471029e+00
2.712247640000000000e+08 1.973768233562932437e+02 2.867697140715761961e+01 9.289143341750589755e+00
2.713452740000000000e+08 1.973629761069291533e+02 2.868235027580315588e+01 9.290067025165878789e+00
2.714664400000000000e+08 1.973630512646037403e+02 2.868999890125640206e+01 9.288316387768491111e+00
2.715854190000000000e+08 1.973488427023586382e+02 2.868516104694437274e+01 9.285930720443980491e+00
2.717039000000000000e+08 1.973412969732833915e+02 2.868119901642865699e+01 9.281286407224010659e+00
2.718209870000000000e+08 1.973481706847544217e+02 2.868304419580213960e+01 9.274526257282859731e+00
2.719425650000000000e+08 1.973430587222336499e+02 2.868272694776165110e+01 9.272266850832348695e+00
2.720604290000000000e+08 1.973328962711276233e+02 2.868556841738761776e+01 9.267844096592478209e+00
2.721785280000000000e+08 1.973220098035047272e+02 2.868307238898314537e+01 9.261878264623076618e+00
2.723002390000000000e+08 1.973438439811378373e+02 2.867340115617069785e+01 9.262271965819127928e+00
2.724212890000000000e+08 1.973362776518238491e+02 2.867630263347153630e+01 9.257673857350489754e+00
2.725415660000000000e+08 1.973522499891118684e+02 2.867989357471289935e+01 9.255608453898211962e+00
2.726576580000000000e+08 1.973794932676765086e+02 2.868267452822453123e+01 9.255266424687363269e+00
2.727784140000000000e+08 1.973722159271111991e+02 2.868425362093165987e+01 9.254108152791758357e+00
2.728973260000000000e+08 1.973880011133779249e+02 2.867985369478365953e+01 9.251357807502508024e+00
2.730165740000000000e+08 1.973941700615888237e+02 2.868594089226424160e+01 9.248846693942638808e+00
2.731387250000000000e+08 1.973882809985557856e+02 2.868242272127783465e+01 9.248052862196303181e+00
2.732594190000000000e+08 1.973932743320381178e+02 2.867827367729040233e+01 9.243193918417631494e+00
2.733765850000000000e+08 1.973933675529878542e+02 2.867050287268661179e+01 9.242356897977638042e+00
2.734961430000000000e+08 1.973814334332855083e+02 2.867066999211254341e+01 9.239879697036624151e+00
2.736159460000000000e+08 1.973830071460432976e+02 2.866520417828862577e+01 9.236252705298200638e+00
2.737358860000000000e+08 1.973913204236248760e+02 2.865833155663193565e+01 9.237905844154772339e+00
2.738548160000000000e+08 1.974022223633119211e+02 2.866240126736283145e+01 9.234493911348533146e+00
2.739747570000000000e+08 1.974066399585781824e+02 2.866439349747503584e+01 9.230638708142835824e+00
2.740960310000000000e+08 1.974082532038645184e+02 2.866189435178797140e+01 9.227621745222634786e+00
2.742192310000000000e+08 1.974097729365099383e+02 2.865862873192955362e+01 9.222109020025087034e+00
2.743378270000000000e+08 1.974109827083830169e+02 2.865919219143060914e+01 9.217520576136847055e+00
2.744576320000000000e+08 1.974245545452617989e+02 2.866110166489186639e+01 9.217226551890531638e+00
2.745784150000000000e+08 1.974367455882590434e+02 2.866192658073322974e+01 9.218128033539024102e+00
2.747000440000000000e+08 1.974315838082100072e+02 2.866601877944145471e+01 9.213435025286370816e+00
2.748192790000000000e+08 1.974367337710002630e+02 2.867099740902036231e+01 9.213819797023592884e+00
2.749378760000000000e+08 1.974273904236042085e+02 2.866906256171188971e+01 9.210183909178541128e+00
2.750573410000000000e+08 1.974483761308660803e+02 2.866493252546119663e+01 9.208379698744227682e+00
2.751815800000000000e+08 1.974518579323923007e+02 2.866733387153676205e+01 9.206662767119684787e+00
2.753050470000000000e+08 1.974658269140758762e+02 2.867317213383528696e+01 9.203353517450091559e+00
2.754239780000000000e+08 1.974577435107714223e+02 2.867365567732490561e+01 9.203007842560280594e+00
2.755410780000000000e+08 1.974467461516303786e+02 2.867307286795913868e+01 9.200683777735259028e+00
2.756594410000000000e+08 1.974256059223262412e+02 2.866944978727038418e+01 9.200967124575758049e+00
2.757775260000000000e+08 1.974120164444651095e+02 2.866405811644561652e+01 9.200720051765401308e+00
2.758992880000000000e+08 1.974084784508013968e+02 2.866069352137598258e+01 9.198068182935653425e+00
2.760195380000000000e+08 1.974053237644394585e+02 2.866515229289629829e+01 9.199241253522393080e+00
2.761403850000000000e+08 1.974084404940339823e+02 2.866386991529731887e+01 9.195429233035319783e+00
2.762599010000000000e+08 1.974200958124131091e+02 2.866133235471207996e+01 9.193918714687423943e+00
2.763797900000000000e+08 1.974344553609209072e+02 2.866528298734804991e+01 9.190446830632021502e+00
2.765005170000000000e+08 1.974324036245580487e+02 2.865920381576905385e+01 9.190723978808263084e+00
2.766193990000000000e+08 1.974183545784121634e+02 2.865977618556394901e+01 9.189658605837532690e+00
2.767399100000000000e+08 1.974327199274638929e+02 2.866046795293613414e+01 9.185724504321157724e+00
2.768576120000000000e+08 1.974369831141876830e+02 2.865616933828681567e+01 9.182101520190883548e+00
2.769739990000000000e+08 1.974348683936894986e+02 2.865699032461742846e+01 9.180505123480420693e+00
2.770939240000000000e+08 1.974380673273372224e+02 2.865882281536173082e+01 9.178536547990296057e+00
2.772146840000000000e+08 1.974440896268110635e+02 2.866781538163732534e+01 9.177717165970847191e+00
2.773322330000000000e+08 1.974642731403729101e+02 2.866712552846842144e+01 9.178222108145208225e+00
2.774524620000000000e+08 1.974784034924772413e+02 2.866899877992198498e+01 9.173955345920859372e+00
2.775706100000000000e+08 1.974654598458491250e+02 2.866986727346830222e+01 9.168770138815752091e+00
2.776896100000000000e+08 1.974798456844360146e+02 2.867215673985523949e+01 9.164559400548078827e+00
2.778068660000000000e+08 1.974888034417211600e+02 2.866835690129277481e+01 9.162937016190635831e+00
2.779259730000000000e+08 1.974879925532922869e+02 2.867377517539313914e+01 9.161460890708841731e+00
2.780414440000000000e+08 1.974853485778814957e+02 2.867947670909753555e+01 9.158321844014583490e+00
2.781614930000000000e+08 1.974855229911018739e+02 2.867789976367477678e+01 9.158528825098123605e+00
2.782840740000000000e+08 1.974752480380375914e+02 2.866963206131813280e+01 9.157554423608841532e+00
2.784062800000000000e+08 1.974711574840235357e+02 2.866665007747349492e+01 9.157864397242143184e+00
2.785243970000000000e+08 1.974743366373480740e+02 2.866759336609852227e+01 9.155226829852653125e+00
2.786429340000000000e+08 1.974778997698978742e+02 2.866646995791222707e+01 9.149816282638914444e+00
2.787655280000000000e+08 1.974895093024756534e+02 2.866837562293036967e+01 9.147837450255645209e+00
2.788892070000000000e+08 1.975022439824526259e+02 2.866525580071642310e+01 9.146835257874519343e+00
2.790058320000000000e+08 1.975201348255920379e+02 2.865924828592669726e+01 9.144715221886547951e+00
2.791243190000000000e+08 1.975056759265333142e+02 2.866144216269427147e+01 9.146147337178323511e+00
2.792451420000000000e+08 1.974944941711881086e+02 2.866398852822547738e+01 9.145264950474835786e+00
2.793649060000000000e+08 1.974850385581059413e+02 2.866967441146307394e+01 9.146237518032696912e+00
2.794834460000000000e+08 1.974842316169579988e+02 2.866904739722313522e+01 9.146892856080857115e+00
2.796039890000000000e+08 1.974770253516524292e+02 2.866527278713022042e+01 9.145107220366519130e+00
2.797251310000000000e+08 1.974668856441755622e+02 2.866543805811405221e+01 9.146054426618817956e+00
2.798489240000000000e+08 1.974648934051524520e+02 2.866251474621438433e+01 9.142373773246308843e+00
2.799688070000000000e+08 1.974729869688063957e+02 2.867011844021711653e+01 9.139084057853848364e+00
2.800901570000000000e+08 1.974588106520573660e+02 2.866609417919839942e+01 9.140801615969772698e+00
2.802099170000000000e+08 1.974659773951959778e+02 2.866350959463136050e+01 9.136436138799922446e+00
2.803267820000000000e+08 1.974572964989636716e+02 2.865913880431811478e+01 9.134513577149968810e+00
2.804448760000000000e+08 1.974609059752167184e+02 2.865498512119878427e+01 9.137434395041688973e+00
2.805609980000000000e+08 1.974608739430749438e+02 2.865411794401105894e+01 9.138087116160045653e+00
2.806803290000000000e+08 1.974649893648092984e+02 2.865572899168961385e+01 9.141302795120733293e+00
2.807987190000000000e+08 1.974501575862123843e+02 2.865386512775799943e+01 9.139195392954977848e+00
2.809171020000000000e+08 1.974550876647657560e+02 2.866018438312055849e+01 9.139227466743074402e+00
2.810365950000000000e+08 1.974448306912717328e+02 2.866422969452996483e+01 9.134426181087757612e+00
2.811551060000000000e+08 1.974413250590127973e+02 2.865819219502265724e+01 9.131599324636301418e+00
2.812750210000000000e+08 1.974380400051851723e+02 2.865775429393401197e+01 9.128476770692403264e+00
2.813939010000000000e+08 1.974484897699423129e+02 2.865079726639107349e+01 9.125993251172310750e+00
2.815129060000000000e+08 1.974491833002097962e+02 2.864349437926553676e+01 9.124557159098849013e+00
2.816344320000000000e+08 1.974360934767287290e+02 2.864276672609801366e+01 9.125556074612566348e+00
2.817542060000000000e+08 1.974245891945823246e+02 2.864398036379281365e+01 9.125079895031092292e+00
2.818706950000000000e+08 1.974215800743352247e+02 2.864271917401497802e+01 9.127044369925854994e+00
2.819889750000000000e+08 1.974380513025988648e+02 2.864680730652302643e+01 9.123230498223254159e+00
2.821101830000000000e+08 1.974412012675439883e+02 2.864973806287323299e+01 9.123135185127871694e+00
2.822310840000000000e+08 1.974320281791579816e+02 2.864682753227155132e+01 9.123149000897619487e+00
2.823504950000000000e+08 1.974085788570812952e+02 2.865130274947776101e+01 9.120539418039284030e+00
2.824741180000000000e+08 1.973954586923156285e+02 2.864982222318475635e+01 9.120890630676095512e+00
2.825922380000000000e+08 1.974078534438614270e+02 2.865622815369750143e+01 9.119831374676511615e+00
2.827100110000000000e+08 1.973966938954286547e+02 2.865538857295290143e+01 9.121513865523441567e+00
2.828312360000000000e+08 1.973830205135724896e+02 2.865512841488082785e+01 9.119590957224289696e+00
2.829497440000000000e+08 1.973952952217741768e+02 2.865188659239347757e+01 9.120924155322599702e+00
2.830715500000000000e+08 1.974020936875004963e+02 2.865104986598872827e+01 9.117557898352412593e+00
2.831908380000000000e+08 1.973994213198428156e+02 2.864946944695734743e+01 9.112489311578718443e+00
2.833101100000000000e+08 1.974161296892472137e+02 2.865081583162712775e+01 9.113204496178608949e+00
2.834305660000000000e+08 1.974098512305075701e+02 2.865172126167367495e+01 9.112146770793414063e+00
2.835490330000000000e+08 1.974153668223906095e+02 2.865647844101755837e+01 9.107778172309417997e+00
2.836677670000000000e+08 1.974346145337421206e+02 2.865488200557949483e+01 9.102687961453286292e+00
2.837853880000000000e+08 1.974406836050476954e+02 2.865311337029087468e+01 9.100768158138640374e+00
2.839060900000000000e+08 1.974488124736071200e+02 2.865071826908203079e+01 9.097136010478134693e+00
2.840269370000000000e+08 1.974447159529156011e+02 2.865013051300987712e+01 9.089930324874011092e+00
2.841433560000000000e+08 1.974504750643143041e+02 2.864694446563247965e+01 9.090318184744386798e+00
2.842638610000000000e+08 1.974436438505735225e+02 2.865009328672416444e+01 9.088205336691654423e+00
2.843844690000000000e+08 1.974291948979276299e+02 2.865410022290891590e+01 9.083622551707396298e+00
2.845051120000000000e+08 1.974138616602647858e+02 2.865121535893383253e+01 9.078945462752626483e+00
2.846244990000000000e+08 1.974046749413012662e+02 2.864776517907787934e+01 9.076888021612866453e+00
2.847480160000000000e+08 1.974108625932652217e+02 2.864699726614347242e+01 9.076461044309505510e+00
2.848652520000000000e+08 1.974201950472401847e+02 2.864826479116054259e+01 9.074384148380406856e+00
2.849852690000000000e+08 1.974132617230467588e+02 2.864774040858015169e+01 9.074130149549628044e+00
2.851049900000000000e+08 1.974135780502785451e+02 2.864742215003520442e+01 9.070840317211597892e+00
2.852207380000000000e+08 1.974134598978610029e+02 2.865354199166925042e+01 9.071364094627027086e+00
2.853389930000000000e+08 1.974070445618015128e+02 2.865858693657534317e+01 9.071750971657801088e+00
2.854561480000000000e+08 1.974232339935278731e+02 2.865136521261368685e+01 9.070414509242720413e+00
2.855753220000000000e+08 1.974102181386146810e+02 2.864616031901118376e+01 9.070717744223623313e+00
2.856952100000000000e+08 1.974028616091708273e+02 2.864264063751895506e+01 9.066243130590930122e+00
2.858153680000000000e+08 1.974257423758205334e+02 2.864425960256253489e+01 9.061673906558723957e+00
2.859342030000000000e+08 1.974104935552023790e+02 2.864011565695710715e+01 9.058064166938279982e+00
2.860510080000000000e+08 1.974260518016224353e+02 2.864208143913879567e+01 9.052620845222861590e+00
2.861676690000000000e+08 1.974114894810520582e+02 2.864532726091068326e+01 9.052355815181210019e+00
2.862871960000000000e+08 1.974075168015960742e+02 2.865031953778413509e+01 9.049841569376820161e+00
2.864038850000000000e+08 1.974165283171842589e+02 2.864615507913628534e+01 9.045348838077819309e+00
2.865229340000000000e+08 1.974063864708393794e+02 2.864078937616117670e+01 9.044697772627396049e+00
2.866416870000000000e+08 1.974139762965749867e+02 2.863771975637147804e+01 9.037716600607277329e+00
2.867603550000000000e+08 1.974028412687890466e+02 2.863516148035543196e+01 9.038185601562084059e+00
2.868792250000000000e+08 1.973910457183894209e+02 2.863319722303130987e+01 9.032702402755093729e+00
2.869985970000000000e+08 1.973821873805273412e+02 2.862816688455984959e+01 9.028757710561905014e+00
2.871157970000000000e+08 1.973714508964910976e+02 2.862350878329425186e+01 9.025800375127783326e+00
2.872380630000000000e+08 1.973838156758811238e+02 2.862232438243430721e+01 9.021890004849510092e+00
2.873548460000000000e+08 1.973972128924364711e+02 2.862496312216550010e+01 9.019422879504983115e+00
2.874751910000000000e+08 1.973938860067934229e+02 2.862284150214249223e+01 9.019278566001370123e+00
2.875941030000000000e+08 1.973908711326330376e+02 2.861791250048357327e+01 9.018525745051992004e+00
2.877146360000000000e+08 1.973971342780607756e+02 2.862166561455457270e+01 9.015613047822650827e+00
2.878383480000000000e+08 1.973808249699860369e+02 2.861794005472286528e+01 9.013171534074967184e+00
2.879583570000000000e+08 1.973692213492390977e+02 2.860959264399811630e+01 9.008935769278526351e+00
2.880786040000000000e+08 1.973657721103873826e+02 2.860564058682622957e+01 9.008789756112836500e+00
2.881978010000000000e+08 1.973681481953291552e+02 2.860705287191202117e+01 9.007306634973232917e+00
2.883157700000000000e+08 1.973602091453705896e+02 2.860922789405925215e+01 9.006025890167633108e+00
2.884359300000000000e+08 1.973665491941430616e+02 2.860569239921557738e+01 9.002207069333371336e+00
2.885580690000000000e+08 1.973658232403513466e+02 2.860327125301818896e+01 8.999238728510624341e+00
2.886767680000000000e+08 1.973788993651151316e+02 2.859501068743695740e+01 8.995613658803250701e+00
2.887958000000000000e+08 1.973600525831371613e+02 2.860601612312922626e+01 8.991610309257820788e+00
2.889136420000000000e+08 1.973513058819746959e+02 2.860348917743712605e+01 8.990792325363637261e+00
2.890300890000000000e+08 1.973298637691864315e+02 2.860462056024444522e+01 8.985682929907044425e+00
2.891492370000000000e+08 1.973248558681162024e+02 2.860205271548914041e+01 8.984662109815616304e+00
2.892674420000000000e+08 1.973139526546199818e+02 2.860066147326514141e+01 8.981367289110009366e+00
2.893855840000000000e+08 1.973313398576113116e+02 2.860304240068943571e+01 8.981193120724412893e+00
2.895053780000000000e+08 1.973416792661513455e+02 2.860024693619988057e+01 8.979846151270193033e+00
2.896263170000000000e+08 1.973480058037407616e+02 2.859607256108498774e+01 8.980186001199133017e+00
2.897490250000000000e+08 1.973336693197754812e+02 2.859823631755372020e+01 8.979223196682042385e+00
2.898674850000000000e+08 1.973326028183053609e+02 2.859436868088694794e+01 8.975216305618245016e+00
2.899841970000000000e+08 1.973168241955735311e+02 2.859409621923488132e+01 8.976230526327229953e+00
2.901036800000000000e+08 1.973286152428719049e+02 2.859658154232720051e+01 8.972866038933716482e+00
2.902239050000000000e+08 1.973054122857719790e+02 2.858967771534451430e+01 8.971805068713587517e+00
2.903450980000000000e+08 1.972892155539253167e+02 2.858614307533868981e+01 8.975087747079093958e+00
2.904615450000000000e+08 1.972887345469956415e+02 2.858510961368846637e+01 8.975869926801330223e+00
2.905832360000000000e+08 1.972713537205020771e+02 2.858525835938984017e+01 8.974735588163841982e+00
2.907011660000000000e+08 1.972706909571372762e+02 2.858565393037633129e+01 8.974120465528587332e+00
2.908189220000000000e+08 1.972640467831873536e+02 2.858311559989164152e+01 8.975674692975482927e+00
2.909403910000000000e+08 1.972778838978386204e+02 2.858287346396628692e+01 8.972508058766328176e+00
2.910578540000000000e+08 1.972827107343640023e+02 2.858082089730774555e+01 8.968924572774884751e+00
2.911774320000000000e+08 1.972879962832697913e+02 2.857832917192370914e+01 8.966096111949054759e+00
2.912981230000000000e+08 1.972650965760028043e+02 2.857217191826065061e+01 8.965743485355018194e+00
2.914188490000000000e+08 1.972601357691507644e+02 2.857269525031386337e+01 8.965208393336196124e+00
2.915391890000000000e+08 1.972703040790572402e+02 2.857173934446170094e+01 8.963127762041519730e+00
2.916572720000000000e+08 1.972400189058269859e+02 2.857393970870228372e+01 8.961938173404359276e+00
2.917779200000000000e+08 1.972349775254146493e+02 2.856917804350566925e+01 8.958072754152691886e+00
2.918984600000000000e+08 1.972258735560803018e+02 2.856460974075291759e+01 8.958655476341633062e+00
2.920158790000000000e+08 1.972278430426896136e+02 2.856155105595147603e+01 8.957504551648140634e+00
2.921369640000000000e+08 1.972212333579190044e+02 2.856525757058836845e+01 8.953682724820478001e+00
2.922551410000000000e+08 1.972082460068437229e+02 2.856201813331343686e+01 8.953404559901059656e+00
2.923758810000000000e+08 1.972222385630716701e+02 2.855659776056965526e+01 8.953343835747098467e+00
2.924933210000000000e+08 1.972172446349461552e+02 2.855026461412978733e+01 8.953832406696095703e+00
2.926128970000000000e+08 1.972122247439602631e+02 2.855352903977447809e+01 8.951291791011600552e+00
2.927337370000000000e+08 1.972047719601877134e+02 2.855483446786944768e+01 8.949654675067399978e+00
2.928516050000000000e+08 1.972050306195467044e+02 2.854524069680292797e+01 8.950852339881942399e+00
2.929712160000000000e+08 1.971938858726023795e+02 2.854753544314871405e+01 8.950585287072625462e+00
2.930941490000000000e+08 1.972016430214854097e+02 2.854520702646816943e+01 8.946901496797622144e+00
2.932135400000000000e+08 1.972065965582381750e+02 2.854603600060053026e+01 8.946794312331748600e+00
2.933326460000000000e+08 1.972207696480309380e+02 2.854689236595331892e+01 8.944287540207819021e+00
2.934507520000000000e+08 1.972201284335350806e+02 2.854538680136451489e+01 8.942802836455214788e+00
2.935718100000000000e+08 1.972244601334271863e+02 2.854368278641850765e+01 8.942887179676619169e+00
2.936898220000000000e+08 1.972107214050031132e+02 2.854060112425486295e+01 8.943792959571563728e+00
2.938083730000000000e+08 1.972143721160661869e+02 2.853828955296491898e+01 8.945856968433247403e+00
2.939250970000000000e+08 1.972018455302811617e+02 2.853593275911217475e+01 8.945768693820083328e+00
2.940435940000000000e+08 1.972005032679028318e+02 2.853819490097830069e+01 8.946720627335983167e+00
2.941616060000000000e+08 1.971920092643242981e+02 2.853152297710916585e+01 8.945720215950977661e+00
2.942796920000000000e+08 1.971854263987750926e+02 2.852673695144685695e+01 8.944143490037623323e+00
2.944006310000000000e+08 1.971731717949662936e+02 2.852630774737005126e+01 8.941566736746034749e+00
2.945192330000000000e+08 1.971877765340823316e+02 2.852475075104907987e+01 8.942021628838039859e+00
2.946369320000000000e+08 1.971865366887952860e+02 2.852249156668668206e+01 8.942738323994779748e+00
2.947577970000000000e+08 1.971964560533942574e+02 2.852301406811809770e+01 8.942422887863285652e+00
2.948780840000000000e+08 1.971915219739119607e+02 2.851623909266094969e+01 8.941350849783322730e+00
2.949965830000000000e+08 1.971926256693858477e+02 2.851123934156937878e+01 8.940096911158374127e+00
2.951162530000000000e+08 1.971854528733362315e+02 2.850904346231990871e+01 8.940652315996118205e+00
2.952358210000000000e+08 1.971769763875572892e+02 2.850759430052452359e+01 8.938654452028448105e+00
2.953567880000000000e+08 1.971869284188732649e+02 2.851373523077885608e+01 8.936400716662404875e+00
2.954778790000000000e+08 1.972003438457097104e+02 2.851220877819464405e+01 8.933430002027304084e+00
2.956009550000000000e+08 1.972082275425424314e+02 2.850967985033864593e+01 8.929694008731257071e+00
2.957197820000000000e+08 1.972160634768050613e+02 2.851497761024730693e+01 8.926488413613396844e+00
2.958401870000000000e+08 1.972190544251888298e+02 2.851710030438281152e+01 8.924565287426654336e+00
2.959573720000000000e+08 1.971955081754762773e+02 2.851735876356057986e+01 8.926723201489574322e+00
2.960750150000000000e+08 1.972054904832738771e+02 2.851285437013912016e+01 8.926203910140850795e+00
2.961962730000000000e+08 1.972040038295931197e+02 2.851130631831874496e+01 8.923078386338561430e+00
2.963134890000000000e+08 1.972120338223951137e+02 2.850475807347122625e+01 8.919476201196534504e+00
2.964339420000000000e+08 1.972089234837033587e+02 2.850287970298276718e+01 8.916842455744195206e+00
2.965547690000000000e+08 1.972045735031346112e+02 2.850121012848465085e+01 8.917590991383585575e+00
2.966768280000000000e+08 1.971969826716058378e+02 2.849820277992009920e+01 8.917021636992998879e+00
2.967977130000000000e+08 1.972054446298750463e+02 2.849449432250376546e+01 8.913582527993735738e+00
2.969141810000000000e+08 1.971939088612965918e+02 2.848908297627745156e+01 8.911551539120283749e+00
2.970357410000000000e+08 1.971842466310042994e+02 2.848806364919005318e+01 8.909586819738473551e+00
2.971560260000000000e+08 1.971773087329909799e+02 2.848390637843226614e+01 8.910275094836608289e+00
2.972735150000000000e+08 1.971820717204340667e+02 2.848419409244139544e+01 8.910249343857358895e+00
2.973943210000000000e+08 1.971864012821504843e+02 2.848354261134162613e+01 8.908822224496134368e+00
2.975137770000000000e+08 1.971879179184364830e+02 2.848241203221861539e+01 8.903133028191609455e+00
2.976342510000000000e+08 1.971745347761607832e+02 2.847808630814813569e+01 8.902426808108067746e+00
2.977528900000000000e+08 1.971711052073624160e+02 2.848178633902413992e+01 8.901626290074023728e+00
2.978741410000000000e+08 1.971716203730015877e+02 2.847783632211394078e+01 8.901599529591884163e+00
2.979950810000000000e+08 1.971956468273048699e+02 2.847925306464140505e+01 8.898178929535827564e+00
2.981145780000000000e+08 1.972119399899444261e+02 2.847844422841239265e+01 8.893115700497984832e+00
2.982310540000000000e+08 1.972076432909491075e+02 2.848183155444801073e+01 8.890963518864442250e+00
2.983497920000000000e+08 1.971965256655002747e+02 2.848292135611280429e+01 8.891426344906601997e+00
2.984708790000000000e+08 1.971897640389889830e+02 2.848249592511825057e+01 8.891601478434823846e+00
2.985951100000000000e+08 1.971861012700487663e+02 2.847892126640121901e+01 8.893376155299215213e+00
2.987183170000000000e+08 1.971888298308253979e+02 2.847936891049326036e+01 8.890722653967731759e+00
2.988402430000000000e+08 1.971794033076847938e+02 2.848470256768308673e+01 8.891898019744166604e+00
2.989595920000000000e+08 1.972026198314461851e+02 2.848513998808851611e+01 8.891389098561727877e+00
2.990778680000000000e+08 1.971858218685571273e+02 2.848261901269338736e+01 8.893724830338143761e+00
2.991947380000000000e+08 1.971782280713701994e+02 2.848017928350000005e+01 8.898080270152133764e+00
2.993092470000000000e+08 1.971722611676358383e+02 2.847437038384263630e+01 8.898040510059523456e+00
2.994303470000000000e+08 1.971667510444633251e+02 2.847269210239209514e+01 8.896952624913199159e+00
2.995474300000000000e+08 1.971743406796688305e+02 2.847163476140605454e+01 8.897279454596862536e+00
2.996658710000000000e+08 1.971667896484293863e+02 2.847143410239833017e+01 8.894917848058135235e+00
2.997860820000000000e+08 1.971681183428077873e+02 2.847203073127774786e+01 8.893051547244555266e+00
2.999061600000000000e+08 1.971621543029346242e+02 2.847489311737844986e+01 8.890677222489257403e+00
3.000267030000000000e+08 1.971531173809402731e+02 2.848181775592997766e+01 8.890447070918032324e+00
3.001438510000000000e+08 1.971549266056382237e+02 2.848004580871990754e+01 8.889886294474978357e+00
3.002654440000000000e+08 1.971665790480839178e+02 2.847900515527233267e+01 8.890742576857981305e+00
3.003854990000000000e+08 1.971629698132768738e+02 2.847532040495349293e+01 8.889710571244512138e+00
3.005048870000000000e+08 1.971665511422799852e+02 2.847119178760232572e+01 8.889893508293942759e+00
3.006232290000000000e+08 1.971679222836852148e+02 2.848006048305513715e+01 8.887591235374328491e+00
3.007406250000000000e+08 1.971798500865097594e+02 2.848271388560984363e+01 8.888981663792863586e+00
3.008610320000000000e+08 1.971720703832219215e+02 2.848939048588945511e+01 8.892580733546100902e+00
3.009802360000000000e+08 1.971779555039769889e+02 2.848627965874682744e+01 8.895382484811729995e+00
3.010988540000000000e+08 1.971805067561801934e+02 2.849026378667679893e+01 8.895021169488947166e+00
3.012164030000000000e+08 1.971611967340416527e+02 2.848760508460669172e+01 8.892811140093664690e+00
3.013362610000000000e+08 1.971571159541975931e+02 2.848545276305614848e+01 8.893919357787297031e+00
3.014547730000000000e+08 1.971481281039336579e+02 2.848269085792189159e+01 8.895324528262904096e+00
3.015722070000000000e+08 1.971453996176771568e+02 2.848399176283770728e+01 8.894391216163853642e+00
3.016885160000000000e+08 1.971439883377954629e+02 2.848358463635227622e+01 8.894697170709482847e+00
3.018092190000000000e+08 1.971415520407958581e+02 2.847825880064003456e+01 8.894065270543840995e+00
3.019279970000000000e+08 1.971386354359323150e+02 2.847806944319546574e+01 8.894112201054564792e+00
3.020450580000000000e+08 1.971304726971661125e+02 2.848147267268705107e+01 8.892453903510531887e+00
3.021656140000000000e+08 1.971336510131365003e+02 2.848361655798464298e+01 8.893295960227719732e+00
3.022872510000000000e+08 1.971283265346598910e+02 2.849326875472023346e+01 8.895719107098027933e+00
3.024101810000000000e+08 1.971383420182644386e+02 2.849189729150439376e+01 8.897754663505127226e+00
3.025271690000000000e+08 1.971463380798662399e+02 2.849260173513336980e+01 8.898909842158483130e+00
3.026457150000000000e+08 1.971515922388284707e+02 2.849150508297541862e+01 8.898965432545701049e+00
3.027638460000000000e+08 1.971508647024347454e+02 2.848794747195590560e+01 8.898381817413953954e+00
3.028862170000000000e+08 1.971499435672425591e+02 2.848483028423273211e+01 8.895608231276606048e+00
3.030050010000000000e+08 1.971531177126551881e+02 2.848001417222053178e+01 8.898725728216625441e+00
3.031215160000000000e+08 1.971431456526426018e+02 2.847574395480531706e+01 8.895706492311150626e+00
3.032407150000000000e+08 1.971390023633431667e+02 2.847601627253546752e+01 8.897885626587459740e+00
3.033602170000000000e+08 1.971419624605534295e+02 2.847167974219308562e+01 8.896057578532126087e+00
3.034797080000000000e+08 1.971296594029614653e+02 2.847529511761822718e+01 8.895002681605733486e+00
3.035947860000000000e+08 1.971182507997113191e+02 2.847051693201681033e+01 8.893969298383371580e+00
3.037146530000000000e+08 1.971197924385700162e+02 2.846777064834997972e+01 8.893951139855452936e+00
3.038323690000000000e+08 1.971152997552574675e+02 2.846373677754323239e+01 8.891091565209265468e+00
3.039508240000000000e+08 1.971057065171648333e+02 2.846564944316082446e+01 8.891060033518504824e+00
3.040713430000000000e+08 1.970958769736795375e+02 2.846841223603039595e+01 8.891368595451107026e+00
3.041892500000000000e+08 1.970935260081527076e+02 2.847179869646468831e+01 8.889300604882905077e+00
3.043071930000000000e+08 1.971048523688613159e+02 2.847469523725145635e+01 8.890893067054753018e+00
3.044259730000000000e+08 1.971006251349395200e+02 2.847479080290445808e+01 8.892933561132494447e+00
3.045447960000000000e+08 1.971035944135372517e+02 2.847518424061517095e+01 8.894818797556411027e+00
3.046638930000000000e+08 1.971108269357133054e+02 2.847479478678375031e+01 8.897205030231356560e+00
3.047832700000000000e+08 1.970970443736200650e+02 2.847832059750792411e+01 8.897621651694359812e+00
3.049012820000000000e+08 1.971213998644133198e+02 2.847236220452909095e+01 8.896997658607164183e+00
3.050181050000000000e+08 1.971153809316305399e+02 2.847906597834465714e+01 8.896859286999195149e+00
3.051371680000000000e+08 1.971143426819938327e+02 2.847535150990323061e+01 8.894858279173966764e+00
3.052559790000000000e+08 1.971202990737449454e+02 2.846917720984454903e+01 8.893417831859824929e+00
3.053745880000000000e+08 1.971024205173002599e+02 2.846706993336665548e+01 8.895969285857391995e+00
3.054926590000000000e+08 1.971046545143334470e+02 2.846185057034871946e+01 8.897865516552817766e+00
3.056118140000000000e+08 1.971044888597007514e+02 2.846360875272246815e+01 8.899687221796378722e+00
3.057352590000000000e+08 1.971075459230169429e+02 2.846517535514991692e+01 8.900562116359726161e+00
3.058547940000000000e+08 1.971010181892203832e+02 2.846186789489502189e+01 8.899247018303700685e+00
3.059729160000000000e+08 1.971104709247501034e+02 2.846317788187461773e+01 8.893292000890395954e+00
3.060902870000000000e+08 1.971154278349916069e+02 2.846444172326150834e+01 8.892096584472604093e+00
3.062094950000000000e+08 1.971306888828858348e+02 2.846440975374257221e+01 8.893301858871229371e+00
3.063323720000000000e+08 1.971330059303785731e+02 2.845979305105385038e+01 8.893183835313415386e+00
3.064504910000000000e+08 1.971250149114764838e+02 2.846031470524036067e+01 8.893316145768233483e+00
3.065726450000000000e+08 1.971353796957939153e+02 2.846457694033986385e+01 8.892401204429480899e+00
3.066881170000000000e+08 1.971404508584613779e+02 2.846618974421492965e+01 8.894177366947586094e+00
3.068037970000000000e+08 1.971423844329653434e+02 2.846352727707766306e+01 8.893109137577722478e+00
3.069200620000000000e+08 1.971684828349206953e+02 2.846682063116781691e+01 8.890090340938684221e+00
3.070379910000000000e+08 1.971667164837657253e+02 2.846633100532893934e+01 8.889013553763236430e+00
3.071579970000000000e+08 1.971755394632377829e+02 2.846320289463038478e+01 8.885606998738179385e+00
3.072773780000000000e+08 1.971811068470644273e+02 2.846177096875691248e+01 8.882676184273535114e+00
3.073955700000000000e+08 1.971971055789208833e+02 2.846363888787015739e+01 8.879940331405476783e+00
3.075164240000000000e+08 1.971835424605952767e+02 2.845902983087450266e+01 8.879208428326228031e+00
3.076378230000000000e+08 1.971914231178455736e+02 2.846276678816117212e+01 8.877422387212821064e+00
3.077581900000000000e+08 1.971779807560083100e+02 2.846174641514307169e+01 8.874110748564877582e+00
3.078764000000000000e+08 1.971743528125596185e+02 2.846043100107807788e+01 8.870840131618528801e+00
3.079936440000000000e+08 1.971751280028745157e+02 2.845978338982663303e+01 8.866473291384263433e+00
3.081165400000000000e+08 1.971749525998912418e+02 2.845870781946633343e+01 8.867498584621561264e+00
3.082392780000000000e+08 1.971960396738252257e+02 2.845803870009471126e+01 8.863196532202593403e+00
3.083565910000000000e+08 1.971871254324426275e+02 2.845038964188380248e+01 8.861525384127400429e+00
3.084752490000000000e+08 1.971962152984324064e+02 2.845015331968153305e+01 8.859655830688531353e+00
3.085954020000000000e+08 1.971815507280183226e+02 2.844458646144347114e+01 8.857276428302748528e+00
3.087157230000000000e+08 1.971590069650089845e+02 2.844383015642086221e+01 8.855528591827482643e+00
3.088369190000000000e+08 1.971548291536645081e+02 2.844637170362813805e+01 8.859578415479161251e+00
3.089549480000000000e+08 1.971632523486588298e+02 2.844324042468621272e+01 8.857637311527499335e+00
3.090730530000000000e+08 1.971577718184156822e+02 2.843582964211093511e+01 8.858624280573275556e+00
3.091932610000000000e+08 1.971792878991971634e+02 2.843445873177627448e+01 8.859291993350582928e+00
3.093134400000000000e+08 1.971847609935414027e+02 2.842326117885217585e+01 8.857791919867672448e+00
3.094319510000000000e+08 1.971731772009585484e+02 2.842573450119946443e+01 8.859038591376281246e+00
3.095502620000000000e+08 1.971772271152605072e+02 2.842174465986890652e+01 8.859508766798088075e+00
3.096724270000000000e+08 1.971760476039717389e+02 2.841557901394519448e+01 8.856464439296775737e+00
3.097893080000000000e+08 1.971786525509775458e+02 2.841408810693739539e+01 8.858698807590965174e+00
3.099075840000000000e+08 1.971769319773557925e+02 2.841892954877847899e+01 8.853650443156801941e+00
3.100260510000000000e+08 1.972043647403557429e+02 2.841553409857882428e+01 8.851708514301222408e+00
3.101453550000000000e+08 1.972065136526383640e+02 2.842106343001944779e+01 8.851550432371034560e+00
3.102624340000000000e+08 1.971782288887896470e+02 2.841895203724007146e+01 8.847721962705996646e+00
3.103824620000000000e+08 1.971684142647164037e+02 2.842207289981741525e+01 8.845992070848364364e+00
3.104994620000000000e+08 1.971488687228807919e+02 2.842142131680175510e+01 8.843333340302688583e+00
3.106209740000000000e+08 1.971559164025943858e+02 2.842068544860494583e+01 8.844208878912445115e+00
3.107398880000000000e+08 1.971863513218202684e+02 2.841591212795338350e+01 8.843233974491733207e+00
3.108618380000000000e+08 1.971680719162550588e+02 2.841725506887787844e+01 8.840015280589183178e+00
3.109839710000000000e+08 1.971716952178232987e+02 2.841574073453715954e+01 8.840246369363736534e+00
3.111034440000000000e+08 1.971808152925828495e+02 2.842110406025583913e+01 8.837824768272470877e+00
3.112217520000000000e+08 1.971847539518201131e+02 2.841695305808465832e+01 8.834549407757112505e+00
3.113426910000000000e+08 1.971916564715774598e+02 2.841974206086754151e+01 8.835266385465089911e+00
3.114636150000000000e+08 1.971912020842680136e+02 2.841566767706012087e+01 8.833721509494298019e+00
3.115783210000000000e+08 1.971942469384927392e+02 2.841636368444671845e+01 8.832537377410421442e+00
3.116992840000000000e+08 1.971865982509577293e+02 2.842205247725615536e+01 8.829511058311819482e+00
3.118173430000000000e+08 1.971975934499561731e+02 2.841581859768802687e+01 8.828687060672798737e+00
3.119350210000000000e+08 1.971849951112263000e+02 2.840929821499725350e+01 8.826935415745637670e+00
3.120536280000000000e+08 1.971948159170067356e+02 2.841266198322787062e+01 8.823266940413478920e+00
3.121697370000000000e+08 1.971997483608301991e+02 2.841008437090941641e+01 8.823930114715567541e+00
3.122890420000000000e+08 1.972014777977853726e+02 2.840745733953793106e+01 8.819087438879956053e+00
3.124069020000000000e+08 1.971942417751126584e+02 2.840601681840242776e+01 8.816621691708471431e+00
3.125244670000000000e+08 1.971943185696473222e+02 2.840676022884241902e+01 8.812951844384874889e+00
3.126461480000000000e+08 1.971933859646924816e+02 2.840452649477673930e+01 8.811601162103139373e+00
3.127651410000000000e+08 1.972180728663010996e+02 2.840957282405200246e+01 8.810281437160362827e+00
3.128848200000000000e+08 1.972099609832113742e+02 2.840475654050516496e+01 8.810546598033766941e+00
3.130054390000000000e+08 1.972110068113339878e+02 2.840675579738234902e+01 8.810802397761042570e+00
3.131257810000000000e+08 1.972008300247437944e+02 2.841074403374810942e+01 8.810758835413613710e+00
3.132433280000000000e+08 1.972121301747695554e+02 2.841054274903812882e+01 8.807684756548253446e+00
3.133630780000000000e+08 1.972242779667553521e+02 2.841021971278980018e+01 8.809275763765974432e+00
3.134802960000000000e+08 1.972230339297287287e+02 2.841017269336887807e+01 8.809446164676979052e+00
3.136024130000000000e+08 1.972031161393780110e+02 2.841036118364036156e+01 8.811298340016355368e+00
3.137210020000000000e+08 1.972100410140998292e+02 2.841591313210387071e+01 8.812271174920635275e+00
3.138408330000000000e+08 1.972268633200355055e+02 2.841846365818620512e+01 8.815759038214212140e+00
3.139572520000000000e+08 1.972277881636333632e+02 2.841795648710391831e+01 8.813811613217144014e+00
3.140797590000000000e+08 1.972130068129794722e+02 2.842555682316642418e+01 8.811993279943312274e+00
3.141959050000000000e+08 1.972053588209927852e+02 2.842416424683184673e+01 8.812952139637159732e+00
3.143131340000000000e+08 1.972015164353859404e+02 2.842587649145978901e+01 8.809712375509288762e+00
3.144316330000000000e+08 1.971867567641855885e+02 2.842993333635678255e+01 8.810855752922163830e+00
3.145501950000000000e+08 1.971795120619524653e+02 2.843281169850343204e+01 8.809015187264272129e+00
3.146683130000000000e+08 1.971926903812934313e+02 2.842960772648751089e+01 8.810890000489939311e+00
3.147890550000000000e+08 1.971771177857023645e+02 2.843249330987819334e+01 8.810176314284818844e+00
3.149079860000000000e+08 1.971895451692130621e+02 2.843241340818834928e+01 8.810042736196590951e+00
3.150282480000000000e+08 1.971802807284025221e+02 2.842560873044137182e+01 8.810257093727333455e+00
3.151454990000000000e+08 1.971880863294891242e+02 2.842549254948385240e+01 8.810915049614862937e+00
3.152673980000000000e+08 1.971863162200411352e+02 2.842824686651053412e+01 8.810509091508027524e+00
3.153873170000000000e+08 1.971865792159003945e+02 2.842306441807576078e+01 8.812410471452910343e+00
3.155061610000000000e+08 1.971936906215598810e+02 2.842917019138378976e+01 8.816737422267234336e+00
3.156271560000000000e+08 1.971959189879848964e+02 2.842717374082691251e+01 8.816365031850267542e+00
3.157449050000000000e+08 1.972122740132120668e+02 2.842620800823957339e+01 8.813332905886181123e+00
3.158658530000000000e+08 1.972102459397759162e+02 2.842750021660523529e+01 8.811491965134738535e+00
3.159862310000000000e+08 1.972264572346066984e+02 2.842601634001462685e+01 8.810189095047718411e+00
3.161070890000000000e+08 1.972092762381428201e+02 2.842851915759545633e+01 8.810565856112525296e+00
3.162267980000000000e+08 1.971976095795682227e+02 2.843206917566032033e+01 8.813976835974495216e+00
3.163441520000000000e+08 1.971917251447701176e+02 2.844055683689662928e+01 8.812153165838982005e+00
3.164623100000000000e+08 1.972046487760430580e+02 2.844177355662734996e+01 8.810348020528671498e+00
3.165787620000000000e+08 1.972021401884991860e+02 2.845115860922632933e+01 8.808000133991757963e+00
3.167001010000000000e+08 1.972005626111670153e+02 2.845339942866802829e+01 8.810394889352965109e+00
3.168211760000000000e+08 1.972046032357835657e+02 2.845385832089420219e+01 8.808330288698059007e+00
3.169399020000000000e+08 1.972014906788063513e+02 2.845388652438222366e+01 8.810664759407501379e+00
3.170589210000000000e+08 1.971839789191130876e+02 2.845580332914704869e+01 8.815653130046719355e+00
3.171772800000000000e+08 1.971673636188095600e+02 2.846112565660904892e+01 8.814544331114378295e+00
3.172985000000000000e+08 1.971621186371864951e+02 2.846348414148837946e+01 8.812901767991069946e+00
3.174187920000000000e+08 1.971671496194194901e+02 2.846508544209761382e+01 8.812524355543644106e+00
3.175398330000000000e+08 1.971690916737647683e+02 2.846815134773752476e+01 8.816810889823164743e+00
3.176595030000000000e+08 1.971779765920082355e+02 2.846873926605893601e+01 8.813932087490229605e+00
3.177795870000000000e+08 1.971762395581280600e+02 2.846738079703456137e+01 8.814147409905197961e+00
3.178996720000000000e+08 1.971761928737132052e+02 2.847133210254535030e+01 8.813366428412551912e+00
3.180160980000000000e+08 1.971764665729219530e+02 2.846915455182528376e+01 8.813960559479223633e+00
3.181373030000000000e+08 1.971743946250952035e+02 2.846792978691805942e+01 8.814537582119534420e+00
3.182585310000000000e+08 1.971873036245298465e+02 2.846594071595001907e+01 8.815087310889596850e+00
3.183752340000000000e+08 1.972016225436566401e+02 2.846594026621599127e+01 8.816582675275313363e+00
3.184939200000000000e+08 1.971994356857956063e+02 2.846661178899396916e+01 8.815443282449690443e+00
3.186110810000000000e+08 1.971927237418223910e+02 2.846984871176176313e+01 8.816371451240790691e+00
3.187291680000000000e+08 1.971910999929239665e+02 2.847018714060813593e+01 8.813321051165869946e+00
3.188491600000000000e+08 1.971791914018184286e+02 2.846841375646057415e+01 8.814872846944126650e+00
3.189707490000000000e+08 1.971739943771890466e+02 2.846540724126423783e+01 8.815300647105651421e+00
3.190867140000000000e+08 1.971645249152397810e+02 2.846217496823918225e+01 8.812654304448480858e+00
3.192042750000000000e+08 1.971586646509125273e+02 2.845886558941302624e+01 8.812926126134144056e+00
3.193243890000000000e+08 1.971513713167339290e+02 2.845456729489252012e+01 8.811268124886543873e+00
3.194413680000000000e+08 1.971632275154788942e+02 2.845406461820447674e+01 8.809425884591526312e+00
3.195587040000000000e+08 1.971682920085528963e+02 2.845250951364254277e+01 8.806326712597369877e+00
3.196807880000000000e+08 1.971563477211010422e+02 2.844323705215687070e+01 8.805909563940303997e+00
3.197975510000000000e+08 1.971711832364585462e+02 2.844262638144668287e+01 8.805222794131218222e+00
3.199176040000000000e+08 1.971760984329521307e+02 2.844371198874934592e+01 8.805069646410753847e+00
3.200347660000000000e+08 1.971993859380832248e+02 2.844900541428372165e+01 8.802921919958565766e+00
3.201547410000000000e+08 1.971894844959395812e+02 2.845030336772748214e+01 8.801508156508900171e+00
3.202735080000000000e+08 1.971877267376434304e+02 2.844670607177596011e+01 8.801508399991666565e+00
3.203917780000000000e+08 1.971920972895454440e+02 2.845506968470074938e+01 8.801539736050228768e+00
3.205114840000000000e+08 1.971911660286736492e+02 2.845770052903841218e+01 8.802234893295040052e+00
3.206304120000000000e+08 1.972094971843558255e+02 2.845627872489216514e+01 8.801120008385815652e+00
3.207468930000000000e+08 1.972059710503741030e+02 2.845982944222529554e+01 8.799360373079535336e+00
3.208688000000000000e+08 1.972152480108456700e+02 2.845920096080938322e+01 8.802286647187072433e+00
3.209887750000000000e+08 1.972150230801696296e+02 2.845599410383193018e+01 8.803470853672509477e+00
3.211090610000000000e+08 1.972078338086269866e+02 2.844991143180456206e+01 8.802342089989268814e+00
3.212267890000000000e+08 1.972130981457175949e+02 2.845106306754883718e+01 8.802443236027089668e+00
3.213455710000000000e+08 1.972172489410079947e+02 2.845324271842889985e+01 8.799097701599613686e+00
3.214667590000000000e+08 1.972083958951378975e+02 2.844876229113905808e+01 8.798287073166246586e+00
3.215864310000000000e+08 1.972045569385170154e+02 2.845376966276412745e+01 8.796055683363560362e+00
3.217060100000000000e+08 1.972058024178483322e+02 2.845631850799287932e+01 8.797690594256426522e+00
3.218262920000000000e+08 1.972034749617268687e+02 2.845218484773424450e+01 8.797461612491124683e+00
3.219453370000000000e+08 1.971991737966661162e+02 2.844722432548792312e+01 8.798971843200851239e+00
3.220652760000000000e+08 1.971976441474582202e+02 2.844403374297505849e+01 8.796058090968166709e+00
3.221873390000000000e+08 1.971975546524937499e+02 2.843913365917082459e+01 8.798671006441724174e+00
3.223057320000000000e+08 1.971966364075302920e+02 2.845011009515586409e+01 8.797444284062445163e+00
3.224250330000000000e+08 1.971951070550214240e+02 2.845502365970477143e+01 8.797774201427197127e+00
3.225457500000000000e+08 1.972020892194855435e+02 2.845219326098995793e+01 8.797095552814790054e+00
3.226654690000000000e+08 1.972131941927850676e+02 2.844785213955831082e+01 8.796849103293336469e+00
3.227870830000000000e+08 1.972178576904137799e+02 2.844659438198574009e+01 8.792572265846210655e+00
3.229062420000000000e+08 1.972023215087210417e+02 2.844586929538343156e+01 8.794571904690760888e+00
3.230245990000000000e+08 1.972073522945091781e+02 2.844205160276062117e+01 8.791015898986890065e+00
3.231446250000000000e+08 1.972056866773006902e+02 2.844373384083304401e+01 8.791908354217381927e+00
3.232646160000000000e+08 1.972087650590671046e+02 2.844568875858811907e+01 8.791616720595547108e+00
3.233819640000000000e+08 1.972062677015370582e+02 2.844146214872356637e+01 8.793364668521190808e+00
3.235009700000000000e+08 1.972074756571161629e+02 2.843376381370729078e+01 8.793232255484522142e+00
3.236241780000000000e+08 1.972087268526164507e+02 2.842728851360836728e+01 8.795563801385096525e+00
3.237429570000000000e+08 1.972127288763018100e+02 2.842190427968018085e+01 8.794950014567184837e+00
3.238640150000000000e+08 1.971999312164282685e+02 2.841940728385632298e+01 8.795513695516063990e+00
3.239865500000000000e+08 1.972121180248110477e+02 2.842282636922862693e+01 8.791536866894231750e+00
3.241052890000000000e+08 1.972008693094596481e+02 2.843169252963110338e+01 8.789770824820033468e+00
3.242247370000000000e+08 1.971911720269292800e+02 2.843348360210511672e+01 8.787746468580001746e+00
3.243461690000000000e+08 1.971928893271185075e+02 2.843536005023151958e+01 8.786319373971846147e+00
3.244686350000000000e+08 1.971817615208778136e+02 2.843428067537540471e+01 8.784871594409453976e+00
3.245873600000000000e+08 1.971690543397657507e+02 2.843351153191568770e+01 8.784958413147570866e+00
3.247057810000000000e+08 1.971574308652810714e+02 2.843399544918545629e+01 8.784162697915059326e+00
3.248240690000000000e+08 1.971589934813983405e+02 2.843004551179162576e+01 8.784015502473133452e+00
3.249435350000000000e+08 1.971500491437093672e+02 2.842927052046329450e+01 8.782667819122492503e+00
3.250639690000000000e+08 1.971606355494262743e+02 2.843535287725786986e+01 8.780584148659276167e+00
3.251851900000000000e+08 1.971661160950432077e+02 2.843520791256859326e+01 8.777450353215238366e+00
3.253029440000000000e+08 1.971590027861885801e+02 2.843139233346784067e+01 8.777009966634107485e+00
3.254220170000000000e+08 1.971473901105163407e+02 2.842530917014513037e+01 8.774721335838284730e+00
3.255374310000000000e+08 1.971505473528185064e+02 2.842011849356624964e+01 8.774413842222370974e+00
3.256565370000000000e+08 1.971650626154824977e+02 2.842109720272331685e+01 8.774356921202169701e+00
3.257753220000000000e+08 1.971556594896137256e+02 2.842257373889085059e+01 8.771684397547835133e+00
3.258939260000000000e+08 1.971599616822076655e+02 2.842431095940546726e+01 8.771663684839406727e+00
3.260119790000000000e+08 1.971521537133941990e+02 2.842357488955534350e+01 8.772649824901877835e+00
3.261281380000000000e+08 1.971321792617124800e+02 2.842238753453257161e+01 8.771486544316973166e+00
3.262490850000000000e+08 1.971347595594122026e+02 2.842443985875020829e+01 8.772569348161141534e+00
3.263689300000000000e+08 1.971385028205223193e+02 2.842703617870592581e+01 8.775883881711809664e+00
3.264850650000000000e+08 1.971597776898577763e+02 2.842801197000806468e+01 8.775306012995853777e+00
3.266011880000000000e+08 1.971653696445914647e+02 2.842572995044782047e+01 8.778315458899026424e+00
3.267212000000000000e+08 1.971733650948649483e+02 2.842655106586416380e+01 8.775184900558206991e+00
3.268401660000000000e+08 1.971776198327784186e+02 2.842613616606325166e+01 8.776393849817724302e+00
3.269606260000000000e+08 1.971814201363962411e+02 2.842839251777548526e+01 8.778100226807250550e+00
3.270792410000000000e+08 1.971892693498727169e+02 2.843299898224276134e+01 8.776575326709897595e+00
3.271982570000000000e+08 1.971864551953238731e+02 2.843188046999147645e+01 8.775280593823529429e+00
3.273210810000000000e+08 1.971839717302373174e+02 2.842821971279245830e+01 8.773656281306708493e+00
3.274398370000000000e+08 1.971910308223780532e+02 2.842992594041033172e+01 8.774970091858055099e+00
3.275584890000000000e+08 1.971838415365894832e+02 2.842738783717204853e+01 8.774700246766153455e+00
3.276800900000000000e+08 1.971818004598069933e+02 2.842571486939100822e+01 8.770756071663381448e+00
3.277993980000000000e+08 1.971892899592300807e+02 2.843008491080293609e+01 8.770423344102804109e+00
3.279199850000000000e+08 1.972123730308715324e+02 2.843451767846466538e+01 8.768357119374787345e+00
3.280422100000000000e+08 1.972125293390744503e+02 2.842903488376807530e+01 8.764951488941619573e+00
3.281614440000000000e+08 1.972122774255799129e+02 2.842719201306575272e+01 8.764248165091760967e+00
3.282817740000000000e+08 1.972057417694534536e+02 2.842998693743028582e+01 8.766779918169669727e+00
3.284022990000000000e+08 1.972075430092299086e+02 2.842819211113594235e+01 8.768430449822126604e+00
3.285220030000000000e+08 1.972202640401892211e+02 2.843084778822782610e+01 8.768929217284696875e+00
3.286392720000000000e+08 1.972141813476644927e+02 2.843112785431423362e+01 8.772763874407885965e+00
3.287553080000000000e+08 1.972004713607077520e+02 2.843121119394892204e+01 8.773360000389029523e+00
3.288758360000000000e+08 1.971915814573564489e+02 2.843620908555375593e+01 8.772394709930710022e+00
3.289944760000000000e+08 1.971993280665413977e+02 2.843721488737896408e+01 8.771466178932394442e+00
3.291160280000000000e+08 1.972104433583701564e+02 2.844141446894207448e+01 8.771679616169434368e+00
3.292352540000000000e+08 1.972186452460575765e+02 2.844317311450986452e+01 8.773830035362788493e+00
3.293559180000000000e+08 1.972024941621458254e+02 2.844371350043420676e+01 8.776222506295358272e+00
3.294729880000000000e+08 1.971981062795649677e+02 2.844268147317243844e+01 8.775878054983664356e+00
3.295942670000000000e+08 1.971920126077046405e+02 2.844945227282777012e+01 8.775921608652001993e+00
3.297147980000000000e+08 1.971922810692603036e+02 2.845597555426614278e+01 8.775516517877987255e+00
3.298364940000000000e+08 1.971955182288957360e+02 2.845209320250048535e+01 8.777071733074713222e+00
3.299587300000000000e+08 1.972041018018016132e+02 2.845197376734934736e+01 8.777976198315649015e+00
3.300775430000000000e+08 1.972008071100796656e+02 2.845550293407729114e+01 8.779750634153838718e+00
3.301978130000000000e+08 1.972050951909670573e+02 2.845534180795857893e+01 8.779238775497958613e+00
3.303138880000000000e+08 1.972060509633294316e+02 2.845848495559352997e+01 8.779267173914639955e+00
3.304315200000000000e+08 1.971940348742219840e+02 2.846026687155060841e+01 8.780127021681552790e+00
3.305482680000000000e+08 1.972099552669828313e+02 2.846139136693216187e+01 8.778357836821792048e+00
3.306676640000000000e+08 1.972142564307613668e+02 2.846005250975789380e+01 8.779397960136098078e+00
3.307863260000000000e+08 1.972139451203164526e+02 2.845632555901941174e+01 8.775161240480017000e+00
3.309023960000000000e+08 1.972206526694078548e+02 2.845374126968829742e+01 8.773754504332089255e+00
3.310212070000000000e+08 1.972231442735076428e+02 2.845477503851421730e+01 8.772897024427178891e+00
3.311388610000000000e+08 1.972259981606058830e+02 2.845454822887102253e+01 8.772274270266521512e+00
3.312559050000000000e+08 1.972258900379277691e+02 2.845361372954677037e+01 8.769234272676845521e+00
3.313713730000000000e+08 1.972108675196016634e+02 2.845179375312861936e+01 8.765731490466190934e+00
3.314905810000000000e+08 1.972159138323029026e+02 2.845028665696370496e+01 8.766672774406483626e+00
3.316096000000000000e+08 1.972127812270293248e+02 2.845040517292734705e+01 8.764139189888506820e+00
3.317308010000000000e+08 1.972226476878403219e+02 2.844962176609359261e+01 8.762324943360969343e+00
3.318448990000000000e+08 1.972193419185832681e+02 2.845132664354903085e+01 8.762065067559539955e+00
3.319667570000000000e+08 1.972235232233889519e+02 2.844656843066050556e+01 8.759834010580748398e+00
3.320868110000000000e+08 1.972091774773307691e+02 2.844150146407618607e+01 8.762626852567086289e+00
3.322099380000000000e+08 1.972029912583747659e+02 2.844086563662762401e+01 8.761127847532133472e+00
3.323279490000000000e+08 1.972105545338622221e+02 2.843609366610550993e+01 8.757338051914647536e+00
3.324459150000000000e+08 1.972009081836574751e+02 2.843590609174213313e+01 8.756761520784241526e+00
3.325630200000000000e+08 1.971856231552734471e+02 2.843656355869146424e+01 8.752693419670638519e+00
3.326844920000000000e+08 1.971888392554448330e+02 2.843845047492315814e+01 8.749346074336200374e+00
3.328019840000000000e+08 1.972005186349405506e+02 2.843425876567948407e+01 8.745229207213187195e+00
3.329245610000000000e+08 1.971924696077658155e+02 2.843240422825872216e+01 8.746329108020090004e+00
3.330453580000000000e+08 1.971925227094965862e+02 2.843575527308158968e+01 8.745629734852581549e+00
3.331645790000000000e+08 1.971856034906336390e+02 2.843260540158444272e+01 8.742385475623050795e+00
3.332808930000000000e+08 1.971798449984872263e+02 2.843043987406443307e+01 8.739880649247600886e+00
3.333986320000000000e+08 1.971681387093781836e+02 2.842517154082144515e+01 8.737198087791297141e+00
3.335168850000000000e+08 1.971732974052039253e+02 2.842172153227365783e+01 8.737670710917198491e+00
3.336364040000000000e+08 1.971802188584586872e+02 2.842036676723223465e+01 8.734518939945925098e+00
3.337568820000000000e+08 1.971811861126881524e+02 2.841508123316496892e+01 8.732331146456699500e+00
3.338758930000000000e+08 1.971957687837838762e+02 2.841297565709834316e+01 8.735928234807349924e+00
3.339962190000000000e+08 1.972034518043529090e+02 2.841191069512278844e+01 8.734270660868070024e+00
3.341163740000000000e+08 1.971938909428539546e+02 2.841279537488952656e+01 8.734532187930302172e+00
3.342350730000000000e+08 1.971928973856205403e+02 2.841189561719768975e+01 8.733437935484220205e+00
3.343572110000000000e+08 1.971700713381907519e+02 2.841391992175828918e+01 8.732265173102311095e+00
3.344749480000000000e+08 1.971671413163757620e+02 2.841610664500321448e+01 8.729902512693652028e+00
3.345956420000000000e+08 1.971658215919363784e+02 2.841030780934243438e+01 8.726027703621172193e+00
3.347176950000000000e+08 1.971665610890908624e+02 2.840740684846850428e+01 8.724919226313964771e+00
3.348382890000000000e+08 1.971492198838260492e+02 2.840127991226967197e+01 8.721367003281770280e+00
3.349503910000000000e+08 1.971510333684375098e+02 2.840057198945040540e+01 8.719925196678264712e+00
3.350703940000000000e+08 1.971425463472129422e+02 2.839653721172909684e+01 8.718426982102604583e+00
3.351880450000000000e+08 1.971227001733772966e+02 2.839412873250076075e+01 8.718861167075830920e+00
3.353066180000000000e+08 1.971242334228707591e+02 2.839409371166413010e+01 8.718584862924968704e+00
3.354290920000000000e+08 1.971290761910921390e+02 2.838817035356473184e+01 8.718633924718471206e+00
3.355477570000000000e+08 1.971374124390890188e+02 2.839075863841638991e+01 8.715737946958890703e+00
3.356677040000000000e+08 1.971495397817434707e+02 2.839076152711031398e+01 8.713319865398037933e+00
3.357905200000000000e+08 1.971383368690918303e+02 2.838611637075088723e+01 8.709994021382364338e+00
3.359103670000000000e+08 1.971432733753079560e+02 2.838592759156633605e+01 8.705406648226770017e+00
3.360300450000000000e+08 1.971249432410390625e+02 2.838768632132767422e+01 8.704772919163925593e+00
3.361460400000000000e+08 1.971287375342095061e+02 2.838513376134037713e+01 8.702795764106657117e+00
3.362656340000000000e+08 1.971157718573486761e+02 2.838131813184306651e+01 8.704351217293783805e+00
3.363838300000000000e+08 1.971295720911539320e+02 2.838227426024235811e+01 8.706421151971637684e+00
3.365057210000000000e+08 1.971365883013310167e+02 2.838606548870094670e+01 8.704921886305424295e+00
3.366263030000000000e+08 1.971440264911555289e+02 2.838532531776807843e+01 8.701983994380213971e+00
3.367430500000000000e+08 1.971488824211000690e+02 2.838691769525586750e+01 8.702548123004635983e+00
3.368621410000000000e+08 1.971493157647240082e+02 2.838819544182218735e+01 8.704455318858597579e+00
3.369843790000000000e+08 1.971443219475657429e+02 2.838847351325446411e+01 8.704370759420422488e+00
3.371050540000000000e+08 1.971483555545314914e+02 2.838398446968770017e+01 8.703176941271138389e+00
3.372255570000000000e+08 1.971527369667157643e+02 2.838452689171742094e+01 8.702465525407781399e+00
3.373442730000000000e+08 1.971402456475836402e+02 2.839054387996781514e+01 8.704710868090698384e+00
3.374607390000000000e+08 1.971439265728321857e+02 2.838653327322005282e+01 8.705731331893913350e+00
3.375792670000000000e+08 1.971499876192593774e+02 2.838175209097365226e+01 8.703732183027492297e+00
3.376985990000000000e+08 1.971297787538448461e+02 2.837875375222074581e+01 8.703143935159934230e+00
3.378170380000000000e+08 1.971490545905886336e+02 2.837828026217051303e+01 8.702250253542095138e+00
3.379374210000000000e+08 1.971416486603366991e+02 2.838005724843246824e+01 8.701613750781231005e+00
3.380547430000000000e+08 1.971588394316353003e+02 2.837767197810289943e+01 8.702547179951066525e+00
3.381742370000000000e+08 1.971721863563688260e+02 2.837306205558020622e+01 8.701171404439719481e+00
3.382904550000000000e+08 1.971755863697009374e+02 2.837753633695284705e+01 8.700365477415752835e+00
3.384094320000000000e+08 1.971700339604358021e+02 2.837697939717567053e+01 8.701491754131968293e+00
3.385243900000000000e+08 1.971727223572226535e+02 2.837331858342174584e+01 8.701417599287982085e+00
3.386419740000000000e+08 1.971702143162502239e+02 2.837426940278330179e+01 8.699681443147452953e+00
3.387571770000000000e+08 1.971543915212535296e+02 2.837153375912549080e+01 8.696784100759995084e+00
3.388777190000000000e+08 1.971448193376874372e+02 2.837501759627631870e+01 8.696906899470455699e+00
3.390005890000000000e+08 1.971474714732632378e+02 2.837246906771085619e+01 8.697928625028225724e+00
3.391193840000000000e+08 1.971566198101392047e+02 2.837094778469947087e+01 8.699775639469759625e+00
3.392396370000000000e+08 1.971657597228446548e+02 2.837644959562904035e+01 8.700558677661106799e+00
3.393575640000000000e+08 1.971600447567114145e+02 2.837959552660463558e+01 8.696541187695469688e+00
3.394768680000000000e+08 1.971514089641077874e+02 2.838433658098992751e+01 8.695478051807244313e+00
3.395951190000000000e+08 1.971600351187771878e+02 2.837659767336619865e+01 8.695803257763314420e+00
3.397110750000000000e+08 1.971582836205863316e+02 2.837495518553958362e+01 8.693542375564277336e+00
3.398285300000000000e+08 1.971646583804779596e+02 2.837381044629703197e+01 8.695436147116479830e+00
3.399490980000000000e+08 1.971596924978557581e+02 2.837381588342336158e+01 8.697360615996890587e+00
3.400670630000000000e+08 1.971587026866785664e+02 2.837786516831960881e+01 8.694764998881746365e+00
3.401890030000000000e+08 1.971682258322071846e+02 2.837358794103656123e+01 8.692247449806924209e+00
3.403082520000000000e+08 1.971780162277031252e+02 2.837797814412508757e+01 8.690980820551217789e+00
3.404265860000000000e+08 1.971845366132528170e+02 2.837653006395248667e+01 8.688576790701661778e+00
3.405458620000000000e+08 1.971842454461589114e+02 2.837085967377375439e+01 8.689416037899338363e+00
3.406651730000000000e+08 1.971755333488892177e+02 2.837082569796689313e+01 8.690785818108555105e+00
3.407837360000000000e+08 1.971737418843859757e+02 2.836252067870622895e+01 8.690075378005431617e+00
3.409040640000000000e+08 1.971700775052839276e+02 2.836282606413186258e+01 8.688459794979925377e+00
3.410230920000000000e+08 1.971786266428247529e+02 2.836229900678826610e+01 8.686568479294333400e+00
3.411410080000000000e+08 1.971657047117669777e+02 2.836473250719260264e+01 8.686089737487298734e+00
3.412607230000000000e+08 1.971523707832058960e+02 2.835821101078703066e+01 8.686541159674122881e+00
3.413789780000000000e+08 1.971593690430369463e+02 2.835777937656471082e+01 8.686818152154677009e+00
3.414985440000000000e+08 1.971730183674427792e+02 2.836161561126855801e+01 8.686448381628920856e+00
3.416176200000000000e+08 1.971793959709303579e+02 2.836564334749497363e+01 8.689395708200617463e+00
3.417372330000000000e+08 1.971916540265779076e+02 2.836393136092756251e+01 8.687904711913697398e+00
3.418579320000000000e+08 1.971740197514386637e+02 2.835921210580018226e+01 8.685721091399102534e+00
3.419747220000000000e+08 1.971805425637851101e+02 2.836010848378782256e+01 8.684239007341094663e+00
3.420959200000000000e+08 1.971906503964459603e+02 2.836574225331610322e+01 8.683808267073546361e+00
3.422141740000000000e+08 1.971846014771190596e+02 2.836547694225923877e+01 8.681377317339997290e+00
3.423313670000000000e+08 1.971848371828509983e+02 2.836443629169809455e+01 8.681226912316493127e+00
3.424506430000000000e+08 1.971619227858665226e+02 2.836086552846935760e+01 8.680499961665688602e+00
3.425703050000000000e+08 1.971796721902892386e+02 2.836259161177367005e+01 8.678429158111375941e+00
3.426889950000000000e+08 1.971891571454524978e+02 2.836310654353649596e+01 8.676571464673511258e+00
3.428067170000000000e+08 1.971893934054260171e+02 2.835773066752889804e+01 8.673393718953862574e+00
3.429245430000000000e+08 1.971941631258215466e+02 2.835223217749755520e+01 8.670712889225224984e+00
3.430399610000000000e+08 1.971905783832824284e+02 2.834707471685821289e+01 8.666778139809572679e+00
3.431581320000000000e+08 1.972061658956344559e+02 2.834453745467815722e+01 8.662094563712830819e+00
3.432775750000000000e+08 1.972044965181118528e+02 2.834262675716044200e+01 8.658377547181473233e+00
3.433946010000000000e+08 1.971906214101113335e+02 2.833892518791016712e+01 8.657289123929320596e+00
3.435138530000000000e+08 1.971833071115927396e+02 2.833670266304235952e+01 8.656625981669197500e+00
3.436335830000000000e+08 1.971769942295102851e+02 2.833907355463657396e+01 8.653701566381540644e+00
3.437536840000000000e+08 1.971722023669914563e+02 2.834021552803341848e+01 8.652237266978284325e+00
3.438724570000000000e+08 1.971609073239989698e+02 2.834073511750674257e+01 8.647829001678919880e+00
3.439900780000000000e+08 1.971673281894135812e+02 2.834603800985089705e+01 8.649831198627573769e+00
3.441106490000000000e+08 1.971653287449741754e+02 2.835027847727431904e+01 8.648526271899813267e+00
3.442316780000000000e+08 1.971586603073074571e+02 2.835247435151001127e+01 8.646913569080048489e+00
3.443514200000000000e+08 1.971769741957865847e+02 2.835160991060610769e+01 8.644429243782958849e+00
3.444672960000000000e+08 1.971751905708354968e+02 2.835437730719008798e+01 8.642120602145624275e+00
3.445870710000000000e+08 1.971929239821403428e+02 2.835076859314854403e+01 8.641350942894820975e+00
3.447079320000000000e+08 1.971669717768272392e+02 2.834797909577194019e+01 8.637316580716934311e+00
3.448262360000000000e+08 1.971540739328463587e+02 2.834443500398352711e+01 8.634728262251035957e+00
3.449437590000000000e+08 1.971522421881120692e+02 2.834420610132863061e+01 8.634406202313233081e+00
3.450622110000000000e+08 1.971350037186097666e+02 2.834396941531229430e+01 8.629831629901259404e+00
3.451837040000000000e+08 1.971256348770525051e+02 2.834438108839846393e+01 8.624733240013146229e+00
3.453038980000000000e+08 1.971304303851628390e+02 2.833482071917715217e+01 8.622014762188936032e+00
3.454214970000000000e+08 1.971417305732960017e+02 2.833469976289394410e+01 8.620793388315881600e+00
3.455427510000000000e+08 1.971495167695952375e+02 2.833560481336986214e+01 8.619576407044132083e+00
3.456591280000000000e+08 1.971568852545752577e+02 2.833690785766307840e+01 8.619557886595931251e+00
3.457770650000000000e+08 1.971523365242097725e+02 2.833729700798738804e+01 8.619572571003750738e+00
3.458978570000000000e+08 1.971519815300507332e+02 2.833280709832789057e+01 8.615317099737898943e+00
3.460158530000000000e+08 1.971587249123955132e+02 2.833271117063773303e+01 8.610650151880848924e+00
3.461345250000000000e+08 1.971554518577439410e+02 2.833257306536106412e+01 8.609911986735445666e+00
3.462548100000000000e+08 1.971461368657393507e+02 2.832993593912210173e+01 8.605917651959810399e+00
3.463714760000000000e+08 1.971262309639484442e+02 2.833227007909445661e+01 8.604784727562915236e+00
3.464905120000000000e+08 1.971117598686965664e+02 2.832688473095361559e+01 8.603529214819550575e+00
3.466092360000000000e+08 1.971123140463966763e+02 2.833073632474081904e+01 8.602901077549418574e+00
3.467287370000000000e+08 1.971168676684679326e+02 2.832842008659117283e+01 8.602515296889624352e+00
3.468482560000000000e+08 1.971192978509816385e+02 2.832943591012595164e+01 8.602784051564292156e+00
3.469671910000000000e+08 1.971361678778908413e+02 2.832905808756695620e+01 8.599751954129221332e+00
3.470879680000000000e+08 1.971221186956350380e+02 2.833100846109269710e+01 8.598583852746122247e+00
3.472075630000000000e+08 1.971300852523101810e+02 2.832691547162819390e+01 8.599204701015059626e+00
3.473256370000000000e+08 1.971264400099107377e+02 2.832739821310886441e+01 8.597433640847659930e+00
3.474456180000000000e+08 1.971247033098649979e+02 2.832998412468390370e+01 8.597030205273137327e+00
3.475635780000000000e+08 1.971270057428735072e+02 2.833337639564303601e+01 8.597412374348548880e+00
3.476832580000000000e+08 1.971419656409765366e+02 2.833827574341177069e+01 8.599856727887384977e+00
3.478006740000000000e+08 1.971387575260310427e+02 2.833120443784067533e+01 8.598440122027879440e+00
3.479201120000000000e+08 1.971461390006429610e+02 2.833462623984721418e+01 8.600103504209064553e+00
3.480390280000000000e+08 1.971364870996897309e+02 2.833089194758855456e+01 8.600183720265480503e+00
3.481579840000000000e+08 1.971260448562569536e+02 2.833435085055529612e+01 8.601743083571523840e+00
3.482778040000000000e+08 1.971231668761912488e+02 2.833288739856796568e+01 8.599718122135616483e+00
3.484004820000000000e+08 1.971231879579762278e+02 2.833026254869133354e+01 8.601405830880908709e+00
3.485212910000000000e+08 1.971274136232520107e+02 2.833496632054774977e+01 8.601046160443923227e+00
3.486423180000000000e+08 1.971167348732723781e+02 2.833606536954852118e+01 8.597381390676407165e+00
3.487629200000000000e+08 1.971266234959990129e+02 2.833619595000267211e+01 8.598638493850049969e+00
3.488836410000000000e+08 1.971180191265499104e+02 2.833396943798909007e+01 8.599085740210393070e+00
3.490012470000000000e+08 1.971285885645765461e+02 2.833557945744706785e+01 8.600343308568339395e+00
3.491214590000000000e+08 1.971249150899876668e+02 2.833214068352382142e+01 8.596779354972978737e+00
3.492386860000000000e+08 1.971313851855604184e+02 2.832751439506419544e+01 8.596441496629040557e+00
3.493578220000000000e+08 1.971235685859139437e+02 2.832770679842440131e+01 8.597299255245703264e+00
3.494762750000000000e+08 1.971129919966894306e+02 2.832679234775952537e+01 8.596852755681462455e+00
3.495938540000000000e+08 1.970954014056487438e+02 2.832608679622214609e+01 8.597133941305624916e+00
3.497135790000000000e+08 1.970838417294746137e+02 2.832884241907301615e+01 8.594583093126857420e+00
3.498348820000000000e+08 1.970790641854672174e+02 2.832600242950714531e+01 8.591939775327842810e+00
3.499558030000000000e+08 1.970851957179893645e+02 2.833343539609253270e+01 8.589946914920373544e+00
3.500731310000000000e+08 1.970962231980526838e+02 2.833468572230256299e+01 8.589288488713130221e+00
3.501923350000000000e+08 1.971048850111694719e+02 2.833380817280148634e+01 8.593400462058134792e+00
3.503121640000000000e+08 1.971141806037126400e+02 2.832967935003966886e+01 8.595200912664239468e+00
3.504288480000000000e+08 1.971072465432107208e+02 2.832645367365239153e+01 8.595288398697761068e+00
3.505506020000000000e+08 1.971100336692768451e+02 2.832912151235923659e+01 8.591777612462918157e+00
3.506694880000000000e+08 1.970962288106470623e+02 2.833091839470800721e+01 8.588932042249869170e+00
3.507922040000000000e+08 1.970963050325553638e+02 2.833252585335745977e+01 8.588735154858603948e+00
3.509100890000000000e+08 1.970785293663338962e+02 2.833333342261098053e+01 8.586879894398794733e+00
3.510303550000000000e+08 1.970808802972328806e+02 2.833695079039631892e+01 8.587334619402966496e+00
3.511530040000000000e+08 1.970724232666199498e+02 2.833113574906505860e+01 8.588167587485513010e+00
3.512689180000000000e+08 1.970699019766612423e+02 2.833203989812619739e+01 8.584523454550135213e+00
3.513896150000000000e+08 1.970615698713066877e+02 2.833054515740724710e+01 8.584548310386050929e+00
3.515089190000000000e+08 1.970504944141606813e+02 2.832527907369243181e+01 8.584858601409630197e+00
3.516285790000000000e+08 1.970502119011195532e+02 2.832360347381085930e+01 8.583575523168144983e+00
3.517477660000000000e+08 1.970518393576072640e+02 2.832747293643250330e+01 8.584133104634286582e+00
3.518684030000000000e+08 1.970516911400337676e+02 2.832884424980484184e+01 8.586106907780587605e+00
3.519887210000000000e+08 1.970301959875559419e+02 2.833384225263208123e+01 8.584830522454216961e+00
3.521050010000000000e+08 1.970168784646358517e+02 2.832999021461619549e+01 8.584497195831637839e+00
3.522207390000000000e+08 1.970090955116729390e+02 2.832725238677920032e+01 8.583498701964646926e+00
3.523371130000000000e+08 1.970202779716050259e+02 2.833009363088181232e+01 8.584193319578474757e+00
3.524524430000000000e+08 1.970023902618050613e+02 2.832909037393736895e+01 8.584179941849306772e+00
3.525718440000000000e+08 1.970158528360375385e+02 2.832887000738694638e+01 8.586098426287312790e+00
3.526932670000000000e+08 1.970069747866704688e+02 2.832441196105663650e+01 8.586432171524329249e+00
3.528137430000000000e+08 1.970114616415670525e+02 2.832189267104411101e+01 8.586517160118242842e+00
3.529335640000000000e+08 1.970235087965111518e+02 2.832262165717330404e+01 8.583982412686200547e+00
3.530527410000000000e+08 1.970367744794812097e+02 2.833006169710250788e+01 8.582662289729254823e+00
3.531691190000000000e+08 1.970559503816165829e+02 2.832998907121060483e+01 8.583985689268585517e+00
3.532871560000000000e+08 1.970482190187574929e+02 2.832870430315626109e+01 8.582675838069924623e+00
3.534088390000000000e+08 1.970525482903003649e+02 2.832907628886038509e+01 8.582389220306628985e+00
3.535287000000000000e+08 1.970697001061293463e+02 2.833446246000260516e+01 8.580510705114576808e+00
3.536447990000000000e+08 1.970691809782492498e+02 2.832917222360274678e+01 8.582793405382190599e+00
3.537654500000000000e+08 1.970580948395972314e+02 2.832300663768015525e+01 8.581610604007986254e+00
3.538865250000000000e+08 1.970622384611804137e+02 2.832249654720479271e+01 8.582909296124332954e+00
3.540037060000000000e+08 1.970601042605105420e+02 2.832149336465744938e+01 8.581469397262173615e+00
3.541212250000000000e+08 1.970769566405299997e+02 2.831584079619252137e+01 8.583834759758113719e+00
3.542414510000000000e+08 1.970696970997807966e+02 2.831688576396738100e+01 8.584832912268002048e+00
3.543612120000000000e+08 1.970804402164363296e+02 2.831532221487653089e+01 8.582318536659954589e+00
3.544835130000000000e+08 1.970837785953578702e+02 2.831307305920371675e+01 8.579404706955065407e+00
3.546004880000000000e+08 1.970830258329970093e+02 2.831219233816191760e+01 8.577416562923145804e+00
3.547206110000000000e+08 1.970775390754907619e+02 2.831100188295325282e+01 8.577179787863194349e+00
3.548431950000000000e+08 1.970864927668347661e+02 2.831525380514097634e+01 8.572481126158237430e+00
3.549628250000000000e+08 1.970734232300192446e+02 2.831402868049676158e+01 8.571091901186765227e+00
3.550810820000000000e+08 1.970566160738563042e+02 2.830990357375120325e+01 8.571829198652547888e+00
3.551992830000000000e+08 1.970564564544628183e+02 2.830856836090737616e+01 8.568794312169144334e+00
3.553169150000000000e+08 1.970527788297924587e+02 2.830856530046981590e+01 8.566154586937818394e+00
3.554356550000000000e+08 1.970386955786965473e+02 2.830323940477457967e+01 8.564622035666264566e+00
3.555558980000000000e+08 1.970447325813563566e+02 2.830375562226159758e+01 8.560721369897345667e+00
3.556750930000000000e+08 1.970355034077763321e+02 2.830458554914533664e+01 8.560987584428307429e+00
3.557931660000000000e+08 1.970271406932817513e+02 2.830575818139490707e+01 8.559402662422805008e+00
3.559140640000000000e+08 1.970364333839764868e+02 2.830772155359672126e+01 8.556016734156662196e+00
3.560366490000000000e+08 1.970348614589622400e+02 2.830464479197807393e+01 8.554807219936352070e+00
3.561576420000000000e+08 1.970353289167891830e+02 2.830381604864637524e+01 8.554365395603591438e+00
3.562772840000000000e+08 1.970132013808452029e+02 2.830615244496744509e+01 8.549840254125060213e+00
3.563972910000000000e+08 1.970234740832048317e+02 2.830756081956976544e+01 8.549643602725678804e+00
3.565160490000000000e+08 1.970277420828986692e+02 2.830293823374574913e+01 8.546396220670105848e+00
3.566347600000000000e+08 1.970342926258181251e+02 2.830024618615525611e+01 8.546255553097370949e+00
3.567559600000000000e+08 1.970511481226475325e+02 2.829670289973799413e+01 8.544583740213250067e+00
3.568762760000000000e+08 1.970646362854056122e+02 2.829284755950382646e+01 8.545634318065102875e+00
3.569959060000000000e+08 1.970622662997340342e+02 2.828642746198889668e+01 8.542421473915105423e+00
3.571133770000000000e+08 1.970664340698816375e+02 2.828375351883681077e+01 8.541703198715136836e+00
3.572328210000000000e+08 1.970672123377242428e+02 2.828007662774413333e+01 8.537797920091680481e+00
3.573527980000000000e+08 1.970710561582828575e+02 2.827886886597640981e+01 8.536999851612439016e+00
3.574726210000000000e+08 1.970722670189350083e+02 2.828203451301025950e+01 8.533598447902422279e+00
3.575887200000000000e+08 1.970773472302089147e+02 2.828320494964689047e+01 8.529701160391336856e+00
3.577071150000000000e+08 1.970626010823451395e+02 2.828409901802477577e+01 8.529637406097739571e+00
3.578259440000000000e+08 1.970680478269977698e+02 2.828378687875979480e+01 8.529957161097469154e+00
3.579450290000000000e+08 1.970569160353061307e+02 2.827779208118515797e+01 8.529455200214849597e+00
3.580604960000000000e+08 1.970686846946399271e+02 2.827502588623348956e+01 8.528036426739571851e+00
3.581776240000000000e+08 1.970628332901603130e+02 2.827068323722086518e+01 8.524304634436862926e+00
3.582972990000000000e+08 1.970529360842742506e+02 2.827240304435152041e+01 8.524867084853706700e+00
3.584148380000000000e+08 1.970418263263578922e+02 2.826624088119770661e+01 8.526540719340509611e+00
3.585308100000000000e+08 1.970282827338224081e+02 2.826397952388663271e+01 8.526545614016184160e+00
3.586526130000000000e+08 1.970267424943691026e+02 2.825965270124132189e+01 8.526720100563004223e+00
3.587721070000000000e+08 1.970391228379441202e+02 2.826160832172241300e+01 8.526724786493662833e+00
3.588898080000000000e+08 1.970407957558728356e+02 2.826085753459193484e+01 8.521712805464575879e+00
3.590104770000000000e+08 1.970345602728000358e+02 2.825726508044426666e+01 8.516249769997020991e+00
3.591313280000000000e+08 1.970389328822136576e+02 2.826380353468730888e+01 8.514965290646156149e+00
3.592499870000000000e+08 1.970403300301967136e+02 2.825966921026623879e+01 8.514422825506347436e+00
3.593680570000000000e+08 1.970338469041023757e+02 2.826401731364796888e+01 8.511627491932689082e+00
3.594854790000000000e+08 1.970272069006961431e+02 2.826469847217453690e+01 8.509077932730319205e+00
3.596042650000000000e+08 1.970240380237000863e+02 2.826490630296971673e+01 8.505787622955546468e+00
3.597266750000000000e+08 1.970309237452428306e+02 2.826761917052580131e+01 8.502654295104346005e+00
3.598485210000000000e+08 1.970409270085503692e+02 2.826734409816822691e+01 8.499199211793156294e+00
3.599659700000000000e+08 1.970559039122338447e+02 2.826469152705722010e+01 8.501250346737045049e+00
3.600850320000000000e+08 1.970490683635523510e+02 2.826484631177256901e+01 8.500754744991649403e+00
3.602039430000000000e+08 1.970537614623171123e+02 2.826334191788818018e+01 8.499221873008249162e+00
3.603260580000000000e+08 1.970572578418782825e+02 2.826432342667102660e+01 8.498184811301737085e+00
3.604458150000000000e+08 1.970497374013545482e+02 2.826242808564671094e+01 8.498540276207975808e+00
3.605681940000000000e+08 1.970520595209509054e+02 2.826294347978831567e+01 8.495925594127982095e+00
3.606870640000000000e+08 1.970475463940775001e+02 2.826259136491865931e+01 8.495426301439522376e+00
3.608083570000000000e+08 1.970416541435708382e+02 2.825779690101187214e+01 8.495564022022552564e+00
3.609280960000000000e+08 1.970302509126624386e+02 2.825901983552642704e+01 8.494307612837769028e+00
3.610453040000000000e+08 1.970285523292699281e+02 2.825825540321425322e+01 8.494668078054314009e+00
3.611628060000000000e+08 1.970338054475598710e+02 2.826370244831910838e+01 8.495163212131533470e+00
3.612840690000000000e+08 1.970107602252039953e+02 2.826329414043175348e+01 8.494661710686932210e+00
3.614042180000000000e+08 1.970097297048105531e+02 2.826265101306533012e+01 8.490267764312232401e+00
3.615224390000000000e+08 1.970162414779030087e+02 2.826337535908957932e+01 8.488270697231490303e+00
3.616433290000000000e+08 1.970161318922256157e+02 2.825782085442985192e+01 8.484544535199692206e+00
3.617649060000000000e+08 1.970225924172367513e+02 2.825823439999404840e+01 8.482592893881236051e+00
3.618850400000000000e+08 1.970291075529490854e+02 2.825714159605929154e+01 8.483578194582715781e+00
3.620041500000000000e+08 1.970033610400959958e+02 2.825632429737030904e+01 8.482487163351388304e+00
3.621241830000000000e+08 1.969981298932141840e+02 2.825916184045841106e+01 8.485275075088484442e+00
3.622444490000000000e+08 1.970088089166846999e+02 2.825870405988690237e+01 8.486178080690097048e+00
3.623612870000000000e+08 1.970081932531456346e+02 2.825848356351962209e+01 8.489702278892293563e+00
3.624806190000000000e+08 1.969989033103185534e+02 2.825975768275852928e+01 8.488099233394988730e+00
3.625939390000000000e+08 1.970162272351396098e+02 2.825924717103652739e+01 8.487291562365021136e+00
3.627133340000000000e+08 1.970259667123568192e+02 2.825937058863136642e+01 8.488376292335049200e+00
3.628295940000000000e+08 1.970257717325317230e+02 2.826020265338128823e+01 8.484707156385329796e+00
3.629508120000000000e+08 1.970144141619413745e+02 2.825766112229649707e+01 8.484873709799513719e+00
3.630677760000000000e+08 1.970159874724274687e+02 2.825671103665857231e+01 8.484566336645519513e+00
3.631901140000000000e+08 1.970080678930154079e+02 2.825386341772429333e+01 8.485254441649056290e+00
3.633067110000000000e+08 1.970062480446223105e+02 2.824961421685688023e+01 8.484819898126522375e+00
3.634252740000000000e+08 1.970056243285446271e+02 2.824755396889132086e+01 8.484757707710922858e+00
3.635438070000000000e+08 1.970128115308490067e+02 2.825000421507718684e+01 8.484975159513407306e+00
3.636621190000000000e+08 1.970081116765818763e+02 2.824948211492413108e+01 8.482634207095182788e+00
3.637816320000000000e+08 1.970187985431768425e+02 2.824691189398133417e+01 8.481965155412055424e+00
3.639025440000000000e+08 1.970230164594945563e+02 2.824618885265041968e+01 8.478431830757171994e+00
3.640218220000000000e+08 1.970446426579779029e+02 2.824231740101153676e+01 8.477963180114299391e+00
3.641409290000000000e+08 1.970441557289600780e+02 2.824154883113469339e+01 8.479162146615808027e+00
3.642627360000000000e+08 1.970504653427434789e+02 2.824215026326197986e+01 8.479267894494954660e+00
3.643838380000000000e+08 1.970460413764476186e+02 2.824275547660543140e+01 8.478075089971961020e+00
3.645030750000000000e+08 1.970662901460452190e+02 2.824248939591400287e+01 8.476100526818610703e+00
3.646227920000000000e+08 1.970752980080705186e+02 2.824240638090883238e+01 8.474457896870102758e+00
3.647414910000000000e+08 1.970826647969772409e+02 2.823876314779635521e+01 8.474849744296689025e+00
3.648632230000000000e+08 1.970826724050930352e+02 2.823957229873257901e+01 8.473695873687193014e+00
3.649824940000000000e+08 1.970766756740313497e+02 2.823971031737196569e+01 8.473870652905217682e+00
3.651015160000000000e+08 1.970896233246549798e+02 2.823747226444307046e+01 8.472927184257565969e+00
3.652181500000000000e+08 1.970855798328239530e+02 2.823500516066336630e+01 8.474374024127662608e+00
3.653361570000000000e+08 1.970861499511119632e+02 2.823482577643111213e+01 8.476445522669092014e+00
3.654541680000000000e+08 1.970863636877332397e+02 2.823965492569674041e+01 8.475024705793213542e+00
3.655753400000000000e+08 1.970739233352256861e+02 2.823701383660579367e+01 8.478322227914310005e+00
3.656930610000000000e+08 1.970736703685927864e+02 2.823259125702723082e+01 8.477357904484447815e+00
3.658113280000000000e+08 1.970847558505894312e+02 2.823142252414377396e+01 8.478214936960480230e+00
3.659321200000000000e+08 1.970776524047357725e+02 2.823371695262231285e+01 8.479486296661960409e+00
3.660501880000000000e+08 1.970588673932635402e+02 2.823172949489802974e+01 8.480219359094650855e+00
3.661712550000000000e+08 1.970588228570875629e+02 2.823122430049903642e+01 8.478072034118671496e+00
3.662889040000000000e+08 1.970495102737835680e+02 2.822775643939880297e+01 8.474594923142594993e+00
3.664079000000000000e+08 1.970527121315458317e+02 2.822723772705673895e+01 8.473914671627117201e+00
3.665273250000000000e+08 1.970569407528148815e+02 2.822542018127001029e+01 8.472823878442110157e+00
3.666432450000000000e+08 1.970430655422476320e+02 2.822505338619615500e+01 8.471122820372487539e+00
3.667612810000000000e+08 1.970446830071891497e+02 2.822310148136571684e+01 8.468894816338334408e+00
3.668792240000000000e+08 1.970478628152226008e+02 2.822800276520460372e+01 8.467537143127522370e+00
3.669972170000000000e+08 1.970475604865194441e+02 2.822875058199918641e+01 8.467718395365132267e+00
3.671128390000000000e+08 1.970457928983859688e+02 2.822783453859996783e+01 8.464181656998825076e+00
3.672296910000000000e+08 1.970427433640251422e+02 2.822812031117340936e+01 8.464042127598785825e+00
3.673479930000000000e+08 1.970469303761949789e+02 2.822963789202703921e+01 8.460471552246801252e+00
3.674621970000000000e+08 1.970648802013292880e+02 2.822695299932159330e+01 8.459726412371306736e+00
3.675815570000000000e+08 1.970604575756654810e+02 2.822378238805820416e+01 8.455696768683290898e+00
3.677016050000000000e+08 1.970665991003296540e+02 2.822556147327094678e+01 8.453405580991177004e+00
3.678227360000000000e+08 1.970450837467487020e+02 2.822734822054638215e+01 8.452438637673935773e+00
3.679409950000000000e+08 1.970516102501904925e+02 2.822849796103705344e+01 8.450177994165150253e+00
3.680573250000000000e+08 1.970604408759662078e+02 2.822863332102676992e+01 8.450326099557676329e+00
3.681784910000000000e+08 1.970499982531109708e+02 2.822589217562558872e+01 8.450015499227182758e+00
3.683002610000000000e+08 1.970536291079753823e+02 2.822132642053900042e+01 8.448076440403047727e+00
3.684173400000000000e+08 1.970519903970033226e+02 2.821967853571707252e+01 8.443828083887455094e+00
3.685380270000000000e+08 1.970517077301294364e+02 2.822104852643276018e+01 8.440898266460225230e+00
3.686561820000000000e+08 1.970377020066003411e+02 2.821432612212745283e+01 8.438726733030362581e+00
3.687742840000000000e+08 1.970402149752553669e+02 2.821437130564727624e+01 8.434249517343053171e+00
3.688975010000000000e+08 1.970319230925171894e+02 2.821247729414259453e+01 8.432975995881802689e+00
3.690181530000000000e+08 1.970317658853768421e+02 2.820901230838893881e+01 8.429498982710441624e+00
3.691373990000000000e+08 1.970444700119426500e+02 2.821057101166935510e+01 8.430357771386006505e+00
3.692579310000000000e+08 1.970374002593331966e+02 2.821051031420124389e+01 8.431711039586726741e+00
3.693774620000000000e+08 1.970378108146330476e+02 2.820930445257096153e+01 8.430674984685872175e+00
3.694948880000000000e+08 1.970332152459669430e+02 2.820782866040648074e+01 8.429893620158338763e+00
3.696169270000000000e+08 1.970279745038429553e+02 2.820334323382209618e+01 8.429072114126137549e+00
3.697344660000000000e+08 1.970395413889055760e+02 2.820313095225596101e+01 8.427261704873320269e+00
3.698552220000000000e+08 1.970394415011019191e+02 2.820153513910123522e+01 8.425470997467886747e+00
3.699740690000000000e+08 1.970337365853811491e+02 2.819744978556232340e+01 8.422843817682389655e+00
3.700922810000000000e+08 1.970425873019997880e+02 2.819481530818859127e+01 8.420193867311263958e+00
3.702122010000000000e+08 1.970386953200222422e+02 2.818979835975119386e+01 8.417145565896717585e+00
3.703322590000000000e+08 1.970469053408895377e+02 2.818521620819271689e+01 8.416938105019765359e+00
3.704521380000000000e+08 1.970563209843494406e+02 2.817849611189538450e+01 8.417533045164210748e+00
3.705726460000000000e+08 1.970478680373381621e+02 2.817958638000613547e+01 8.417091506446348959e+00
3.706918240000000000e+08 1.970408279681637396e+02 2.818314719539510804e+01 8.417492255256281197e+00
3.708130160000000000e+08 1.970328736438702606e+02 2.818279583443739611e+01 8.416888036863930722e+00
3.709318050000000000e+08 1.970531397225470869e+02 2.818490858700571522e+01 8.413873653356157334e+00
3.710486810000000000e+08 1.970515460009258675e+02 2.818074674399639790e+01 8.413652272900499440e+00
3.711690230000000000e+08 1.970561152872589332e+02 2.817804203064311963e+01 8.412225369944804854e+00
3.712848960000000000e+08 1.970558422972072492e+02 2.817346378448173283e+01 8.407564795311611050e+00
3.714055470000000000e+08 1.970644044018104353e+02 2.816912481233515209e+01 8.401539388863588087e+00
3.715210600000000000e+08 1.970649691696451384e+02 2.816719535539405683e+01 8.398944393417497878e+00
3.716433290000000000e+08 1.970521656500171446e+02 2.816601246805038983e+01 8.394520810009485245e+00
3.717627610000000000e+08 1.970479123963020243e+02 2.816293519472764828e+01 8.393488205132245028e+00
3.718797400000000000e+08 1.970461126551691109e+02 2.815912769809827054e+01 8.391565974009610684e+00
3.719995880000000000e+08 1.970399865917243289e+02 2.815655442866183122e+01 8.389972449596671211e+00
3.721193280000000000e+08 1.970498746652433795e+02 2.814781936644259375e+01 8.392958596142319649e+00
3.722406760000000000e+08 1.970389212800849918e+02 2.814165983087410794e+01 8.388930727270608401e+00
3.723598000000000000e+08 1.970402758301241590e+02 2.814474265445157286e+01 8.390512982075566839e+00
3.724769030000000000e+08 1.970263456958161044e+02 2.814455067180922754e+01 8.388374496263136137e+00
3.725969290000000000e+08 1.970308118895156611e+02 2.814677974093375923e+01 8.385682481937548616e+00
3.727173290000000000e+08 1.970292908347026923e+02 2.814574133682915047e+01 8.385595993415687843e+00
3.728350500000000000e+08 1.970198719362032307e+02 2.814412066375104970e+01 8.387124712489656631e+00
3.729558310000000000e+08 1.970137066107185149e+02 2.814395543192023652e+01 8.388558590150340777e+00
3.730726400000000000e+08 1.970148727155892345e+02 2.814700399839625788e+01 8.389981438841607186e+00
3.731882570000000000e+08 1.970255397335022565e+02 2.814665867197300031e+01 8.390956603342244691e+00
3.733117550000000000e+08 1.970103556228916091e+02 2.815080222697192269e+01 8.388926686204772665e+00
3.734301530000000000e+08 1.970214531552395840e+02 2.815371441393714491e+01 8.387954241499224750e+00
3.735484000000000000e+08 1.970079222755771582e+02 2.815632135525366664e+01 8.387241108598981754e+00
3.736677700000000000e+08 1.969972366444390559e+02 2.815493458888808931e+01 8.385979558633048114e+00
3.737864320000000000e+08 1.970146899474332258e+02 2.815548426845115415e+01 8.388485497869128338e+00
3.739042150000000000e+08 1.970000993844051891e+02 2.815269461861331024e+01 8.385502139283534717e+00
3.740240880000000000e+08 1.970144708033961365e+02 2.815210805457363819e+01 8.384569833085224744e+00
3.741436130000000000e+08 1.970184025521391504e+02 2.815355877586269884e+01 8.385036118351463230e+00
3.742649320000000000e+08 1.970071906970513567e+02 2.815050789618210203e+01 8.384681785598493420e+00
3.743840050000000000e+08 1.969989851785170742e+02 2.814812347418467908e+01 8.381805432415886159e+00
3.745043540000000000e+08 1.970025293396983557e+02 2.814627528109821597e+01 8.378406816415544967e+00
3.746211390000000000e+08 1.969954353401602702e+02 2.814594220104390132e+01 8.375236851028356355e+00
3.747387060000000000e+08 1.969912741123044668e+02 2.814316127216785191e+01 8.372545242270192034e+00
3.748587240000000000e+08 1.969947762290455273e+02 2.814304618542724867e+01 8.371633472313838809e+00
3.749820800000000000e+08 1.969926204747247880e+02 2.814159012817135874e+01 8.373230085180322746e+00
3.750995020000000000e+08 1.969870213288436673e+02 2.813764996960574649e+01 8.372280767173066351e+00
3.752217830000000000e+08 1.969710742024900014e+02 2.814007186598959009e+01 8.373159432914901501e+00
3.753420290000000000e+08 1.969795835274555600e+02 2.813745794730926875e+01 8.367188518548781317e+00
3.754599070000000000e+08 1.969720394780032393e+02 2.813011222078536377e+01 8.363150890161165307e+00
3.755786690000000000e+08 1.969632631147688642e+02 2.812965601104895086e+01 8.364126024679817917e+00
3.756992330000000000e+08 1.969755061251158850e+02 2.813222246872000554e+01 8.364113704965099316e+00
3.758156420000000000e+08 1.969721043469241124e+02 2.812947694980872271e+01 8.363616052327603967e+00
3.759328100000000000e+08 1.969628794365488602e+02 2.812705483154580932e+01 8.364072706302051685e+00
3.760528600000000000e+08 1.969600965782551896e+02 2.812698866802873354e+01 8.364360503494223664e+00
3.761710910000000000e+08 1.969577866270313677e+02 2.812888158007815775e+01 8.365983055794707468e+00
3.762878000000000000e+08 1.969671845596983530e+02 2.812685648551047990e+01 8.364656008355728645e+00
3.764042520000000000e+08 1.969571580479700970e+02 2.811973185308626100e+01 8.366811013996841240e+00
3.765229350000000000e+08 1.969482455455010665e+02 2.811819398178789342e+01 8.367136617466336190e+00
3.766394380000000000e+08 1.969399494338233296e+02 2.811830937265633423e+01 8.362564840284017365e+00
3.767574350000000000e+08 1.969250842194323070e+02 2.811276130384556637e+01 8.363642284804315707e+00
3.768771510000000000e+08 1.969229895256306975e+02 2.811305996087369863e+01 8.362995197680049841e+00
3.769978580000000000e+08 1.969148118360956801e+02 2.811180210366015331e+01 8.362968041379298612e+00
3.771171820000000000e+08 1.969071017312170682e+02 2.811315238696328578e+01 8.359953988634229560e+00
3.772359120000000000e+08 1.969134844495303298e+02 2.811226298979930505e+01 8.359232358305295207e+00
3.773532000000000000e+08 1.969173613546640524e+02 2.811360611836288470e+01 8.359201652027575591e+00
3.774718840000000000e+08 1.969260867681772709e+02 2.810539005073333030e+01 8.357973731962049513e+00
3.775872320000000000e+08 1.969149839278837533e+02 2.810371008390074365e+01 8.357285233396503088e+00
3.777055820000000000e+08 1.969119904636474985e+02 2.810524688038688623e+01 8.358850974463745587e+00
3.778221580000000000e+08 1.969126314131613924e+02 2.810582118258063389e+01 8.356463640592707520e+00
3.779405280000000000e+08 1.969000160532618509e+02 2.810750194095651366e+01 8.357144955206162962e+00
3.780578530000000000e+08 1.969002165675110518e+02 2.810378777382354443e+01 8.356095519887935197e+00
3.781765290000000000e+08 1.968931532175620873e+02 2.810536677338497213e+01 8.351602783104311811e+00
3.782993620000000000e+08 1.968906233639648065e+02 2.810982691250115906e+01 8.348814035129437983e+00
3.784190140000000000e+08 1.968840832314219540e+02 2.811129615474098031e+01 8.347596792811145860e+00
3.785359450000000000e+08 1.968920070178852200e+02 2.811110091426832014e+01 8.347526091181002528e+00
3.786570390000000000e+08 1.968935086549342941e+02 2.811049525732211762e+01 8.347306203885182185e+00
3.787765550000000000e+08 1.969026898506361078e+02 2.810736204001248240e+01 8.345874701315695532e+00
3.788955960000000000e+08 1.968960617220296569e+02 2.810947343752290806e+01 8.344555703394650692e+00
3.790167670000000000e+08 1.969018170870030531e+02 2.811159245625054837e+01 8.340408394251324964e+00
3.791380090000000000e+08 1.969113865130640875e+02 2.810899375178854243e+01 8.342875385016590428e+00
3.792556830000000000e+08 1.968983730824490124e+02 2.811457015766857381e+01 8.342748718984891454e+00
3.793752220000000000e+08 1.968872893390244201e+02 2.812054934445046683e+01 8.341642600852432921e+00
3.794920220000000000e+08 1.968868323065289587e+02 2.811768351041364511e+01 8.337590683387448465e+00
3.796107880000000000e+08 1.968744470059935168e+02 2.811564106921187900e+01 8.335854541912185667e+00
3.797307040000000000e+08 1.968884166935380904e+02 2.811075409610026909e+01 8.334584441377257846e+00
3.798506290000000000e+08 1.968904458252650329e+02 2.810744545247870008e+01 8.333634792482831344e+00
3.799713700000000000e+08 1.969002403144019127e+02 2.810744400517633323e+01 8.333624476434010830e+00
3.800930420000000000e+08 1.969125311423278504e+02 2.810805450682360984e+01 8.330874235270599115e+00
3.802126920000000000e+08 1.969199154360873933e+02 2.810226286780295979e+01 8.326002436018946185e+00
3.803342340000000000e+08 1.969296822735603314e+02 2.809759459699412432e+01 8.323304575793079252e+00
3.804570990000000000e+08 1.969404573027692607e+02 2.809830110246973689e+01 8.321314777083223646e+00
3.805757660000000000e+08 1.969360154929160274e+02 2.809577254547895819e+01 8.318629031758772996e+00
3.806919860000000000e+08 1.969261493919756276e+02 2.809135011061713527e+01 8.315966022206950470e+00
3.808091080000000000e+08 1.969279259001614832e+02 2.808923066867482277e+01 8.312988122744503272e+00
3.809289960000000000e+08 1.969259828274764743e+02 2.808796842350957945e+01 8.311400277829131156e+00
3.810486920000000000e+08 1.969221203635152335e+02 2.808160339755607993e+01 8.311344298885160242e+00
3.811701360000000000e+08 1.969319968209074148e+02 2.808136614149285037e+01 8.309372044278143576e+00
3.812933780000000000e+08 1.969276187883502303e+02 2.808078030904014000e+01 8.306399666172538332e+00
3.814112500000000000e+08 1.969400287901209481e+02 2.807669552433294768e+01 8.304396551791276337e+00
3.815321280000000000e+08 1.969370497022347877e+02 2.807447887771743922e+01 8.302536001184487091e+00
3.816500840000000000e+08 1.969215780016454289e+02 2.807972142136468818e+01 8.303901843649150294e+00
3.817672790000000000e+08 1.969198799211435755e+02 2.807989602815410990e+01 8.300967106829709508e+00
3.818843220000000000e+08 1.969194236270300564e+02 2.807733424611265249e+01 8.301570548009884476e+00
3.820000490000000000e+08 1.969086250199030701e+02 2.807561002005974160e+01 8.301175872857667670e+00
3.821228320000000000e+08 1.969138220180134908e+02 2.807504673422890207e+01 8.298148112018841616e+00
3.822427760000000000e+08 1.969139017283855821e+02 2.807048982572882778e+01 8.297928190132280335e+00
3.823608260000000000e+08 1.969145457306070455e+02 2.806325656960733284e+01 8.297463650893512010e+00
3.824811730000000000e+08 1.969006866415201387e+02 2.806051136653886857e+01 8.297760980329593750e+00
3.825982960000000000e+08 1.968968312854006513e+02 2.805877817415686692e+01 8.295370392736828080e+00
3.827167530000000000e+08 1.968964106233785571e+02 2.806087249113427617e+01 8.294956092554286897e+00
3.828344620000000000e+08 1.968866294538485704e+02 2.806481604650133832e+01 8.293373469090832728e+00
3.829512530000000000e+08 1.968866757315013274e+02 2.806715454476161753e+01 8.294535655267969432e+00
3.830718220000000000e+08 1.968881645401339711e+02 2.806754329025186223e+01 8.291827222764332816e+00
3.831926490000000000e+08 1.968826725751228821e+02 2.807503740169869033e+01 8.293415564840190157e+00
3.833106620000000000e+08 1.968889051297184665e+02 2.807621979263992174e+01 8.290644926532625192e+00
3.834312740000000000e+08 1.968997061302613076e+02 2.807136418297232439e+01 8.289166366294352883e+00
3.835505980000000000e+08 1.968984632311259872e+02 2.806939031564147768e+01 8.289591994979764067e+00
3.836725850000000000e+08 1.969075698277103754e+02 2.806683841980963479e+01 8.290789492835214602e+00
3.837911250000000000e+08 1.968899526946157437e+02 2.806159228217300594e+01 8.289393598963057386e+00
3.839090220000000000e+08 1.968920054510370505e+02 2.806080171107732468e+01 8.286653791623358245e+00
3.840272220000000000e+08 1.968780728184267730e+02 2.806002297646175947e+01 8.287309343778645143e+00
3.841482720000000000e+08 1.968808309486921928e+02 2.805476281470680533e+01 8.285058996431688527e+00
3.842687420000000000e+08 1.968742405093360617e+02 2.805771963404244929e+01 8.282465645636870377e+00
3.843872910000000000e+08 1.968668600332850076e+02 2.805493861710052883e+01 8.280306608244377031e+00
3.845067350000000000e+08 1.968715991193562900e+02 2.805709071047716563e+01 8.278394980649261825e+00
3.846271120000000000e+08 1.968886855286033608e+02 2.805905154315118466e+01 8.279524003276936384e+00
3.847459280000000000e+08 1.968829153169435244e+02 2.805639042304438746e+01 8.279952954904137741e+00
3.848663050000000000e+08 1.968887646527240065e+02 2.805286581592738671e+01 8.277650718944050467e+00
3.849851010000000000e+08 1.968898653925078293e+02 2.804937636670727841e+01 8.275197539754131526e+00
3.851041190000000000e+08 1.968870756459207598e+02 2.805018205585355062e+01 8.274861886164474711e+00
3.852197930000000000e+08 1.968908224501175539e+02 2.804652637527301451e+01 8.272848924475743715e+00
3.853392540000000000e+08 1.968889175991310196e+02 2.804911962139452797e+01 8.269697022084589122e+00
3.854580850000000000e+08 1.968841194025184222e+02 2.804815959086747057e+01 8.266578021813625554e+00
3.855777610000000000e+08 1.969049134526845819e+02 2.805138509006349068e+01 8.264279128354662163e+00
3.856969800000000000e+08 1.969085986894624227e+02 2.805286848274238309e+01 8.260841435360900320e+00
3.858157340000000000e+08 1.969027074000854043e+02 2.805136896530758861e+01 8.258945409910770863e+00
3.859364790000000000e+08 1.969060903408101240e+02 2.805471503826003143e+01 8.259697488520409081e+00
3.860547290000000000e+08 1.969085700528556799e+02 2.805708483209818027e+01 8.258007939295179511e+00
3.861732310000000000e+08 1.969153463701814246e+02 2.805174528210441309e+01 8.258895958258548831e+00
3.862939310000000000e+08 1.969107494875941882e+02 2.804806617130147117e+01 8.257510534860156071e+00
3.864136750000000000e+08 1.969141027904015289e+02 2.804377382047528400e+01 8.257248689687081367e+00
3.865348940000000000e+08 1.969357112569095989e+02 2.804804672327398762e+01 8.255290830420735304e+00
3.866510030000000000e+08 1.969388632178829823e+02 2.804680375874174914e+01 8.254563276057586663e+00
3.867710390000000000e+08 1.969402385697390798e+02 2.805018983900768959e+01 8.253852131343682785e+00
3.868877000000000000e+08 1.969436182800282893e+02 2.805017056150093069e+01 8.254068803367237805e+00
3.870077540000000000e+08 1.969524069741632388e+02 2.804718465686748985e+01 8.251978259262594761e+00
3.871294280000000000e+08 1.969559096267215637e+02 2.804563517227397185e+01 8.249785783249977911e+00
3.872478960000000000e+08 1.969659179433018039e+02 2.804244752088951032e+01 8.251448876714098546e+00
3.873659080000000000e+08 1.969469546885065085e+02 2.804344621076071320e+01 8.248869433057455680e+00
3.874844820000000000e+08 1.969556071425103028e+02 2.803779841565637554e+01 8.246734332124969313e+00
3.876018560000000000e+08 1.969374343169876056e+02 2.803812874225908658e+01 8.245185966330407012e+00
3.877235220000000000e+08 1.969431038528089459e+02 2.803547344145638931e+01 8.243246313978596973e+00
3.878428050000000000e+08 1.969511260046277243e+02 2.803462746819324991e+01 8.240032185579490687e+00
3.879596860000000000e+08 1.969524873346253173e+02 2.802893752818954454e+01 8.239352594575860778e+00
3.880818960000000000e+08 1.969598278237134537e+02 2.802633926023035826e+01 8.239451416698328146e+00
3.882013270000000000e+08 1.969526066176943004e+02 2.802587256691873208e+01 8.238388588219979880e+00
3.883212100000000000e+08 1.969634604928673696e+02 2.802635780429408641e+01 8.237986525715305319e+00
3.884451060000000000e+08 1.969572051664176513e+02 2.802378289450043169e+01 8.236068761573882568e+00
3.885637140000000000e+08 1.969449399049632916e+02 2.802171161255256138e+01 8.237016704450033089e+00
3.886841060000000000e+08 1.969218158738396198e+02 2.801990622908655837e+01 8.233323255176800970e+00
3.888015270000000000e+08 1.969275223045661107e+02 2.801583646123260962e+01 8.233439779806682068e+00
3.889196550000000000e+08 1.969466860423466699e+02 2.801559482247303379e+01 8.238399785301639966e+00
3.890404450000000000e+08 1.969632649552833925e+02 2.801745488408354490e+01 8.239563017286791080e+00
3.891586620000000000e+08 1.969595736983497716e+02 2.801597416918463068e+01 8.237965293392404575e+00
3.892820500000000000e+08 1.969565212415750466e+02 2.801604438879445524e+01 8.237346135430515304e+00
3.894033640000000000e+08 1.969576093760828428e+02 2.801660779775846422e+01 8.236892489742986712e+00
3.895218100000000000e+08 1.969556113748414532e+02 2.801715267708092227e+01 8.237016589317528670e+00
3.896408380000000000e+08 1.969424528204753528e+02 2.801574927365577494e+01 8.239872204118933396e+00
3.897613270000000000e+08 1.969296150659659759e+02 2.801576581288196266e+01 8.238907882861061793e+00
3.898809110000000000e+08 1.969304202564234174e+02 2.801662888108755567e+01 8.239063438210548540e+00
3.900005800000000000e+08 1.969231503199355018e+02 2.801777319363357677e+01 8.237824756273452564e+00
3.901187630000000000e+08 1.969297213620956484e+02 2.802262683297762536e+01 8.238941078877958901e+00
3.902391380000000000e+08 1.969264571869438782e+02 2.802363359144667854e+01 8.236386664302896676e+00
3.903605800000000000e+08 1.969297461957095834e+02 2.802366483144824727e+01 8.234617889251813594e+00
3.904780640000000000e+08 1.969329442060648887e+02 2.802345416237300313e+01 8.233403939342011313e+00
3.906001530000000000e+08 1.969408736767006474e+02 2.801766564343245847e+01 8.231304107893235411e+00
3.907189320000000000e+08 1.969511703683678263e+02 2.801754767858995621e+01 8.228593036125495530e+00
3.908395060000000000e+08 1.969561513270581656e+02 2.801647447974107763e+01 8.227045116226825883e+00
3.909565560000000000e+08 1.969501709936268696e+02 2.801664633627045831e+01 8.223883962561012950e+00
3.910741200000000000e+08 1.969443636071717378e+02 2.801461496323499745e+01 8.223736273732660251e+00
3.911949090000000000e+08 1.969477932987844326e+02 2.801341802790486213e+01 8.221275226516254975e+00
3.913120540000000000e+08 1.969578642259569676e+02 2.801712407937664295e+01 8.219985607940929029e+00
3.914303270000000000e+08 1.969578356565002935e+02 2.801519589296800561e+01 8.219000873138867291e+00
3.915497990000000000e+08 1.969558060535021013e+02 2.801005690202509868e+01 8.216540119756992055e+00
3.916678090000000000e+08 1.969534949962614974e+02 2.801315417520978812e+01 8.215286479870583136e+00
3.917876790000000000e+08 1.969373596722132902e+02 2.801696106144954967e+01 8.214579525564685625e+00
3.919028230000000000e+08 1.969380590930563244e+02 2.801522273744587821e+01 8.216236265802219663e+00
3.920211580000000000e+08 1.969261751181560385e+02 2.801274341869413576e+01 8.215771825119656313e+00
3.921396500000000000e+08 1.969248513552220459e+02 2.802232278242211905e+01 8.213119848095699282e+00
3.922586250000000000e+08 1.969153637388958771e+02 2.802354633786846705e+01 8.210659161669518369e+00
3.923773520000000000e+08 1.969162704247138720e+02 2.802516708176024096e+01 8.209975363963479822e+00
3.924991770000000000e+08 1.969193566036099980e+02 2.802539992496332744e+01 8.211231751415802194e+00
3.926174620000000000e+08 1.969262017946372794e+02 2.801854218360239557e+01 8.210785837609861915e+00
3.927362490000000000e+08 1.969201990856116709e+02 2.801378085790853945e+01 8.208142186576873556e+00
3.928553000000000000e+08 1.969291271431429777e+02 2.801377627943609028e+01 8.208468499192308698e+00
3.929726010000000000e+08 1.969231468607375177e+02 2.801875972037049323e+01 8.208487893737251184e+00
3.930910530000000000e+08 1.969175145568489995e+02 2.802040673254332859e+01 8.205929329953500329e+00
3.932074850000000000e+08 1.969214674210656142e+02 2.802226576370091848e+01 8.204183720292727244e+00
3.933300370000000000e+08 1.969144246261763556e+02 2.802362483049605402e+01 8.204835133887193876e+00
3.934463370000000000e+08 1.969065830073811014e+02 2.802564378812041923e+01 8.204357410810372286e+00
3.935614360000000000e+08 1.968951519177747969e+02 2.802777931986378235e+01 8.203120752104089419e+00
3.936787750000000000e+08 1.969022774192715133e+02 2.802647086771679241e+01 8.201096377479919042e+00
3.938009180000000000e+08 1.968955274842429617e+02 2.802909222719967985e+01 8.199663545201763881e+00
3.939204490000000000e+08 1.968879959249664466e+02 2.803015894820781639e+01 8.197563800145903912e+00
3.940394800000000000e+08 1.968907491551681517e+02 2.803182743850494774e+01 8.195468512174375775e+00
3.941566750000000000e+08 1.968851441976033243e+02 2.803153524684089248e+01 8.196830216543920855e+00
3.942757930000000000e+08 1.968798270688027685e+02 2.803089255080963582e+01 8.197051299448730788e+00
3.943933160000000000e+08 1.968810540002958192e+02 2.803093647746749184e+01 8.195910227195078335e+00
3.945121430000000000e+08 1.968857166642804657e+02 2.803168452320705839e+01 8.195372288649767967e+00
3.946342080000000000e+08 1.968861791193890838e+02 2.802906125080747657e+01 8.193803224100072669e+00
3.947543530000000000e+08 1.968885366502411784e+02 2.802744258165402158e+01 8.192636914209256105e+00
3.948745910000000000e+08 1.969038092347327336e+02 2.803200247146494917e+01 8.189581947897792702e+00
3.949954510000000000e+08 1.969100397339592519e+02 2.803841460618709291e+01 8.189297619025039054e+00
3.951177850000000000e+08 1.969282056408710559e+02 2.804001063448344055e+01 8.188183511313409824e+00
3.952356550000000000e+08 1.969316692721290565e+02 2.804233152782790484e+01 8.184574452250817700e+00
3.953557430000000000e+08 1.969152877791778451e+02 2.804065878551908497e+01 8.183604963330909143e+00
3.954734510000000000e+08 1.969135924580367316e+02 2.804344055726625839e+01 8.183980787764275178e+00
3.955935750000000000e+08 1.969030814457704537e+02 2.804486865190594003e+01 8.179584933944308744e+00
3.957132170000000000e+08 1.969078466088465973e+02 2.804638426798542383e+01 8.177300954615061457e+00
3.958311900000000000e+08 1.969167488351734505e+02 2.804475049503048822e+01 8.175311014411349220e+00
3.959494080000000000e+08 1.969112582421620345e+02 2.804685825156276024e+01 8.172562437450363149e+00
3.960663140000000000e+08 1.969163150350072726e+02 2.805153311425408802e+01 8.169823413339260654e+00
3.961868430000000000e+08 1.969180012013345049e+02 2.805159799407531906e+01 8.168872295774088244e+00
3.963049220000000000e+08 1.969053253687221741e+02 2.805272909285795890e+01 8.169077918051284470e+00
3.964233930000000000e+08 1.969333275722021313e+02 2.805369062435156025e+01 8.166024840620973890e+00
3.965424180000000000e+08 1.969407997194662983e+02 2.805264731421559077e+01 8.167310601976382145e+00
3.966610850000000000e+08 1.969438892402355350e+02 2.805548703277617051e+01 8.165929440257755800e+00
3.967798320000000000e+08 1.969535313562338672e+02 2.805608077505772258e+01 8.166565929728957229e+00
3.968971910000000000e+08 1.969595978415157447e+02 2.805399077371974670e+01 8.161723047366429284e+00
3.970193640000000000e+08 1.969582729426227559e+02 2.805640017101321249e+01 8.162693108460585378e+00
3.971358530000000000e+08 1.969611870610667950e+02 2.805663269700371387e+01 8.158737481476730835e+00
3.972534890000000000e+08 1.969514595690227452e+02 2.805764279532488459e+01 8.159490884448512560e+00
3.973755360000000000e+08 1.969644466174514150e+02 2.805768194473716193e+01 8.158475290289677773e+00
3.974949530000000000e+08 1.969642868337134303e+02 2.806269176022677669e+01 8.155572111874151986e+00
3.976136930000000000e+08 1.969722025997301103e+02 2.806241978730322018e+01 8.155956030346333208e+00
3.977330440000000000e+08 1.969759054871284434e+02 2.806205439229779230e+01 8.153190127164471335e+00
3.978507880000000000e+08 1.969631108973137259e+02 2.806713548006554504e+01 8.152758207821195313e+00
3.979715520000000000e+08 1.969749177213035409e+02 2.806335091169945883e+01 8.150979171220409825e+00
3.980924050000000000e+08 1.969856315026628124e+02 2.806488850293052195e+01 8.150048282675498967e+00
3.982101340000000000e+08 1.969735532466629593e+02 2.806992080141076329e+01 8.150558571983818723e+00
3.983291840000000000e+08 1.969777336784949000e+02 2.806870404968941202e+01 8.150061664799423511e+00
3.984478650000000000e+08 1.969897487536636049e+02 2.807079837830725921e+01 8.148250366757689989e+00
3.985670140000000000e+08 1.969865473482449829e+02 2.807102731822992325e+01 8.147601443230687579e+00
3.986882740000000000e+08 1.969895042843605211e+02 2.807310923503854383e+01 8.146391517173444896e+00
3.988099270000000000e+08 1.969934982232883840e+02 2.807494398661625468e+01 8.144420667273733372e+00
3.989338560000000000e+08 1.970081466924285394e+02 2.807047716177433117e+01 8.139630043767565937e+00
3.990545150000000000e+08 1.970265763040659124e+02 2.807084752918142811e+01 8.143034607575529549e+00
3.991762400000000000e+08 1.970265905299009717e+02 2.807073417040739116e+01 8.140012441088126494e+00
3.992982050000000000e+08 1.970207877948315058e+02 2.807568232456198842e+01 8.137798432217897115e+00
3.994172210000000000e+08 1.970285650991997670e+02 2.807721320273947185e+01 8.138929301856409282e+00
3.995361630000000000e+08 1.970282681435305676e+02 2.808176551015644762e+01 8.139443030166868098e+00
3.996571580000000000e+08 1.970186535103862298e+02 2.808009355611332225e+01 8.137405411905501040e+00
3.997761270000000000e+08 1.970135824812884948e+02 2.807904696508809650e+01 8.134604877058045247e+00
3.998968220000000000e+08 1.970047808562439400e+02 2.807810927170599768e+01 8.135413841939875823e+00
4.000160940000000000e+08 1.970006161363980368e+02 2.807453987506084658e+01 8.136066922956374015e+00
4.001359750000000000e+08 1.970052004160417312e+02 2.807455197379609757e+01 8.139539307001083301e+00
4.002549990000000000e+08 1.970021137696830067e+02 2.807438489567234186e+01 8.135355068034780146e+00
4.003759090000000000e+08 1.970044791407594573e+02 2.807496890625236219e+01 8.136728687167169127e+00
4.004947330000000000e+08 1.970138498020744180e+02 2.808084524699730622e+01 8.136413987699585348e+00
4.006140010000000000e+08 1.970190850659184036e+02 2.807993317418982926e+01 8.137100976408806474e+00
4.007344990000000000e+08 1.970229465507865712e+02 2.807887769664059618e+01 8.136460151853249556e+00
4.008554870000000000e+08 1.970310679217465690e+02 2.808065225733848891e+01 8.133645254426632221e+00
4.009716110000000000e+08 1.970290220584811323e+02 2.807808576496815078e+01 8.132587170002983257e+00
4.010920520000000000e+08 1.970171573468122119e+02 2.807586445793277363e+01 8.131619026125461502e+00
4.012119010000000000e+08 1.970169090650609292e+02 2.807329606824873380e+01 8.130726820287334178e+00
4.013304810000000000e+08 1.970174123007184050e+02 2.807322658264418536e+01 8.128465557178126133e+00
4.014489110000000000e+08 1.970174835877742225e+02 2.807277532754600813e+01 8.129152620943566276e+00
4.015706920000000000e+08 1.970155228648132493e+02 2.807485764746403945e+01 8.126488922673715365e+00
4.016891390000000000e+08 1.970095281999663257e+02 2.807575810667669458e+01 8.123667168551623519e+00
4.018080110000000000e+08 1.970208506834557056e+02 2.807318361176659494e+01 8.122766531963364400e+00
4.019270070000000000e+08 1.970092166618259455e+02 2.807604547937585338e+01 8.123137715691507665e+00
4.020461400000000000e+08 1.970122549710038413e+02 2.807359921785086954e+01 8.123433475935703640e+00
4.021669250000000000e+08 1.970193074261554216e+02 2.807186202086160520e+01 8.122336984205180244e+00
4.022859340000000000e+08 1.970195003052130289e+02 2.806682436330443764e+01 8.122539404293322107e+00
4.024071190000000000e+08 1.970199963955896294e+02 2.806543497535665921e+01 8.121243186802772129e+00
4.025265820000000000e+08 1.970054681510577268e+02 2.806835452329123370e+01 8.121929445757325894e+00
4.026456320000000000e+08 1.969997796235676049e+02 2.806861904337373304e+01 8.118406293498551918e+00
4.027644000000000000e+08 1.970001663513125720e+02 2.806954279969842503e+01 8.117771169487470573e+00
4.028844350000000000e+08 1.969889848334406395e+02 2.807049259548343301e+01 8.117523879366006057e+00
4.030033610000000000e+08 1.969807500833994141e+02 2.807130129707249822e+01 8.116963882476007086e+00
4.031209930000000000e+08 1.969910830595229072e+02 2.806713825483124936e+01 8.113696500563063907e+00
4.032394550000000000e+08 1.969922378071428852e+02 2.806651214355747825e+01 8.111959654236429174e+00
4.033614120000000000e+08 1.969831625436398213e+02 2.806607402891288672e+01 8.109117957871394111e+00
4.034811400000000000e+08 1.969737923611979227e+02 2.806589210055653538e+01 8.108495306989595974e+00
4.035993680000000000e+08 1.969695673674535499e+02 2.806527384637302092e+01 8.106295896572367710e+00
4.037206110000000000e+08 1.969784271762496815e+02 2.806473759445206184e+01 8.103350258815229523e+00
4.038353080000000000e+08 1.969908110642843440e+02 2.806417772866221227e+01 8.102408799750085322e+00
4.039554980000000000e+08 1.970003492545355357e+02 2.806590672761917205e+01 8.103443781042681593e+00
4.040747520000000000e+08 1.969997010554099290e+02 2.806880766280732686e+01 8.103019721813717879e+00
4.041940950000000000e+08 1.970019700361510786e+02 2.806812680348749112e+01 8.101309500110213335e+00
4.043105930000000000e+08 1.970094968949981364e+02 2.806380792383014722e+01 8.100885194762277308e+00
4.044287920000000000e+08 1.970152100027250981e+02 2.806509389598370063e+01 8.100423888183710730e+00
4.045486060000000000e+08 1.970213939903852634e+02 2.806652135711513196e+01 8.098869520409532896e+00
4.046682110000000000e+08 1.970276575605476808e+02 2.806989288475249111e+01 8.096538043721547950e+00
4.047884220000000000e+08 1.970334512072582527e+02 2.806604266182613827e+01 8.095785534159007923e+00
4.049088670000000000e+08 1.970376007270083392e+02 2.806581830663263233e+01 8.094525384240368382e+00
4.050277560000000000e+08 1.970357457588265788e+02 2.806086308175665422e+01 8.092710967707102299e+00
4.051463100000000000e+08 1.970399730780040102e+02 2.805655767401317036e+01 8.094148169110420454e+00
4.052656560000000000e+08 1.970411211663087272e+02 2.805323348810278716e+01 8.091745632546059497e+00
4.053845620000000000e+08 1.970314733210813074e+02 2.804983301941906504e+01 8.091619386587913354e+00
4.055024260000000000e+08 1.970325527487186719e+02 2.805130672766389210e+01 8.090282502593160174e+00
4.056215140000000000e+08 1.970286359698121430e+02 2.804764735979943779e+01 8.090262706909639334e+00
4.057424000000000000e+08 1.970323089818799929e+02 2.804646954144592286e+01 8.086355663821464645e+00
4.058634420000000000e+08 1.970398551270118617e+02 2.804408735325793245e+01 8.084306459192871941e+00
4.059822790000000000e+08 1.970404615419559207e+02 2.803991111806783820e+01 8.086069662249858681e+00
4.061000580000000000e+08 1.970530562884318329e+02 2.803996367536125334e+01 8.085012312627627651e+00
4.062201620000000000e+08 1.970517747609981711e+02 2.804012559086606515e+01 8.084157555922438121e+00
4.063401220000000000e+08 1.970618182686332318e+02 2.803647555248402057e+01 8.081383643315644960e+00
4.064601990000000000e+08 1.970672517855400940e+02 2.803829429622309277e+01 8.079743175330774463e+00
4.065784150000000000e+08 1.970574974434907745e+02 2.803848692156280364e+01 8.080807122546433519e+00
4.066993450000000000e+08 1.970608751533462737e+02 2.803565908026891407e+01 8.082395861899977163e+00
4.068183930000000000e+08 1.970578865263104262e+02 2.803563190353361634e+01 8.083655359914605043e+00
4.069380270000000000e+08 1.970540286842746980e+02 2.803463682511783972e+01 8.084164768439489279e+00
4.070594480000000000e+08 1.970560407395090294e+02 2.803554670733301180e+01 8.080505142235320903e+00
4.071820160000000000e+08 1.970551844395495209e+02 2.803474532516074547e+01 8.080156459945621705e+00
4.072982010000000000e+08 1.970419570762447847e+02 2.803236738242679138e+01 8.079175725749797365e+00
4.074163510000000000e+08 1.970410240087295506e+02 2.803341931682265198e+01 8.081479931960179997e+00
4.075336920000000000e+08 1.970306656240026371e+02 2.803101964316438810e+01 8.081157635921305982e+00
4.076532180000000000e+08 1.970333123986456485e+02 2.802811813881119107e+01 8.083450921444505610e+00
4.077702930000000000e+08 1.970222901620050777e+02 2.802601571956708071e+01 8.082740772244809691e+00
4.078887320000000000e+08 1.970118608494434795e+02 2.802709274893973301e+01 8.081074904758994037e+00
4.080070190000000000e+08 1.970193625614523398e+02 2.802969877587611336e+01 8.081790862371629913e+00
4.081265080000000000e+08 1.970177317624169007e+02 2.803058734056932266e+01 8.084340838827845488e+00
4.082458430000000000e+08 1.970203994001322201e+02 2.803302202677161503e+01 8.085230189271978674e+00
4.083654520000000000e+08 1.970158539583721051e+02 2.803391571709338237e+01 8.083212601063817004e+00
4.084829360000000000e+08 1.970022950308265877e+02 2.803734782984714258e+01 8.084941291015336873e+00
4.086006260000000000e+08 1.970000332292909775e+02 2.803965389802236174e+01 8.084777391019954962e+00
4.087181830000000000e+08 1.969871226924109919e+02 2.803470625049090614e+01 8.085292790244080763e+00
4.088357060000000000e+08 1.969853029477029907e+02 2.803162594028918875e+01 8.084288500049394699e+00
4.089573350000000000e+08 1.969881678406978551e+02 2.803426747202516367e+01 8.082032725699390241e+00
4.090768910000000000e+08 1.969963979544085930e+02 2.803255445289734737e+01 8.081201200149498831e+00
4.091942570000000000e+08 1.970013118193555215e+02 2.803037372329183441e+01 8.082752321209019541e+00
4.093150360000000000e+08 1.970110201821067903e+02 2.802876857015288081e+01 8.083450529505638471e+00
4.094335080000000000e+08 1.970173095774796366e+02 2.803043687591548405e+01 8.082645094019254017e+00
4.095552050000000000e+08 1.970144036758456139e+02 2.803173093664018012e+01 8.082531734085312891e+00
4.096745660000000000e+08 1.970179893792080179e+02 2.803180841305035997e+01 8.083970095030046821e+00
4.097948590000000000e+08 1.970242516643195074e+02 2.803270267502618651e+01 8.083444883894035371e+00
4.099144540000000000e+08 1.970182247646703502e+02 2.803483727563290628e+01 8.083220816718743151e+00
4.100351900000000000e+08 1.970227933987678739e+02 2.803596288769284328e+01 8.082819305972737567e+00
4.101522840000000000e+08 1.970324937411147914e+02 2.803669227833956512e+01 8.081002792759061748e+00
4.102702590000000000e+08 1.970436720756631246e+02 2.803315772783863835e+01 8.080909323162527969e+00
4.103912230000000000e+08 1.970363081023238863e+02 2.803540634171305257e+01 8.083236858006447534e+00
4.105103310000000000e+08 1.970455185212978790e+02 2.803488624975627985e+01 8.083601460165732888e+00
4.106278440000000000e+08 1.970466154801922301e+02 2.803313152664868824e+01 8.083082930849341707e+00
4.107492020000000000e+08 1.970606654507376447e+02 2.803362029689508006e+01 8.080128215185691687e+00
4.108690320000000000e+08 1.970542338724485774e+02 2.803398477478275552e+01 8.081837206423655218e+00
4.109835480000000000e+08 1.970624320333471928e+02 2.802953651293824677e+01 8.081046173784111275e+00
4.111049930000000000e+08 1.970645638108197772e+02 2.803518328083291422e+01 8.082245615683769202e+00
4.112228020000000000e+08 1.970655596248658128e+02 2.803142410853298827e+01 8.082041681678489908e+00
4.113408520000000000e+08 1.970641091825729632e+02 2.803130499787893015e+01 8.082462250691259342e+00
4.114622740000000000e+08 1.970666673153854163e+02 2.802555636531137395e+01 8.081254136018198864e+00
4.115786220000000000e+08 1.970702704405941574e+02 2.802722457779436027e+01 8.081605739834470725e+00
4.116986160000000000e+08 1.970732238878374289e+02 2.802772918655536216e+01 8.081759662947058942e+00
4.118188450000000000e+08 1.970680644524932745e+02 2.802803209950138452e+01 8.079430376106754963e+00
4.119387120000000000e+08 1.970767752397395043e+02 2.802810888054689897e+01 8.077530018961763147e+00
4.120576660000000000e+08 1.970793516626855535e+02 2.802760752554860346e+01 8.074553020192510644e+00
4.121746820000000000e+08 1.970863016341014315e+02 2.802932184342608934e+01 8.075951834021800835e+00
4.122952650000000000e+08 1.970963382505447044e+02 2.803047141508390894e+01 8.075964981519634378e+00
4.124158280000000000e+08 1.970993426844563885e+02 2.802805482362715495e+01 8.073192597852003161e+00
4.125350570000000000e+08 1.971064185315924533e+02 2.802480304576286585e+01 8.074088974483432324e+00
4.126537440000000000e+08 1.971103070096095280e+02 2.802540371663456753e+01 8.074521234549649762e+00
4.127717210000000000e+08 1.971196443109682832e+02 2.802683048901509721e+01 8.074772281992739664e+00
4.128902750000000000e+08 1.971248224740783996e+02 2.802623224401710900e+01 8.074107749318621075e+00
4.130088070000000000e+08 1.971426711082554561e+02 2.802504356189572476e+01 8.076272433374366955e+00
4.131286340000000000e+08 1.971357208981683584e+02 2.801995524789940006e+01 8.075109677589413337e+00
4.132466880000000000e+08 1.971256940486377403e+02 2.802170243872883404e+01 8.076177896753470975e+00
4.133644760000000000e+08 1.971180664328056480e+02 2.802375065209472638e+01 8.074132886475636539e+00
4.134810750000000000e+08 1.971133256329478058e+02 2.802405658762422291e+01 8.071055931362799640e+00
4.136019520000000000e+08 1.971070803897709709e+02 2.802514401261632671e+01 8.069216242793020299e+00
4.137201410000000000e+08 1.971061757185708245e+02 2.802451609824010603e+01 8.071945880137453955e+00
4.138413260000000000e+08 1.971126093553150724e+02 2.802264414187547814e+01 8.069463717510872769e+00
4.139599030000000000e+08 1.971097603181157751e+02 2.801984090609381539e+01 8.067196901183466551e+00
4.140763840000000000e+08 1.971059333378188398e+02 2.801940720460854806e+01 8.067066558862297398e+00
4.141958140000000000e+08 1.971114995869745599e+02 2.801997219342822376e+01 8.067535117683583223e+00
4.143170840000000000e+08 1.971063402819079897e+02 2.802313136398427673e+01 8.065894387659740872e+00
4.144381970000000000e+08 1.971104312215005905e+02 2.802497687020572315e+01 8.063107904934755155e+00
4.145592060000000000e+08 1.971155444450422465e+02 2.802431614702454610e+01 8.060440636061571240e+00
4.146780940000000000e+08 1.971186629940853834e+02 2.802250619392743403e+01 8.061780557065583608e+00
4.147954250000000000e+08 1.971064978474399823e+02 2.802190048129246236e+01 8.058837683429015186e+00
4.149172410000000000e+08 1.971061619735089607e+02 2.802118771137058317e+01 8.057346787022789059e+00
4.150352260000000000e+08 1.971165180908296861e+02 2.801771420896911025e+01 8.055751217505592976e+00
4.151529280000000000e+08 1.971089644459422914e+02 2.801873878488621727e+01 8.052762221790814579e+00
4.152716390000000000e+08 1.971244058627931963e+02 2.802065248112016249e+01 8.049830419056123176e+00
4.153873250000000000e+08 1.971232081731337757e+02 2.801889419118468894e+01 8.048743462941455817e+00
4.155086140000000000e+08 1.971128247082973530e+02 2.801683532684194944e+01 8.045002720432057330e+00
4.156304760000000000e+08 1.971139009653061578e+02 2.801709638197894492e+01 8.045396012495807270e+00
4.157531760000000000e+08 1.971313298991373699e+02 2.801436815557243776e+01 8.044716549127473471e+00
4.158690420000000000e+08 1.971261134680784153e+02 2.801450275942457324e+01 8.041399090372889802e+00
4.159886820000000000e+08 1.971384755061116891e+02 2.801262609283896410e+01 8.040187299345907590e+00
4.161091040000000000e+08 1.971358118155058321e+02 2.801470452249846588e+01 8.040260737032822291e+00
4.162256730000000000e+08 1.971348035426431125e+02 2.801513732880370711e+01 8.040199282542545234e+00
4.163441060000000000e+08 1.971164961865413261e+02 2.802243240018250603e+01 8.037081876004329217e+00
4.164645440000000000e+08 1.971131760205731496e+02 2.802131005249439255e+01 8.034989723937195905e+00
4.165836770000000000e+08 1.971173124146764053e+02 2.802176947533272156e+01 8.035394931343017078e+00
4.167037860000000000e+08 1.971179183216020476e+02 2.801768334632678403e+01 8.034063117447239222e+00
4.168241060000000000e+08 1.971051418009201370e+02 2.802006691892972157e+01 8.033038968337789854e+00
4.169465910000000000e+08 1.971051552654454326e+02 2.801772455761837577e+01 8.029968050058789331e+00
4.170643410000000000e+08 1.971028723473600053e+02 2.801693175710421713e+01 8.029363016453123336e+00
4.171830340000000000e+08 1.970897476694507304e+02 2.801584541791401861e+01 8.029854025569669318e+00
4.173057790000000000e+08 1.970945617636446059e+02 2.801754225113325347e+01 8.028677772650439692e+00
4.174213920000000000e+08 1.970839597564581140e+02 2.801871833732252881e+01 8.027265979323976453e+00
4.175380950000000000e+08 1.970629244583849697e+02 2.801954751846271918e+01 8.028545157914773966e+00
4.176592640000000000e+08 1.970670880324927907e+02 2.802262902761882657e+01 8.030409923033699826e+00
4.177775060000000000e+08 1.970694024011921215e+02 2.802137463757734537e+01 8.030902627473317068e+00
4.179001730000000000e+08 1.970714997756894320e+02 2.801672405067647276e+01 8.033826712567980977e+00
4.180168070000000000e+08 1.970870334690829395e+02 2.801597856251383334e+01 8.033170151517786906e+00
4.181351520000000000e+08 1.970881874307711144e+02 2.801805415781440800e+01 8.034233834586355982e+00
4.182518830000000000e+08 1.970817201386279578e+02 2.801422657822726592e+01 8.033414299480869047e+00
4.183741660000000000e+08 1.970872469442287240e+02 2.801153690053764933e+01 8.031750497518126863e+00
4.184928210000000000e+08 1.970804341517702483e+02 2.801097068508575916e+01 8.031229681939176857e+00
4.186074390000000000e+08 1.970665737995338134e+02 2.800804567562924774e+01 8.032460279567382955e+00
4.187246790000000000e+08 1.970781829001085441e+02 2.800810852644987037e+01 8.029852080602532638e+00
4.188471400000000000e+08 1.970691323045044214e+02 2.800786989959679474e+01 8.030284927346366786e+00
4.189671810000000000e+08 1.970620786866593903e+02 2.800592750706445599e+01 8.029406241465192551e+00
4.190882650000000000e+08 1.970523795470524533e+02 2.800389942838557999e+01 8.028529311576303229e+00
4.192068630000000000e+08 1.970529520391660299e+02 2.800819738625125765e+01 8.027891464069105254e+00
4.193283690000000000e+08 1.970527666764312471e+02 2.801211774368695018e+01 8.027821707077047009e+00
4.194456870000000000e+08 1.970451662175878198e+02 2.801143013351823541e+01 8.028190260526560706e+00
4.195659110000000000e+08 1.970379631133251337e+02 2.801298220414540197e+01 8.026598167460038624e+00
4.196840970000000000e+08 1.970401823663286791e+02 2.801568389835816575e+01 8.025420491075463403e+00
4.198052020000000000e+08 1.970415462131064999e+02 2.801275105459272652e+01 8.024059663699315337e+00
4.199261090000000000e+08 1.970409385278604759e+02 2.801136089747489777e+01 8.024303233143486480e+00
4.200420560000000000e+08 1.970424942268614643e+02 2.801062245405215378e+01 8.023887050037224355e+00
4.201612400000000000e+08 1.970314554456935241e+02 2.801061438567150574e+01 8.024867488936729742e+00
4.202823400000000000e+08 1.970330470873704201e+02 2.801207551105522953e+01 8.025324055072923457e+00
4.204021860000000000e+08 1.970309183837244689e+02 2.801127211138190276e+01 8.026192229118580101e+00
4.205211670000000000e+08 1.970240206763159847e+02 2.800983227073641757e+01 8.025718695020469085e+00
4.206410760000000000e+08 1.970178781826946590e+02 2.800519092629245677e+01 8.025426254935183579e+00
4.207616070000000000e+08 1.970147362343532507e+02 2.800477095190444032e+01 8.023035394948118793e+00
4.208822500000000000e+08 1.970192777632493346e+02 2.800492388846299363e+01 8.023299513970913566e+00
4.210018090000000000e+08 1.970233087436771200e+02 2.800325815017400899e+01 8.022131054066402811e+00
4.211199270000000000e+08 1.970274484157847326e+02 2.800260515672623995e+01 8.020720187531852119e+00
4.212420310000000000e+08 1.970225491775536852e+02 2.799945266782694731e+01 8.020857022255801994e+00
4.213605490000000000e+08 1.970254816720457143e+02 2.799650435270330107e+01 8.016909434513623367e+00
4.214823240000000000e+08 1.970200908267435977e+02 2.799686091167155766e+01 8.015444266101159343e+00
4.216015920000000000e+08 1.970253409571488419e+02 2.799467961352033285e+01 8.015753438110101214e+00
4.217226050000000000e+08 1.970280647048732874e+02 2.799439334410617164e+01 8.016011008154114492e+00
4.218434430000000000e+08 1.970319321050089911e+02 2.799480723322989917e+01 8.014670060500561632e+00
4.219642060000000000e+08 1.970418626770147910e+02 2.799426512105360487e+01 8.014237762826933675e+00
4.220819440000000000e+08 1.970415099168205018e+02 2.799345372088493988e+01 8.012189066703061968e+00
4.222009700000000000e+08 1.970389746164973417e+02 2.799255010487804896e+01 8.012333252163621466e+00
4.223216020000000000e+08 1.970412059986005602e+02 2.798747834354100661e+01 8.011810627029586129e+00
4.224383150000000000e+08 1.970344193580039587e+02 2.798654667279348018e+01 8.010720296005835905e+00
4.225583210000000000e+08 1.970276642356440107e+02 2.798905231949711236e+01 8.010145380547701421e+00
4.226804350000000000e+08 1.970275322840570595e+02 2.798839958227778268e+01 8.009972412530913743e+00
4.227985160000000000e+08 1.970309594633236259e+02 2.798720820969904466e+01 8.008858269385047635e+00
4.229166110000000000e+08 1.970416704882541978e+02 2.798596735243600264e+01 8.010734628052365025e+00
4.230358300000000000e+08 1.970279717749417330e+02 2.798559309907351178e+01 8.008448068172022261e+00
4.231547440000000000e+08 1.970287854371960066e+02 2.798521774161937969e+01 8.009791265460068033e+00
4.232737450000000000e+08 1.970213072954890663e+02 2.798552330360855578e+01 8.010520895229488403e+00
4.233913900000000000e+08 1.970324457224998298e+02 2.798398900046549542e+01 8.011799440236428538e+00
4.235127900000000000e+08 1.970466292590240300e+02 2.798531508066736606e+01 8.013110944506394162e+00
4.236308290000000000e+08 1.970579827275999207e+02 2.798060990514266066e+01 8.012966166903844112e+00
4.237493340000000000e+08 1.970551459204366154e+02 2.797625996970121420e+01 8.011230333014346172e+00
4.238661880000000000e+08 1.970583324832073515e+02 2.797423644497352768e+01 8.011029046326937575e+00
4.239833420000000000e+08 1.970447605314552959e+02 2.797811479574459170e+01 8.010871695021464234e+00
4.241024650000000000e+08 1.970450087457531367e+02 2.798292176980125845e+01 8.013117605041353286e+00
4.242231740000000000e+08 1.970469399010850395e+02 2.798398309486003299e+01 8.014850749762841176e+00
4.243416140000000000e+08 1.970329484451753501e+02 2.798487472046641855e+01 8.016031439794645053e+00
4.244602820000000000e+08 1.970314072155381382e+02 2.798449600006889781e+01 8.013982792890766760e+00
4.245770340000000000e+08 1.970254034178088887e+02 2.798502344278525555e+01 8.013088610518213528e+00
4.246922770000000000e+08 1.970267213246989968e+02 2.798830920389467636e+01 8.014565411112792859e+00
4.248106510000000000e+08 1.970249433624399273e+02 2.798826515209489685e+01 8.015628764110168447e+00
4.249298360000000000e+08 1.970308863096599055e+02 2.798966785416476100e+01 8.016349788350957795e+00
4.250496690000000000e+08 1.970362315193511904e+02 2.798665814392103712e+01 8.015485709018575378e+00
4.251696700000000000e+08 1.970449765440772580e+02 2.798774968217198378e+01 8.013468301156921214e+00
4.252872440000000000e+08 1.970461539833524967e+02 2.798927444387382835e+01 8.009945812658628483e+00
4.254103540000000000e+08 1.970452392562628177e+02 2.798474404987540964e+01 8.006840984163218877e+00
4.255311040000000000e+08 1.970438608160744707e+02 2.798425462418307674e+01 8.004819439925869418e+00
4.256503280000000000e+08 1.970490868000442219e+02 2.798119096031264874e+01 8.003224527247649434e+00
4.257698500000000000e+08 1.970561024825061907e+02 2.797967548951526240e+01 8.001280019430438983e+00
4.258893320000000000e+08 1.970555985365090805e+02 2.798594628035505494e+01 8.001171329967727175e+00
4.260102090000000000e+08 1.970499375422511150e+02 2.798778991899956736e+01 7.998553825187208588e+00
4.261293730000000000e+08 1.970548153680381915e+02 2.798869315156400361e+01 7.996639234512987748e+00
4.262492130000000000e+08 1.970672000192054441e+02 2.798679862872108615e+01 7.993145693334616553e+00
4.263689870000000000e+08 1.970538486742128157e+02 2.798462941896796963e+01 7.989812074948836162e+00
4.264890350000000000e+08 1.970495054340290153e+02 2.798486812161963400e+01 7.989622797530293141e+00
4.266088300000000000e+08 1.970540245844400147e+02 2.798506058073748193e+01 7.989108850964535158e+00
4.267269890000000000e+08 1.970431057602588680e+02 2.798603026371548097e+01 7.988805127625565383e+00
4.268474840000000000e+08 1.970395191823750736e+02 2.798596494845356375e+01 7.987280963072949547e+00
4.269686230000000000e+08 1.970378466262935149e+02 2.798289226490559756e+01 7.987919059349021467e+00
4.270875380000000000e+08 1.970286279160478102e+02 2.798889484137165695e+01 7.990426506565514231e+00
4.272060370000000000e+08 1.970133293137140527e+02 2.798846967106339534e+01 7.990275300143737880e+00
4.273253940000000000e+08 1.970014402682804189e+02 2.798972968460779853e+01 7.991949827873990664e+00
4.274448510000000000e+08 1.970093619914479746e+02 2.798694532457914264e+01 7.990031875830376329e+00
4.275628900000000000e+08 1.970086638332191740e+02 2.798669262663491963e+01 7.987974030423235838e+00
4.276828510000000000e+08 1.970073129596830199e+02 2.798733978435551251e+01 7.985889678265060354e+00
4.278017760000000000e+08 1.970119958431890268e+02 2.798364665996196976e+01 7.983528202377561556e+00
4.279209710000000000e+08 1.970093909780894705e+02 2.798362601053836585e+01 7.982191964229286896e+00
4.280415040000000000e+08 1.970071321215634157e+02 2.798267311858428030e+01 7.981798349811968230e+00
4.281617970000000000e+08 1.970205667361278472e+02 2.798299625678590274e+01 7.980619512066833288e+00
4.282768360000000000e+08 1.970138163409099263e+02 2.798400299505602007e+01 7.978895406184699723e+00
4.283957090000000000e+08 1.970274318843843560e+02 2.798424962013143258e+01 7.978400906572226781e+00
4.285150240000000000e+08 1.970227144174033072e+02 2.798462904853833777e+01 7.976423837773858772e+00
4.286357490000000000e+08 1.970194844178546703e+02 2.797865095110605083e+01 7.976692661793057582e+00
4.287559910000000000e+08 1.970254726983695548e+02 2.798158112702777700e+01 7.977656704837090551e+00
4.288735390000000000e+08 1.970282883759735739e+02 2.798366074234913015e+01 7.976254263420905488e+00
4.289889740000000000e+08 1.970214503129275272e+02 2.798425502553680033e+01 7.972553682908620765e+00
4.291084630000000000e+08 1.970188477179430606e+02 2.798269994819587936e+01 7.971583510500959591e+00
4.292263690000000000e+08 1.970235330128119529e+02 2.797792596725632208e+01 7.968817482483133041e+00
4.293433670000000000e+08 1.970205711188873465e+02 2.797891991327701788e+01 7.965943776019676292e+00
4.294641880000000000e+08 1.970275153871951375e+02 2.797177281228734458e+01 7.964920833267467692e+00
4.295827810000000000e+08 1.970297907805612283e+02 2.796897428472721003e+01 7.964516896908798493e+00
4.296995420000000000e+08 1.970370826213898567e+02 2.796971403814148971e+01 7.963228172196759935e+00
4.298204070000000000e+08 1.970324432956302019e+02 2.796962966133240158e+01 7.967194865982800245e+00
4.299388630000000000e+08 1.970231129759171154e+02 2.796958475033160241e+01 7.965823419097636915e+00
4.300584940000000000e+08 1.970150774515919920e+02 2.796712722727558287e+01 7.965537961042929993e+00
4.301792580000000000e+08 1.970122392956689623e+02 2.796526101919488028e+01 7.965616764545118578e+00
4.302976160000000000e+08 1.970156531405346811e+02 2.796578133755848938e+01 7.966242852342899639e+00
4.304172510000000000e+08 1.970158456390450965e+02 2.796347548577447384e+01 7.963555901581591101e+00
4.305359540000000000e+08 1.970236634898151920e+02 2.796238988367672107e+01 7.962385837297552449e+00
4.306555080000000000e+08 1.970155253062009422e+02 2.796233860532145954e+01 7.962825981062714220e+00
4.307754780000000000e+08 1.970074631577064679e+02 2.796681040995267153e+01 7.963732033163181789e+00
4.308922790000000000e+08 1.970075470505758233e+02 2.796289438586651244e+01 7.961965189354499373e+00
4.310122310000000000e+08 1.970152752111459620e+02 2.795849744606998399e+01 7.960103322601706388e+00
4.311307210000000000e+08 1.970180478610607793e+02 2.796267866119652368e+01 7.960203142036525570e+00
4.312482180000000000e+08 1.970170537506181745e+02 2.795833522768955959e+01 7.958324975872846707e+00
4.313702340000000000e+08 1.970085478905269554e+02 2.795968515220551964e+01 7.954177552911358973e+00
4.314885170000000000e+08 1.970095048610396020e+02 2.796093481742716946e+01 7.957214185433772791e+00
4.316045630000000000e+08 1.970109345904955092e+02 2.795876800109154914e+01 7.955507940008462953e+00
4.317248560000000000e+08 1.970151565710831676e+02 2.796067350142413943e+01 7.954932682428837332e+00
4.318424950000000000e+08 1.970172704917144415e+02 2.796156962470039176e+01 7.953717131796103956e+00
4.319582160000000000e+08 1.970392572909926230e+02 2.795902601345686733e+01 7.953688029264267101e+00
4.320779220000000000e+08 1.970348784343780153e+02 2.795538407794545321e+01 7.952678674479475518e+00
4.321988880000000000e+08 1.970287977105029995e+02 2.795383647462172405e+01 7.952552619498841402e+00
4.323187050000000000e+08 1.970295992106264293e+02 2.795077283517849764e+01 7.952940575360273101e+00
4.324348870000000000e+08 1.970254456994044574e+02 2.794972104277202263e+01 7.950920923638535420e+00
4.325548450000000000e+08 1.970246491532099640e+02 2.794965872949061847e+01 7.951832132465971981e+00
4.326742210000000000e+08 1.970200813402765618e+02 2.795156039479499199e+01 7.950385891944594441e+00
4.327947290000000000e+08 1.970114346186515490e+02 2.794890232562227084e+01 7.948587042374731126e+00
4.329157470000000000e+08 1.970242348201993536e+02 2.794785430209516264e+01 7.946447283841777676e+00
4.330383150000000000e+08 1.970264397823711136e+02 2.795282656417303357e+01 7.946231074329020316e+00
4.331610120000000000e+08 1.970266514440532148e+02 2.795893175360333416e+01 7.946310050672771297e+00
4.332813160000000000e+08 1.970260840861931513e+02 2.795852350239513484e+01 7.943394512757763870e+00
4.334004190000000000e+08 1.970351841876264132e+02 2.795560812064354650e+01 7.942489149849198071e+00
4.335214380000000000e+08 1.970280218638284850e+02 2.795769728150058597e+01 7.941022680009080403e+00
4.336406670000000000e+08 1.970283995370533887e+02 2.795988554737266085e+01 7.939969709410275911e+00
4.337594710000000000e+08 1.970289040689705473e+02 2.796116449298251183e+01 7.940204612181030797e+00
4.338786520000000000e+08 1.970150416504024520e+02 2.795719026216012182e+01 7.941388064156954307e+00
4.340015130000000000e+08 1.970119219561545947e+02 2.795507328046692308e+01 7.939998819416140385e+00
4.341214120000000000e+08 1.970216501583455511e+02 2.795765315260586092e+01 7.938929391510467504e+00
4.342403580000000000e+08 1.970291536900150788e+02 2.796185038968666348e+01 7.938021625292882355e+00
4.343581300000000000e+08 1.970111863541704338e+02 2.796083791899844329e+01 7.939632435176313230e+00
4.344780050000000000e+08 1.970172095862119761e+02 2.795920411475064071e+01 7.940335125409982986e+00
4.345965100000000000e+08 1.970071967421132797e+02 2.795709637119173507e+01 7.939896440609496509e+00
4.347152640000000000e+08 1.970162069067896766e+02 2.796272047148826090e+01 7.941024447676428011e+00
4.348336370000000000e+08 1.970089643641367445e+02 2.796327706095771859e+01 7.941149207322826697e+00
4.349552080000000000e+08 1.970049471924761235e+02 2.796350049443496744e+01 7.940930705094750408e+00
4.350737980000000000e+08 1.970161580230803793e+02 2.796656902362717645e+01 7.938453080267753315e+00
4.351907420000000000e+08 1.970248231786616486e+02 2.797283233793129043e+01 7.938011845221844887e+00
4.353135030000000000e+08 1.970221364711085243e+02 2.797112259246774357e+01 7.941394666216231357e+00
4.354309970000000000e+08 1.970199483658418274e+02 2.797411027763440572e+01 7.940716494762945388e+00
4.355499640000000000e+08 1.970373340500408119e+02 2.797226521314373571e+01 7.940329035630633747e+00
4.356664240000000000e+08 1.970474673404708028e+02 2.797437198972234285e+01 7.937386517144259024e+00
4.357854940000000000e+08 1.970457133762523085e+02 2.797495760035815238e+01 7.938291097388068707e+00
4.359062000000000000e+08 1.970450713565729757e+02 2.797154607051579234e+01 7.940293364976843904e+00
4.360277080000000000e+08 1.970467920275597749e+02 2.797039623517657958e+01 7.940251212106917755e+00
4.361459700000000000e+08 1.970493411158646495e+02 2.796551089114095490e+01 7.938545025605733940e+00
4.362626290000000000e+08 1.970445523676322352e+02 2.796646027110312716e+01 7.939138527880659879e+00
4.363816250000000000e+08 1.970387885126616254e+02 2.796728808132411004e+01 7.938324874421290644e+00
4.365006000000000000e+08 1.970388050165457798e+02 2.796794026878004757e+01 7.937934333530280995e+00
4.366197630000000000e+08 1.970523488109316474e+02 2.796731886794104227e+01 7.938203751383039908e+00
4.367409840000000000e+08 1.970557636645118578e+02 2.796776141745366928e+01 7.935498756732271453e+00
4.368606030000000000e+08 1.970582294485769239e+02 2.797039452925845993e+01 7.934427069317679937e+00
4.369778430000000000e+08 1.970619404398462393e+02 2.797117948488077488e+01 7.935287802198798701e+00
4.370992430000000000e+08 1.970445594970090895e+02 2.796936966547854553e+01 7.935632478656232891e+00
4.372184440000000000e+08 1.970371334587808008e+02 2.796987541012767764e+01 7.935294959678786064e+00
4.373389550000000000e+08 1.970444597725262099e+02 2.796737193009641587e+01 7.933551263795987296e+00
4.374576370000000000e+08 1.970300443084960875e+02 2.796693607609614673e+01 7.933170348927816029e+00
4.375760230000000000e+08 1.970281858960815953e+02 2.796446765047458172e+01 7.932137986935501317e+00
4.376936170000000000e+08 1.970279813787046237e+02 2.796609465967689445e+01 7.929850922844707384e+00
4.378130610000000000e+08 1.970224204632333453e+02 2.796429766666714301e+01 7.927661264731487911e+00
4.379335640000000000e+08 1.970317535108686116e+02 2.796621244424473929e+01 7.925951901325544391e+00
4.380519880000000000e+08 1.970321923141993068e+02 2.796555905947522547e+01 7.925594070425239224e+00
4.381723370000000000e+08 1.970268900497034394e+02 2.796717907910824863e+01 7.924779059273723725e+00
4.382934460000000000e+08 1.970244104809501096e+02 2.796398650777581096e+01 7.922775296476663343e+00
4.384114140000000000e+08 1.970077074945361346e+02 2.796357225225719034e+01 7.923016180211398307e+00
4.385293290000000000e+08 1.970079253392185308e+02 2.796551812751976129e+01 7.922753345768128064e+00
4.386468200000000000e+08 1.970045518384817171e+02 2.796669947297439052e+01 7.920942661516050975e+00
4.387623220000000000e+08 1.970090421277581072e+02 2.796724467226664856e+01 7.918778897407940498e+00
4.388851740000000000e+08 1.970051429242984113e+02 2.796890981665644915e+01 7.918482073074737393e+00
4.390063920000000000e+08 1.970114310599490182e+02 2.796959523345650567e+01 7.916121825774688148e+00
4.391275590000000000e+08 1.970150070769884962e+02 2.796887364509391460e+01 7.911526658131190715e+00
4.392451130000000000e+08 1.970138935584332671e+02 2.797373628753148722e+01 7.912726022730737441e+00
4.393620570000000000e+08 1.970220499727014385e+02 2.797414305191839290e+01 7.909203015644006740e+00
4.394796800000000000e+08 1.970236207417725041e+02 2.797603126527820194e+01 7.907736818090544517e+00
4.395971990000000000e+08 1.970291879972111531e+02 2.797237630486480953e+01 7.909456563950652885e+00
4.397165020000000000e+08 1.970282056509040558e+02 2.797248434506590442e+01 7.909097086576229785e+00
4.398374320000000000e+08 1.970333349909714116e+02 2.797140486450222241e+01 7.908940217076905199e+00
4.399553300000000000e+08 1.970390843022574359e+02 2.797376087765952235e+01 7.908753285075004413e+00
4.400748860000000000e+08 1.970307092152340829e+02 2.796760978970305089e+01 7.906695230285394338e+00
4.401946170000000000e+08 1.970207641892283164e+02 2.796737548027851972e+01 7.904979609077016356e+00
4.403156340000000000e+08 1.970169571794048693e+02 2.796869483043025184e+01 7.904899393295072407e+00
4.404364520000000000e+08 1.970187987659135729e+02 2.797043205793303500e+01 7.905627070702466952e+00
4.405560060000000000e+08 1.970096097576849274e+02 2.797120864034447862e+01 7.903694791905095940e+00
4.406743930000000000e+08 1.970156592523724726e+02 2.797063910605771042e+01 7.901466431340097962e+00
4.407929770000000000e+08 1.970001346449556365e+02 2.797080800369083065e+01 7.902032730966015883e+00
4.409101810000000000e+08 1.970090294290361896e+02 2.797222861886216094e+01 7.903031049674786424e+00
4.410295610000000000e+08 1.970083175639753676e+02 2.797123500833555809e+01 7.903479343608275975e+00
4.411475830000000000e+08 1.970011868651593261e+02 2.796762348501518503e+01 7.903687405914777031e+00
4.412655670000000000e+08 1.969988458904454944e+02 2.797085008694584474e+01 7.902648089109130858e+00
4.413867430000000000e+08 1.970063308088140559e+02 2.797119441120926808e+01 7.903456805100709914e+00
4.415059550000000000e+08 1.970176296853917961e+02 2.797106751717632633e+01 7.906026430729049537e+00
4.416270780000000000e+08 1.970108773377780835e+02 2.797336912069615522e+01 7.906595940233975384e+00
4.417472870000000000e+08 1.970086901583578936e+02 2.797104717661988360e+01 7.905389556436229093e+00
4.418690690000000000e+08 1.970204188118814557e+02 2.797416364832998426e+01 7.906225137735864550e+00
4.419883360000000000e+08 1.970245709230803470e+02 2.797430139409642535e+01 7.901572144416034504e+00
4.421056660000000000e+08 1.970103772745497679e+02 2.797291551606496185e+01 7.902629678305575389e+00
4.422245950000000000e+08 1.970013854095688828e+02 2.797499307303643690e+01 7.900828878606894534e+00
4.423428420000000000e+08 1.970137284020028972e+02 2.797657697551338174e+01 7.902244926952545434e+00
4.424615390000000000e+08 1.970097328541732509e+02 2.797781430202945430e+01 7.901460975544795318e+00
4.425838020000000000e+08 1.970076493780696865e+02 2.797639762330886626e+01 7.899435934172246654e+00
4.427022380000000000e+08 1.970162684871662861e+02 2.797513058129781882e+01 7.898325715701057348e+00
4.428216470000000000e+08 1.970134010053527902e+02 2.797685576855353418e+01 7.899033917490252854e+00
4.429411590000000000e+08 1.970221338550586552e+02 2.797452452268113277e+01 7.897167366234603136e+00
4.430613870000000000e+08 1.970424028908895480e+02 2.797655610545178462e+01 7.897068466789347596e+00
4.431800190000000000e+08 1.970414472685815213e+02 2.798149000578739987e+01 7.895685472129460258e+00
4.432997530000000000e+08 1.970307165408771084e+02 2.798205690197867312e+01 7.890619057455128704e+00
4.434181130000000000e+08 1.970276958030703724e+02 2.798070535215725485e+01 7.890149448027035994e+00
4.435345740000000000e+08 1.970361197055897264e+02 2.797766224403196134e+01 7.891252138906690305e+00
4.436540030000000000e+08 1.970453459320386287e+02 2.797555899814673452e+01 7.891989142216781161e+00
4.437741660000000000e+08 1.970320787356218943e+02 2.797516832022407485e+01 7.889346328176172207e+00
4.438918510000000000e+08 1.970294328941747892e+02 2.797113333819239500e+01 7.890763688305824530e+00
4.440086610000000000e+08 1.970346523578056122e+02 2.796954889488167240e+01 7.889821559822646435e+00
4.441250410000000000e+08 1.970349821900537677e+02 2.796508140881618232e+01 7.889685503416845158e+00
4.442456540000000000e+08 1.970321655052822507e+02 2.796731028477628200e+01 7.888669274815618415e+00
4.443611930000000000e+08 1.970349426077732744e+02 2.796791228038287613e+01 7.887796398267119535e+00
4.444786230000000000e+08 1.970410687557605343e+02 2.796456717865714836e+01 7.887810197732084916e+00
4.445980700000000000e+08 1.970411589671743116e+02 2.796759662058286366e+01 7.889165586351150949e+00
4.447188770000000000e+08 1.970319556471596343e+02 2.797006186282080265e+01 7.887790455591021654e+00
4.448370170000000000e+08 1.970361733962421624e+02 2.797131629839686084e+01 7.886580761005159701e+00
4.449543800000000000e+08 1.970364828754690052e+02 2.797087022660463873e+01 7.887337918832156625e+00
4.450774190000000000e+08 1.970386982935031597e+02 2.797010266092214792e+01 7.887276118504362721e+00
4.451994680000000000e+08 1.970444827007821118e+02 2.796858549249738246e+01 7.886712066677117328e+00
4.453178700000000000e+08 1.970395487309701537e+02 2.796966347219467508e+01 7.884903170527614691e+00
4.454377630000000000e+08 1.970271872974066412e+02 2.797227933103567210e+01 7.882839130895355595e+00
4.455553960000000000e+08 1.970317344514849935e+02 2.797042603189863996e+01 7.883642844814970907e+00
4.456744950000000000e+08 1.970304100180693467e+02 2.796997192161967405e+01 7.884206133240957648e+00
4.457949520000000000e+08 1.970282612095059847e+02 2.797257465130820009e+01 7.882652413660342638e+00
4.459145280000000000e+08 1.970175222009282550e+02 2.797400487666700641e+01 7.884173072204587740e+00
4.460352910000000000e+08 1.970233357593909886e+02 2.797231315237720040e+01 7.883877744570614077e+00
4.461543860000000000e+08 1.970304127531314009e+02 2.797220932007448013e+01 7.884197020667945033e+00
4.462743610000000000e+08 1.970391669191955657e+02 2.797406419167288760e+01 7.882859126279614159e+00
4.463935080000000000e+08 1.970438148802309399e+02 2.797731195417524930e+01 7.881647019278913646e+00
4.465125810000000000e+08 1.970474433897772428e+02 2.798045888038222984e+01 7.882138332950345827e+00
4.466307340000000000e+08 1.970374755476651956e+02 2.797859385142230693e+01 7.882981643277589434e+00
4.467526760000000000e+08 1.970469071705240083e+02 2.797850073695353146e+01 7.881419866037654209e+00
4.468712880000000000e+08 1.970367977975747920e+02 2.798046296028897828e+01 7.880370039917102609e+00
4.469879940000000000e+08 1.970307490009321896e+02 2.798294517795449821e+01 7.880638351091145744e+00
4.471075750000000000e+08 1.970321291394709249e+02 2.798120012471980544e+01 7.881390134156375460e+00
4.472243830000000000e+08 1.970315034699218870e+02 2.798206904238033488e+01 7.880260317147622651e+00
4.473433400000000000e+08 1.970397036762297205e+02 2.798353841657820240e+01 7.879055570183474799e+00
4.474621750000000000e+08 1.970278465373269796e+02 2.798282213271760810e+01 7.877693182365264946e+00
4.475789310000000000e+08 1.970146891857255866e+02 2.798203891835056467e+01 7.877134716023387995e+00
4.476997110000000000e+08 1.970180773133141088e+02 2.798257750488054540e+01 7.876803470396740892e+00
4.478190380000000000e+08 1.970125218310334105e+02 2.798354790269337400e+01 7.876237920168684958e+00
4.479375570000000000e+08 1.970240769985882139e+02 2.798325734566150658e+01 7.874811706139747791e+00
4.480566760000000000e+08 1.970232566603111195e+02 2.798518975626522121e+01 7.874319061622824023e+00
4.481732420000000000e+08 1.970216263139689374e+02 2.798789437192125362e+01 7.874594663089681035e+00
4.482928240000000000e+08 1.970211021879601958e+02 2.799046045011905193e+01 7.873993851510045161e+00
4.484107890000000000e+08 1.970233803956843417e+02 2.798773992168937141e+01 7.872166622925820256e+00
4.485299540000000000e+08 1.970264624735579559e+02 2.798971064948690568e+01 7.871733520313200394e+00
4.486480450000000000e+08 1.970321671625685553e+02 2.798761943428192112e+01 7.871611968611225585e+00
4.487696870000000000e+08 1.970346603895340252e+02 2.799297954487205331e+01 7.868992948449458069e+00
4.488864510000000000e+08 1.970360112152832244e+02 2.798791642584353667e+01 7.869973057839878550e+00
4.490038660000000000e+08 1.970393482457162690e+02 2.798847893806860299e+01 7.870231011124206866e+00
4.491209400000000000e+08 1.970347455650687039e+02 2.799077243899407819e+01 7.869404213150925642e+00
4.492434040000000000e+08 1.970361790635850525e+02 2.799015440518389752e+01 7.869050053804734546e+00
4.493580950000000000e+08 1.970427525644537070e+02 2.799409543450127913e+01 7.867883516761805751e+00
4.494778270000000000e+08 1.970331097221727532e+02 2.798896495055141287e+01 7.869283495672836359e+00
4.495979240000000000e+08 1.970464104011525706e+02 2.798469807131208142e+01 7.867694095772120200e+00
4.497214400000000000e+08 1.970419316366397879e+02 2.798265830068678639e+01 7.866879486096646446e+00
4.498409090000000000e+08 1.970449684080846282e+02 2.798257034190432080e+01 7.865962963447012513e+00
4.499597200000000000e+08 1.970402723320357836e+02 2.798068323584488937e+01 7.867111247359439119e+00
4.500802020000000000e+08 1.970427561086389119e+02 2.798046069648666645e+01 7.866576606337665645e+00
4.502023740000000000e+08 1.970358055352580493e+02 2.797760801224375626e+01 7.865711042148241461e+00
4.503236660000000000e+08 1.970361231676359353e+02 2.797746055891354544e+01 7.866739641455704479e+00
4.504431520000000000e+08 1.970403185241653148e+02 2.797408239699916166e+01 7.865954019517508833e+00
4.505624890000000000e+08 1.970418026065356685e+02 2.797661889804202673e+01 7.864243484713203003e+00
4.506809050000000000e+08 1.970454717548281280e+02 2.797614656877534145e+01 7.865478853139356019e+00
4.508013860000000000e+08 1.970419612167858077e+02 2.797441943243598672e+01 7.864835991209705668e+00
4.509210680000000000e+08 1.970463458479266876e+02 2.797540167186543414e+01 7.863274173546506596e+00
4.510387240000000000e+08 1.970505220140474876e+02 2.797973071802499234e+01 7.862788354722646034e+00
4.511560100000000000e+08 1.970516802996803278e+02 2.797964550165285047e+01 7.860568163799297459e+00
4.512757220000000000e+08 1.970510117951240261e+02 2.798014812003820850e+01 7.859537475663455730e+00
4.513952730000000000e+08 1.970409957759033830e+02 2.797981561332450795e+01 7.858363610247280029e+00
4.515157560000000000e+08 1.970361721103088541e+02 2.797641276445888892e+01 7.857209975998290297e+00
4.516321650000000000e+08 1.970432777718961574e+02 2.797683291956826324e+01 7.853323500818319758e+00
4.517511750000000000e+08 1.970281695260690640e+02 2.797520230267102193e+01 7.852797768390001210e+00
4.518698090000000000e+08 1.970168012104263369e+02 2.797770791426561132e+01 7.851072743234068341e+00
4.519891790000000000e+08 1.970201460032547800e+02 2.797732223933381235e+01 7.849038391474775445e+00
4.521062220000000000e+08 1.970193465931690184e+02 2.797742500859683545e+01 7.848261168260387777e+00
4.522254240000000000e+08 1.970224298232745355e+02 2.797797141664917575e+01 7.846608798128453799e+00
4.523432190000000000e+08 1.970274178073149471e+02 2.797697346217278280e+01 7.845518484566779804e+00
4.524613960000000000e+08 1.970240435041194189e+02 2.797717758617319106e+01 7.844753502557112235e+00
4.525797520000000000e+08 1.970297300923688795e+02 2.798421029507561286e+01 7.842600911836188793e+00
4.527008990000000000e+08 1.970369035652070124e+02 2.798730012292623570e+01 7.841074244094296652e+00
4.528222280000000000e+08 1.970330113936350926e+02 2.798730509268922972e+01 7.837690902207732790e+00
4.529425860000000000e+08 1.970295463820858402e+02 2.798972898232038631e+01 7.837755678574256812e+00
4.530596230000000000e+08 1.970316512552186339e+02 2.798932602803083114e+01 7.834842892954617000e+00
4.531799400000000000e+08 1.970274734860229557e+02 2.798893144536539168e+01 7.836540917436269460e+00
4.532991450000000000e+08 1.970343522907249962e+02 2.798872194064840713e+01 7.836039966439838800e+00
4.534195790000000000e+08 1.970315149923646061e+02 2.798536979885867382e+01 7.834233137776966949e+00
4.535382370000000000e+08 1.970315927411201926e+02 2.798170772466102818e+01 7.832819924096838804e+00
4.536533580000000000e+08 1.970417212837813281e+02 2.798104561483378561e+01 7.833947392894662798e+00
4.537752050000000000e+08 1.970362017947647075e+02 2.797942891942842891e+01 7.832317536247551004e+00
4.538925300000000000e+08 1.970433308843970224e+02 2.798119823337669132e+01 7.831317507414901513e+00
4.540120070000000000e+08 1.970423896676357174e+02 2.798005784363639137e+01 7.832508447375937877e+00
4.541323070000000000e+08 1.970307205409239657e+02 2.798139383037386096e+01 7.831017988719031209e+00
4.542526250000000000e+08 1.970291275740437413e+02 2.798268620771698778e+01 7.829327741301375987e+00
4.543680000000000000e+08 1.970197028066088478e+02 2.797816359303647360e+01 7.827914669150881188e+00
4.544868640000000000e+08 1.970146866551793892e+02 2.797746090507781602e+01 7.828800677130000274e+00
4.546046730000000000e+08 1.970090882642599297e+02 2.797902471314832695e+01 7.827796269518074723e+00
4.547255490000000000e+08 1.970131950836139083e+02 2.797776676124786022e+01 7.825688479049614621e+00
4.548442100000000000e+08 1.970168488041225601e+02 2.798032923254214666e+01 7.826251264866345814e+00
4.549594390000000000e+08 1.970299732178318948e+02 2.798283287950044951e+01 7.825579235936548805e+00
4.550783980000000000e+08 1.970196124893966783e+02 2.798270893616354726e+01 7.825338860891566384e+00
4.552008880000000000e+08 1.970081659432909191e+02 2.798265528309486783e+01 7.824900573779714819e+00
4.553197620000000000e+08 1.970069024754819509e+02 2.797872271494389196e+01 7.822687324441988999e+00
4.554387220000000000e+08 1.970231444328458110e+02 2.798070382967183178e+01 7.822760781318367052e+00
4.555578740000000000e+08 1.970356679429420126e+02 2.798090617267021329e+01 7.822542884981879219e+00
4.556752500000000000e+08 1.970285983195172435e+02 2.798009247928451515e+01 7.823109020907256905e+00
4.557964850000000000e+08 1.970245903307404092e+02 2.798166135623544193e+01 7.821972760264333857e+00
4.559144980000000000e+08 1.970245720396664240e+02 2.797792195402616144e+01 7.819684311842696189e+00
4.560320090000000000e+08 1.970166985188254216e+02 2.797937408049880048e+01 7.819463079866187272e+00
4.561538040000000000e+08 1.970182734251227430e+02 2.798245690899189597e+01 7.820280485259826442e+00
4.562718630000000000e+08 1.970206346635529826e+02 2.798225890282354200e+01 7.822574743871587799e+00
4.563932880000000000e+08 1.970274639211203862e+02 2.798127288137438384e+01 7.823265245856982020e+00
4.565168600000000000e+08 1.970312998346538507e+02 2.797930567143846048e+01 7.822031278909634899e+00
4.566358140000000000e+08 1.970311905508661994e+02 2.797777667528366408e+01 7.823353982663751260e+00
4.567518780000000000e+08 1.970267476129957629e+02 2.797683300306846377e+01 7.821189068376515507e+00
4.568714600000000000e+08 1.970279617361416911e+02 2.797526549488956960e+01 7.822522468607519208e+00
4.569912560000000000e+08 1.970274228602334574e+02 2.797100218242202985e+01 7.821837499581589803e+00
4.571136400000000000e+08 1.970276494593087193e+02 2.797367082927397774e+01 7.820998163410989079e+00
4.572305480000000000e+08 1.970296662580778957e+02 2.797293404569945352e+01 7.820784514216514438e+00
4.573483420000000000e+08 1.970334500094506893e+02 2.796972514190381887e+01 7.819750760117944566e+00
4.574696010000000000e+08 1.970250470174205759e+02 2.796704223791756760e+01 7.820735050690760026e+00
4.575902760000000000e+08 1.970284105730049760e+02 2.796337447270880361e+01 7.821978739577949646e+00
4.577098520000000000e+08 1.970252647995262407e+02 2.797039764475659851e+01 7.822087851905687117e+00
4.578320630000000000e+08 1.970348213994746231e+02 2.797207535110046450e+01 7.822743719631615633e+00
4.579509480000000000e+08 1.970433060057685850e+02 2.797145547706460533e+01 7.821946353062336321e+00
4.580721630000000000e+08 1.970513305216072126e+02 2.797211383032519549e+01 7.823033147011887678e+00
4.581931430000000000e+08 1.970456239334089332e+02 2.797208294132219564e+01 7.821211735843672130e+00
4.583097330000000000e+08 1.970387752938525239e+02 2.797128828412935775e+01 7.820123458502973079e+00
4.584311620000000000e+08 1.970489223242293519e+02 2.796949579671350605e+01 7.822728247225756881e+00
4.585476800000000000e+08 1.970404464669426829e+02 2.796996213842438550e+01 7.823543300805770428e+00
4.586674510000000000e+08 1.970273201389202313e+02 2.797040612062610165e+01 7.822974356443232580e+00
4.587862740000000000e+08 1.970203956856323657e+02 2.796875668662496039e+01 7.821817833433040157e+00
4.589069140000000000e+08 1.970163129688981769e+02 2.796505747848691570e+01 7.821797060516496813e+00
4.590234510000000000e+08 1.970019997657672093e+02 2.796450280707747993e+01 7.820266986249412966e+00
4.591456700000000000e+08 1.969841814651820187e+02 2.796217804122609962e+01 7.819037788473498729e+00
4.592645020000000000e+08 1.969856592199215584e+02 2.796476053971482401e+01 7.818960067447580542e+00
4.593818830000000000e+08 1.969946205570631150e+02 2.796292003277945071e+01 7.817312539888167322e+00
4.594999170000000000e+08 1.969935118941386634e+02 2.796218437912078514e+01 7.818690398650675277e+00
4.596224810000000000e+08 1.969915491428660914e+02 2.796328821954231714e+01 7.817717460312299416e+00
4.597430340000000000e+08 1.969764996174424141e+02 2.796797483703238640e+01 7.817585869489207084e+00
4.598630430000000000e+08 1.969776324859087708e+02 2.796470464925595323e+01 7.817094313441015352e+00
4.599833490000000000e+08 1.969756115163382049e+02 2.796698217764546257e+01 7.817011180294636929e+00
4.601014880000000000e+08 1.969885300239580488e+02 2.796185075266524223e+01 7.816465802038721655e+00
4.602181810000000000e+08 1.969823020587091378e+02 2.796079661348670342e+01 7.817336742355635693e+00
4.603373080000000000e+08 1.969778715426548388e+02 2.795941653736175070e+01 7.816509818547338284e+00
4.604561920000000000e+08 1.969913122340639120e+02 2.795591909642958584e+01 7.816148701027946899e+00
4.605769370000000000e+08 1.969939023326339225e+02 2.795253353016847697e+01 7.816593902824774176e+00
4.607003930000000000e+08 1.970094433432125811e+02 2.794931704414424445e+01 7.816096393971384337e+00
4.608187670000000000e+08 1.970191718818732625e+02 2.794948407038787863e+01 7.817124173521158070e+00
4.609385020000000000e+08 1.970142884883820216e+02 2.794708999171241004e+01 7.815681314977141803e+00
4.610583030000000000e+08 1.970198713951633351e+02 2.794274380117950685e+01 7.815235056573965444e+00
4.611771780000000000e+08 1.970167131793897113e+02 2.794705007021702770e+01 7.816643567065046483e+00
4.612950270000000000e+08 1.970141452026799982e+02 2.795049377147391567e+01 7.814728298493403891e+00
4.614113130000000000e+08 1.970096426111672940e+02 2.794843808135769692e+01 7.812205265132578624e+00
4.615289370000000000e+08 1.969950443310630703e+02 2.794798798414661078e+01 7.809537228197108050e+00
4.616521370000000000e+08 1.970023068051253290e+02 2.794698227677237412e+01 7.808513333895746200e+00
4.617701960000000000e+08 1.969846370723101643e+02 2.794824939599583047e+01 7.808049365555232768e+00
4.618943670000000000e+08 1.969865185449853016e+02 2.794504436402150915e+01 7.806419740344171743e+00
4.620125260000000000e+08 1.969852032773541737e+02 2.794256763458026072e+01 7.806414329581911282e+00
4.621314140000000000e+08 1.969805063670443701e+02 2.794156213514094489e+01 7.805989535780946120e+00
4.622496190000000000e+08 1.969795760589260851e+02 2.794369177680890459e+01 7.805099765656668964e+00
4.623677780000000000e+08 1.969612095087613000e+02 2.794354627454987039e+01 7.802477506405643304e+00
4.624836610000000000e+08 1.969448368281335036e+02 2.794109268732811913e+01 7.799846045190345301e+00
4.626012050000000000e+08 1.969438594865279128e+02 2.793641250395542741e+01 7.797393603591838307e+00
4.627211180000000000e+08 1.969531544241937695e+02 2.793831515050505487e+01 7.797097971495527524e+00
4.628402570000000000e+08 1.969648407651902460e+02 2.794137441916275932e+01 7.792775134743542331e+00
4.629630490000000000e+08 1.969671144826867533e+02 2.793993825025842170e+01 7.789547882439661564e+00
4.630808970000000000e+08 1.969659129982865409e+02 2.794417127102168408e+01 7.788261229812110997e+00
4.631969890000000000e+08 1.969583902096928512e+02 2.794366849961360444e+01 7.785605070477496170e+00
4.633183220000000000e+08 1.969492686779423423e+02 2.794279577820635296e+01 7.784287445275423600e+00
4.634372530000000000e+08 1.969427395388575519e+02 2.793850277192792930e+01 7.780940476881252010e+00
4.635559640000000000e+08 1.969550577161361957e+02 2.793807227884817479e+01 7.777417225959813329e+00
4.636736900000000000e+08 1.969509863977688156e+02 2.793797159820769238e+01 7.777596637696561288e+00
4.637932310000000000e+08 1.969459528789464287e+02 2.793973520687653789e+01 7.778152253163044705e+00
4.639127700000000000e+08 1.969435370905996194e+02 2.794257594987187687e+01 7.777712378466366872e+00
4.640296960000000000e+08 1.969437419972943815e+02 2.794693698684223193e+01 7.777539470779735176e+00
4.641474600000000000e+08 1.969354536439017522e+02 2.794410273920208709e+01 7.778044563743351958e+00
4.642671650000000000e+08 1.969316718421456471e+02 2.794385311571322106e+01 7.777254791512691057e+00
4.643911180000000000e+08 1.969331180503008341e+02 2.794383421488244323e+01 7.776188044261060028e+00
4.645084060000000000e+08 1.969369375096897841e+02 2.794180946377305474e+01 7.774801417608102838e+00
4.646243510000000000e+08 1.969398810088019616e+02 2.794199749792826637e+01 7.774660185915763577e+00
4.647443630000000000e+08 1.969296799982296022e+02 2.793770710157750514e+01 7.771433874124894281e+00
4.648647430000000000e+08 1.969342067927027529e+02 2.793722717006032852e+01 7.770681104278780893e+00
4.649827080000000000e+08 1.969351567909292839e+02 2.793862535184749163e+01 7.769189469342656196e+00
4.651027300000000000e+08 1.969211401809445761e+02 2.794145058780302193e+01 7.769032995994887614e+00
4.652214210000000000e+08 1.969193420998992110e+02 2.793813547050975643e+01 7.768470230718233616e+00
4.653385990000000000e+08 1.969203546697383729e+02 2.793799984717206542e+01 7.769705551485024841e+00
4.654578760000000000e+08 1.969236782307416433e+02 2.793471344057441286e+01 7.770044006860046260e+00
4.655742560000000000e+08 1.969232609121393125e+02 2.793459911107206750e+01 7.769035847154492025e+00
4.656918750000000000e+08 1.969172735528443354e+02 2.793583454429456836e+01 7.768408047661052862e+00
4.658111800000000000e+08 1.969089535005017240e+02 2.793833363046196538e+01 7.768253754363430907e+00
4.659301840000000000e+08 1.968941256636318258e+02 2.793532279779998007e+01 7.768469208438368412e+00
4.660488750000000000e+08 1.968853821558979291e+02 2.793610833344122923e+01 7.766846840344548752e+00
4.661654370000000000e+08 1.968869842601548612e+02 2.793600725472847657e+01 7.763966998824187726e+00
4.662857720000000000e+08 1.968955630739727098e+02 2.793686280094372520e+01 7.763656723015585293e+00
4.664037550000000000e+08 1.969044535021581339e+02 2.793622175787277229e+01 7.761360940026881039e+00
4.665249190000000000e+08 1.969107967346077146e+02 2.793708369604549802e+01 7.760525275581401594e+00
4.666439170000000000e+08 1.969049151726822231e+02 2.793411289306780176e+01 7.759676067634087460e+00
4.667641190000000000e+08 1.969126484677584301e+02 2.793718518231104042e+01 7.758723499800205481e+00
4.668840480000000000e+08 1.969100867500594916e+02 2.793778410694284631e+01 7.760728965866870332e+00
4.670019190000000000e+08 1.969046453908704564e+02 2.793523834428804875e+01 7.758289434445605259e+00
4.671221250000000000e+08 1.969223365550516576e+02 2.793150112896681847e+01 7.756918223875873153e+00
4.672391000000000000e+08 1.969275187897399348e+02 2.793382612538739096e+01 7.755206981539402911e+00
4.673602750000000000e+08 1.969219445489113411e+02 2.793292791838906908e+01 7.755160295459232245e+00
4.674764610000000000e+08 1.969146654315929368e+02 2.793275130384838789e+01 7.754178852499016728e+00
4.675927250000000000e+08 1.969134837561970528e+02 2.793159895710964946e+01 7.752490143806831213e+00
4.677121530000000000e+08 1.969163971057560047e+02 2.793133014349108123e+01 7.753606064801072506e+00
4.678328490000000000e+08 1.969176824881021162e+02 2.792840239428443994e+01 7.753150321402308975e+00
4.679540200000000000e+08 1.969207948502684644e+02 2.793196467899597835e+01 7.751780725432659835e+00
4.680730550000000000e+08 1.969230978951768236e+02 2.793763394695431046e+01 7.752778351387088485e+00
4.681910620000000000e+08 1.969099449028064441e+02 2.793685969959832249e+01 7.751554580052151699e+00
4.683080820000000000e+08 1.969104896917043845e+02 2.793524774874833483e+01 7.749644006314245992e+00
4.684291960000000000e+08 1.969001610818397410e+02 2.793511494641101578e+01 7.748931851568574558e+00
4.685509180000000000e+08 1.968999104673813463e+02 2.793357494770769023e+01 7.748467274376207747e+00
4.686731480000000000e+08 1.969000684303220794e+02 2.793346159060489597e+01 7.747352901459429120e+00
4.687939590000000000e+08 1.969036162268594694e+02 2.793105546888173407e+01 7.747327579249650320e+00
4.689140360000000000e+08 1.968971276322714345e+02 2.792701293775459348e+01 7.746027051481927828e+00
4.690363050000000000e+08 1.969029680729812242e+02 2.792653716489990856e+01 7.745853859346579107e+00
4.691532260000000000e+08 1.969028055805529505e+02 2.792496455895287610e+01 7.745906195895567947e+00
4.692750920000000000e+08 1.968966937810492368e+02 2.792747790313328693e+01 7.749331643345547249e+00
4.693941200000000000e+08 1.969018232875837100e+02 2.792828548560980195e+01 7.750747321539281920e+00
4.695118280000000000e+08 1.969027886647053265e+02 2.792804069845955439e+01 7.751637683443240334e+00
4.696301350000000000e+08 1.968982863100313807e+02 2.792695991717879878e+01 7.751484843649309120e+00
4.697509110000000000e+08 1.969028251190963203e+02 2.792788588118294868e+01 7.750892974812204628e+00
4.698686930000000000e+08 1.968964597375689323e+02 2.792930035467967187e+01 7.749454864608506632e+00
4.699871650000000000e+08 1.969067602354838300e+02 2.793215365098472347e+01 7.749579539738209455e+00
4.701058790000000000e+08 1.968980190781340696e+02 2.793078240210920171e+01 7.747662745585190969e+00
4.702219290000000000e+08 1.969058734664599513e+02 2.793029692809793119e+01 7.747629618600326395e+00
4.703453500000000000e+08 1.969017150142971104e+02 2.792922414869506298e+01 7.746575306393537197e+00
4.704674790000000000e+08 1.969024820206719255e+02 2.792544252686649742e+01 7.748077762555239723e+00
4.705837220000000000e+08 1.969021397754087275e+02 2.792418884565032400e+01 7.747997811475745955e+00
4.707011840000000000e+08 1.968983246060761871e+02 2.792295404337719944e+01 7.746911684143765520e+00
4.708198850000000000e+08 1.968988288086972887e+02 2.792545878991125718e+01 7.745834634983131295e+00
4.709388380000000000e+08 1.969027238684366807e+02 2.792367037272754970e+01 7.742881288682280427e+00
4.710584370000000000e+08 1.969024554868211681e+02 2.792231250508556784e+01 7.740344405611184087e+00
4.711789950000000000e+08 1.968914046666783406e+02 2.792361708517564622e+01 7.739356003460178712e+00
4.712959490000000000e+08 1.968946758430000443e+02 2.792272408417799667e+01 7.739714891051735712e+00
4.714138080000000000e+08 1.969010429707776098e+02 2.791994872315586562e+01 7.739407152024832648e+00
4.715337970000000000e+08 1.968904787490404260e+02 2.791683470939237566e+01 7.738341863928793529e+00
4.716527860000000000e+08 1.968880833086751636e+02 2.791724931349256522e+01 7.739661206861200959e+00
4.717756420000000000e+08 1.968917033571244701e+02 2.791553711475728861e+01 7.737708052276190074e+00
4.718936530000000000e+08 1.968866856878195790e+02 2.791499308483894737e+01 7.736773068853143087e+00
4.720146930000000000e+08 1.968895653717233358e+02 2.791715085538013597e+01 7.736168751930426524e+00
4.721331330000000000e+08 1.968877736998530565e+02 2.791678747060860744e+01 7.734630580437593217e+00
4.722541200000000000e+08 1.968988516084094442e+02 2.791596371355045392e+01 7.733270398667607459e+00
4.723736730000000000e+08 1.969010673721329567e+02 2.791509637722353787e+01 7.732848797298263577e+00
4.724924660000000000e+08 1.969015826386287245e+02 2.791033895892078576e+01 7.731016217683521319e+00
4.726143820000000000e+08 1.968972446550682776e+02 2.791280749490361046e+01 7.730335186957288940e+00
4.727362290000000000e+08 1.969015907074021925e+02 2.791485676146743344e+01 7.729139285525380210e+00
4.728587750000000000e+08 1.969086143824742408e+02 2.791506256512343498e+01 7.728309442794270900e+00
4.729772890000000000e+08 1.969141919459016492e+02 2.791399029772658835e+01 7.727571169833336029e+00
4.730979090000000000e+08 1.969221248486394700e+02 2.791398970802955759e+01 7.728121874972925909e+00
4.732156320000000000e+08 1.969192878621263674e+02 2.791589475819314714e+01 7.725460347774880887e+00
4.733352590000000000e+08 1.969133029090716889e+02 2.791905056366222126e+01 7.723997623531367651e+00
4.734567610000000000e+08 1.969090730168514654e+02 2.792084842933300237e+01 7.725169613326198004e+00
4.735795190000000000e+08 1.968998816829887915e+02 2.792024784136397741e+01 7.724334809005075186e+00
4.737024760000000000e+08 1.968908962845684414e+02 2.791633045709892613e+01 7.722885092073946467e+00
4.738211470000000000e+08 1.968986079881788669e+02 2.791437112335000847e+01 7.720303305926055515e+00
4.739393800000000000e+08 1.969013819783796748e+02 2.791609755411215943e+01 7.718866868072196574e+00
4.740576000000000000e+08 1.968942476653472511e+02 2.791698617433676333e+01 7.718226252224241968e+00
4.741779070000000000e+08 1.969006095215339940e+02 2.791506654542943267e+01 7.717299810492268541e+00
4.742947520000000000e+08 1.969029826899232489e+02 2.791723375218265701e+01 7.715631853785901662e+00
4.744147560000000000e+08 1.969045552131883028e+02 2.791750655452708685e+01 7.712237991829353767e+00
4.745387580000000000e+08 1.969133872266025378e+02 2.791329337748098283e+01 7.710784463327739147e+00
4.746556900000000000e+08 1.969246285553795417e+02 2.791401586035329174e+01 7.709977395866046024e+00
4.747744960000000000e+08 1.969240396721517072e+02 2.791240056975792427e+01 7.707739972738842482e+00
4.748976660000000000e+08 1.969219356227040976e+02 2.790898436998073961e+01 7.708370813683629308e+00
4.750193320000000000e+08 1.969371245231437229e+02 2.790714123109106026e+01 7.706373315065540019e+00
4.751396080000000000e+08 1.969310459998788758e+02 2.790961423920162687e+01 7.705849697847346746e+00
4.752588070000000000e+08 1.969365871953967257e+02 2.791076369667571200e+01 7.705715756625446389e+00
4.753771260000000000e+08 1.969386565796826005e+02 2.790919494439503623e+01 7.705102327321757372e+00
4.754939340000000000e+08 1.969265241638122745e+02 2.791078103987791437e+01 7.702421957681513831e+00
4.756108720000000000e+08 1.969277225235845776e+02 2.790882976002664861e+01 7.700093343955657588e+00
4.757292180000000000e+08 1.969251297430821808e+02 2.791056313865312077e+01 7.697783270166565828e+00
4.758523950000000000e+08 1.969317541994504666e+02 2.790742795273495602e+01 7.695594992245752053e+00
4.759708010000000000e+08 1.969308376295523999e+02 2.790904137937897289e+01 7.693941739537065061e+00
4.760926440000000000e+08 1.969286276216041642e+02 2.791088173500059000e+01 7.694345175739747411e+00
4.762122340000000000e+08 1.969253327640796840e+02 2.790978792878364700e+01 7.694667415869135496e+00
4.763321830000000000e+08 1.969152363085286481e+02 2.791533718991060908e+01 7.696161143164344409e+00
4.764541430000000000e+08 1.969049614284970744e+02 2.791761158818732369e+01 7.696719309104139484e+00
4.765723170000000000e+08 1.969158843428422188e+02 2.791754417994724236e+01 7.697344931644447996e+00
4.766931500000000000e+08 1.969187369412215105e+02 2.791660452296048334e+01 7.695998757671342005e+00
4.768141150000000000e+08 1.969264151515999401e+02 2.791415469465798438e+01 7.694774659711480780e+00
4.769332670000000000e+08 1.969255603763199076e+02 2.791781806891228968e+01 7.694532153120712259e+00
4.770522360000000000e+08 1.969281030370490839e+02 2.791514653704891913e+01 7.693780201683191322e+00
4.771696410000000000e+08 1.969270947448475795e+02 2.791516054227349386e+01 7.692925499901600794e+00
4.772891970000000000e+08 1.969346908854815581e+02 2.791167968448863945e+01 7.689925223634949347e+00
4.774072310000000000e+08 1.969390038258518700e+02 2.791173862185058496e+01 7.689147741980415063e+00
4.775265480000000000e+08 1.969374611557759920e+02 2.791533676764975525e+01 7.688475559391307002e+00
4.776472650000000000e+08 1.969338781200715403e+02 2.791548203422303587e+01 7.686677778456806109e+00
4.777631640000000000e+08 1.969298281448317596e+02 2.791236632423715847e+01 7.683350428236516372e+00
4.778841240000000000e+08 1.969360178426698269e+02 2.791340066561079780e+01 7.682497466709297562e+00
4.780070770000000000e+08 1.969277902885480955e+02 2.791870463470474562e+01 7.682421726629214298e+00
4.781266490000000000e+08 1.969308772775236207e+02 2.792157512434448563e+01 7.680578721336911663e+00
4.782411460000000000e+08 1.969285553939272972e+02 2.792091246611493105e+01 7.681830516753144877e+00
4.783593840000000000e+08 1.969194313215703005e+02 2.791893751562236048e+01 7.680918399671655905e+00
4.784763430000000000e+08 1.969243813747316949e+02 2.791805673871581917e+01 7.680146324708994499e+00
4.785947740000000000e+08 1.969251484501287450e+02 2.791765110360256585e+01 7.681610141397624325e+00
4.787111160000000000e+08 1.969219452658671230e+02 2.791712232351490641e+01 7.680503386968375423e+00
4.788292190000000000e+08 1.969118283847598434e+02 2.791457463659568461e+01 7.682346221596185742e+00
4.789439840000000000e+08 1.969107359002860278e+02 2.791508062063533302e+01 7.681203152631169928e+00
4.790620290000000000e+08 1.968992973432962685e+02 2.791530409138862723e+01 7.680673218131468971e+00
4.791772980000000000e+08 1.968958264548134593e+02 2.791626940887907438e+01 7.679665353157981933e+00
4.792961340000000000e+08 1.968975711131138553e+02 2.791646704221870934e+01 7.679207765969680466e+00
4.794155210000000000e+08 1.968940649589492580e+02 2.791709176364440737e+01 7.678682706442486072e+00
4.795374570000000000e+08 1.968903712636797252e+02 2.791498357597753355e+01 7.677727460889657074e+00
4.796541580000000000e+08 1.968904986511950597e+02 2.791157885853995424e+01 7.676593730298221452e+00
4.797726760000000000e+08 1.968922824778994993e+02 2.790994626018564162e+01 7.676132629631766235e+00
4.798946280000000000e+08 1.969013229298035981e+02 2.791058724888016940e+01 7.675107459810975641e+00
4.800172560000000000e+08 1.969138718171517155e+02 2.790852015827150367e+01 7.675598052593530340e+00
4.801377030000000000e+08 1.969156544728376730e+02 2.790709804960259888e+01 7.672598152297851470e+00
4.802578000000000000e+08 1.969205177711786803e+02 2.790675038624772597e+01 7.673855242954842559e+00
4.803803690000000000e+08 1.969293723499148427e+02 2.790424110636478261e+01 7.672581500430746715e+00
4.805007600000000000e+08 1.969391412735103017e+02 2.790780323118168127e+01 7.670577787250331347e+00
4.806160720000000000e+08 1.969303425942075023e+02 2.790503715020780007e+01 7.669542471397447159e+00
4.807349720000000000e+08 1.969301726944083839e+02 2.790790475872201171e+01 7.666150350595960283e+00
4.808531420000000000e+08 1.969291379122016679e+02 2.790924940964864831e+01 7.665797843611851903e+00
4.809700950000000000e+08 1.969342055143765720e+02 2.790765943520801073e+01 7.665365806031715579e+00
4.810886000000000000e+08 1.969369179591398904e+02 2.790969918418967666e+01 7.664551550099209187e+00
4.812084320000000000e+08 1.969338921950922554e+02 2.790916274455627999e+01 7.663055444759856449e+00
4.813282680000000000e+08 1.969324962270137291e+02 2.790938455144569375e+01 7.663658068671000301e+00
4.814488660000000000e+08 1.969428541237146817e+02 2.791308109741825660e+01 7.662953525974864455e+00
4.815663780000000000e+08 1.969483942066164843e+02 2.791387042950610820e+01 7.662977050986046201e+00
4.816832420000000000e+08 1.969504491447909800e+02 2.791750632029515344e+01 7.664717723639917324e+00
4.818008820000000000e+08 1.969596325924570124e+02 2.791365831259388841e+01 7.662416543523625556e+00
4.819212150000000000e+08 1.969714672722384989e+02 2.791231198486219256e+01 7.664586379591321830e+00
4.820406770000000000e+08 1.969674476507021268e+02 2.791164686240344395e+01 7.663089607037846029e+00
4.821600450000000000e+08 1.969738955691700255e+02 2.791279671334836010e+01 7.662468918922986205e+00
4.822817040000000000e+08 1.969907821723176369e+02 2.791389206827393465e+01 7.661987717122625163e+00
4.823995270000000000e+08 1.969925754442422772e+02 2.791451557461322963e+01 7.663642713518028948e+00
4.825189570000000000e+08 1.969905192037974757e+02 2.791457313053225064e+01 7.663528845078307228e+00
4.826386330000000000e+08 1.969935302343116064e+02 2.791693039159678236e+01 7.663359608163974102e+00
4.827556370000000000e+08 1.969898595712963925e+02 2.791547650820015392e+01 7.660984527777656261e+00
4.828770620000000000e+08 1.969823609615577880e+02 2.791692723859520342e+01 7.658063397193031641e+00
4.829972840000000000e+08 1.969804818322067206e+02 2.791785807312902179e+01 7.658608665875285659e+00
4.831171740000000000e+08 1.969888543961438359e+02 2.791900032210941163e+01 7.656194204085038812e+00
4.832354230000000000e+08 1.969935836831290317e+02 2.792005076150292453e+01 7.655044952395419600e+00
4.833543150000000000e+08 1.969969559146232712e+02 2.792309538634411581e+01 7.654542016143087935e+00
4.834748230000000000e+08 1.969958897607172332e+02 2.792321440315853209e+01 7.654263822143448692e+00
4.835961580000000000e+08 1.970004950835480031e+02 2.791851328884690631e+01 7.653073212213401533e+00
4.837178880000000000e+08 1.969992497548509220e+02 2.792000339254539654e+01 7.653703520724218556e+00
4.838348680000000000e+08 1.970127120011534032e+02 2.792500048709122851e+01 7.653204664623857845e+00
4.839524880000000000e+08 1.970199475479211344e+02 2.792390032549845813e+01 7.652824342368822030e+00
4.840712770000000000e+08 1.970229690167469698e+02 2.792456914171753368e+01 7.652106582186382511e+00
4.841884410000000000e+08 1.970314079059017160e+02 2.792308518038300491e+01 7.651487697651079500e+00
4.843057750000000000e+08 1.970236974988220311e+02 2.791994804191752877e+01 7.650662417582084096e+00
4.844267750000000000e+08 1.970189861227885615e+02 2.792016600797941095e+01 7.649394969648009912e+00
4.845456540000000000e+08 1.970145834267057694e+02 2.791922922517751360e+01 7.648946993429431629e+00
4.846667970000000000e+08 1.970151675156038209e+02 2.792136116454594585e+01 7.647620794976163872e+00
4.847872970000000000e+08 1.970236811764312677e+02 2.792201861046581968e+01 7.646406304182595370e+00
4.849091820000000000e+08 1.970321344669602297e+02 2.792293773368414023e+01 7.648419271684122833e+00
4.850279090000000000e+08 1.970216132083120897e+02 2.792019757596855811e+01 7.646831567660514750e+00
4.851463110000000000e+08 1.970154771500306765e+02 2.791885378966793496e+01 7.648307935161834159e+00
4.852662150000000000e+08 1.970112925994302771e+02 2.791803397634161144e+01 7.650346041852299273e+00
4.853846630000000000e+08 1.970073939589098586e+02 2.791742263425852144e+01 7.649452491781952190e+00
4.855032550000000000e+08 1.970147548197279548e+02 2.791896208470402385e+01 7.648222028300118325e+00
4.856225760000000000e+08 1.970067409672179792e+02 2.792103158308652766e+01 7.647884107127301156e+00
4.857427330000000000e+08 1.970037057265837745e+02 2.792544352366707372e+01 7.647948835875205020e+00
4.858617210000000000e+08 1.970062756180602435e+02 2.792532864742351606e+01 7.647629565933176998e+00
4.859803310000000000e+08 1.970085106032207705e+02 2.792483757545056378e+01 7.644152966925601866e+00
4.861001990000000000e+08 1.970006538657104898e+02 2.792560457057945555e+01 7.645215946862288448e+00
4.862171760000000000e+08 1.970028783445517604e+02 2.792465244188579732e+01 7.643367669376736728e+00
4.863376790000000000e+08 1.969999124102235442e+02 2.792506008707232823e+01 7.643121493153448576e+00
4.864578010000000000e+08 1.969963702052989447e+02 2.792460334754668949e+01 7.640194266485614172e+00
4.865740320000000000e+08 1.970067343188783582e+02 2.792588873006738837e+01 7.639426949345228479e+00
4.866919610000000000e+08 1.970142791321668199e+02 2.792666918995972125e+01 7.638883656013666368e+00
4.868092030000000000e+08 1.970193170070564008e+02 2.792405001157289135e+01 7.637073966063849362e+00
4.869258960000000000e+08 1.970236547038046524e+02 2.792411507801261550e+01 7.637439363752543287e+00
4.870448760000000000e+08 1.970261533747197689e+02 2.792163660558432525e+01 7.638519632270923232e+00
4.871635720000000000e+08 1.970271448924116555e+02 2.792174879253449760e+01 7.637613190778314021e+00
4.872844490000000000e+08 1.970179961779856512e+02 2.792401442544284862e+01 7.635539246909024413e+00
4.874037940000000000e+08 1.970168748494130000e+02 2.792567574884882831e+01 7.635662866393695403e+00
4.875198420000000000e+08 1.970114014932509292e+02 2.792329343840376410e+01 7.634915251449115203e+00
4.876373260000000000e+08 1.969991013870100574e+02 2.792700058057704027e+01 7.634077860309574248e+00
4.877573500000000000e+08 1.970011933875770467e+02 2.792661886639949032e+01 7.632407425770292519e+00
4.878762380000000000e+08 1.969989793350012235e+02 2.792256747247536097e+01 7.631463966218351658e+00
4.879951330000000000e+08 1.970098478707840854e+02 2.792526839174708897e+01 7.632066670478580228e+00
4.881153500000000000e+08 1.970060779234642894e+02 2.792785852365284427e+01 7.634244655887219899e+00
4.882352100000000000e+08 1.970022739267459428e+02 2.792585659605125059e+01 7.635536555773768441e+00
4.883533160000000000e+08 1.969912959150790641e+02 2.792444086522572277e+01 7.635167389695594053e+00
4.884704260000000000e+08 1.969962216206950529e+02 2.792213558456024103e+01 7.633175641448201709e+00
4.885917990000000000e+08 1.969917880087313335e+02 2.792263414143915057e+01 7.632142362235619260e+00
4.887100930000000000e+08 1.970046866317032652e+02 2.791857726606258439e+01 7.631079569772786009e+00
4.888299580000000000e+08 1.970111327453371928e+02 2.791661224646788853e+01 7.629667030260726790e+00
4.889511940000000000e+08 1.970172513357568675e+02 2.791337096186985889e+01 7.628510276792428435e+00
4.890704830000000000e+08 1.970319774817920688e+02 2.791570385801988508e+01 7.628592267197835675e+00
4.891889260000000000e+08 1.970258734866791031e+02 2.791653979634642013e+01 7.630229284431677250e+00
4.893084880000000000e+08 1.970340554850755268e+02 2.791484054486374689e+01 7.629036241102530091e+00
4.894285960000000000e+08 1.970431087376801429e+02 2.791566570885248666e+01 7.627146722289100289e+00
4.895468210000000000e+08 1.970506494133124988e+02 2.791456930704119088e+01 7.624975472156474865e+00
4.896670660000000000e+08 1.970455170811816856e+02 2.791562763977269412e+01 7.627035641254614973e+00
4.897864990000000000e+08 1.970482891735809687e+02 2.791556874992160076e+01 7.626236129114924545e+00
4.899074470000000000e+08 1.970441508184670170e+02 2.791344064321983609e+01 7.627876119915462994e+00
4.900226190000000000e+08 1.970475655212682113e+02 2.791233690684849478e+01 7.627599236122406090e+00
4.901426740000000000e+08 1.970433993157184887e+02 2.791153887674069267e+01 7.627088144023379535e+00
4.902625570000000000e+08 1.970517905176556894e+02 2.791595455919278024e+01 7.626217147323917089e+00
4.903821620000000000e+08 1.970481807287662264e+02 2.791832938613989512e+01 7.627809283829865450e+00
4.904986700000000000e+08 1.970396692036371746e+02 2.791908494561300458e+01 7.629324396727156454e+00
4.906181910000000000e+08 1.970369590157617949e+02 2.791839553516987849e+01 7.630643583776635097e+00
4.907399910000000000e+08 1.970348731797129744e+02 2.791760673604353116e+01 7.629900260185795702e+00
4.908619670000000000e+08 1.970303361408375906e+02 2.791758376266682973e+01 7.631367023622978252e+00
4.909810520000000000e+08 1.970375427745492516e+02 2.791701921687334931e+01 7.631731910345533443e+00
4.911013600000000000e+08 1.970393011986811302e+02 2.791610697890826387e+01 7.633622892035019092e+00
4.912233660000000000e+08 1.970353089467359098e+02 2.791387188158148902e+01 7.634357034660322228e+00
4.913402350000000000e+08 1.970274387604434310e+02 2.791058961685171624e+01 7.634091188963812336e+00
4.914593300000000000e+08 1.970381578515204808e+02 2.791285234555276418e+01 7.631664097008082237e+00
4.915786790000000000e+08 1.970236474013666452e+02 2.791037765336520238e+01 7.631277301251804701e+00
4.917006700000000000e+08 1.970268989064995822e+02 2.791030954763234462e+01 7.632910262867113715e+00
4.918173180000000000e+08 1.970423799470845267e+02 2.791074327853775117e+01 7.630889110603708225e+00
4.919364480000000000e+08 1.970321240779634024e+02 2.791350089269067780e+01 7.630620091213107692e+00
4.920598500000000000e+08 1.970297739987839520e+02 2.791465576820015571e+01 7.629082358421541699e+00
4.921783440000000000e+08 1.970369171338001593e+02 2.791143380182863609e+01 7.627977650664600873e+00
4.922979300000000000e+08 1.970423666552539146e+02 2.790711044362706872e+01 7.625877061548133717e+00
4.924178170000000000e+08 1.970392669743870044e+02 2.790502031850463993e+01 7.626279833513956774e+00
4.925364530000000000e+08 1.970401362305858299e+02 2.790276483136387853e+01 7.627441251276177780e+00
4.926608690000000000e+08 1.970360097651404203e+02 2.790434183404444468e+01 7.626028839960128813e+00
4.927795320000000000e+08 1.970418544458068197e+02 2.790506898027350502e+01 7.625726493133596406e+00
4.928982190000000000e+08 1.970414761435306730e+02 2.790567594263977114e+01 7.626959013546487753e+00
4.930180580000000000e+08 1.970370082667782015e+02 2.790737331016277878e+01 7.626097779574526392e+00
4.931364910000000000e+08 1.970395707547617974e+02 2.790734919639935541e+01 7.624578361419973582e+00
4.932532090000000000e+08 1.970363626706307514e+02 2.790749828055630033e+01 7.622127951058899953e+00
4.933692620000000000e+08 1.970374966040292293e+02 2.790907311197515028e+01 7.622012064625672600e+00
4.934919920000000000e+08 1.970356747590734017e+02 2.791212968207905476e+01 7.622349185284055473e+00
4.936109750000000000e+08 1.970432938105238350e+02 2.790817895577947283e+01 7.623890826173689739e+00
4.937250970000000000e+08 1.970433540187251253e+02 2.790725756211322306e+01 7.620866914720910934e+00
4.938454090000000000e+08 1.970414141930798735e+02 2.790726382497891933e+01 7.622727300172062570e+00
4.939660700000000000e+08 1.970342781578467850e+02 2.790741569107856535e+01 7.621751395425538256e+00
4.940857610000000000e+08 1.970301226924386810e+02 2.791052194099159678e+01 7.622255791243749634e+00
4.942038700000000000e+08 1.970335733739908619e+02 2.791147541949010602e+01 7.622529597270843560e+00
4.943261140000000000e+08 1.970293319595967034e+02 2.790855321439881820e+01 7.622233615026249076e+00
4.944452380000000000e+08 1.970185227267534174e+02 2.791188739992488266e+01 7.621737684296260085e+00
4.945640330000000000e+08 1.970212140906438378e+02 2.791034557889588186e+01 7.619798994479915599e+00
4.946833640000000000e+08 1.970259391531600102e+02 2.790792023453760962e+01 7.619945183209924977e+00
4.948025190000000000e+08 1.970325994291173970e+02 2.790838190290256904e+01 7.619772322327409420e+00
4.949233800000000000e+08 1.970322794071298347e+02 2.790787650830156252e+01 7.620933313829558742e+00
4.950427220000000000e+08 1.970296739153349677e+02 2.790412405205467294e+01 7.620304110955428811e+00
4.951641720000000000e+08 1.970241502421190489e+02 2.790523988162716051e+01 7.617685243801056494e+00
4.952819230000000000e+08 1.970356263478689129e+02 2.790519385648254769e+01 7.616741391766955971e+00
4.954009640000000000e+08 1.970275813814400294e+02 2.790497464117778037e+01 7.618242302824716816e+00
4.955157420000000000e+08 1.970336312673737211e+02 2.790826612805408047e+01 7.616554848109904796e+00
4.956382340000000000e+08 1.970182862871739644e+02 2.790701393575625033e+01 7.615066199871771246e+00
4.957557920000000000e+08 1.970146745217256807e+02 2.790560651560982919e+01 7.612930328153210802e+00
4.958767610000000000e+08 1.970100126310570658e+02 2.790228014032192760e+01 7.613130498516325950e+00
4.959958920000000000e+08 1.970167179873138537e+02 2.790532772931549133e+01 7.610913451855592982e+00
4.961171990000000000e+08 1.970237484175555096e+02 2.790937857321709714e+01 7.611701222168745673e+00
4.962384440000000000e+08 1.970294723220370372e+02 2.790920917526191403e+01 7.610010956279176675e+00
4.963568560000000000e+08 1.970316635246158512e+02 2.790755635580589455e+01 7.609283135973986312e+00
4.964765190000000000e+08 1.970203680624856872e+02 2.790681397670637409e+01 7.605700498920730190e+00
4.965988200000000000e+08 1.970212624775653865e+02 2.790539612122791979e+01 7.605202065423944724e+00
4.967199640000000000e+08 1.970235006935734816e+02 2.790678415214663133e+01 7.603984485422327744e+00
4.968366250000000000e+08 1.970263412694889666e+02 2.790595916018042288e+01 7.604665535117435482e+00
4.969546740000000000e+08 1.970336076744084153e+02 2.790257725920580256e+01 7.604380921803195470e+00
4.970718410000000000e+08 1.970339407136046077e+02 2.790224802175260521e+01 7.602808476393351000e+00
4.971962980000000000e+08 1.970309432084158914e+02 2.790296401765673906e+01 7.602223511265534306e+00
4.973131980000000000e+08 1.970321497815096450e+02 2.790575980106057941e+01 7.601213289426641317e+00
4.974300200000000000e+08 1.970235008012338653e+02 2.790560734300242274e+01 7.599817899563691803e+00
4.975503150000000000e+08 1.970198652726973592e+02 2.790569814069087329e+01 7.600059697686122107e+00
4.976695180000000000e+08 1.970193264284946792e+02 2.790966387964591888e+01 7.599791858415056112e+00
4.977862930000000000e+08 1.970220420086409092e+02 2.790724129825465027e+01 7.599395062816183710e+00
4.979049800000000000e+08 1.970196823800472146e+02 2.790605045271093232e+01 7.598150198099825836e+00
4.980245190000000000e+08 1.970127420462198700e+02 2.790369854976136210e+01 7.596448440198385832e+00
4.981465930000000000e+08 1.970019365032982819e+02 2.790378407140435257e+01 7.595945785474970791e+00
4.982652320000000000e+08 1.970014676675760370e+02 2.790003174207593162e+01 7.593711215228355016e+00
4.983838080000000000e+08 1.969947561336856836e+02 2.790196415254077422e+01 7.594432076326159908e+00
4.985004520000000000e+08 1.969906920838664064e+02 2.790053244647018715e+01 7.595663316506535701e+00
4.986220250000000000e+08 1.970031970964486163e+02 2.789842815966978051e+01 7.596076564346075699e+00
4.987426920000000000e+08 1.970042419021487774e+02 2.789601122148657808e+01 7.594926500515371437e+00
4.988634290000000000e+08 1.970061302354481541e+02 2.789294236144844419e+01 7.594656368194680596e+00
4.989823030000000000e+08 1.970028407406657607e+02 2.788750802368256743e+01 7.594574799738835758e+00
4.991045360000000000e+08 1.970165278613367263e+02 2.788927380210802909e+01 7.595026851537173940e+00
4.992228260000000000e+08 1.970148663718965736e+02 2.788627495052051941e+01 7.594812429337500781e+00
4.993457050000000000e+08 1.970222952509791128e+02 2.789114928180298136e+01 7.593244271424567593e+00
4.994639860000000000e+08 1.970201671959443956e+02 2.789114756222644687e+01 7.593413982719389388e+00
4.995841920000000000e+08 1.970227492179718922e+02 2.788891102147661982e+01 7.595866395901373913e+00
4.997030850000000000e+08 1.970253580680825110e+02 2.788746165832421653e+01 7.593815595927882356e+00
4.998209490000000000e+08 1.970198727355824531e+02 2.788746578635565854e+01 7.592983827144863973e+00
4.999416460000000000e+08 1.970176998844574996e+02 2.788527883142743491e+01 7.592439380761970114e+00
5.000610890000000000e+08 1.970218022941581921e+02 2.788661412598515810e+01 7.590148786185073604e+00
5.001816330000000000e+08 1.970153958292369794e+02 2.788715823830683149e+01 7.588579802938800078e+00
5.002990560000000000e+08 1.970239297959790008e+02 2.788523285085654280e+01 7.587363048694400369e+00
5.004182560000000000e+08 1.970286071847944243e+02 2.788301333879535804e+01 7.587682616103193389e+00
5.005390300000000000e+08 1.970402376146441270e+02 2.788420054871775378e+01 7.587242575346837548e+00
5.006603060000000000e+08 1.970345184569335117e+02 2.788315882948236890e+01 7.585138372707282528e+00
5.007800810000000000e+08 1.970507834944398837e+02 2.788553961448425156e+01 7.585782494783576801e+00
5.009009290000000000e+08 1.970422058492468977e+02 2.788379719892490627e+01 7.587005092955067198e+00
5.010214180000000000e+08 1.970388381545252798e+02 2.787777555256843343e+01 7.587392300021774005e+00
5.011371430000000000e+08 1.970475111436133488e+02 2.788110223939869314e+01 7.585800148375657415e+00
5.012579520000000000e+08 1.970447902636958304e+02 2.788176633164678364e+01 7.586253680771040564e+00
5.013793560000000000e+08 1.970370678595646154e+02 2.788343607303598048e+01 7.585977414726787771e+00
5.015018830000000000e+08 1.970350729298451427e+02 2.788336435918683875e+01 7.585822853969968804e+00
5.016184020000000000e+08 1.970347004270321918e+02 2.788416293857388339e+01 7.585726237636801983e+00
5.017368310000000000e+08 1.970287521605783922e+02 2.788553377717253667e+01 7.585011282055702964e+00
5.018563240000000000e+08 1.970230925232297068e+02 2.788472525659607371e+01 7.585060974355513075e+00
5.019745850000000000e+08 1.970249111091921463e+02 2.788256912044439062e+01 7.584109924594882202e+00
5.020938380000000000e+08 1.970226580989605338e+02 2.788047142283646451e+01 7.582671494529551026e+00
5.022103900000000000e+08 1.970241566268501288e+02 2.787971252265752042e+01 7.581820025421205145e+00
5.023289620000000000e+08 1.970198729067098213e+02 2.788021458065434999e+01 7.583344518526950573e+00
5.024453300000000000e+08 1.970200613443388420e+02 2.787905877616740113e+01 7.584536394833101269e+00
5.025649860000000000e+08 1.970228712408143963e+02 2.787629115058338769e+01 7.584254714879259396e+00
5.026859270000000000e+08 1.970277947695530827e+02 2.787594972681265304e+01 7.584426649567316936e+00
5.028034850000000000e+08 1.970332411036038138e+02 2.787650883599210516e+01 7.585259276527739125e+00
5.029251800000000000e+08 1.970268893761153208e+02 2.787636347496534128e+01 7.583746822065227988e+00
5.030437250000000000e+08 1.970265943961742607e+02 2.787833098580439284e+01 7.582279063343333902e+00
5.031649060000000000e+08 1.970264885001311370e+02 2.788023524145506826e+01 7.580549023778985429e+00
5.032841050000000000e+08 1.970257847909217901e+02 2.788031512255615141e+01 7.580659732705246512e+00
5.034010200000000000e+08 1.970293067731217036e+02 2.787776499807225861e+01 7.580795880636844508e+00
5.035202680000000000e+08 1.970330294122162229e+02 2.787667848275220450e+01 7.581028853128926492e+00
5.036381940000000000e+08 1.970349430904734902e+02 2.787638541487106991e+01 7.581738903187427603e+00
5.037583250000000000e+08 1.970366496642634786e+02 2.787612227351127459e+01 7.582490325667241571e+00
5.038734080000000000e+08 1.970381922911623747e+02 2.787636887865493307e+01 7.585889045956451859e+00
5.039912830000000000e+08 1.970331526987244786e+02 2.787603086528435270e+01 7.587747483992389519e+00
5.041100270000000000e+08 1.970368931914070174e+02 2.787447963746855706e+01 7.588706880195530857e+00
5.042265120000000000e+08 1.970384978532761124e+02 2.786928409535027384e+01 7.587430109753119822e+00
5.043438150000000000e+08 1.970361651078858074e+02 2.787019711227964081e+01 7.586386936822425930e+00
5.044597520000000000e+08 1.970273552151403749e+02 2.786902587690767774e+01 7.586979970360553160e+00
5.045782900000000000e+08 1.970253335766383600e+02 2.786905688051744789e+01 7.588014831900400381e+00
5.046975740000000000e+08 1.970170397272143816e+02 2.787267612105347681e+01 7.586813419457818064e+00
5.048152160000000000e+08 1.970254796854225958e+02 2.787214569779114015e+01 7.586834968251715772e+00
5.049301710000000000e+08 1.970238135637083019e+02 2.787088896856466036e+01 7.587166807619944109e+00
5.050502660000000000e+08 1.970190316041447431e+02 2.787244609592358913e+01 7.587186397636460633e+00
5.051654950000000000e+08 1.970180334644269919e+02 2.787328879932194781e+01 7.587641898847294897e+00
5.052815680000000000e+08 1.970143326592971675e+02 2.787167685994766231e+01 7.587776689094365423e+00
5.054046840000000000e+08 1.970061829722159246e+02 2.787473074759340008e+01 7.589833351909538450e+00
5.055244730000000000e+08 1.970141401723639945e+02 2.787211607053628626e+01 7.589022478848491460e+00
5.056453110000000000e+08 1.970175426070205731e+02 2.787232614497698435e+01 7.588122876608379030e+00
5.057636630000000000e+08 1.970147286260969395e+02 2.787058439127452303e+01 7.589786530028500344e+00
5.058799990000000000e+08 1.970264020069340631e+02 2.787255277225275307e+01 7.591190519709309470e+00
5.060000090000000000e+08 1.970223490605960137e+02 2.787433215231592598e+01 7.590179197748022411e+00
5.061198890000000000e+08 1.970191995010577841e+02 2.787154593205547926e+01 7.590955817489911439e+00
5.062396650000000000e+08 1.970132694984918089e+02 2.786812894704757682e+01 7.592653381175781035e+00
5.063601130000000000e+08 1.970052820871599693e+02 2.786697486044387162e+01 7.593224370905020670e+00
5.064824730000000000e+08 1.970006263623878624e+02 2.786556722019093968e+01 7.591341173105845108e+00
5.066019190000000000e+08 1.969871300248479997e+02 2.786421784735512830e+01 7.592774831223519705e+00
5.067206890000000000e+08 1.969891192789753802e+02 2.786353575900496438e+01 7.589736003034101230e+00
5.068402530000000000e+08 1.969819797053067134e+02 2.786217809852016103e+01 7.590793461989169266e+00
5.069592210000000000e+08 1.969835706662628638e+02 2.786397586619984779e+01 7.591211655643536282e+00
5.070789250000000000e+08 1.969779431808954087e+02 2.786550084121107318e+01 7.590853617788948959e+00
5.071990340000000000e+08 1.969673609986022313e+02 2.786291170659661631e+01 7.588388753123630259e+00
5.073180570000000000e+08 1.969585566645145605e+02 2.786369878593290395e+01 7.588517043260088357e+00
5.074357550000000000e+08 1.969608461640835628e+02 2.786067202035678747e+01 7.587267742995274844e+00
5.075541070000000000e+08 1.969600833325585540e+02 2.785974704221870724e+01 7.588255985978863194e+00
5.076720630000000000e+08 1.969729296215816703e+02 2.785961725676369838e+01 7.589765587861638352e+00
5.077893270000000000e+08 1.969626457974971743e+02 2.786070754284268247e+01 7.586631697034796673e+00
5.079071870000000000e+08 1.969651816690477517e+02 2.786029619318276218e+01 7.586821813295062888e+00
5.080257570000000000e+08 1.969573821953027846e+02 2.785711753510259570e+01 7.583086324394503919e+00
5.081441230000000000e+08 1.969655871886830312e+02 2.785986416446322522e+01 7.581700016887069182e+00
5.082651960000000000e+08 1.969613533755204173e+02 2.785945364949423819e+01 7.580932692030199149e+00
5.083866840000000000e+08 1.969693533830603087e+02 2.785801974992839547e+01 7.578720326932231188e+00
5.085059450000000000e+08 1.969660651483321203e+02 2.785920246828640501e+01 7.578421922789221554e+00
5.086277400000000000e+08 1.969574952176010925e+02 2.786079956088781628e+01 7.577812832091441742e+00
5.087484940000000000e+08 1.969580884613260423e+02 2.785824343535146852e+01 7.575985546110755919e+00
5.088662860000000000e+08 1.969615636678569217e+02 2.785378963935731278e+01 7.577486912173960754e+00
5.089867640000000000e+08 1.969661662522318295e+02 2.785250453865181797e+01 7.577711333484407064e+00
5.091087850000000000e+08 1.969621509218290498e+02 2.785540940140698751e+01 7.579528509265003322e+00
5.092271950000000000e+08 1.969521915083402348e+02 2.785362723741801716e+01 7.577616089903905561e+00
5.093443410000000000e+08 1.969534586490472066e+02 2.785545838287485410e+01 7.577295707986114515e+00
5.094622800000000000e+08 1.969476614044402254e+02 2.785564172771043445e+01 7.577079938093508993e+00
5.095809200000000000e+08 1.969414046424400908e+02 2.785455228784415738e+01 7.576594268000852672e+00
5.097014190000000000e+08 1.969369970305927779e+02 2.785653835651234544e+01 7.577167923483412615e+00
5.098210560000000000e+08 1.969401860693267281e+02 2.785420519440651077e+01 7.579000766460175953e+00
5.099379580000000000e+08 1.969475594313939553e+02 2.785283073038045387e+01 7.577926202060704775e+00
5.100565370000000000e+08 1.969477853342774836e+02 2.785357844580650521e+01 7.578159502687521254e+00
5.101749630000000000e+08 1.969508416556572286e+02 2.785477654872738640e+01 7.576084896254112522e+00
5.102935870000000000e+08 1.969399644622656069e+02 2.785546438464055896e+01 7.574645670199152470e+00
5.104100110000000000e+08 1.969489925519182805e+02 2.785421480347166323e+01 7.572264485727125738e+00
5.105279900000000000e+08 1.969422576058100844e+02 2.785397940311796461e+01 7.569265880070127572e+00
5.106468220000000000e+08 1.969437848962611213e+02 2.785432862667268594e+01 7.568681752948988262e+00
5.107666080000000000e+08 1.969440946298728647e+02 2.785334912332379886e+01 7.566845062594991234e+00
5.108856030000000000e+08 1.969448932697545160e+02 2.785367814247064189e+01 7.566070460755374150e+00
5.110033700000000000e+08 1.969495621521394071e+02 2.785282876731429980e+01 7.564906796586632787e+00
5.111225570000000000e+08 1.969511564386766054e+02 2.785283309450413114e+01 7.564225449897524101e+00
5.112439550000000000e+08 1.969466957409633210e+02 2.785535518526268461e+01 7.563642873459976990e+00
5.113622380000000000e+08 1.969379634125619418e+02 2.785472227685625768e+01 7.564395926065913933e+00
5.114801760000000000e+08 1.969334503417807412e+02 2.785436815468924721e+01 7.563588344840235678e+00
5.115986140000000000e+08 1.969261761637470158e+02 2.785283645840477007e+01 7.562121604328221558e+00
5.117137150000000000e+08 1.969221847293209464e+02 2.784740514032847969e+01 7.561053938332934266e+00
5.118327530000000000e+08 1.969188396028978332e+02 2.784645711504413867e+01 7.563367160402781231e+00
5.119528290000000000e+08 1.969169236877564515e+02 2.784383396923063358e+01 7.564565692242278594e+00
5.120699330000000000e+08 1.969066097838052372e+02 2.784358599143620339e+01 7.563964388486843049e+00
5.121890490000000000e+08 1.969093447439325075e+02 2.784280962747342159e+01 7.562303020271587961e+00
5.123075500000000000e+08 1.969091818525436395e+02 2.784224623840223600e+01 7.560082771231599885e+00
5.124266250000000000e+08 1.969066468114856150e+02 2.783996772937436504e+01 7.561110861857767595e+00
5.125414680000000000e+08 1.969094356517179278e+02 2.784016509995169386e+01 7.561807342235026042e+00
5.126602130000000000e+08 1.969079590671946107e+02 2.783981776453845214e+01 7.561459552687425756e+00
5.127788380000000000e+08 1.969012982182950111e+02 2.783826044087722806e+01 7.562415272722234683e+00
5.128966350000000000e+08 1.969014829730506904e+02 2.784086738016216955e+01 7.562378745444268802e+00
5.130171580000000000e+08 1.968969125352255389e+02 2.784100937144435761e+01 7.560711442799059157e+00
5.131335600000000000e+08 1.969041585050908054e+02 2.784112914770681613e+01 7.560384980947618239e+00
5.132556380000000000e+08 1.969000161278064809e+02 2.783943935609882558e+01 7.559551481281946650e+00
5.133792130000000000e+08 1.968874981032787161e+02 2.783905904901992656e+01 7.559934757618536949e+00
5.135006790000000000e+08 1.968860149431453124e+02 2.783584262690033029e+01 7.561345547422109625e+00
5.136200640000000000e+08 1.968870010742354566e+02 2.783472131148013418e+01 7.560864539673259443e+00
5.137374920000000000e+08 1.968912390897203011e+02 2.783684955798745619e+01 7.562095272483597697e+00
5.138579560000000000e+08 1.968860294395424830e+02 2.783740644932505148e+01 7.563829700952489965e+00
5.139763050000000000e+08 1.968950787029050105e+02 2.783795874312562901e+01 7.562986044391919904e+00
5.140952730000000000e+08 1.968990089559707712e+02 2.783761830454086450e+01 7.563334851075167897e+00
5.142132260000000000e+08 1.969001721483270728e+02 2.783790771686280152e+01 7.562999431387556371e+00
5.143333770000000000e+08 1.969012730321729236e+02 2.783801496564839439e+01 7.562377926868964373e+00
5.144539130000000000e+08 1.968951374661085083e+02 2.783856577335424376e+01 7.563211872153528859e+00
5.145740630000000000e+08 1.968855276762832034e+02 2.784031264819662610e+01 7.564200627283113043e+00
5.146921510000000000e+08 1.968865551146203074e+02 2.784323355817340584e+01 7.562867241158679477e+00
5.148133030000000000e+08 1.968829597629447790e+02 2.784040237442223642e+01 7.563697584563885634e+00
5.149339260000000000e+08 1.968915975994200949e+02 2.784045048366157360e+01 7.565298521024653056e+00
5.150511390000000000e+08 1.968816231111737238e+02 2.783825913731978474e+01 7.565278335876067572e+00
5.151694610000000000e+08 1.968803241382452995e+02 2.783942195349539261e+01 7.567253208479989723e+00
5.152881870000000000e+08 1.968817763476189668e+02 2.783801519170504335e+01 7.567052976141408926e+00
5.154079630000000000e+08 1.968826445573206456e+02 2.783729614195393509e+01 7.567673237063383240e+00
5.155272910000000000e+08 1.968869735848005575e+02 2.783619847747699083e+01 7.567043374843045456e+00
5.156453600000000000e+08 1.968871132304792582e+02 2.783565690095190348e+01 7.567682904212732709e+00
5.157627840000000000e+08 1.968789713175446536e+02 2.783694357562955801e+01 7.564902437457395656e+00
5.158824660000000000e+08 1.968789950031738840e+02 2.783494365834765105e+01 7.565047698887921612e+00
5.160003680000000000e+08 1.968761299917353540e+02 2.783451419758328171e+01 7.565510683215145527e+00
5.161193060000000000e+08 1.968894727347675939e+02 2.783500554435625673e+01 7.565463590004863015e+00
5.162394640000000000e+08 1.968895100418769175e+02 2.783386613137921728e+01 7.565880522633232630e+00
5.163595650000000000e+08 1.968954647672312603e+02 2.783437158329903482e+01 7.568894605246485163e+00
5.164803800000000000e+08 1.968921488188481703e+02 2.783411077751237883e+01 7.570947182245631346e+00
5.165968570000000000e+08 1.968938565577618363e+02 2.783477848922438724e+01 7.569473744759423361e+00
5.167171670000000000e+08 1.968915869329839552e+02 2.783260745704305350e+01 7.567668320472506593e+00
5.168373450000000000e+08 1.968782885865962271e+02 2.783395269868406174e+01 7.568537530788686851e+00
5.169562870000000000e+08 1.968833437760687843e+02 2.783137746447032868e+01 7.568568279922518904e+00
5.170764290000000000e+08 1.968852089195666792e+02 2.783238590995538075e+01 7.568183034760725292e+00
5.171982930000000000e+08 1.968788649276045248e+02 2.783096005743104584e+01 7.566993270382011971e+00
5.173151540000000000e+08 1.968851515366600609e+02 2.782976784360269207e+01 7.565134570291003335e+00
5.174365150000000000e+08 1.968813373235572044e+02 2.783081437659890156e+01 7.565850625806793239e+00
5.175560110000000000e+08 1.968874351006343772e+02 2.782867091977091079e+01 7.568418022365215769e+00
5.176773380000000000e+08 1.968912021148378528e+02 2.782413854068805037e+01 7.567351686260866295e+00
5.177947110000000000e+08 1.969011265075498613e+02 2.781935217534160287e+01 7.567943770321412522e+00
5.179159850000000000e+08 1.969001635054832491e+02 2.781940348710318389e+01 7.566101856145115434e+00
5.180353050000000000e+08 1.968937591474166311e+02 2.781917093559633614e+01 7.566867769711971725e+00
5.181522840000000000e+08 1.968909537312129032e+02 2.782335439474374184e+01 7.565059166980971916e+00
5.182687710000000000e+08 1.969002069178764032e+02 2.782294535324703944e+01 7.563683996178419022e+00
5.183885060000000000e+08 1.969081165832021441e+02 2.782406303849572282e+01 7.561617537260085342e+00
5.185101030000000000e+08 1.969100974831039821e+02 2.782235509853613920e+01 7.561052778128344976e+00
5.186289920000000000e+08 1.969153856609371189e+02 2.782088272366968340e+01 7.560027424154299958e+00
5.187490300000000000e+08 1.969125987846013572e+02 2.782295545078294197e+01 7.559966453234805428e+00
5.188687360000000000e+08 1.969227903971442686e+02 2.782173547388541479e+01 7.557912562995949379e+00
5.189868180000000000e+08 1.969162921634582517e+02 2.782290173622873652e+01 7.556625830832067514e+00
5.191061320000000000e+08 1.969071243444086292e+02 2.782536826632480498e+01 7.556328553050040142e+00
5.192269260000000000e+08 1.969046992805850778e+02 2.782780310496747589e+01 7.557186210704815110e+00
5.193483980000000000e+08 1.969063654230800466e+02 2.782875167884917644e+01 7.559982222266456553e+00
5.194704000000000000e+08 1.969061500634747119e+02 2.782887475134328525e+01 7.561113370491369778e+00
5.195916240000000000e+08 1.969011690951078322e+02 2.782802286619783416e+01 7.560725569267881419e+00
5.197089040000000000e+08 1.968899027032529432e+02 2.782462367483631738e+01 7.559584896481027272e+00
5.198248650000000000e+08 1.968854849594410723e+02 2.782478767938044584e+01 7.556083567662172484e+00
5.199431220000000000e+08 1.968795641043434159e+02 2.782487034789006941e+01 7.555590157664171080e+00
5.200626160000000000e+08 1.968668985718998670e+02 2.782298917544089534e+01 7.555961708817188871e+00
5.201806550000000000e+08 1.968673423510229838e+02 2.782199440215793729e+01 7.554095888557262661e+00
5.202985260000000000e+08 1.968672331132593456e+02 2.782081154179783766e+01 7.553289172985094169e+00
5.204183770000000000e+08 1.968664660527479668e+02 2.782109675911803848e+01 7.552253261721256550e+00
5.205375270000000000e+08 1.968617111707229128e+02 2.782172906355726028e+01 7.550938202252511999e+00
5.206583560000000000e+08 1.968593917319838340e+02 2.782038844109752773e+01 7.549059949438094108e+00
5.207748260000000000e+08 1.968499178186102370e+02 2.782034634463414946e+01 7.547368992926676512e+00
5.208935550000000000e+08 1.968436283411538170e+02 2.781774207237338459e+01 7.546199214224603047e+00
5.210164700000000000e+08 1.968502244591452381e+02 2.782048097397659348e+01 7.545262796151788187e+00
5.211359210000000000e+08 1.968559944935469161e+02 2.781869469392895766e+01 7.544195336884337522e+00
5.212583000000000000e+08 1.968585423795233567e+02 2.781668762568735076e+01 7.544594640195559698e+00
5.213753680000000000e+08 1.968436678586159587e+02 2.781700183700492701e+01 7.544025290803412886e+00
5.214926790000000000e+08 1.968373970121391210e+02 2.781815359254392206e+01 7.542014250100343986e+00
5.216086520000000000e+08 1.968292432890689554e+02 2.781389239551976900e+01 7.537607796413309913e+00
5.217297800000000000e+08 1.968243560909392329e+02 2.781274180147735819e+01 7.536110189463601117e+00
5.218507690000000000e+08 1.968254828435889863e+02 2.781390886520819805e+01 7.533984684181648461e+00
5.219695860000000000e+08 1.968322635253182682e+02 2.781588824135386773e+01 7.533999503146936227e+00
5.220897440000000000e+08 1.968401254319125826e+02 2.781572073270100276e+01 7.532095405004990418e+00
5.222112140000000000e+08 1.968428693370699705e+02 2.781646706333318875e+01 7.529551917280284279e+00
5.223322000000000000e+08 1.968431151511920802e+02 2.781520356536264771e+01 7.528111070793473303e+00
5.224548040000000000e+08 1.968436298290931461e+02 2.781165909808160919e+01 7.527035335813836880e+00
5.225738420000000000e+08 1.968531466271458896e+02 2.781244041188702099e+01 7.527757145778348757e+00
5.226967970000000000e+08 1.968623934535036142e+02 2.780983994559769101e+01 7.526717567087803928e+00
5.228136240000000000e+08 1.968611534194745047e+02 2.780777365517299060e+01 7.522277179511588585e+00
5.229328120000000000e+08 1.968532180561356313e+02 2.780610215174838729e+01 7.521818354167765008e+00
5.230505240000000000e+08 1.968472078233450304e+02 2.780282453747524229e+01 7.519999747317965166e+00
5.231708030000000000e+08 1.968531793025337890e+02 2.780177836086246757e+01 7.518830917362841149e+00
5.232905450000000000e+08 1.968593526371994926e+02 2.780399959641897922e+01 7.517332100990513410e+00
5.234089150000000000e+08 1.968579491265403476e+02 2.780295705550333452e+01 7.516855498250072820e+00
5.235300090000000000e+08 1.968633621864922532e+02 2.780207688994662263e+01 7.517346629772378996e+00
5.236520630000000000e+08 1.968652499232747459e+02 2.780317179303398234e+01 7.517555907319138697e+00
5.237698220000000000e+08 1.968671998657622737e+02 2.780473859130265879e+01 7.518601120289882367e+00
5.238903700000000000e+08 1.968706102794794219e+02 2.780731044482628889e+01 7.518196002853265725e+00
5.240114410000000000e+08 1.968776980480911902e+02 2.780775850060167542e+01 7.517495811969037156e+00
5.241274070000000000e+08 1.968755456872996206e+02 2.780658870926196613e+01 7.517374879805274190e+00
5.242468490000000000e+08 1.968727479122970010e+02 2.780624910935442173e+01 7.517715622014613075e+00
5.243695350000000000e+08 1.968767632695513328e+02 2.780433359380658231e+01 7.516951090710321637e+00
5.244886890000000000e+08 1.968952572367330163e+02 2.780385931875389716e+01 7.515160888729802480e+00
5.246097540000000000e+08 1.968944537859397030e+02 2.780276039096897023e+01 7.512285109869169197e+00
5.247274270000000000e+08 1.968962898091668023e+02 2.780204805967844450e+01 7.512246961486896524e+00
5.248499130000000000e+08 1.968968938263815573e+02 2.780207393768569801e+01 7.511135329005504069e+00
5.249672960000000000e+08 1.968998851953869575e+02 2.780196477397633714e+01 7.510647686803270773e+00
5.250849880000000000e+08 1.969049052107666000e+02 2.780223843209272516e+01 7.510770095678396707e+00
5.252038010000000000e+08 1.968934841785155641e+02 2.780007595581653135e+01 7.511692912177487358e+00
5.253220350000000000e+08 1.968789931495837209e+02 2.780403421157420496e+01 7.509500214050160771e+00
5.254402550000000000e+08 1.968807359084592576e+02 2.780314324592480446e+01 7.509619242097191005e+00
5.255593040000000000e+08 1.968699579040620051e+02 2.780442683882590060e+01 7.509187768809389318e+00
5.256798790000000000e+08 1.968689678991733274e+02 2.780457439669895336e+01 7.509397431594583061e+00
5.258001350000000000e+08 1.968677873861378771e+02 2.780352139615252227e+01 7.508828828801560995e+00
5.259164000000000000e+08 1.968676142597086596e+02 2.780791792527720574e+01 7.510224278816926002e+00
5.260376820000000000e+08 1.968659105778708351e+02 2.780495935691526554e+01 7.510035510464191155e+00
5.261569020000000000e+08 1.968689396876249589e+02 2.780242195302644603e+01 7.507920958533039091e+00
5.262762850000000000e+08 1.968714337350237429e+02 2.780420981486369669e+01 7.506737716611477040e+00
5.263978440000000000e+08 1.968810326384266602e+02 2.780632863231990370e+01 7.507237807715855915e+00
5.265151310000000000e+08 1.968737546626470305e+02 2.780509575750775042e+01 7.507734880913343289e+00
5.266331330000000000e+08 1.968833437372373396e+02 2.780298614031289617e+01 7.506089307519421716e+00
5.267523120000000000e+08 1.968804146667046098e+02 2.780546392192248462e+01 7.504201823103088032e+00
5.268684990000000000e+08 1.968717460006241993e+02 2.780528595564468120e+01 7.503162112632434599e+00
5.269874480000000000e+08 1.968736925701404346e+02 2.780450900491892696e+01 7.503336628127308394e+00
5.271076720000000000e+08 1.968751911413030484e+02 2.780242953862231303e+01 7.502934572675727942e+00
5.272339180000000000e+08 1.968784138031489590e+02 2.780223284561379060e+01 7.505309590898031402e+00
5.273540440000000000e+08 1.968858422382056119e+02 2.780001494436450216e+01 7.503667079209434654e+00
5.274731390000000000e+08 1.968909311815693286e+02 2.779867160232325318e+01 7.503586198215213443e+00
5.275943420000000000e+08 1.968876278264190489e+02 2.780070544659743348e+01 7.503084329500616434e+00
5.277124630000000000e+08 1.968894372685783765e+02 2.779740162016899774e+01 7.501575045929745222e+00
5.278313300000000000e+08 1.968793160360889374e+02 2.780047019013524690e+01 7.501758050974252079e+00
5.279506960000000000e+08 1.968728450302364479e+02 2.779630569429625453e+01 7.501777111809060372e+00
5.280723530000000000e+08 1.968873678834212342e+02 2.779439827257148465e+01 7.501214141038528460e+00
5.281900180000000000e+08 1.968875600549905585e+02 2.779707424378195313e+01 7.501094064669148409e+00
5.283129570000000000e+08 1.968882503110670825e+02 2.779650800164881375e+01 7.499819431084326915e+00
5.284334060000000000e+08 1.968874741129057213e+02 2.779572188610867300e+01 7.499316357732736193e+00
5.285523870000000000e+08 1.968911395003108566e+02 2.779547757727182145e+01 7.499813489959668900e+00
5.286716540000000000e+08 1.968887462336134035e+02 2.779699614218986170e+01 7.498010144233089314e+00
5.287886900000000000e+08 1.968814201393336987e+02 2.779900680568633220e+01 7.497588837765920111e+00
5.289045630000000000e+08 1.968752002603156086e+02 2.779652731298592983e+01 7.497086522268559428e+00
5.290198430000000000e+08 1.968713396786867804e+02 2.779819785269509680e+01 7.496869395489167864e+00
5.291395270000000000e+08 1.968658462770978872e+02 2.780119576535857462e+01 7.497906518772052387e+00
5.292589570000000000e+08 1.968556943339510781e+02 2.780278101209659170e+01 7.497131090711560475e+00
5.293772110000000000e+08 1.968625380764226520e+02 2.780114409384760421e+01 7.495605259059949788e+00
5.294994730000000000e+08 1.968636235974207125e+02 2.780005889508484529e+01 7.494904732504100942e+00
5.296185800000000000e+08 1.968634564539533187e+02 2.779928489402991332e+01 7.492407598906364541e+00
5.297384710000000000e+08 1.968634020948570935e+02 2.780371006637679443e+01 7.491575547843369876e+00
5.298564160000000000e+08 1.968732959536942531e+02 2.780617856778295760e+01 7.490617344356776286e+00
5.299717330000000000e+08 1.968706800949299520e+02 2.780425802762943022e+01 7.489927390161028598e+00
5.300902940000000000e+08 1.968626809685071066e+02 2.780378842674902629e+01 7.490024701408735552e+00
5.302093040000000000e+08 1.968602350894929884e+02 2.780309771101563499e+01 7.489888984932790095e+00
5.303292610000000000e+08 1.968608943688961688e+02 2.780215454054477320e+01 7.490462382399590169e+00
5.304483290000000000e+08 1.968585081353650992e+02 2.779985632462237888e+01 7.491140141931124319e+00
5.305661440000000000e+08 1.968422216468839565e+02 2.780022205979552652e+01 7.492404299083223584e+00
5.306862710000000000e+08 1.968399575575932374e+02 2.779742803722783151e+01 7.493165352564401971e+00
5.308030740000000000e+08 1.968465557095038037e+02 2.779708146355959997e+01 7.493851717156712944e+00
5.309190000000000000e+08 1.968372186577698244e+02 2.779693341374849780e+01 7.493803538047727031e+00
5.310354280000000000e+08 1.968377721993821012e+02 2.779570387441668800e+01 7.494913148355449195e+00
5.311537270000000000e+08 1.968479808395785540e+02 2.779713644048963417e+01 7.493665000274277510e+00
5.312729310000000000e+08 1.968425314727977025e+02 2.779833158768823509e+01 7.492336841945357762e+00
5.313924800000000000e+08 1.968469149928999400e+02 2.779870197657352904e+01 7.489103492167452636e+00
5.315112460000000000e+08 1.968587752428449562e+02 2.779936248438540858e+01 7.487545900382099440e+00
5.316266410000000000e+08 1.968623221621861035e+02 2.779771131205828283e+01 7.488041677291593423e+00
5.317472970000000000e+08 1.968580595782199225e+02 2.779522884721472664e+01 7.488281123771514558e+00
5.318688420000000000e+08 1.968561898824290779e+02 2.779485139777811753e+01 7.487325041042853790e+00
5.319890020000000000e+08 1.968601382312229191e+02 2.779283282628495400e+01 7.484962943997004459e+00
5.321083760000000000e+08 1.968643691018911852e+02 2.779547025266194282e+01 7.484438483495313932e+00
5.322251230000000000e+08 1.968633306696734735e+02 2.779634783607753334e+01 7.484860731303448311e+00
5.323440910000000000e+08 1.968685087809648167e+02 2.779875269851021358e+01 7.482734304767477695e+00
5.324617190000000000e+08 1.968655155477345033e+02 2.780160312197765649e+01 7.483778401937362545e+00
5.325836420000000000e+08 1.968598798461904380e+02 2.780409542167056713e+01 7.484483424498936444e+00
5.327019170000000000e+08 1.968598878825653742e+02 2.780437019909134477e+01 7.484373675407998583e+00
5.328201500000000000e+08 1.968565154502131804e+02 2.780344374716711187e+01 7.483498575710767042e+00
5.329405600000000000e+08 1.968567465992190364e+02 2.780163191598560246e+01 7.482885154570847241e+00
5.330620720000000000e+08 1.968604695300427352e+02 2.780318914839151390e+01 7.480795395012997062e+00
5.331800400000000000e+08 1.968680989690633965e+02 2.780473160250366504e+01 7.480980620932081493e+00
5.332993310000000000e+08 1.968790903574790718e+02 2.780489150244543950e+01 7.479541316861046951e+00
5.334175870000000000e+08 1.968788620032491394e+02 2.780395713532814383e+01 7.477914355075830244e+00
5.335388920000000000e+08 1.968846553071831238e+02 2.780598380153702465e+01 7.477691123839025344e+00
5.336575620000000000e+08 1.968955502975064178e+02 2.779735432110805249e+01 7.476121318912795743e+00
5.337789510000000000e+08 1.968985887854230725e+02 2.779736743432043511e+01 7.476360274910139658e+00
5.338960740000000000e+08 1.968926732800362061e+02 2.779591201721259708e+01 7.473370700305170367e+00
5.340144550000000000e+08 1.968930183740399684e+02 2.779607427304577882e+01 7.472321599382961033e+00
5.341335220000000000e+08 1.968934811487414436e+02 2.779301492881966951e+01 7.473449258801080575e+00
5.342533520000000000e+08 1.968910416513962502e+02 2.779361688770593020e+01 7.472700067253851941e+00
5.343739340000000000e+08 1.968951403911201510e+02 2.779535153365610611e+01 7.471540710564008592e+00
5.344909840000000000e+08 1.968893884507592418e+02 2.779380986380042984e+01 7.472106639056400823e+00
5.346079240000000000e+08 1.968897005960011484e+02 2.779404395649108039e+01 7.469197527244087809e+00
5.347255110000000000e+08 1.968913914607394418e+02 2.779445269313331579e+01 7.468593965194630258e+00
5.348440410000000000e+08 1.968838543030146866e+02 2.779593019384055452e+01 7.466011288223568521e+00
5.349640610000000000e+08 1.968841177596619332e+02 2.779594078951027925e+01 7.465177805241350661e+00
5.350813700000000000e+08 1.968793054082710228e+02 2.779420739542350915e+01 7.463909054395077014e+00
5.352027170000000000e+08 1.968814468692448543e+02 2.779096511014132531e+01 7.463261198272917341e+00
5.353190730000000000e+08 1.968806440663008459e+02 2.779137312643316804e+01 7.462915612356821882e+00
5.354407890000000000e+08 1.968764410103332239e+02 2.779139983594222940e+01 7.463480511967597764e+00
5.355622470000000000e+08 1.968759498673536541e+02 2.779132840648425784e+01 7.463876582256585124e+00
5.356772190000000000e+08 1.968686956622718753e+02 2.779262698611717752e+01 7.464053395943048841e+00
5.357971960000000000e+08 1.968692114794042709e+02 2.779316929848629769e+01 7.463188902721888063e+00
5.359161410000000000e+08 1.968678656397166264e+02 2.779555844783961760e+01 7.462921527221656248e+00
5.360351660000000000e+08 1.968712336108138459e+02 2.779575374616638328e+01 7.461582801334519566e+00
5.361512100000000000e+08 1.968732954706015619e+02 2.779822219416214324e+01 7.461920459688489160e+00
5.362687420000000000e+08 1.968649760256800505e+02 2.779897055372011394e+01 7.461834079953286292e+00
5.363894330000000000e+08 1.968618013322565901e+02 2.780020808513781461e+01 7.461591575752735572e+00
5.365079630000000000e+08 1.968577894877722940e+02 2.779853648778228603e+01 7.461426398317232866e+00
5.366252810000000000e+08 1.968633934420276717e+02 2.779456506174896546e+01 7.462829434474720358e+00
5.367429140000000000e+08 1.968539806775011982e+02 2.779349409615858590e+01 7.462429690190560905e+00
5.368662600000000000e+08 1.968676434807623536e+02 2.779516938975387674e+01 7.461614285292131221e+00
5.369872930000000000e+08 1.968763495571178055e+02 2.779777602605738096e+01 7.459733925686371059e+00
5.371053840000000000e+08 1.968875501805380850e+02 2.779838064725321445e+01 7.458670311679549414e+00
5.372260540000000000e+08 1.968851316880817706e+02 2.779871295453835245e+01 7.457868318444607070e+00
5.373449700000000000e+08 1.968920561080880134e+02 2.780037590528438685e+01 7.457769609450907389e+00
5.374627110000000000e+08 1.968946116414946061e+02 2.780035736023103965e+01 7.458589825518319394e+00
5.375831080000000000e+08 1.969058187767681147e+02 2.779950974861627699e+01 7.458408810645771325e+00
5.376998600000000000e+08 1.969061183697846218e+02 2.779997233201020634e+01 7.459670879077904715e+00
5.378167710000000000e+08 1.969059253595603423e+02 2.780063767202411640e+01 7.460826471811791372e+00
5.379370820000000000e+08 1.968989867006567920e+02 2.780357482834713423e+01 7.461180067719489273e+00
5.380551250000000000e+08 1.968827880031860218e+02 2.780096782534039690e+01 7.461741780765445142e+00
5.381753100000000000e+08 1.968749013837042980e+02 2.780007761565905255e+01 7.461910643303203194e+00
5.382956670000000000e+08 1.968745203743815466e+02 2.779993710494497705e+01 7.462143935640689563e+00
5.384137300000000000e+08 1.968705128679334848e+02 2.780064208907684531e+01 7.462564291907916925e+00
5.385334940000000000e+08 1.968600963588902459e+02 2.780009268438043080e+01 7.463459081881638646e+00
5.386526430000000000e+08 1.968596104359948527e+02 2.780006220953198337e+01 7.461279634703775088e+00
5.387721910000000000e+08 1.968584738180719569e+02 2.780001174076619819e+01 7.459758547740974244e+00
5.388906570000000000e+08 1.968627166157460238e+02 2.779719180441637505e+01 7.459555875582826623e+00
5.390099310000000000e+08 1.968536810922241500e+02 2.779760490118145455e+01 7.458018782553549109e+00
5.391292030000000000e+08 1.968522995169997500e+02 2.779662864718465443e+01 7.458737002627117363e+00
5.392470330000000000e+08 1.968510482453280872e+02 2.779864191845135579e+01 7.458962161350958908e+00
5.393637600000000000e+08 1.968559392730153661e+02 2.779302513890101878e+01 7.458865131712038021e+00
5.394837440000000000e+08 1.968617631776884025e+02 2.779220153115597114e+01 7.457147524674182293e+00
5.396007190000000000e+08 1.968558478256296667e+02 2.779091216866506642e+01 7.458257277677120989e+00
5.397221710000000000e+08 1.968534969296979966e+02 2.779402757418082004e+01 7.457384561371812381e+00
5.398428510000000000e+08 1.968476099535202195e+02 2.779234168673100669e+01 7.457283112797838953e+00
5.399625300000000000e+08 1.968481989060846331e+02 2.779048135203662184e+01 7.456646730581732996e+00
5.400824810000000000e+08 1.968445096832729462e+02 2.778841641239434423e+01 7.457131248995373163e+00
5.402044700000000000e+08 1.968469883136052658e+02 2.778631855586425559e+01 7.456163872172798079e+00
5.403234910000000000e+08 1.968538225780367270e+02 2.778755396178980774e+01 7.456678466252046888e+00
5.404425540000000000e+08 1.968577818840860800e+02 2.778907818376812955e+01 7.456176001962536048e+00
5.405608060000000000e+08 1.968537397829531983e+02 2.779168949531505817e+01 7.454969808752645477e+00
5.406771630000000000e+08 1.968499557171838887e+02 2.779017231584404968e+01 7.454183541980874850e+00
5.407954320000000000e+08 1.968453338719300518e+02 2.779089661347601137e+01 7.455406539619730211e+00
5.409141700000000000e+08 1.968453948196805641e+02 2.779235373588611324e+01 7.456148824754464499e+00
5.410344230000000000e+08 1.968454365360615554e+02 2.779068592628139456e+01 7.455623855861593263e+00
5.411503590000000000e+08 1.968346298224057591e+02 2.778824120424562949e+01 7.455214462556895683e+00
5.412740100000000000e+08 1.968382842406606130e+02 2.778811811034028167e+01 7.455146966892414184e+00
5.413962930000000000e+08 1.968443961623518987e+02 2.778764722594001313e+01 7.455162227486779258e+00
5.415166090000000000e+08 1.968385130555025739e+02 2.778897547224956810e+01 7.453234259193353139e+00
5.416377810000000000e+08 1.968395709297503231e+02 2.778758921910339552e+01 7.452396357040800723e+00
5.417576050000000000e+08 1.968610756718146320e+02 2.778643352183628323e+01 7.453778142674120311e+00
5.418771080000000000e+08 1.968602611088154219e+02 2.778950673795105786e+01 7.453320180832932351e+00
5.419985280000000000e+08 1.968570220329578433e+02 2.779263249933123348e+01 7.454796372312543440e+00
5.421184160000000000e+08 1.968525326612885635e+02 2.779545298941847875e+01 7.452644350873542045e+00
5.422365050000000000e+08 1.968656426865675826e+02 2.779761025515574246e+01 7.451793729903913643e+00
5.423562850000000000e+08 1.968675605964686497e+02 2.779891686856816335e+01 7.451622448768547180e+00
5.424725770000000000e+08 1.968585374896248084e+02 2.779995202617871541e+01 7.452719008764960407e+00
5.425914470000000000e+08 1.968620030487705606e+02 2.780104036021107206e+01 7.453845164153682923e+00
5.427131060000000000e+08 1.968612649947955902e+02 2.780361839173225391e+01 7.453150951618432885e+00
5.428325080000000000e+08 1.968697346948981703e+02 2.779954199648029345e+01 7.453190255356783034e+00
5.429519540000000000e+08 1.968748364685009165e+02 2.780012174454168417e+01 7.453704635166911174e+00
5.430690050000000000e+08 1.968804948380783628e+02 2.780213085991191946e+01 7.452131360211132538e+00
5.431893180000000000e+08 1.968762700770563185e+02 2.780319095746396130e+01 7.450835577093261719e+00
5.433060120000000000e+08 1.968809954030984386e+02 2.780260107015899251e+01 7.450179732120426834e+00
5.434260290000000000e+08 1.968764170197953547e+02 2.779931325602442982e+01 7.450168001139497953e+00
5.435431540000000000e+08 1.968780143035694437e+02 2.779926974495656822e+01 7.447464292809380382e+00
5.436607040000000000e+08 1.968878279842718371e+02 2.780122743843550737e+01 7.448381846089995761e+00
5.437830040000000000e+08 1.968928664700175943e+02 2.780360247080005465e+01 7.447669315204114682e+00
5.439016620000000000e+08 1.969025155899269350e+02 2.780297038804322440e+01 7.445839715800802061e+00
5.440173390000000000e+08 1.969037843454105712e+02 2.780307149530309729e+01 7.446888855423924092e+00
5.441335810000000000e+08 1.969048706598684646e+02 2.780123686244883530e+01 7.447865457407470302e+00
5.442537330000000000e+08 1.968971847165946372e+02 2.780082689500845916e+01 7.445329318665993235e+00
5.443711680000000000e+08 1.968958739221342285e+02 2.779893198611613414e+01 7.445718013641575261e+00
5.444879150000000000e+08 1.968858058008062528e+02 2.779945766010039065e+01 7.444869110056706596e+00
5.446090650000000000e+08 1.968818754646214586e+02 2.779809550720252531e+01 7.442835989819121423e+00
5.447245290000000000e+08 1.968880820723624367e+02 2.779432613777370165e+01 7.443576391987934748e+00
5.448400810000000000e+08 1.968815513566960362e+02 2.779289454094644540e+01 7.441448660574208951e+00
5.449573900000000000e+08 1.968850188325825741e+02 2.779261191635256623e+01 7.440152079733943324e+00
5.450755360000000000e+08 1.968954768781183873e+02 2.779014142363983808e+01 7.440440208423833468e+00
5.451960670000000000e+08 1.969031068236690771e+02 2.779091882299271532e+01 7.440822771833850879e+00
5.453173650000000000e+08 1.969056470275174036e+02 2.778793006235259355e+01 7.441267325810815514e+00
5.454372850000000000e+08 1.968964786453060754e+02 2.778634296592892383e+01 7.442124765813912468e+00
5.455572930000000000e+08 1.968895926018522857e+02 2.778711486072895553e+01 7.442112942952004317e+00
5.456754540000000000e+08 1.968947812461396722e+02 2.778730660420348286e+01 7.441683178073928318e+00
5.457934440000000000e+08 1.969034133228133499e+02 2.778582099095844526e+01 7.440457714474331574e+00
5.459120150000000000e+08 1.969018700838572897e+02 2.778241387793261197e+01 7.439840557278344590e+00
5.460326340000000000e+08 1.968988932525348332e+02 2.778269200626973401e+01 7.438142615928907908e+00
5.461517670000000000e+08 1.969057181007277109e+02 2.778231734441358469e+01 7.438037815132791053e+00
5.462699970000000000e+08 1.968937410336975233e+02 2.778257901919183581e+01 7.438311652429356435e+00
5.463900660000000000e+08 1.968893160804436775e+02 2.777802470678929225e+01 7.437758336122650249e+00
5.465092790000000000e+08 1.968951929812388926e+02 2.777481209600339795e+01 7.439129207532017674e+00
5.466282960000000000e+08 1.968915712242722691e+02 2.777396847211182163e+01 7.439153733948057123e+00
5.467501060000000000e+08 1.968947092191849038e+02 2.777550530009925112e+01 7.439242426752492143e+00
5.468684740000000000e+08 1.968940569508538090e+02 2.777517462120898273e+01 7.440382369003775587e+00
5.469889390000000000e+08 1.968895468328008178e+02 2.777093954285875199e+01 7.440067706802155456e+00
5.471077860000000000e+08 1.968878450851462958e+02 2.777394795596017474e+01 7.439187881865664487e+00
5.472236280000000000e+08 1.968790438702233985e+02 2.777241620081719375e+01 7.439365325779355054e+00
5.473427170000000000e+08 1.968667636254253921e+02 2.777297859949644021e+01 7.439946326501617690e+00
5.474622920000000000e+08 1.968619259290750279e+02 2.776956827833680919e+01 7.437813156206733112e+00
5.475801280000000000e+08 1.968643188238216055e+02 2.777252389463630067e+01 7.437136293127609044e+00
5.477002040000000000e+08 1.968625974898339450e+02 2.777223340167804366e+01 7.438577472079226816e+00
5.478215350000000000e+08 1.968672520423915273e+02 2.777189189642383127e+01 7.439658680889022158e+00
5.479355620000000000e+08 1.968546406407742211e+02 2.777090758318870201e+01 7.439899212208277213e+00
5.480531190000000000e+08 1.968458687177678712e+02 2.777014360358596434e+01 7.439075939316974306e+00
5.481724090000000000e+08 1.968400783816861974e+02 2.777072500863631177e+01 7.438203147930049219e+00
5.482905450000000000e+08 1.968450967208937072e+02 2.776882463984750515e+01 7.437780319112242466e+00
5.484104810000000000e+08 1.968430049555269932e+02 2.776417133135431214e+01 7.438285637385726901e+00
5.485288280000000000e+08 1.968455839797634326e+02 2.775627366984683420e+01 7.436293900588831107e+00
5.486487920000000000e+08 1.968450986010423662e+02 2.775586046234847259e+01 7.434409267834256596e+00
5.487668150000000000e+08 1.968391899163953838e+02 2.775787483354657681e+01 7.435610389151898758e+00
5.488830860000000000e+08 1.968446070676062618e+02 2.775392926749768563e+01 7.434811303285519202e+00
5.490016580000000000e+08 1.968469812841756266e+02 2.775400791249243326e+01 7.435486892895732502e+00
5.491212630000000000e+08 1.968484749557083546e+02 2.775384816640438146e+01 7.436484786327988594e+00
5.492416990000000000e+08 1.968500637168881156e+02 2.775504718738729437e+01 7.435726861675733268e+00
5.493603670000000000e+08 1.968595121417750420e+02 2.775386094607913279e+01 7.434131048905592287e+00
5.494799670000000000e+08 1.968447981531469964e+02 2.774985928539118518e+01 7.433664425846894019e+00
5.496013290000000000e+08 1.968509425400179680e+02 2.774724773669332833e+01 7.435811062918096681e+00
5.497235700000000000e+08 1.968468587901978140e+02 2.774544682297360509e+01 7.435241155259327606e+00
5.498449810000000000e+08 1.968578249716992161e+02 2.774756968535360357e+01 7.434871488645152127e+00
5.499655430000000000e+08 1.968610944422681257e+02 2.774757298691270790e+01 7.434831908909054654e+00
5.500840900000000000e+08 1.968534517904991787e+02 2.774856613870552380e+01 7.432675961193799807e+00
5.502045060000000000e+08 1.968514719219061533e+02 2.774428189744607565e+01 7.432519544018763469e+00
5.503213220000000000e+08 1.968591388541496769e+02 2.774385217166546624e+01 7.431978796859333158e+00
5.504429240000000000e+08 1.968418247917496444e+02 2.774448895051730446e+01 7.433493609183370765e+00
5.505608490000000000e+08 1.968474953471705078e+02 2.774632684890953982e+01 7.430755823965510487e+00
5.506832130000000000e+08 1.968487073276666592e+02 2.774278604986721319e+01 7.430476556807811939e+00
5.508011420000000000e+08 1.968559121763579469e+02 2.774003402622539127e+01 7.428235658101662864e+00
5.509205870000000000e+08 1.968628223869800706e+02 2.773988410818438410e+01 7.428238574296081254e+00
5.510402890000000000e+08 1.968669937155638081e+02 2.773591909860820337e+01 7.427555855282154340e+00
5.511585270000000000e+08 1.968670531615655932e+02 2.773590531719459307e+01 7.426457206097722086e+00
5.512776610000000000e+08 1.968549895770057674e+02 2.773500914332747769e+01 7.425966718538982825e+00
5.513954620000000000e+08 1.968536183020933095e+02 2.773549199988038438e+01 7.424656231170414067e+00
5.515164880000000000e+08 1.968476538124084811e+02 2.773632376969443314e+01 7.425162565513701018e+00
5.516346420000000000e+08 1.968495089846059329e+02 2.773473466436189128e+01 7.424831792289392496e+00
5.517547180000000000e+08 1.968361545948946798e+02 2.773116087767839133e+01 7.424926695301484969e+00
5.518694340000000000e+08 1.968378102605165623e+02 2.773242788675490544e+01 7.423834551510202218e+00
5.519830110000000000e+08 1.968290960706876547e+02 2.773410209258673831e+01 7.423782865761858751e+00
5.521008510000000000e+08 1.968359025813526557e+02 2.773519104218010511e+01 7.423427344776754921e+00
5.522168630000000000e+08 1.968333661795390981e+02 2.773404412031890942e+01 7.425046816147055750e+00
5.523354050000000000e+08 1.968317090838245065e+02 2.773268843416628826e+01 7.425450185453716934e+00
5.524546150000000000e+08 1.968306530158624810e+02 2.773254975489803442e+01 7.426693256507737928e+00
5.525725850000000000e+08 1.968191725235550678e+02 2.773101025578510459e+01 7.426318989104152557e+00
5.526893460000000000e+08 1.968098883763393303e+02 2.773020642533533930e+01 7.426816947123086265e+00
5.528059270000000000e+08 1.968141201218029721e+02 2.773078304803833305e+01 7.423855450069244633e+00
5.529240240000000000e+08 1.968172249410556844e+02 2.772910976053677601e+01 7.426255641717951050e+00
5.530441920000000000e+08 1.968205796749834917e+02 2.772818337746631201e+01 7.426901065541233748e+00
5.531651890000000000e+08 1.968121332737015337e+02 2.772717403279943582e+01 7.427506533241353459e+00
5.532855860000000000e+08 1.968169807365806889e+02 2.772819692681604309e+01 7.427861587618871830e+00
5.534091580000000000e+08 1.968175981981340215e+02 2.773135769455819855e+01 7.425535698640303828e+00
5.535300490000000000e+08 1.968199527936646405e+02 2.773075595171359709e+01 7.425503511709424131e+00
5.536473240000000000e+08 1.968213476255120042e+02 2.772745987370753795e+01 7.424119048283262856e+00
5.537654260000000000e+08 1.968176012019835071e+02 2.772302054615241929e+01 7.422765725409167459e+00
5.538853410000000000e+08 1.968131753757070328e+02 2.772399007456242259e+01 7.422793267480021662e+00
5.540065790000000000e+08 1.968213014675063732e+02 2.772399878150590524e+01 7.421775955158157245e+00
5.541285740000000000e+08 1.968175371857502967e+02 2.772320338070365509e+01 7.421428539679601144e+00
5.542455220000000000e+08 1.968253983502134190e+02 2.772499527602032288e+01 7.423245028846609195e+00
5.543610420000000000e+08 1.968165685147083082e+02 2.772566889516850708e+01 7.425834277798786687e+00
5.544785190000000000e+08 1.968095432502969402e+02 2.772596481891322640e+01 7.424851363572892105e+00
5.545974520000000000e+08 1.967999711957298246e+02 2.772470143497418249e+01 7.426266219983260086e+00
5.547157540000000000e+08 1.968041302871093023e+02 2.772343994996892391e+01 7.426363997076898649e+00
5.548355560000000000e+08 1.967982846677476232e+02 2.772210051602760217e+01 7.426837360201528071e+00
5.549527170000000000e+08 1.967946726518658522e+02 2.772313562114582908e+01 7.426309621921463489e+00
5.550726930000000000e+08 1.967941691350152666e+02 2.772258753245837326e+01 7.424871888230663686e+00
5.551936200000000000e+08 1.967846614333598154e+02 2.771832924644470708e+01 7.422438423924068829e+00
5.553111630000000000e+08 1.967789916515503990e+02 2.771888241479740600e+01 7.421929316545318400e+00
5.554294230000000000e+08 1.967840287761548836e+02 2.771596389599903887e+01 7.422254184406923194e+00
5.555510270000000000e+08 1.967850538843750883e+02 2.771406738542000880e+01 7.418423384536820819e+00
5.556693400000000000e+08 1.967905666413388701e+02 2.771230913038866106e+01 7.417280982803239553e+00
5.557907090000000000e+08 1.967917066089045193e+02 2.771390136712389207e+01 7.416586810139525809e+00
5.559079670000000000e+08 1.967985238761970379e+02 2.771715942736239668e+01 7.416925691186976977e+00
5.560247990000000000e+08 1.968044020902150635e+02 2.771464478520280394e+01 7.414731391611478983e+00
5.561438280000000000e+08 1.967921227561763828e+02 2.771450009540127368e+01 7.412459311185373600e+00
5.562619520000000000e+08 1.967929411928519983e+02 2.771034974472902945e+01 7.411341663863672657e+00
5.563785140000000000e+08 1.967954646135378596e+02 2.771007182426120963e+01 7.410193297801398238e+00
5.564962800000000000e+08 1.967930887051396098e+02 2.771234030541769044e+01 7.409412257534810919e+00
5.566166330000000000e+08 1.967954620921927358e+02 2.771411039091739070e+01 7.407930370468900350e+00
5.567350250000000000e+08 1.967971009756763578e+02 2.771139370163144022e+01 7.409468567124764427e+00
5.568578070000000000e+08 1.967953524437244255e+02 2.771363343448658512e+01 7.408168526564809397e+00
5.569782310000000000e+08 1.967853295873264017e+02 2.771053860324703066e+01 7.408075254740569271e+00
5.570967380000000000e+08 1.967890840069281921e+02 2.771054897084200164e+01 7.406511572488325257e+00
5.572179760000000000e+08 1.967809090131013647e+02 2.770799606779714352e+01 7.406126298023091081e+00
5.573373890000000000e+08 1.967787560942312552e+02 2.770710545021189830e+01 7.406063928743868985e+00
5.574569000000000000e+08 1.967775419436230209e+02 2.770705685038613808e+01 7.406739990804786622e+00
5.575747590000000000e+08 1.967841644160096450e+02 2.770562374745300360e+01 7.406467506024644543e+00
5.576958430000000000e+08 1.967828669532774484e+02 2.770415466415443007e+01 7.405593879229033227e+00
5.578139220000000000e+08 1.967816874297824086e+02 2.770406725134301240e+01 7.405694330235242262e+00
5.579354730000000000e+08 1.967866638696797850e+02 2.770136259480488050e+01 7.405081614617280650e+00
5.580565470000000000e+08 1.967945214285116720e+02 2.770148601469215777e+01 7.404156951747241422e+00
5.581735850000000000e+08 1.967982378398483547e+02 2.770046927446118445e+01 7.402662734944335909e+00
5.582959780000000000e+08 1.967908315581516092e+02 2.770406647607823913e+01 7.402275139085805478e+00
5.584154270000000000e+08 1.967881402989809771e+02 2.770581296648546754e+01 7.402086246593872154e+00
5.585331790000000000e+08 1.967892503943038776e+02 2.770513855877400999e+01 7.401191365458599236e+00
5.586512400000000000e+08 1.967855548899048017e+02 2.770299259768658828e+01 7.401630040431823154e+00
5.587715390000000000e+08 1.967794802615001402e+02 2.770527751936916872e+01 7.400184698210861889e+00
5.588902400000000000e+08 1.967789632637476416e+02 2.770673115066540504e+01 7.397819684176096366e+00
5.590095280000000000e+08 1.967765522191900516e+02 2.770884419954513334e+01 7.397176734293538836e+00
5.591300760000000000e+08 1.967750101395186846e+02 2.771038523934248587e+01 7.396881279642092188e+00
5.592481680000000000e+08 1.967820684596941305e+02 2.770957310239034754e+01 7.394498943030908045e+00
5.593699770000000000e+08 1.967733366595168434e+02 2.770668357047319574e+01 7.394761889553390866e+00
5.594879430000000000e+08 1.967697801669160640e+02 2.770451495688546117e+01 7.392980904941187426e+00
5.596059890000000000e+08 1.967740419384810764e+02 2.770559222141823952e+01 7.393114081875381771e+00
5.597257450000000000e+08 1.967653033839022214e+02 2.770411600472167990e+01 7.392417589429610025e+00
5.598447240000000000e+08 1.967660497941186293e+02 2.770528035738024286e+01 7.392000456928122354e+00
5.599609750000000000e+08 1.967655330076605367e+02 2.770735700432616966e+01 7.392971448462307471e+00
5.600796740000000000e+08 1.967631555760081312e+02 2.770820092308817095e+01 7.392745656002009724e+00
5.602003550000000000e+08 1.967675352972503617e+02 2.770887762486997374e+01 7.393251322445857809e+00
5.603219850000000000e+08 1.967710288403004029e+02 2.770806044912525223e+01 7.391862686019107009e+00
5.604434140000000000e+08 1.967730421611508405e+02 2.770771091121730834e+01 7.389506272022963174e+00
5.605612470000000000e+08 1.967611242046176869e+02 2.770792447384663859e+01 7.389622421620400949e+00
5.606812140000000000e+08 1.967637947832298266e+02 2.771232743020060241e+01 7.389582603082568646e+00
5.608006360000000000e+08 1.967663420519285467e+02 2.771025592181741359e+01 7.387823945936917269e+00
5.609194360000000000e+08 1.967591066644291686e+02 2.770903657934983144e+01 7.386962485335481610e+00
5.610388630000000000e+08 1.967627457160032804e+02 2.770792494417082708e+01 7.386387220004096754e+00
5.611593450000000000e+08 1.967622237549613544e+02 2.770788424058547150e+01 7.385959840358691686e+00
5.612792040000000000e+08 1.967633333637602391e+02 2.770850137312659456e+01 7.385212148747127614e+00
5.613983540000000000e+08 1.967699100195537198e+02 2.770756283192332248e+01 7.384877373505181808e+00
5.615183730000000000e+08 1.967715372154347051e+02 2.770585196985094356e+01 7.383772392946212015e+00
5.616386240000000000e+08 1.967777188955990084e+02 2.770420098432909839e+01 7.383673069694139279e+00
5.617569520000000000e+08 1.967816221098964888e+02 2.770633459678476029e+01 7.384528520454135325e+00
5.618750410000000000e+08 1.967777059766054606e+02 2.770703776922328032e+01 7.383098907255475574e+00
5.619933580000000000e+08 1.967674744875642432e+02 2.771007916648676783e+01 7.384278963052148370e+00
5.621118090000000000e+08 1.967709188934565532e+02 2.770881046631075861e+01 7.382281642715243564e+00
5.622304780000000000e+08 1.967752201975800119e+02 2.770923073001573655e+01 7.380950687571605329e+00
5.623505480000000000e+08 1.967738411712142579e+02 2.770956511352756024e+01 7.382436617279398483e+00
5.624672770000000000e+08 1.967799605317623843e+02 2.770860880605084731e+01 7.383451064554113152e+00
5.625874180000000000e+08 1.967720085175532745e+02 2.770960137850907401e+01 7.384533605387176181e+00
5.627088250000000000e+08 1.967679110408759016e+02 2.771068876803686365e+01 7.385292943954177680e+00
5.628296530000000000e+08 1.967673455621897745e+02 2.770823700239953880e+01 7.383678376152881029e+00
5.629495340000000000e+08 1.967680357826415332e+02 2.771110890319735987e+01 7.382067559798606737e+00
5.630685990000000000e+08 1.967752777382616216e+02 2.771495693313520192e+01 7.381688659000878339e+00
5.631844980000000000e+08 1.967799921072990230e+02 2.771627226768883290e+01 7.382904942062125997e+00
5.633045150000000000e+08 1.967780032586418884e+02 2.771975315465362044e+01 7.382131343121062450e+00
5.634236390000000000e+08 1.967805363217893273e+02 2.772110181896479730e+01 7.381851264012960101e+00
5.635455330000000000e+08 1.967801597638138276e+02 2.772196351928996449e+01 7.382121511093673760e+00
5.636672030000000000e+08 1.967801241996570241e+02 2.772135764019763116e+01 7.381129469592287329e+00
5.637873020000000000e+08 1.967800121730896876e+02 2.771877648615218348e+01 7.380963590304184585e+00
5.639041910000000000e+08 1.967772965649363357e+02 2.771747095961872986e+01 7.382729826919549154e+00
5.640223690000000000e+08 1.967767821931254275e+02 2.771512978551725936e+01 7.384267933763124958e+00
5.641412490000000000e+08 1.967823778019309486e+02 2.771515405409087762e+01 7.384307565121490669e+00
5.642585580000000000e+08 1.967804798026138258e+02 2.771352149061342374e+01 7.385188289365641978e+00
5.643746710000000000e+08 1.967673691668632898e+02 2.771384145405439980e+01 7.385967445872095638e+00
5.644948510000000000e+08 1.967684220578613008e+02 2.771155525262356534e+01 7.385873994407479159e+00
5.646131030000000000e+08 1.967732300046098999e+02 2.771350899106947452e+01 7.386495623677462596e+00
5.647327980000000000e+08 1.967719000792116901e+02 2.771455419810072840e+01 7.385997149293947572e+00
5.648517920000000000e+08 1.967727000658226189e+02 2.771424513907026821e+01 7.386301189870116524e+00
5.649712550000000000e+08 1.967599873972048954e+02 2.772087865963936792e+01 7.386033415360752308e+00
5.650903680000000000e+08 1.967534026429621292e+02 2.772416993261488471e+01 7.386063612357713026e+00
5.652121620000000000e+08 1.967552181120849468e+02 2.772140304337496985e+01 7.386618739668740830e+00
5.653289750000000000e+08 1.967597902083033432e+02 2.772319744633790251e+01 7.386715016215574359e+00
5.654519780000000000e+08 1.967658022557635888e+02 2.772268851965892722e+01 7.385813843982804272e+00
5.655680640000000000e+08 1.967782800362125499e+02 2.771832970535579577e+01 7.384944536059718345e+00
5.656863530000000000e+08 1.967822377369284936e+02 2.771767379343360815e+01 7.384176013143087580e+00
5.658048510000000000e+08 1.967835505931393243e+02 2.771799483261393249e+01 7.385626121808200217e+00
5.659210470000000000e+08 1.967926125370824195e+02 2.771749383328787530e+01 7.385254871173939861e+00
5.660398440000000000e+08 1.968021460386105446e+02 2.771508545151744940e+01 7.385127404852917188e+00
5.661603480000000000e+08 1.968047507111240577e+02 2.771503977814166930e+01 7.385757270631291505e+00
5.662753360000000000e+08 1.968107229336076216e+02 2.771702802926955300e+01 7.384542448590972974e+00
5.663913710000000000e+08 1.968168190405635016e+02 2.771512948118564879e+01 7.382718632394170477e+00
5.665076010000000000e+08 1.968003871738119130e+02 2.771178611134354952e+01 7.384283146078624682e+00
5.666249620000000000e+08 1.967981046944962031e+02 2.770845029367283274e+01 7.384193008068936415e+00
5.667431940000000000e+08 1.967980583811912538e+02 2.770971366612627307e+01 7.382883154430148309e+00
5.668595330000000000e+08 1.968060066359778375e+02 2.770808133862642109e+01 7.382198972046010610e+00
5.669785410000000000e+08 1.968001210620234360e+02 2.770806276223134290e+01 7.382100504862708412e+00
5.670975010000000000e+08 1.968014551088478470e+02 2.770703302055899897e+01 7.381372220984964372e+00
5.672146540000000000e+08 1.967948608573804563e+02 2.770962014319210454e+01 7.381928825170210651e+00
5.673348470000000000e+08 1.967906939921171841e+02 2.771280857327634095e+01 7.381479613217624802e+00
5.674521990000000000e+08 1.967879078706880023e+02 2.771169702518501410e+01 7.381997660603381917e+00
5.675703720000000000e+08 1.967818240451780127e+02 2.770967774276251561e+01 7.381491014611537338e+00
5.676866000000000000e+08 1.967801994830276442e+02 2.770853725509554977e+01 7.378366187622399153e+00
5.678068270000000000e+08 1.967739482658756742e+02 2.771042867839729240e+01 7.375712615968636143e+00
5.679236480000000000e+08 1.967725819429347212e+02 2.770983415581980225e+01 7.376631741530965236e+00
5.680446090000000000e+08 1.967784767221893389e+02 2.771061586474176508e+01 7.374195543939078945e+00
5.681633470000000000e+08 1.967747545216897720e+02 2.771178311517359205e+01 7.372723625029145467e+00
5.682838560000000000e+08 1.967757924333979815e+02 2.771117197932602139e+01 7.373199768912289898e+00
5.684039700000000000e+08 1.967824914829828344e+02 2.770989397189539005e+01 7.373619947476861114e+00
5.685241600000000000e+08 1.967899502499277560e+02 2.771066168439130095e+01 7.374128251924101818e+00
5.686427700000000000e+08 1.967871529206757657e+02 2.771040569731038872e+01 7.372877970920444390e+00
5.687600290000000000e+08 1.967909733286937808e+02 2.771010899276534545e+01 7.373537598145235350e+00
5.688767050000000000e+08 1.967953004679345383e+02 2.770969375585195138e+01 7.372228651678394584e+00
5.689964910000000000e+08 1.967986903702332597e+02 2.771002426699507737e+01 7.370162197659013259e+00
5.691174050000000000e+08 1.968086267948667967e+02 2.770572555053679409e+01 7.369364917808145954e+00
5.692382180000000000e+08 1.968100343341071436e+02 2.770441663684117017e+01 7.367785176979900541e+00
5.693571050000000000e+08 1.968189636795486024e+02 2.770475850060599043e+01 7.368202357342578779e+00
5.694734260000000000e+08 1.968176072200035094e+02 2.770173981270338004e+01 7.366970530041041521e+00
5.695931790000000000e+08 1.968167972336161711e+02 2.770176238594104490e+01 7.366001647592806734e+00
5.697123020000000000e+08 1.968255832675033332e+02 2.770129557563330991e+01 7.366114954773814283e+00
5.698332000000000000e+08 1.968250453688719404e+02 2.769976557205649925e+01 7.365649352501084657e+00
5.699521000000000000e+08 1.968298415324390476e+02 2.769783788555197290e+01 7.368071135907398705e+00
5.700730640000000000e+08 1.968360552996100807e+02 2.769843226394322500e+01 7.367678666077088323e+00
5.701909450000000000e+08 1.968356321807384575e+02 2.769737046182912010e+01 7.367000973975735612e+00
5.703108350000000000e+08 1.968331270436683837e+02 2.769937221343545630e+01 7.367986327845330585e+00
5.704330240000000000e+08 1.968210080977372343e+02 2.769942922180395328e+01 7.368412032645173859e+00
5.705503100000000000e+08 1.968178670104593380e+02 2.769760803179171305e+01 7.367506084709322778e+00
5.706663980000000000e+08 1.968175102738345288e+02 2.769936245580594658e+01 7.368112567653892775e+00
5.707873360000000000e+08 1.968054011284162357e+02 2.769826618739415380e+01 7.367618647578627389e+00
5.709079490000000000e+08 1.967916846444165344e+02 2.769564750384940055e+01 7.368059247741564732e+00
5.710281400000000000e+08 1.967878768957328646e+02 2.769283525753705533e+01 7.368050777262085127e+00
5.711474530000000000e+08 1.967896847036961674e+02 2.769248030221794821e+01 7.368325274007751169e+00
5.712643300000000000e+08 1.967817267515488879e+02 2.769143181225953754e+01 7.368567530957773393e+00
5.713836290000000000e+08 1.967806890857810913e+02 2.769223805933060234e+01 7.369311415672825660e+00
5.715043580000000000e+08 1.967780019095959574e+02 2.768901692274761572e+01 7.369880943752228575e+00
5.716280660000000000e+08 1.967785798591193611e+02 2.769010292359516967e+01 7.369924496168358097e+00
5.717458200000000000e+08 1.967763609646796112e+02 2.768880127073645880e+01 7.370125323162501019e+00
5.718659410000000000e+08 1.967706387505533883e+02 2.768996214255977861e+01 7.369288651317292604e+00
5.719807680000000000e+08 1.967739937956118581e+02 2.768853398655197040e+01 7.369384916324678514e+00
5.720980110000000000e+08 1.967692413525058441e+02 2.769166691260590696e+01 7.369083329016727468e+00
5.722158430000000000e+08 1.967675351639765040e+02 2.769186352129925410e+01 7.369026076433030426e+00
5.723366310000000000e+08 1.967622919404398658e+02 2.768958615917918564e+01 7.367739837982125728e+00
5.724533010000000000e+08 1.967664000470520875e+02 2.768573838132043008e+01 7.369023811995166540e+00
5.725728910000000000e+08 1.967556038585393026e+02 2.768449518132305798e+01 7.368676549903685036e+00
5.726895850000000000e+08 1.967514466618700908e+02 2.768432964540869889e+01 7.368448037389187633e+00
5.728079920000000000e+08 1.967469209328668853e+02 2.768053237841139236e+01 7.368466984053474000e+00
5.729281430000000000e+08 1.967455623498550210e+02 2.768144017114439137e+01 7.368084824505882757e+00
5.730468020000000000e+08 1.967444172274757648e+02 2.767907776153016641e+01 7.368870386558010743e+00
5.731625790000000000e+08 1.967403368292997357e+02 2.767753812128742297e+01 7.369172377983773004e+00
5.732820390000000000e+08 1.967389801743913154e+02 2.767598140717523947e+01 7.368853692594689697e+00
5.733982230000000000e+08 1.967456998239706536e+02 2.767853444735936819e+01 7.368563825699306236e+00
5.735173500000000000e+08 1.967433372544116992e+02 2.767885246127921306e+01 7.368486280990104831e+00
5.736335260000000000e+08 1.967454653130771476e+02 2.767904112239953562e+01 7.367676174983690096e+00
5.737556160000000000e+08 1.967413356413291581e+02 2.768184021297673780e+01 7.365321967128078740e+00
5.738773700000000000e+08 1.967360847267681265e+02 2.768060699032977467e+01 7.364500369586504114e+00
5.739979060000000000e+08 1.967432436944659742e+02 2.768461925404853474e+01 7.363158959195367004e+00
5.741151680000000000e+08 1.967334613263806204e+02 2.768488723511037364e+01 7.362981991857573405e+00
5.742356850000000000e+08 1.967363552412665513e+02 2.768464988852408482e+01 7.365620366586114187e+00
5.743571760000000000e+08 1.967382552798596862e+02 2.768292242194352681e+01 7.365660218109073121e+00
5.744730860000000000e+08 1.967327666428494410e+02 2.768369440807245851e+01 7.365452401217543077e+00
5.745957730000000000e+08 1.967245507321512719e+02 2.768309342690906050e+01 7.364280507262055409e+00
5.747157780000000000e+08 1.967240537145655424e+02 2.767711941174376378e+01 7.365237706932743045e+00
5.748326400000000000e+08 1.967265642495994200e+02 2.767830247103026053e+01 7.364938707552067143e+00
5.749520620000000000e+08 1.967311210306519058e+02 2.767608979920498413e+01 7.364219204339308433e+00
5.750701960000000000e+08 1.967270382105064357e+02 2.767975383402581002e+01 7.362272286558944501e+00
5.751871480000000000e+08 1.967214896672004443e+02 2.768167502040867234e+01 7.362185308722105859e+00
5.753073480000000000e+08 1.967223672744731005e+02 2.767963077874333067e+01 7.363070921997710627e+00
5.754247110000000000e+08 1.967192664533005484e+02 2.767489701531970425e+01 7.361887075391441826e+00
5.755414130000000000e+08 1.967107811547639358e+02 2.767408230491610865e+01 7.360340882385570715e+00
5.756593080000000000e+08 1.967083121328565198e+02 2.767107030088554609e+01 7.358223814700324716e+00
5.757781730000000000e+08 1.967051258344231428e+02 2.767016769076623817e+01 7.357750183721284643e+00
5.758961870000000000e+08 1.966978233073803324e+02 2.766904004300549147e+01 7.356886658362205900e+00
5.760160910000000000e+08 1.966997620591244242e+02 2.767081640332040848e+01 7.356500233796402277e+00
5.761402070000000000e+08 1.967044375884747183e+02 2.767149163911972920e+01 7.355327605334355034e+00
5.762580150000000000e+08 1.967023675257474054e+02 2.767286447138116046e+01 7.356340486758888630e+00
5.763748840000000000e+08 1.967040938918055701e+02 2.767339706929688248e+01 7.356909996313619970e+00
5.764921950000000000e+08 1.967049810490836137e+02 2.767148345747281368e+01 7.359175427488405141e+00
5.766141490000000000e+08 1.966930217902572338e+02 2.767168658731845809e+01 7.360250452543754207e+00
5.767335450000000000e+08 1.966951556590905454e+02 2.767196051026595782e+01 7.360726064663473345e+00
5.768511000000000000e+08 1.967013658868713151e+02 2.767211817266352725e+01 7.361335631342994290e+00
5.769707300000000000e+08 1.966994009205585030e+02 2.767127991777335794e+01 7.361879990950332520e+00
5.770898760000000000e+08 1.967053652887285580e+02 2.767353761101221110e+01 7.362704258750818020e+00
5.772093000000000000e+08 1.967016591856166770e+02 2.766891392922457271e+01 7.362167212847581688e+00
5.773302810000000000e+08 1.966952130040730538e+02 2.766928548938232524e+01 7.362364503055114362e+00
5.774494160000000000e+08 1.967011592093919035e+02 2.766829185175854278e+01 7.363416722832608841e+00
5.775705720000000000e+08 1.966976491349159062e+02 2.766740552660748875e+01 7.362652652579859236e+00
5.776904670000000000e+08 1.966976382975706485e+02 2.766581290251996350e+01 7.362698574078240910e+00
5.778089260000000000e+08 1.967103476071820864e+02 2.766380448381101687e+01 7.362244438732663099e+00
5.779289830000000000e+08 1.967170451599992020e+02 2.766351019544745427e+01 7.362062985466724108e+00
5.780511980000000000e+08 1.967129790725549014e+02 2.766414829963138899e+01 7.363039884378072664e+00
5.781695280000000000e+08 1.967202149650927367e+02 2.766776184018761242e+01 7.362328805281969757e+00
5.782850500000000000e+08 1.967156636683789941e+02 2.767104178460302322e+01 7.361121340583161476e+00
5.784034410000000000e+08 1.967116618422770387e+02 2.767052858606620447e+01 7.361259108827272968e+00
5.785242310000000000e+08 1.967142496410236561e+02 2.767039222482868510e+01 7.361174555798244867e+00
5.786466530000000000e+08 1.967133140590034088e+02 2.767491091487078592e+01 7.360447908703783071e+00
5.787657830000000000e+08 1.967073581908225606e+02 2.767445172916426444e+01 7.360019702599527314e+00
5.788822480000000000e+08 1.967104185456432219e+02 2.767512086244776981e+01 7.359758028795576834e+00
5.790017310000000000e+08 1.967105739155343826e+02 2.767383671855629146e+01 7.356268268904715413e+00
5.791225210000000000e+08 1.967114253219952218e+02 2.767214547625045284e+01 7.354674803792100590e+00
5.792410380000000000e+08 1.967127485626224370e+02 2.767256172956088278e+01 7.353883683747192812e+00
5.793584100000000000e+08 1.967142357198516720e+02 2.767203211126967588e+01 7.353101198382360870e+00
5.794793800000000000e+08 1.967112775256871942e+02 2.767277979837897561e+01 7.352357682990611210e+00
5.796006870000000000e+08 1.967110923320496454e+02 2.767366534011314627e+01 7.350590921354801743e+00
5.797231200000000000e+08 1.967066807066839829e+02 2.767472094646491243e+01 7.351109964349974213e+00
5.798425180000000000e+08 1.967150884103031672e+02 2.767466653894742024e+01 7.350126664401649634e+00
5.799622930000000000e+08 1.967079686335084432e+02 2.767431204439891346e+01 7.350013498617669505e+00
5.800791750000000000e+08 1.967049470429479925e+02 2.767636916043590389e+01 7.350041115739835540e+00
5.801988780000000000e+08 1.966937531672617752e+02 2.767558317992769545e+01 7.350112834715309518e+00
5.803194540000000000e+08 1.966934441094274462e+02 2.767690531271439625e+01 7.349910726031347430e+00
5.804369200000000000e+08 1.966951414725234315e+02 2.768003555005638461e+01 7.349210716280241584e+00
5.805578910000000000e+08 1.966834085172662014e+02 2.767920524255270465e+01 7.349472084682476591e+00
5.806763580000000000e+08 1.966837928754032987e+02 2.767976786500115693e+01 7.349885865211353675e+00
5.807978440000000000e+08 1.966808786274767726e+02 2.767724675845830618e+01 7.350723502924811470e+00
5.809158790000000000e+08 1.966874209224543506e+02 2.767954189261751097e+01 7.350533708181141712e+00
5.810377340000000000e+08 1.966914226715330756e+02 2.767804898477719178e+01 7.348608128916863436e+00
5.811555980000000000e+08 1.966952534025732859e+02 2.767661472978058868e+01 7.348340835050422015e+00
5.812756860000000000e+08 1.966875547975173788e+02 2.767908733350613915e+01 7.348461989958233964e+00
5.813961330000000000e+08 1.966906201941217489e+02 2.767549390515249996e+01 7.349840606272508126e+00
5.815157980000000000e+08 1.966970132062323557e+02 2.767351901609774956e+01 7.349225374288600676e+00
5.816339540000000000e+08 1.967006412025010036e+02 2.767533454458642694e+01 7.348262317904564966e+00
5.817527010000000000e+08 1.966995193706248983e+02 2.767393274902304867e+01 7.346756934795704908e+00
5.818731950000000000e+08 1.967041993822973041e+02 2.767923948932029177e+01 7.345651461947563021e+00
5.819901380000000000e+08 1.967069424141228353e+02 2.767520669064721162e+01 7.343682674208855232e+00
5.821111850000000000e+08 1.967053155298730474e+02 2.767603823223091197e+01 7.344442755469271056e+00
5.822297470000000000e+08 1.967143954412134121e+02 2.767547206963687501e+01 7.344750161633376351e+00
5.823467790000000000e+08 1.967164185953498077e+02 2.767321430412340533e+01 7.344313851309979491e+00
5.824657650000000000e+08 1.967161796049885538e+02 2.766991597483376708e+01 7.342959328611431857e+00
5.825830270000000000e+08 1.967176140804794500e+02 2.766824241704007292e+01 7.341952494796479378e+00
5.826989230000000000e+08 1.967159863423789830e+02 2.767160169460709795e+01 7.340580423402279564e+00
5.828156000000000000e+08 1.967117346548167802e+02 2.766999862593806370e+01 7.340428584950724478e+00
5.829327130000000000e+08 1.967174052122717001e+02 2.767064558483142278e+01 7.339258670252152505e+00
5.830484420000000000e+08 1.967268415147802898e+02 2.767177934091307279e+01 7.337148202261815300e+00
5.831684000000000000e+08 1.967187947413580957e+02 2.766782749368858418e+01 7.335810232193055391e+00
5.832879280000000000e+08 1.967122956866833192e+02 2.766976320943722101e+01 7.335727278171749965e+00
5.834075630000000000e+08 1.967158408980850481e+02 2.767017074997301407e+01 7.334076121629435008e+00
5.835244720000000000e+08 1.967184650451301309e+02 2.766824263279019647e+01 7.334435143004970570e+00
5.836453700000000000e+08 1.967098329251966504e+02 2.766923896434468944e+01 7.334287664539495211e+00
5.837611440000000000e+08 1.967231996881649536e+02 2.767048287468300316e+01 7.334316667430608838e+00
5.838777820000000000e+08 1.967192826110748456e+02 2.767234342071306585e+01 7.333999952486008667e+00
5.839960660000000000e+08 1.967160800363433282e+02 2.767177169310216911e+01 7.333336092782050564e+00
5.841184890000000000e+08 1.967174898175712485e+02 2.767199171829303239e+01 7.333418888939114311e+00
5.842390370000000000e+08 1.967196269035372325e+02 2.767102762929180315e+01 7.332426179703514180e+00
5.843582010000000000e+08 1.967186498299300297e+02 2.766772903595482447e+01 7.332666566060130009e+00
5.844751110000000000e+08 1.967143010490005111e+02 2.766844733173046222e+01 7.332273460232976880e+00
5.845916750000000000e+08 1.967156111813191899e+02 2.766890681107373595e+01 7.331791155252252778e+00
5.847098780000000000e+08 1.967089602053894737e+02 2.766798523185930847e+01 7.331107531697377944e+00
5.848313220000000000e+08 1.967006107699370716e+02 2.767113156853018907e+01 7.330985839648860747e+00
5.849532700000000000e+08 1.967033605017607556e+02 2.767233832265422322e+01 7.329051532645628697e+00
5.850732670000000000e+08 1.967134353010739858e+02 2.767292806660931959e+01 7.327897319493829720e+00
5.851951070000000000e+08 1.967052406210911784e+02 2.767239647985865147e+01 7.326102650794222626e+00
5.853188420000000000e+08 1.967097380406690661e+02 2.767357064113293319e+01 7.324644204541671755e+00
5.854397490000000000e+08 1.967100636653345873e+02 2.767128859619630887e+01 7.323652839237050571e+00
5.855598540000000000e+08 1.967170909268648700e+02 2.767537110664883215e+01 7.322876176706544449e+00
5.856773240000000000e+08 1.967219152642695121e+02 2.767476512798124944e+01 7.323555826543006297e+00
5.857965730000000000e+08 1.967116409285552834e+02 2.767568575490590987e+01 7.323870301343523792e+00
5.859163590000000000e+08 1.967059790982907543e+02 2.767444598229038988e+01 7.324173003496754930e+00
5.860346540000000000e+08 1.967020435072001590e+02 2.767537969390240704e+01 7.323959567608430810e+00
5.861522550000000000e+08 1.966999298686046416e+02 2.767702170307272169e+01 7.324566390352450718e+00
5.862713350000000000e+08 1.966950388114786676e+02 2.767740984031074802e+01 7.324504360584636942e+00
5.863914900000000000e+08 1.967012879449398497e+02 2.767939847687702226e+01 7.323958199936552838e+00
5.865094130000000000e+08 1.967004046340975947e+02 2.768336565094620738e+01 7.324090346473399293e+00
5.866267980000000000e+08 1.967056983883509531e+02 2.768491976164979462e+01 7.322469585098361655e+00
5.867457640000000000e+08 1.967010294227081602e+02 2.768212707852709542e+01 7.323286430640893130e+00
5.868653210000000000e+08 1.967030713944266154e+02 2.767707725216141412e+01 7.322439546135695032e+00
5.869853840000000000e+08 1.967050381524848035e+02 2.767756294358685665e+01 7.321720292309493949e+00
5.871044540000000000e+08 1.967109127205999357e+02 2.768111009934624178e+01 7.322549386355190926e+00
5.872222110000000000e+08 1.967152080586931220e+02 2.768115981212363863e+01 7.320652570269206016e+00
5.873441170000000000e+08 1.967107725965191207e+02 2.768195203020118456e+01 7.320647125684155654e+00
5.874649390000000000e+08 1.967156099983981790e+02 2.768470705153604072e+01 7.318940382826085944e+00
5.875881260000000000e+08 1.967162204824804519e+02 2.768546443755635522e+01 7.316471683203435106e+00
5.877092890000000000e+08 1.967095568467906617e+02 2.768776944754950264e+01 7.314668542736028733e+00
5.878284810000000000e+08 1.967131748128631159e+02 2.768879594499251695e+01 7.315278172683557401e+00
5.879466340000000000e+08 1.967114731445205962e+02 2.769327373665386460e+01 7.315996735343571977e+00
5.880671270000000000e+08 1.967162235625996232e+02 2.769451439660895531e+01 7.315772955846281178e+00
5.881862310000000000e+08 1.967180517779657976e+02 2.769466861756724185e+01 7.316355056620438724e+00
5.883051570000000000e+08 1.967172708973424733e+02 2.769661399542014024e+01 7.316737511295707819e+00
5.884265290000000000e+08 1.967186740478067861e+02 2.769288407866692481e+01 7.316800077361116372e+00
5.885473300000000000e+08 1.967177141338042361e+02 2.769259025173453637e+01 7.317626163863709010e+00
5.886630830000000000e+08 1.967211415022667893e+02 2.769257969425434851e+01 7.317624888194195876e+00
5.887851630000000000e+08 1.967177478084983591e+02 2.769441871255721921e+01 7.317156397385041089e+00
5.889039330000000000e+08 1.967142957407419885e+02 2.769600380369115911e+01 7.316901316335175487e+00
5.890224170000000000e+08 1.967163778809517680e+02 2.769598566270219919e+01 7.316758439777489187e+00
5.891411790000000000e+08 1.967193719595088055e+02 2.769767730678637463e+01 7.316388112358837681e+00
5.892589600000000000e+08 1.967167651793759546e+02 2.769798273213057627e+01 7.317244617417991037e+00
5.893785190000000000e+08 1.967159029606251011e+02 2.769822905167772120e+01 7.318731460978109560e+00
5.894993770000000000e+08 1.967118166003729982e+02 2.769708359360840078e+01 7.318705212173297170e+00
5.896195940000000000e+08 1.967138135374962644e+02 2.769867876377425020e+01 7.318990687748856416e+00
5.897358310000000000e+08 1.967181527420889608e+02 2.769893377727316874e+01 7.319764553792820649e+00
5.898561830000000000e+08 1.967240703059613622e+02 2.769872290925404812e+01 7.318991647548034329e+00
5.899765700000000000e+08 1.967244226840653880e+02 2.770033734399129699e+01 7.319636534288791907e+00
5.900969650000000000e+08 1.967228329469213008e+02 2.770105766181372431e+01 7.318049227631250098e+00
5.901520410000000000e+08 1.967291668953602084e+02 2.770227006402855707e+01 7.317651255216240713e+00
