1.455870000000000000e+05 4.806805861649342546e+02
2.174100000000000000e+05 3.441357088875529371e+02
2.885280000000000000e+05 3.027088924440780602e+02
3.553230000000000000e+05 2.510480326077144184e+02
4.269440000000000000e+05 2.331482014528273794e+02
4.998750000000000000e+05 2.067049240739864899e+02
5.705330000000000000e+05 1.925759696013930125e+02
6.447130000000000000e+05 1.818276086628652877e+02
7.178600000000000000e+05 1.703192150311929254e+02
7.866620000000000000e+05 1.599469350126416884e+02
8.568180000000000000e+05 1.537399107304128734e+02
9.261870000000000000e+05 1.474639831465940176e+02
9.998660000000000000e+05 1.421545796969860476e+02
1.072830000000000000e+06 1.367232194386484707e+02
1.142122000000000000e+06 1.337321861197838757e+02
1.214577000000000000e+06 1.318383988381404492e+02
1.283497000000000000e+06 1.274482346119284415e+02
1.357529000000000000e+06 1.243946127085473279e+02
1.429784000000000000e+06 1.211276949077712288e+02
1.500560000000000000e+06 1.173553710313178584e+02
1.570756000000000000e+06 1.147934906305836762e+02
1.638677000000000000e+06 1.124684290908424913e+02
1.710641000000000000e+06 1.091974553223370350e+02
1.781782000000000000e+06 1.060369979992194516e+02
1.852863000000000000e+06 1.052185080001654285e+02
1.923431000000000000e+06 1.030023814570418210e+02
1.995576000000000000e+06 1.003293788359189733e+02
2.065928000000000000e+06 9.907856056960703484e+01
2.136174000000000000e+06 9.773946881955880883e+01
2.208737000000000000e+06 9.635735602438094816e+01
2.278420000000000000e+06 9.458911227129851795e+01
2.343909000000000000e+06 9.332436163375403737e+01
2.414088000000000000e+06 9.148964254310706679e+01
2.483363000000000000e+06 8.965327736300017136e+01
2.549372000000000000e+06 8.875923599490099036e+01
2.621336000000000000e+06 8.767964734510417202e+01
2.689897000000000000e+06 8.697375110080328398e+01
2.763903000000000000e+06 8.546648327222844443e+01
2.835793000000000000e+06 8.343850016847477491e+01
2.907767000000000000e+06 8.256041770918064060e+01
2.977859000000000000e+06 8.132532796812097331e+01
3.047937000000000000e+06 7.980988304246044152e+01
3.117329000000000000e+06 7.895386435099601385e+01
3.186473000000000000e+06 7.900181561550461140e+01
3.257713000000000000e+06 7.857347780703794626e+01
3.328936000000000000e+06 7.840221902846971602e+01
3.397386000000000000e+06 7.742257019012055252e+01
3.467176000000000000e+06 7.686936353079528317e+01
3.538794000000000000e+06 7.641166037345377049e+01
3.607287000000000000e+06 7.607619873439602998e+01
3.676847000000000000e+06 7.540889386795593907e+01
3.748272000000000000e+06 7.487148266512627970e+01
3.815410000000000000e+06 7.434920295574528382e+01
3.890756000000000000e+06 7.430538269114710204e+01
3.963003000000000000e+06 7.323384088976555972e+01
4.034492000000000000e+06 7.214363549656492580e+01
4.108661000000000000e+06 7.046168577351238582e+01
4.179277000000000000e+06 6.985707230902659148e+01
4.250963000000000000e+06 6.930301815713484359e+01
4.319552000000000000e+06 6.864730382797976915e+01
4.389193000000000000e+06 6.813255061737525864e+01
4.461154000000000000e+06 6.723529164062966856e+01
4.533541000000000000e+06 6.697206882198103983e+01
4.599024000000000000e+06 6.627396564966041126e+01
4.667733000000000000e+06 6.589659116940332240e+01
4.740231000000000000e+06 6.579545610717026705e+01
4.807500000000000000e+06 6.521112751208254110e+01
4.874456000000000000e+06 6.499321278313485095e+01
4.944452000000000000e+06 6.509362398448914178e+01
5.021061000000000000e+06 6.454698955667667803e+01
5.092598000000000000e+06 6.431140241786521017e+01
5.161329000000000000e+06 6.363109393629429178e+01
5.234260000000000000e+06 6.318020159614404463e+01
5.304534000000000000e+06 6.233340440104221614e+01
5.378601000000000000e+06 6.191318518725270792e+01
5.451457000000000000e+06 6.151258050427437496e+01
5.521657000000000000e+06 6.170362834317808876e+01
5.594804000000000000e+06 6.103571547999654001e+01
5.667689000000000000e+06 6.062634705519327838e+01
5.736265000000000000e+06 6.022108835876046840e+01
5.806377000000000000e+06 5.987540057648911329e+01
5.878790000000000000e+06 5.956407974867741473e+01
5.951252000000000000e+06 5.925320187130648719e+01
6.021183000000000000e+06 5.869242145733994676e+01
6.093455000000000000e+06 5.837819769260438818e+01
6.163708000000000000e+06 5.779090100473762703e+01
6.232532000000000000e+06 5.712864784607393176e+01
6.303674000000000000e+06 5.672309485147417263e+01
6.374714000000000000e+06 5.627355847907220721e+01
6.445377000000000000e+06 5.634077412434291432e+01
6.522624000000000000e+06 5.588889585124010040e+01
6.596953000000000000e+06 5.585695461199520651e+01
6.668926000000000000e+06 5.543264692056075660e+01
6.741344000000000000e+06 5.516821321333801365e+01
6.812395000000000000e+06 5.462845405262034859e+01
6.882206000000000000e+06 5.411189615884291726e+01
6.954904000000000000e+06 5.382560377831475051e+01
7.020200000000000000e+06 5.379684780783085074e+01
7.094992000000000000e+06 5.331096032731779388e+01
7.167804000000000000e+06 5.272195163825218600e+01
7.240147000000000000e+06 5.231833313570976429e+01
7.308263000000000000e+06 5.167287734181631009e+01
7.375978000000000000e+06 5.110446984252880753e+01
7.451964000000000000e+06 5.076410676542915468e+01
7.518819000000000000e+06 5.052178415619020768e+01
7.589502000000000000e+06 5.031176063345240124e+01
7.661891000000000000e+06 5.009774366733217477e+01
7.733530000000000000e+06 4.985518728760257545e+01
7.801762000000000000e+06 4.974874678014058560e+01
7.872008000000000000e+06 4.938082932977054895e+01
7.944755000000000000e+06 4.938001139749923141e+01
8.014843000000000000e+06 4.920156265155220154e+01
8.086349000000000000e+06 4.901250588306355382e+01
8.154927000000000000e+06 4.844002925448895525e+01
8.226401000000000000e+06 4.821134165884114253e+01
8.299498000000000000e+06 4.800607793350706487e+01
8.368469000000000000e+06 4.750582028937304102e+01
8.440934000000000000e+06 4.746013768795270948e+01
8.512114000000000000e+06 4.738665747590972188e+01
8.585896000000000000e+06 4.709415756864625280e+01
8.656833000000000000e+06 4.707361485885674313e+01
8.729599000000000000e+06 4.717450224066848108e+01
8.805345000000000000e+06 4.685259488734949684e+01
8.874856000000000000e+06 4.679348063289045712e+01
8.940993000000000000e+06 4.658684178883368077e+01
9.015715000000000000e+06 4.652106846686697850e+01
9.084611000000000000e+06 4.636579849056824543e+01
9.155252000000000000e+06 4.642116499498091997e+01
9.230520000000000000e+06 4.625678443956524433e+01
9.300478000000000000e+06 4.561285460538924497e+01
9.370386000000000000e+06 4.505785840988448854e+01
9.440386000000000000e+06 4.475737506367864427e+01
9.509639000000000000e+06 4.492385485055648786e+01
9.581520000000000000e+06 4.461640040927808570e+01
9.653409000000000000e+06 4.469980520206267016e+01
9.725066000000000000e+06 4.427682946769142802e+01
9.794968000000000000e+06 4.411462508604171262e+01
9.865105000000000000e+06 4.398802851502524192e+01
9.932683000000000000e+06 4.360308850400982550e+01
9.998906000000000000e+06 4.342933715571916764e+01
1.007076300000000000e+07 4.332093133729318879e+01
1.014008400000000000e+07 4.301936523413009184e+01
1.020975100000000000e+07 4.273583611262841941e+01
1.028301600000000000e+07 4.245437230897343284e+01
1.035420500000000000e+07 4.235575701081282318e+01
1.042744500000000000e+07 4.219613752699356723e+01
1.049684700000000000e+07 4.182285227621667900e+01
1.056917000000000000e+07 4.181902716103579820e+01
1.064511100000000000e+07 4.167344237758764791e+01
1.071571600000000000e+07 4.157935732100828830e+01
1.078528700000000000e+07 4.131884608039810303e+01
1.085916400000000000e+07 4.110470623105270960e+01
1.092628800000000000e+07 4.108036239287768154e+01
1.099442200000000000e+07 4.089211960216053399e+01
1.106518400000000000e+07 4.067419032650118282e+01
1.113855400000000000e+07 4.047025203481828015e+01
1.120921200000000000e+07 4.029523191018515860e+01
1.127738000000000000e+07 4.035117715641049330e+01
1.134922200000000000e+07 4.029138778745889482e+01
1.142014600000000000e+07 3.996796187836427094e+01
1.148978200000000000e+07 4.000565862031333353e+01
1.156119200000000000e+07 3.989800651512885565e+01
1.162970000000000000e+07 3.981250608466584850e+01
1.170585300000000000e+07 3.977600513772880220e+01
1.177661300000000000e+07 3.959328653011639432e+01
1.184913800000000000e+07 3.927082996841484430e+01
1.191983700000000000e+07 3.926413535295269952e+01
1.199201500000000000e+07 3.935027263820153820e+01
1.206142500000000000e+07 3.928131772278040756e+01
1.213287700000000000e+07 3.913625099952807318e+01
1.220548400000000000e+07 3.916208680391715546e+01
1.227646000000000000e+07 3.908348379657685712e+01
1.234675200000000000e+07 3.899413465540698809e+01
1.241790700000000000e+07 3.922224294042264603e+01
1.248764900000000000e+07 3.879298104869207009e+01
1.255904800000000000e+07 3.886898305508822915e+01
1.263056800000000000e+07 3.887426006454874994e+01
1.270243900000000000e+07 3.871324181118127683e+01
1.277040400000000000e+07 3.868970336630626861e+01
1.284510400000000000e+07 3.839879274022131028e+01
1.291596900000000000e+07 3.828835997560414484e+01
1.298808400000000000e+07 3.806526941685991972e+01
1.306040900000000000e+07 3.815328507775652866e+01
1.313120400000000000e+07 3.829755676222953298e+01
1.320480900000000000e+07 3.848835948685504604e+01
1.327627800000000000e+07 3.864819233800028542e+01
1.334635400000000000e+07 3.851182362507604040e+01
1.341467700000000000e+07 3.857314328426445371e+01
1.348147400000000000e+07 3.865285150454848662e+01
1.355537500000000000e+07 3.888264746415895701e+01
1.362825700000000000e+07 3.877046686847654655e+01
1.369619000000000000e+07 3.863842429656235566e+01
1.376631400000000000e+07 3.846155667091758801e+01
1.383745200000000000e+07 3.849127338181110503e+01
1.390722300000000000e+07 3.826656564584018128e+01
1.397906300000000000e+07 3.828629567925928256e+01
1.405026400000000000e+07 3.837299486912909430e+01
1.412236500000000000e+07 3.819879047723149057e+01
1.419492300000000000e+07 3.809132000783197469e+01
1.426525400000000000e+07 3.802719889829005240e+01
1.433354600000000000e+07 3.814386631768401514e+01
1.440186900000000000e+07 3.807827244047874160e+01
1.447174800000000000e+07 3.800242821517305458e+01
1.454470300000000000e+07 3.777748657465498638e+01
1.461466600000000000e+07 3.774699335335365191e+01
1.468735400000000000e+07 3.774890116036735321e+01
1.475834000000000000e+07 3.744374852641907836e+01
1.483182700000000000e+07 3.776361786682942068e+01
1.490419800000000000e+07 3.774665504142175365e+01
1.497319600000000000e+07 3.747811757864145221e+01
1.504621200000000000e+07 3.734282255098929681e+01
1.511230500000000000e+07 3.717135901243908336e+01
1.518490000000000000e+07 3.706550037651322071e+01
1.525444700000000000e+07 3.714433028547365012e+01
1.532822100000000000e+07 3.713667740409588447e+01
1.539731100000000000e+07 3.708589959617226128e+01
1.546825200000000000e+07 3.692898877431107252e+01
1.554036800000000000e+07 3.668501988708168682e+01
1.561155600000000000e+07 3.675188997384247358e+01
1.568205600000000000e+07 3.688010870111232720e+01
1.575336500000000000e+07 3.681256388323782858e+01
1.582620900000000000e+07 3.688796164823979495e+01
1.589704000000000000e+07 3.693233160191485354e+01
1.596654800000000000e+07 3.663936710292282584e+01
1.604243600000000000e+07 3.632722958260843171e+01
1.611289200000000000e+07 3.624070679458032629e+01
1.618566500000000000e+07 3.663400826766194740e+01
1.625625000000000000e+07 3.658559100701554456e+01
1.632250000000000000e+07 3.642764821949547382e+01
1.638965300000000000e+07 3.662485962886787405e+01
1.646095700000000000e+07 3.625032985671203534e+01
1.653203600000000000e+07 3.631875776648217169e+01
1.660394700000000000e+07 3.618862888990451410e+01
1.667432800000000000e+07 3.630714040272468424e+01
1.674513000000000000e+07 3.633608359150220224e+01
1.681784800000000000e+07 3.653698103454410528e+01
1.688887300000000000e+07 3.647499089360451308e+01
1.695720700000000000e+07 3.628329153480751756e+01
1.703034800000000000e+07 3.620474698832997973e+01
1.710167000000000000e+07 3.612051631678270525e+01
1.717599100000000000e+07 3.583161119017614027e+01
1.724840300000000000e+07 3.585356797191244738e+01
1.732010000000000000e+07 3.597566649864090493e+01
1.739108500000000000e+07 3.576668158152254051e+01
1.746019200000000000e+07 3.575652600030970518e+01
1.753684100000000000e+07 3.548414625465867545e+01
1.760695700000000000e+07 3.538151153665434379e+01
1.767935300000000000e+07 3.537102912771063501e+01
1.774776700000000000e+07 3.529314591779804999e+01
1.781972100000000000e+07 3.541107386688538838e+01
1.789153000000000000e+07 3.516247443145554286e+01
1.796220200000000000e+07 3.491236981333084088e+01
1.803329000000000000e+07 3.483579890951784819e+01
1.810521800000000000e+07 3.488421562295230416e+01
1.817593100000000000e+07 3.463515867942239623e+01
1.824515700000000000e+07 3.434479262225961094e+01
1.831718500000000000e+07 3.417842891140895034e+01
1.838601800000000000e+07 3.405485563766843882e+01
1.845455600000000000e+07 3.383250732325233656e+01
1.852578300000000000e+07 3.397786620538602875e+01
1.859718500000000000e+07 3.380216235504558142e+01
1.866888700000000000e+07 3.362942480837334358e+01
1.873998000000000000e+07 3.358067822117818224e+01
1.880756400000000000e+07 3.348479447118499763e+01
1.887987500000000000e+07 3.314656770414325848e+01
1.895285600000000000e+07 3.291153363102716867e+01
1.902529300000000000e+07 3.312616517085402279e+01
1.909623500000000000e+07 3.303598818316091723e+01
1.916712800000000000e+07 3.294378941994942522e+01
1.923476800000000000e+07 3.281952696772174960e+01
1.930198600000000000e+07 3.261115419154591422e+01
1.937383900000000000e+07 3.276571344803713259e+01
1.944548700000000000e+07 3.267700039944561752e+01
1.951820000000000000e+07 3.284231073967034575e+01
1.958721100000000000e+07 3.275985209698406209e+01
1.965608600000000000e+07 3.267997338686204500e+01
1.972762300000000000e+07 3.260723864548272388e+01
1.980067500000000000e+07 3.292301695592681199e+01
1.987104200000000000e+07 3.280632103339928562e+01
1.994640100000000000e+07 3.290796078781535527e+01
2.001935500000000000e+07 3.298495109197367725e+01
2.008940500000000000e+07 3.294340209624482441e+01
2.016135700000000000e+07 3.279016394067496520e+01
2.023508800000000000e+07 3.278793728617029757e+01
2.030686200000000000e+07 3.277911957226164930e+01
2.037845600000000000e+07 3.278733739026000649e+01
2.044760700000000000e+07 3.261239320825197296e+01
2.051681900000000000e+07 3.243409508025736443e+01
2.059063700000000000e+07 3.214571315125710527e+01
2.066037400000000000e+07 3.195866009622556092e+01
2.073108600000000000e+07 3.189886051677448364e+01
2.080010400000000000e+07 3.182032040919810356e+01
2.087258500000000000e+07 3.157293965027180960e+01
2.094093900000000000e+07 3.133927457632553271e+01
2.101192800000000000e+07 3.111139414889496990e+01
2.108194000000000000e+07 3.094026805155668569e+01
2.115707900000000000e+07 3.080607073182191513e+01
2.123009100000000000e+07 3.077351194059334460e+01
2.129895300000000000e+07 3.078057447736410879e+01
2.137129300000000000e+07 3.092226977319810644e+01
2.144374200000000000e+07 3.060416018459288523e+01
2.151602200000000000e+07 3.066164579640388865e+01
2.158445100000000000e+07 3.072116207694023160e+01
2.165787100000000000e+07 3.068600385630464089e+01
2.172704200000000000e+07 3.047448699592059285e+01
2.179571400000000000e+07 3.060806091054082501e+01
2.186520700000000000e+07 3.051086881530748940e+01
2.193769800000000000e+07 3.034685954009241371e+01
2.200506700000000000e+07 3.025118045982955550e+01
2.208011700000000000e+07 3.030277912113303174e+01
2.215241200000000000e+07 3.018708872900383255e+01
2.222599400000000000e+07 3.021185057757210757e+01
2.229633700000000000e+07 3.025568619409258986e+01
2.236381500000000000e+07 3.033065945090103099e+01
2.243522100000000000e+07 3.022263940961427053e+01
2.250578500000000000e+07 3.011721609342549399e+01
2.257638900000000000e+07 3.011244426843553867e+01
2.264860700000000000e+07 3.015442945555408016e+01
2.271918900000000000e+07 3.008655928492924403e+01
2.279005000000000000e+07 2.998795798736742313e+01
2.286009400000000000e+07 2.990592399255594813e+01
2.293361500000000000e+07 2.986840938073923724e+01
2.300667700000000000e+07 2.977790163720134586e+01
2.307498600000000000e+07 2.972049274607574887e+01
2.314694300000000000e+07 2.977217435333004047e+01
2.321842500000000000e+07 2.968528499319562641e+01
2.328734500000000000e+07 2.962209863189056236e+01
2.336274400000000000e+07 2.962639440918393774e+01
2.343227400000000000e+07 2.959193511791041686e+01
2.350089700000000000e+07 2.952000843556839271e+01
2.357476700000000000e+07 2.951535655984251605e+01
2.364715300000000000e+07 2.948764437057632293e+01
2.371767800000000000e+07 2.928185921601023622e+01
2.379091600000000000e+07 2.914421373008357463e+01
2.386033300000000000e+07 2.910522797427643837e+01
2.392965600000000000e+07 2.907877625279729727e+01
2.399987600000000000e+07 2.905111838892880627e+01
2.406843700000000000e+07 2.903958898719328019e+01
2.414046800000000000e+07 2.891470835622483904e+01
2.421090000000000000e+07 2.898516189438807444e+01
2.428084000000000000e+07 2.895132971045101300e+01
2.435359500000000000e+07 2.879154559644560507e+01
2.442987000000000000e+07 2.885564232168732346e+01
2.450375800000000000e+07 2.898331520638508607e+01
2.457424200000000000e+07 2.891611013576221012e+01
2.464405700000000000e+07 2.870433428840163259e+01
2.471731300000000000e+07 2.865082060936142128e+01
2.478919100000000000e+07 2.860312598507861281e+01
2.486031200000000000e+07 2.871312717767941081e+01
2.493236500000000000e+07 2.863108624536913638e+01
2.500352600000000000e+07 2.858250307293877057e+01
2.507286400000000000e+07 2.845571494567168003e+01
2.514355900000000000e+07 2.828685077930450120e+01
2.521821900000000000e+07 2.816728401782442859e+01
2.528776500000000000e+07 2.796563423365659418e+01
2.535929500000000000e+07 2.787996637559775692e+01
2.543091700000000000e+07 2.795960610946058367e+01
2.550088800000000000e+07 2.793185026370951007e+01
2.556640400000000000e+07 2.785215033970523635e+01
2.563512000000000000e+07 2.776797261248593074e+01
2.570607600000000000e+07 2.775662034479098494e+01
2.577651400000000000e+07 2.768885953798563193e+01
2.584854700000000000e+07 2.762496907644340638e+01
2.591923500000000000e+07 2.752862287145905285e+01
2.599305900000000000e+07 2.758985209893692669e+01
2.606553500000000000e+07 2.749685182427700170e+01
2.613566600000000000e+07 2.746388897987224098e+01
2.620357100000000000e+07 2.741843924298921209e+01
2.627090100000000000e+07 2.740215588794018231e+01
2.634220100000000000e+07 2.741537390755894421e+01
2.641175000000000000e+07 2.733777646383521542e+01
2.648226100000000000e+07 2.727282385075219651e+01
2.655538700000000000e+07 2.723175879062668159e+01
2.662699300000000000e+07 2.724843748224597206e+01
2.669776600000000000e+07 2.721441771330336579e+01
2.676738200000000000e+07 2.722535878905619455e+01
2.684193600000000000e+07 2.728239356318133702e+01
2.691396200000000000e+07 2.730400263277712725e+01
2.698388100000000000e+07 2.728728745315105186e+01
2.705303600000000000e+07 2.734603332973214407e+01
2.712315900000000000e+07 2.733193761840366065e+01
2.719579600000000000e+07 2.732070489722249462e+01
2.726657600000000000e+07 2.730309922769697550e+01
2.733512600000000000e+07 2.726727097767721020e+01
2.740875500000000000e+07 2.715587497253721949e+01
2.747859700000000000e+07 2.718667892989226686e+01
2.755658700000000000e+07 2.709975277011825412e+01
2.762558400000000000e+07 2.710213234816727024e+01
2.769815500000000000e+07 2.706747825836982457e+01
2.776792900000000000e+07 2.711931197546765659e+01
2.783450600000000000e+07 2.703311132846629050e+01
2.790549000000000000e+07 2.704052607679650322e+01
2.797851900000000000e+07 2.704435544099723643e+01
2.805001200000000000e+07 2.695447515068770983e+01
2.812292600000000000e+07 2.707382418934770385e+01
2.819180900000000000e+07 2.695491086437088768e+01
2.826223800000000000e+07 2.699012045343684818e+01
2.832927200000000000e+07 2.704237942019785024e+01
2.839734700000000000e+07 2.704687256620302804e+01
2.846306800000000000e+07 2.693101912688954513e+01
2.853577000000000000e+07 2.688905575709772577e+01
2.861039100000000000e+07 2.680038993501937483e+01
2.868351800000000000e+07 2.673514943773052721e+01
2.875060700000000000e+07 2.676686874188713006e+01
2.882005800000000000e+07 2.675874363190374794e+01
2.889582500000000000e+07 2.665070062704655740e+01
2.896451000000000000e+07 2.672003568674741913e+01
2.903714800000000000e+07 2.681037494112578301e+01
2.911121200000000000e+07 2.674489372561074063e+01
2.918140000000000000e+07 2.665728647226654147e+01
2.925353000000000000e+07 2.660854839470895783e+01
2.932371100000000000e+07 2.653036276216134937e+01
2.939324800000000000e+07 2.639917017884405226e+01
2.946370400000000000e+07 2.633963075775578488e+01
2.953426800000000000e+07 2.631969369437335970e+01
2.960710900000000000e+07 2.631039467159032341e+01
2.967850800000000000e+07 2.637371831299901714e+01
2.974779600000000000e+07 2.635534009966879054e+01
2.981849200000000000e+07 2.632479219444595842e+01
2.989122600000000000e+07 2.634362075050370322e+01
2.996404900000000000e+07 2.645914452552471019e+01
3.003380100000000000e+07 2.644616238147788678e+01
3.010311000000000000e+07 2.641737540303504872e+01
3.017401200000000000e+07 2.643468058905929752e+01
3.024533800000000000e+07 2.645192961651315855e+01
3.031487200000000000e+07 2.632045423177664034e+01
3.038354600000000000e+07 2.632015315845478298e+01
3.045640300000000000e+07 2.632254208481321456e+01
3.052937000000000000e+07 2.622749403959348768e+01
3.059984900000000000e+07 2.616107144219343539e+01
3.067357100000000000e+07 2.611869304625605182e+01
3.073832500000000000e+07 2.613988770011089358e+01
3.080543800000000000e+07 2.600800181755974805e+01
3.087374900000000000e+07 2.602845908234620254e+01
3.094752000000000000e+07 2.599555326689356605e+01
3.101939100000000000e+07 2.612132619225135244e+01
3.109314400000000000e+07 2.603885891491182036e+01
3.116619700000000000e+07 2.614977300265904248e+01
3.124085900000000000e+07 2.600527843656342242e+01
3.131128700000000000e+07 2.597185115565523716e+01
3.138172200000000000e+07 2.590697799778822130e+01
3.145130200000000000e+07 2.583270216516750040e+01
3.152354600000000000e+07 2.577118030262665371e+01
3.159661600000000000e+07 2.570399677277152151e+01
3.166627200000000000e+07 2.560955211072914395e+01
3.173802400000000000e+07 2.559816211412930897e+01
3.180818700000000000e+07 2.548829104798226552e+01
3.187581800000000000e+07 2.547711686186538316e+01
3.194779200000000000e+07 2.542530342474346128e+01
3.201792200000000000e+07 2.543618532973146174e+01
3.208543200000000000e+07 2.540166139748533070e+01
3.215224500000000000e+07 2.543490552440022867e+01
3.222412300000000000e+07 2.547446110522986018e+01
3.229890400000000000e+07 2.540151384941740886e+01
3.237050300000000000e+07 2.544762512860877735e+01
3.244103900000000000e+07 2.543518461482342730e+01
3.251555100000000000e+07 2.525949390904986913e+01
3.258677700000000000e+07 2.526950908581796185e+01
3.265450200000000000e+07 2.524743151384110718e+01
3.272453300000000000e+07 2.519968602284579617e+01
3.279796000000000000e+07 2.519228734541426107e+01
3.287058200000000000e+07 2.520281043133905285e+01
3.294066000000000000e+07 2.524974975924116194e+01
3.301248200000000000e+07 2.520011600686494191e+01
3.308755000000000000e+07 2.516176002755025110e+01
3.315955300000000000e+07 2.501493992867592198e+01
3.323483300000000000e+07 2.507700261739505265e+01
3.330258600000000000e+07 2.505139191505310237e+01
3.337473600000000000e+07 2.497681215753214801e+01
3.344661800000000000e+07 2.491163295166757763e+01
3.351766800000000000e+07 2.495611694749783638e+01
3.358878500000000000e+07 2.490486868582252100e+01
3.365602200000000000e+07 2.490921010925598367e+01
3.372551100000000000e+07 2.487341411516259626e+01
3.379547600000000000e+07 2.485721647335549278e+01
3.386603500000000000e+07 2.480208484505663336e+01
3.393979300000000000e+07 2.470448585812430764e+01
3.400763400000000000e+07 2.470359986435314781e+01
3.407877900000000000e+07 2.460066715690656736e+01
3.415031300000000000e+07 2.453490544072075963e+01
3.422135500000000000e+07 2.450695571851104049e+01
3.429109000000000000e+07 2.445807431495970974e+01
3.436354400000000000e+07 2.437127732013270887e+01
3.443648600000000000e+07 2.435189887245660145e+01
3.451355700000000000e+07 2.433900668892173869e+01
3.458226200000000000e+07 2.443295643676974649e+01
3.465475100000000000e+07 2.436134170033524171e+01
3.472630200000000000e+07 2.436476590381764140e+01
3.479683200000000000e+07 2.427529306140209542e+01
3.486721100000000000e+07 2.439669848482861170e+01
3.493712300000000000e+07 2.439918516976238649e+01
3.500748700000000000e+07 2.439937045319410203e+01
3.508144900000000000e+07 2.430677982844921203e+01
3.514878500000000000e+07 2.431243697196601161e+01
3.521939800000000000e+07 2.424658277535158390e+01
3.529116500000000000e+07 2.416604015934580829e+01
3.536270700000000000e+07 2.408709886919094956e+01
3.543333300000000000e+07 2.401491303980753855e+01
3.550865200000000000e+07 2.396913978765045172e+01
3.557921200000000000e+07 2.401553475841019392e+01
3.565132700000000000e+07 2.403022496169287336e+01
3.572177700000000000e+07 2.413458337346941107e+01
3.579482800000000000e+07 2.403372789398422782e+01
3.586539800000000000e+07 2.409353372634898705e+01
3.593859100000000000e+07 2.409532243045728350e+01
3.601038900000000000e+07 2.403647774037930773e+01
3.607745000000000000e+07 2.401550575417954292e+01
3.615007100000000000e+07 2.406693297987153457e+01
3.621969100000000000e+07 2.395677625082323914e+01
3.629048800000000000e+07 2.398449597135152800e+01
3.636670100000000000e+07 2.395891660594141115e+01
3.643593600000000000e+07 2.402156235270237872e+01
3.650496800000000000e+07 2.402568190526428182e+01
3.657362900000000000e+07 2.399224121162900047e+01
3.664302400000000000e+07 2.404352130273429111e+01
3.671424200000000000e+07 2.411919188691963356e+01
3.678780300000000000e+07 2.412456450445494127e+01
3.685904400000000000e+07 2.406595269565562134e+01
3.692696800000000000e+07 2.411709465912142392e+01
3.699586400000000000e+07 2.417378661293660969e+01
3.706740100000000000e+07 2.421071626553773726e+01
3.713749100000000000e+07 2.414590955349345336e+01
3.720702800000000000e+07 2.418366523794609435e+01
3.727959600000000000e+07 2.408538171687401075e+01
3.735010000000000000e+07 2.405609570581534840e+01
3.741956300000000000e+07 2.407320632484837830e+01
3.749048000000000000e+07 2.417718811598768980e+01
3.755800700000000000e+07 2.410462415280503379e+01
3.762869400000000000e+07 2.399788648235950816e+01
3.770265300000000000e+07 2.400342552672382723e+01
3.776967500000000000e+07 2.409708405816165921e+01
3.784441000000000000e+07 2.405070813075501235e+01
3.791565400000000000e+07 2.399744596974876742e+01
3.798393800000000000e+07 2.404407065960875300e+01
3.805514700000000000e+07 2.398997119113161958e+01
3.812654400000000000e+07 2.394956397221253752e+01
3.819868300000000000e+07 2.399057212749977097e+01
3.827095800000000000e+07 2.394699875813780920e+01
3.834061400000000000e+07 2.400365670407171592e+01
3.840989000000000000e+07 2.392621762168514010e+01
3.848075700000000000e+07 2.386644361706935058e+01
3.855441700000000000e+07 2.392883642229963215e+01
3.862315800000000000e+07 2.393207363242792951e+01
3.869443700000000000e+07 2.384494641315889041e+01
3.876618200000000000e+07 2.377711708081391606e+01
3.883048600000000000e+07 2.369771516664883393e+01
3.890168400000000000e+07 2.363323357307860562e+01
3.897193400000000000e+07 2.364727403123007576e+01
3.904359800000000000e+07 2.361997697356706638e+01
3.911696600000000000e+07 2.373888145539094197e+01
3.919040900000000000e+07 2.368433923805108066e+01
3.926293500000000000e+07 2.368549724700875458e+01
3.933666400000000000e+07 2.366497472341243835e+01
3.940943400000000000e+07 2.360305441903097190e+01
3.947761800000000000e+07 2.368428346777854543e+01
3.954399900000000000e+07 2.359816012268069585e+01
3.960943700000000000e+07 2.360162134969976933e+01
3.967717300000000000e+07 2.363099482733756318e+01
3.974913400000000000e+07 2.351798524299280402e+01
3.982201200000000000e+07 2.348870811736711062e+01
3.989023600000000000e+07 2.343677687997864467e+01
3.995856700000000000e+07 2.343007460490937888e+01
4.003125500000000000e+07 2.346172538344380243e+01
4.009907100000000000e+07 2.347822567569213703e+01
4.016671500000000000e+07 2.353557391680352850e+01
4.024227300000000000e+07 2.350625408572620856e+01
4.031155200000000000e+07 2.347543133320999331e+01
4.038270800000000000e+07 2.339092992620171785e+01
4.045533300000000000e+07 2.331890545192125686e+01
4.052307900000000000e+07 2.334339785917389065e+01
4.059604800000000000e+07 2.332057124057231334e+01
4.066774700000000000e+07 2.328942433623242891e+01
4.074325600000000000e+07 2.324130814288531255e+01
4.081354400000000000e+07 2.323538261396285165e+01
4.088458000000000000e+07 2.321559827594612457e+01
4.095487600000000000e+07 2.306952703302171770e+01
4.103042300000000000e+07 2.302116088717485098e+01
4.110057700000000000e+07 2.297041839756919401e+01
4.117176400000000000e+07 2.299797057307693393e+01
4.123996600000000000e+07 2.292352949731581191e+01
4.131271500000000000e+07 2.297773603219417282e+01
4.138335000000000000e+07 2.296762898181708934e+01
4.145760400000000000e+07 2.288961859231545759e+01
4.152985600000000000e+07 2.277905878607712964e+01
4.160035900000000000e+07 2.268458111135753441e+01
4.166950200000000000e+07 2.266817571211406701e+01
4.174531500000000000e+07 2.266575499794656068e+01
4.181451200000000000e+07 2.261983864255168086e+01
4.188654800000000000e+07 2.254841290311525981e+01
4.195568600000000000e+07 2.251840286073408137e+01
4.202660800000000000e+07 2.246363055460680513e+01
4.209851600000000000e+07 2.246031033510114483e+01
4.217093900000000000e+07 2.240586209562304632e+01
4.224253900000000000e+07 2.237412212906085784e+01
4.231205200000000000e+07 2.231873097413381757e+01
4.238278300000000000e+07 2.230239361430514577e+01
4.246006400000000000e+07 2.230821399641094516e+01
4.253228900000000000e+07 2.228558822078490920e+01
4.260783800000000000e+07 2.227939651458613213e+01
4.268148300000000000e+07 2.230981958499946671e+01
4.275522700000000000e+07 2.239736957175900756e+01
4.282917100000000000e+07 2.241074390887162338e+01
4.289957000000000000e+07 2.234795310606936170e+01
4.296992700000000000e+07 2.233835669688480152e+01
4.303957300000000000e+07 2.226780309145502912e+01
4.310413700000000000e+07 2.223080262255870920e+01
4.317136800000000000e+07 2.223760043139226283e+01
4.323978200000000000e+07 2.221547181454020503e+01
4.330851400000000000e+07 2.217244005721266831e+01
4.337708800000000000e+07 2.211351295221134450e+01
4.345063000000000000e+07 2.206829205141267991e+01
4.352017700000000000e+07 2.212865765034948495e+01
4.359069400000000000e+07 2.208993525810927139e+01
4.366788200000000000e+07 2.204942735501087014e+01
4.373847800000000000e+07 2.197128996544986279e+01
4.380807900000000000e+07 2.198811326248682718e+01
4.387777600000000000e+07 2.194516678127025600e+01
4.394843600000000000e+07 2.189413149531266001e+01
4.402290200000000000e+07 2.187619872837398205e+01
4.409219400000000000e+07 2.188715948260447774e+01
4.416584100000000000e+07 2.189904542667968457e+01
4.423391900000000000e+07 2.190460982311331151e+01
4.430314400000000000e+07 2.189265176159715764e+01
4.437471000000000000e+07 2.188220097881395887e+01
4.444783300000000000e+07 2.191645393613716308e+01
4.451825100000000000e+07 2.190973558449928404e+01
4.458952100000000000e+07 2.175783866024040591e+01
4.465784400000000000e+07 2.176376481073413061e+01
4.473092000000000000e+07 2.174332073031984081e+01
4.480697000000000000e+07 2.171460460227600819e+01
4.487711600000000000e+07 2.170939199938165487e+01
4.494712400000000000e+07 2.173674916188982209e+01
4.502051600000000000e+07 2.167124022239016767e+01
4.509275200000000000e+07 2.166976166276312199e+01
4.516311000000000000e+07 2.171148409806827217e+01
4.523441600000000000e+07 2.162191027948512101e+01
4.530465000000000000e+07 2.160548617943347338e+01
4.537388200000000000e+07 2.154302317136871636e+01
4.544324800000000000e+07 2.146226579325795569e+01
4.551435200000000000e+07 2.148531293647195284e+01
4.558600100000000000e+07 2.144137909253867491e+01
4.565507100000000000e+07 2.143748208421347101e+01
4.572651700000000000e+07 2.146512465708779871e+01
4.579748500000000000e+07 2.149332698683951648e+01
4.586711900000000000e+07 2.148988949354485456e+01
4.594046000000000000e+07 2.147325665986598864e+01
4.601151000000000000e+07 2.149401653254818001e+01
4.608420900000000000e+07 2.150137549045749452e+01
4.615430100000000000e+07 2.145135618585919701e+01
4.622902000000000000e+07 2.138289234019060459e+01
4.630460500000000000e+07 2.146970298901342389e+01
4.637286900000000000e+07 2.143997270195733051e+01
4.644235600000000000e+07 2.137413441992390162e+01
4.651113400000000000e+07 2.135455993835484634e+01
4.658047800000000000e+07 2.133060996470105053e+01
4.665417000000000000e+07 2.134635339296979240e+01
4.672720200000000000e+07 2.138038633838647584e+01
4.679877700000000000e+07 2.133385656466417402e+01
4.686963300000000000e+07 2.135141003485731659e+01
4.694139800000000000e+07 2.138861631496464000e+01
4.701067500000000000e+07 2.135778051056749050e+01
4.708014600000000000e+07 2.134278980342615029e+01
4.714878400000000000e+07 2.135223803191654923e+01
4.722173900000000000e+07 2.133555027497343559e+01
4.729128400000000000e+07 2.129084652318131177e+01
4.736158500000000000e+07 2.127384600229469669e+01
4.743443500000000000e+07 2.124519849655160186e+01
4.750477600000000000e+07 2.126826209860546157e+01
4.757612500000000000e+07 2.129172725009243194e+01
4.764547800000000000e+07 2.128396232764698937e+01
4.771979700000000000e+07 2.130601859447171620e+01
4.778735300000000000e+07 2.129307874830780278e+01
4.785965600000000000e+07 2.134000275424970994e+01
4.793196300000000000e+07 2.135853706989077594e+01
4.800266300000000000e+07 2.129690897657148341e+01
4.807550500000000000e+07 2.129694307872649262e+01
4.815037900000000000e+07 2.133329938126262348e+01
4.822249100000000000e+07 2.134415948009725383e+01
4.829496400000000000e+07 2.135472642474641347e+01
4.836502400000000000e+07 2.136290111355906873e+01
4.843385100000000000e+07 2.136905234191392466e+01
4.850197200000000000e+07 2.135309385802084137e+01
4.857526200000000000e+07 2.130250219688975477e+01
4.864670200000000000e+07 2.127582906958728159e+01
4.872082000000000000e+07 2.127511896234578614e+01
4.879181300000000000e+07 2.126836233514893593e+01
4.886077400000000000e+07 2.132034374452496550e+01
4.893222500000000000e+07 2.124775845434194466e+01
4.900426400000000000e+07 2.118320772510685757e+01
4.907453500000000000e+07 2.119912223728345424e+01
4.914417400000000000e+07 2.116590851935056605e+01
4.921351900000000000e+07 2.110980800619506681e+01
4.928493200000000000e+07 2.105744237486057102e+01
4.935488600000000000e+07 2.104206932152201404e+01
4.942448400000000000e+07 2.099986861952252681e+01
4.949926000000000000e+07 2.099815951017166071e+01
4.956967900000000000e+07 2.100996859773779946e+01
4.964192600000000000e+07 2.096252413109328216e+01
4.971275600000000000e+07 2.099053560089228299e+01
4.978449200000000000e+07 2.095335787188941978e+01
4.985247200000000000e+07 2.095019116777246992e+01
4.992051000000000000e+07 2.089278202594647027e+01
4.998982000000000000e+07 2.084073139213719017e+01
5.005906200000000000e+07 2.089646548193126208e+01
5.013300900000000000e+07 2.088155259755761151e+01
5.020505600000000000e+07 2.088373664494722703e+01
5.027878300000000000e+07 2.095173722887242107e+01
5.035244500000000000e+07 2.097728759464872894e+01
5.042157600000000000e+07 2.093819075962375820e+01
5.049158100000000000e+07 2.086092240575135293e+01
5.056475400000000000e+07 2.084312637275174751e+01
5.063569100000000000e+07 2.081973963588017185e+01
5.070398000000000000e+07 2.073220289630274493e+01
5.077575900000000000e+07 2.070484674727610752e+01
5.084531400000000000e+07 2.070005234724614240e+01
5.091613500000000000e+07 2.064018743491939389e+01
5.098930500000000000e+07 2.055096455956935841e+01
5.105928000000000000e+07 2.055148395895268365e+01
5.113096000000000000e+07 2.052072394492048701e+01
5.120251300000000000e+07 2.046483035480763135e+01
5.127454000000000000e+07 2.040861887072285086e+01
5.134523200000000000e+07 2.036603632363202365e+01
5.141984200000000000e+07 2.034458666218976930e+01
5.149276300000000000e+07 2.033117640389826875e+01
5.156269400000000000e+07 2.039177991067166928e+01
5.163412300000000000e+07 2.035757839921161150e+01
5.170810700000000000e+07 2.036592040187083441e+01
5.177939900000000000e+07 2.027055729931571904e+01
5.185472500000000000e+07 2.024444330608402964e+01
5.192269900000000000e+07 2.021897433420835100e+01
5.199307900000000000e+07 2.018290177906290950e+01
5.206419500000000000e+07 2.022655979273915960e+01
5.213184600000000000e+07 2.018834904047799128e+01
5.220331900000000000e+07 2.016426304823892579e+01
5.227259000000000000e+07 2.013428911377118879e+01
5.234431900000000000e+07 2.009543538670490292e+01
5.241879800000000000e+07 2.011518608103929395e+01
5.249072000000000000e+07 2.010714704646860795e+01
5.256030700000000000e+07 2.011106988180425148e+01
5.263117000000000000e+07 2.016225298325244708e+01
5.270234200000000000e+07 2.012297538563160515e+01
5.277292800000000000e+07 2.012723443882078200e+01
5.284598200000000000e+07 2.011255804464533270e+01
5.291622000000000000e+07 2.009082338860693540e+01
5.299308300000000000e+07 2.005424732951432176e+01
5.306370000000000000e+07 2.005708078079323897e+01
5.313093900000000000e+07 2.004320379565158561e+01
5.320318200000000000e+07 2.002917323356464152e+01
5.327733700000000000e+07 2.000796564227079344e+01
5.335182300000000000e+07 2.002494581422815756e+01
5.342301000000000000e+07 1.998593904387463027e+01
5.349249700000000000e+07 1.995468490250032190e+01
5.356132900000000000e+07 1.995803365658382944e+01
5.362890100000000000e+07 1.990240294725554548e+01
5.369539000000000000e+07 1.991584408170036724e+01
5.376491800000000000e+07 1.985759675673059377e+01
5.383735600000000000e+07 1.984907775716064293e+01
5.390642300000000000e+07 1.982188139129699067e+01
5.397868800000000000e+07 1.982583398082505610e+01
5.404848100000000000e+07 1.980201289165817258e+01
5.412480200000000000e+07 1.979400597588416488e+01
5.419021600000000000e+07 1.983606539281177206e+01
5.426047300000000000e+07 1.985562300505541700e+01
5.432775900000000000e+07 1.979716852816507355e+01
5.439826700000000000e+07 1.979068326956181778e+01
5.446870200000000000e+07 1.973038182060127710e+01
5.453904000000000000e+07 1.971841907146558270e+01
5.460995600000000000e+07 1.969266598932001955e+01
5.467386400000000000e+07 1.965840773233489003e+01
5.474507000000000000e+07 1.965382756338754788e+01
5.481978100000000000e+07 1.960487160987483080e+01
5.489154300000000000e+07 1.960226114049958923e+01
5.496416800000000000e+07 1.961945902194413449e+01
5.503240000000000000e+07 1.961764107451270078e+01
5.510427400000000000e+07 1.961666560685510063e+01
5.517440800000000000e+07 1.962414087829092679e+01
5.524611600000000000e+07 1.961122561178534696e+01
5.531740500000000000e+07 1.957158886996904812e+01
5.538638900000000000e+07 1.956403487980663414e+01
5.545404200000000000e+07 1.946659280406202441e+01
5.552563400000000000e+07 1.943145509824124773e+01
5.559844400000000000e+07 1.936880003125958893e+01
5.567066700000000000e+07 1.937408374849383819e+01
5.573755500000000000e+07 1.938839173481587608e+01
5.581131500000000000e+07 1.936302622975915000e+01
5.588178200000000000e+07 1.934680842896961295e+01
5.595183000000000000e+07 1.926273782127927703e+01
5.602574100000000000e+07 1.931205876254752241e+01
5.609265700000000000e+07 1.926626975567878830e+01
5.615885800000000000e+07 1.923768055405835398e+01
5.622976900000000000e+07 1.920611961184968308e+01
5.630314100000000000e+07 1.919667640693529265e+01
5.637722400000000000e+07 1.919120557372587044e+01
5.644561600000000000e+07 1.917174007432738492e+01
5.652047900000000000e+07 1.917167854584338116e+01
5.659308200000000000e+07 1.914556873996884434e+01
5.666273600000000000e+07 1.910604260461817105e+01
5.673594000000000000e+07 1.909262262576750402e+01
5.680701800000000000e+07 1.909906117012155136e+01
5.687428500000000000e+07 1.904641070489751442e+01
5.694971900000000000e+07 1.901874943036222732e+01
5.701828300000000000e+07 1.899019826496821040e+01
5.709261900000000000e+07 1.895766704584302786e+01
5.716348300000000000e+07 1.891797467883308670e+01
5.723545600000000000e+07 1.893369830584771663e+01
5.730678100000000000e+07 1.891441771364412361e+01
5.737640000000000000e+07 1.893969211935485930e+01
5.744517800000000000e+07 1.893415806839503190e+01
5.752015600000000000e+07 1.889260687295833208e+01
5.759468200000000000e+07 1.887963714892565648e+01
5.766828000000000000e+07 1.884864052158530967e+01
5.774076300000000000e+07 1.888755023122195809e+01
5.781094500000000000e+07 1.883063510473302671e+01
5.788117100000000000e+07 1.888548877448252483e+01
5.795269100000000000e+07 1.887896918314959649e+01
5.802275400000000000e+07 1.890257662252478355e+01
5.809313700000000000e+07 1.888322492329808711e+01
5.816398500000000000e+07 1.889358425031086952e+01
5.823605000000000000e+07 1.896471376580302604e+01
5.830459000000000000e+07 1.896729949758652012e+01
5.837445800000000000e+07 1.897793982784031996e+01
5.844550900000000000e+07 1.895082469933094416e+01
5.851248000000000000e+07 1.894780647619948866e+01
5.858108500000000000e+07 1.894179337044582212e+01
5.865270300000000000e+07 1.892643315412275484e+01
5.872447900000000000e+07 1.895972092867219061e+01
5.879292700000000000e+07 1.893729342940969218e+01
5.886425800000000000e+07 1.893703714353069500e+01
5.893297500000000000e+07 1.894430077343793783e+01
5.900038000000000000e+07 1.892223725511116683e+01
5.907891800000000000e+07 1.891339790271685217e+01
5.914903200000000000e+07 1.884404996285516276e+01
5.921994100000000000e+07 1.884894021188449642e+01
5.928943400000000000e+07 1.882150169308736309e+01
5.936201300000000000e+07 1.882969460841636433e+01
5.943235900000000000e+07 1.878875120316647696e+01
5.950638400000000000e+07 1.875518365838089352e+01
5.957448100000000000e+07 1.878610514509023588e+01
5.964394200000000000e+07 1.878142842549674896e+01
5.971923800000000000e+07 1.876739404931252864e+01
5.979109300000000000e+07 1.876947918432728812e+01
5.986247100000000000e+07 1.877398258606874037e+01
5.993546000000000000e+07 1.875780916924230013e+01
6.000801600000000000e+07 1.876290729310393601e+01
6.007514600000000000e+07 1.869787310457541807e+01
6.014802900000000000e+07 1.870821399901623749e+01
6.021413000000000000e+07 1.870806444133790691e+01
6.028482700000000000e+07 1.866167129422284177e+01
6.035361000000000000e+07 1.863820221007834377e+01
6.042236700000000000e+07 1.863062740168804510e+01
6.048991500000000000e+07 1.863204025767431204e+01
6.056274000000000000e+07 1.861929187560825483e+01
6.063308300000000000e+07 1.862244333463620904e+01
6.070694700000000000e+07 1.860216342212288865e+01
6.077931100000000000e+07 1.860154231162632144e+01
6.085171500000000000e+07 1.858638226027586171e+01
6.092311500000000000e+07 1.857825128464160258e+01
6.099265500000000000e+07 1.855316851134222844e+01
6.106387500000000000e+07 1.854280677942375277e+01
6.113503900000000000e+07 1.863356773522412269e+01
6.120418800000000000e+07 1.869098950180223540e+01
6.127388600000000000e+07 1.869108830690644396e+01
6.134076000000000000e+07 1.871111518265040274e+01
6.140800800000000000e+07 1.867636595956867751e+01
6.148155300000000000e+07 1.862877173062290126e+01
6.154989700000000000e+07 1.866104277256080479e+01
6.162423000000000000e+07 1.868300855972308128e+01
6.169186300000000000e+07 1.869030675491205784e+01
6.176437400000000000e+07 1.868684434524188021e+01
6.183778300000000000e+07 1.870062102627297307e+01
6.190877700000000000e+07 1.861870166364467849e+01
6.197861100000000000e+07 1.857849813491892377e+01
6.204983800000000000e+07 1.863852633727505648e+01
6.212324300000000000e+07 1.861757852137543168e+01
6.219508200000000000e+07 1.866318628994226358e+01
6.226792400000000000e+07 1.861325423016796776e+01
6.233441000000000000e+07 1.858695015672767070e+01
6.240148500000000000e+07 1.854691594684977929e+01
6.247339500000000000e+07 1.853240218602098111e+01
6.254643200000000000e+07 1.857887424592620107e+01
6.261797000000000000e+07 1.859088539192762823e+01
6.269038400000000000e+07 1.855690006569908235e+01
6.276022700000000000e+07 1.846433295766530946e+01
6.282924800000000000e+07 1.851854772269159710e+01
6.289872900000000000e+07 1.852716197256887298e+01
6.297366900000000000e+07 1.851046382120432909e+01
6.304601400000000000e+07 1.854597834950624247e+01
6.311997900000000000e+07 1.849202852737519009e+01
6.319051500000000000e+07 1.849838130158256533e+01
6.326029100000000000e+07 1.845793183031791784e+01
6.333187100000000000e+07 1.840420358464192319e+01
6.340454800000000000e+07 1.837382278665004520e+01
6.347450500000000000e+07 1.835699668737638746e+01
6.354576300000000000e+07 1.839277661058705604e+01
6.361551800000000000e+07 1.838694656978387343e+01
6.368788000000000000e+07 1.841904411981656153e+01
6.375639100000000000e+07 1.838729302451071135e+01
6.382699400000000000e+07 1.831362607536855336e+01
6.389905600000000000e+07 1.833188721483552541e+01
6.396934900000000000e+07 1.836038034512979422e+01
6.404391100000000000e+07 1.836679064440639308e+01
6.410864100000000000e+07 1.836722276813961230e+01
6.418045000000000000e+07 1.832970886596984172e+01
6.425326600000000000e+07 1.828597852021396619e+01
6.432540800000000000e+07 1.820838377686518328e+01
6.439608100000000000e+07 1.821311257982579690e+01
6.446857300000000000e+07 1.824920984513143551e+01
6.453659500000000000e+07 1.824492971650784057e+01
6.460653600000000000e+07 1.823035685368860825e+01
6.467373000000000000e+07 1.815724163228405530e+01
6.474791300000000000e+07 1.815654092170279910e+01
6.481737300000000000e+07 1.812943504994778010e+01
6.488749700000000000e+07 1.814490182391078221e+01
6.495943300000000000e+07 1.815178776015516604e+01
6.503071900000000000e+07 1.813254393851329382e+01
6.510383300000000000e+07 1.804131190153441366e+01
6.517541100000000000e+07 1.802240134256869908e+01
6.524542500000000000e+07 1.797909963993971161e+01
6.531319900000000000e+07 1.799419041122214225e+01
6.538633000000000000e+07 1.794268632669742303e+01
6.545350500000000000e+07 1.791187859344622169e+01
6.552481400000000000e+07 1.788882327880026679e+01
6.559524500000000000e+07 1.788747048548524532e+01
6.566815600000000000e+07 1.793549993958385258e+01
6.573811900000000000e+07 1.795958943783992368e+01
6.581024600000000000e+07 1.791469252693530834e+01
6.588407600000000000e+07 1.789662217438532110e+01
6.595657200000000000e+07 1.786269073834946397e+01
6.602935300000000000e+07 1.785393871965891677e+01
6.610604000000000000e+07 1.782306602194133660e+01
6.617321500000000000e+07 1.781020607300296987e+01
6.624137400000000000e+07 1.783688318270075257e+01
6.631169800000000000e+07 1.782366151085509287e+01
6.638181900000000000e+07 1.782611689008632894e+01
6.645622200000000000e+07 1.779515619948136163e+01
6.653243600000000000e+07 1.780018880931409697e+01
6.660077100000000000e+07 1.788479609664993930e+01
6.667053600000000000e+07 1.784824747863034489e+01
6.673943400000000000e+07 1.783428534871342919e+01
6.681320500000000000e+07 1.787939428038366785e+01
6.688345900000000000e+07 1.787936341693655962e+01
6.695375500000000000e+07 1.791013845667525217e+01
6.702342200000000000e+07 1.788129867971492715e+01
6.709570000000000000e+07 1.783621044280071644e+01
6.716829400000000000e+07 1.781513540850992783e+01
6.724289000000000000e+07 1.781840245718557014e+01
6.731473100000000000e+07 1.783911614156991376e+01
6.738645500000000000e+07 1.781560950099659735e+01
6.746133400000000000e+07 1.779271919819680647e+01
6.753229800000000000e+07 1.779111517375189777e+01
6.760104000000000000e+07 1.779044639075532430e+01
6.766838400000000000e+07 1.776701176053757436e+01
6.773678000000000000e+07 1.776807414237437044e+01
6.780623900000000000e+07 1.778444509816663910e+01
6.787350800000000000e+07 1.780879027264259662e+01
6.794525600000000000e+07 1.782305842098687165e+01
6.801851500000000000e+07 1.777083352587103349e+01
6.808987800000000000e+07 1.781168114329392793e+01
6.815596500000000000e+07 1.781744778490844183e+01
6.822293500000000000e+07 1.776542618056083711e+01
6.829306200000000000e+07 1.777346932059922224e+01
6.836550400000000000e+07 1.780584877096820762e+01
6.843297600000000000e+07 1.782714308312588969e+01
6.850761700000000000e+07 1.779251189570424430e+01
6.857718600000000000e+07 1.784144399617924037e+01
6.864717100000000000e+07 1.785213422969702535e+01
6.871864300000000000e+07 1.783790738228288930e+01
6.879207600000000000e+07 1.780498175705430697e+01
6.886257000000000000e+07 1.779354525168079704e+01
6.893494500000000000e+07 1.776276282405138218e+01
6.900646900000000000e+07 1.776012045045415277e+01
6.907925200000000000e+07 1.773636264117364192e+01
6.915149700000000000e+07 1.778274362868434721e+01
6.921837900000000000e+07 1.781254750548067278e+01
6.928887100000000000e+07 1.782713211482883509e+01
6.935754300000000000e+07 1.782048874854278964e+01
6.942927700000000000e+07 1.777765748597239437e+01
6.949871200000000000e+07 1.778549197527091508e+01
6.956745100000000000e+07 1.774530329531735973e+01
6.963536600000000000e+07 1.770874175760778968e+01
6.970634300000000000e+07 1.772393713528157733e+01
6.977572200000000000e+07 1.772349582893825826e+01
6.984768700000000000e+07 1.773000807271554891e+01
6.992006800000000000e+07 1.772136323000901825e+01
6.998892800000000000e+07 1.771352145244738807e+01
7.006112500000000000e+07 1.767455078162526050e+01
7.013481200000000000e+07 1.762709151105821093e+01
7.020728600000000000e+07 1.763738017672664782e+01
7.027451500000000000e+07 1.764121359735395700e+01
7.034693400000000000e+07 1.756432972303555218e+01
7.041595000000000000e+07 1.750857624369428933e+01
7.048369100000000000e+07 1.748317592426703726e+01
7.055476600000000000e+07 1.749390675618467839e+01
7.062571300000000000e+07 1.749815771769445405e+01
7.070183900000000000e+07 1.749023631950921498e+01
7.077043500000000000e+07 1.750162643217080927e+01
7.084072700000000000e+07 1.744336782635755156e+01
7.090913200000000000e+07 1.744089162622283595e+01
7.098300000000000000e+07 1.741870889837779401e+01
7.105584700000000000e+07 1.739577798429677102e+01
7.112448800000000000e+07 1.736117404006371601e+01
7.119303100000000000e+07 1.735268170910307362e+01
7.126264700000000000e+07 1.738610609193170831e+01
7.133460600000000000e+07 1.737753356655759873e+01
7.141037200000000000e+07 1.734468728520554137e+01
7.148101500000000000e+07 1.735056935643510911e+01
7.155203900000000000e+07 1.736199844081045995e+01
7.162418600000000000e+07 1.742212562642726681e+01
7.169448400000000000e+07 1.744091022200073482e+01
7.176694100000000000e+07 1.748434545861521272e+01
7.183895600000000000e+07 1.745586835849766416e+01
7.191207900000000000e+07 1.743041261251643448e+01
7.198546600000000000e+07 1.740366642125393781e+01
7.205371900000000000e+07 1.743160800689825862e+01
7.212785700000000000e+07 1.740327046545141343e+01
7.219979200000000000e+07 1.740512440060959776e+01
7.226836200000000000e+07 1.741823876542150629e+01
7.233895100000000000e+07 1.743228621703262604e+01
7.240887800000000000e+07 1.743201349208671047e+01
7.247759300000000000e+07 1.738411393219543299e+01
7.255016400000000000e+07 1.741668089660005947e+01
7.262079300000000000e+07 1.744126948922450993e+01
7.269315200000000000e+07 1.745554263051716148e+01
7.276631500000000000e+07 1.749605922233953237e+01
7.283436400000000000e+07 1.747538859982653037e+01
7.290524400000000000e+07 1.746023987864359484e+01
7.297834600000000000e+07 1.747938881980956438e+01
7.304754500000000000e+07 1.743798320824317827e+01
7.312022000000000000e+07 1.743173846360736690e+01
7.319138400000000000e+07 1.742927067456026435e+01
7.326307200000000000e+07 1.737897645151939585e+01
7.332994800000000000e+07 1.736358091260195025e+01
7.340129000000000000e+07 1.734108016863060797e+01
7.346818400000000000e+07 1.731611443675430451e+01
7.354002500000000000e+07 1.732417882804912068e+01
7.361297500000000000e+07 1.737019149809841423e+01
7.368570300000000000e+07 1.733179830548262146e+01
7.375524300000000000e+07 1.735811698807708581e+01
7.382655300000000000e+07 1.731398050849713144e+01
7.389881600000000000e+07 1.726314365008165908e+01
7.397190200000000000e+07 1.727491899330689762e+01
7.404170100000000000e+07 1.727644494599699954e+01
7.410826400000000000e+07 1.726158532076985352e+01
7.418135200000000000e+07 1.722525770584218563e+01
7.425204800000000000e+07 1.721404207483189452e+01
7.432416100000000000e+07 1.722001542801195484e+01
7.439795200000000000e+07 1.718874737503938377e+01
7.446471400000000000e+07 1.716120162928573123e+01
7.453382300000000000e+07 1.721037026275658732e+01
7.460051000000000000e+07 1.724398519149068676e+01
7.467115400000000000e+07 1.723907847714500718e+01
7.473899900000000000e+07 1.721734196560725749e+01
7.481167900000000000e+07 1.721342532935273084e+01
7.488230100000000000e+07 1.716828189879768729e+01
7.495091600000000000e+07 1.713420012241800450e+01
7.502330100000000000e+07 1.710474344358199161e+01
7.509647000000000000e+07 1.704290382898100731e+01
7.516600900000000000e+07 1.705167486467959037e+01
7.523586200000000000e+07 1.704270312110660157e+01
7.530365900000000000e+07 1.704028792693452132e+01
7.537727600000000000e+07 1.704857074821480012e+01
7.544926400000000000e+07 1.703304413954376173e+01
7.551805100000000000e+07 1.700087212218694077e+01
7.558460900000000000e+07 1.694752066707082250e+01
7.565422600000000000e+07 1.695688869743658600e+01
7.573077700000000000e+07 1.691902491939582376e+01
7.580318400000000000e+07 1.693200118136527976e+01
7.587529900000000000e+07 1.690084235630144960e+01
7.594747200000000000e+07 1.692002328842229986e+01
7.601349300000000000e+07 1.688685289603650830e+01
7.608747900000000000e+07 1.688752663864354986e+01
7.615793000000000000e+07 1.688577192826486240e+01
7.622680300000000000e+07 1.688083849464750230e+01
7.629908600000000000e+07 1.685224079679040798e+01
7.637079400000000000e+07 1.686214451609561848e+01
7.644164800000000000e+07 1.686887674141770788e+01
7.651192400000000000e+07 1.685932468892545444e+01
7.658178400000000000e+07 1.690731209626316911e+01
7.664957900000000000e+07 1.686805447551785520e+01
7.671925800000000000e+07 1.681182913775932519e+01
7.679204700000000000e+07 1.676577528518316740e+01
7.686257300000000000e+07 1.679939126882654321e+01
7.693168300000000000e+07 1.679815969864922209e+01
7.700509600000000000e+07 1.682473404528789018e+01
7.707469000000000000e+07 1.680804855872451853e+01
7.714309800000000000e+07 1.679472260781783888e+01
7.721614600000000000e+07 1.678120590987290939e+01
7.728541100000000000e+07 1.679951604818295507e+01
7.735556300000000000e+07 1.677971049260434810e+01
7.742736000000000000e+07 1.680584781322206567e+01
7.749745400000000000e+07 1.680548543622583324e+01
7.756551800000000000e+07 1.684095888647869188e+01
7.763594600000000000e+07 1.686381463741824405e+01
7.770813300000000000e+07 1.686161813234955886e+01
7.778106300000000000e+07 1.682182752704602535e+01
7.785205200000000000e+07 1.684671969776080402e+01
7.792198600000000000e+07 1.679757544399150859e+01
7.799342000000000000e+07 1.680472114598729405e+01
7.806600400000000000e+07 1.680364366490153216e+01
7.813916900000000000e+07 1.677060609071960329e+01
7.820844200000000000e+07 1.676034194509396613e+01
7.827994100000000000e+07 1.676908428994799749e+01
7.834765900000000000e+07 1.672093663895928728e+01
7.841922400000000000e+07 1.673284868763429145e+01
7.848734600000000000e+07 1.675111026481075527e+01
7.855510300000000000e+07 1.674461725375757837e+01
7.862430200000000000e+07 1.677245101517582526e+01
7.869464000000000000e+07 1.674407615027500995e+01
7.876797400000000000e+07 1.674791146207114778e+01
7.883518500000000000e+07 1.668698556204531869e+01
7.890564200000000000e+07 1.667674940845185461e+01
7.898287100000000000e+07 1.667612519716694308e+01
7.904941200000000000e+07 1.665707719799380016e+01
7.911937300000000000e+07 1.666707256019197914e+01
7.919285200000000000e+07 1.663747562916863387e+01
7.926414300000000000e+07 1.661838403117909024e+01
7.933849300000000000e+07 1.663398602007815796e+01
7.940975200000000000e+07 1.657565798578001193e+01
7.948137400000000000e+07 1.655412710006828192e+01
7.955113300000000000e+07 1.658238075536461764e+01
7.962409000000000000e+07 1.656107975706747837e+01
7.969582300000000000e+07 1.648900934971202048e+01
7.976592500000000000e+07 1.649410958086595258e+01
7.983511000000000000e+07 1.648050905141249345e+01
7.990858200000000000e+07 1.648482002516023570e+01
7.997964900000000000e+07 1.648499345658731130e+01
8.005072400000000000e+07 1.651690625572319249e+01
8.012366100000000000e+07 1.647906338657632830e+01
8.019330600000000000e+07 1.647112023735792974e+01
8.026728000000000000e+07 1.650488272767058362e+01
8.033602700000000000e+07 1.651418227033174091e+01
8.040789800000000000e+07 1.649964790687056393e+01
8.048201500000000000e+07 1.651796848242389615e+01
8.055351600000000000e+07 1.648062527736208338e+01
8.062464400000000000e+07 1.650745568685327314e+01
8.069369000000000000e+07 1.651087364540263636e+01
8.076895000000000000e+07 1.644779652284277205e+01
8.084055600000000000e+07 1.642494463512336367e+01
8.091417700000000000e+07 1.637823396029238765e+01
8.098678800000000000e+07 1.639232484974159831e+01
8.105990200000000000e+07 1.641264595341723265e+01
8.113193000000000000e+07 1.638445146148584897e+01
8.120242800000000000e+07 1.638091122944333122e+01
8.127320800000000000e+07 1.635507776161431437e+01
8.134226800000000000e+07 1.635133072192742532e+01
8.141440700000000000e+07 1.634258556288556008e+01
8.148533500000000000e+07 1.633601137207934428e+01
8.155466200000000000e+07 1.632390041419088433e+01
8.162513100000000000e+07 1.636252116272602564e+01
8.169394100000000000e+07 1.638353597658088390e+01
8.176762000000000000e+07 1.639738098004917433e+01
8.183762100000000000e+07 1.641804881227979251e+01
8.191240800000000000e+07 1.637333913428320997e+01
8.198201300000000000e+07 1.639191319539359171e+01
8.205258900000000000e+07 1.638792031275322003e+01
8.212251800000000000e+07 1.642017295403561050e+01
8.219688300000000000e+07 1.642448495697745159e+01
8.227221900000000000e+07 1.638385088390895206e+01
8.234418700000000000e+07 1.636073308240204938e+01
8.241408600000000000e+07 1.631327365462433576e+01
8.248680400000000000e+07 1.630671296050207175e+01
8.255473800000000000e+07 1.630212442595393085e+01
8.262915300000000000e+07 1.629727940372760031e+01
8.270264000000000000e+07 1.631321906747083617e+01
8.277461200000000000e+07 1.630160424567349153e+01
8.284455200000000000e+07 1.631306684634851223e+01
8.291562000000000000e+07 1.628978175726110678e+01
8.298466900000000000e+07 1.625038692000416773e+01
8.305388800000000000e+07 1.622802109947443583e+01
8.312527100000000000e+07 1.625343050927817856e+01
8.319632800000000000e+07 1.623049171154678305e+01
8.326794400000000000e+07 1.619654901341181130e+01
8.334020400000000000e+07 1.621767858108233185e+01
8.341383200000000000e+07 1.624583145538048612e+01
8.348483700000000000e+07 1.620477366442491984e+01
8.355404200000000000e+07 1.617892135561456612e+01
8.362620200000000000e+07 1.618541995905779984e+01
8.369564500000000000e+07 1.614788532941670596e+01
8.376686000000000000e+07 1.612232814724444907e+01
8.383946100000000000e+07 1.613959415314731771e+01
8.391318000000000000e+07 1.611595124072471563e+01
8.398393900000000000e+07 1.611593515845370916e+01
8.405836400000000000e+07 1.610838063061886416e+01
8.412430100000000000e+07 1.608964481888549614e+01
8.419285100000000000e+07 1.610566945846727904e+01
8.426143700000000000e+07 1.606791903667154031e+01
8.433513200000000000e+07 1.605787368561200523e+01
8.440612200000000000e+07 1.607202150957653330e+01
8.447463800000000000e+07 1.609116100824058293e+01
8.454666600000000000e+07 1.609354586528204578e+01
8.461920500000000000e+07 1.608771623799145445e+01
8.469205300000000000e+07 1.605061410372590558e+01
8.476248800000000000e+07 1.604146355737445262e+01
8.483833400000000000e+07 1.602875168315932797e+01
8.490951000000000000e+07 1.603172823676494829e+01
8.498245800000000000e+07 1.600835348418103621e+01
8.504944500000000000e+07 1.599719906763801625e+01
8.511665100000000000e+07 1.600919893506927139e+01
8.518805400000000000e+07 1.601245932888366141e+01
8.525694100000000000e+07 1.598907781970469877e+01
8.533082900000000000e+07 1.596002073158567214e+01
8.540239700000000000e+07 1.597818050712023741e+01
8.547278900000000000e+07 1.596819586123496748e+01
8.554610400000000000e+07 1.597837082643842699e+01
8.561398200000000000e+07 1.597573765222804631e+01
8.568597800000000000e+07 1.594592062445120106e+01
8.575765800000000000e+07 1.592034245157734595e+01
8.582700900000000000e+07 1.587420752534144697e+01
8.589600200000000000e+07 1.585964911464171045e+01
8.596400100000000000e+07 1.581939413341796552e+01
8.603636000000000000e+07 1.578420697251567084e+01
8.611123700000000000e+07 1.579820829975481722e+01
8.618436100000000000e+07 1.579308265657165578e+01
8.625647000000000000e+07 1.579977864277575428e+01
8.632500400000000000e+07 1.580614804043814203e+01
8.639223200000000000e+07 1.578756182598989888e+01
8.646832800000000000e+07 1.578364604099088275e+01
8.653746100000000000e+07 1.581158278392698691e+01
8.660615700000000000e+07 1.581477336408589274e+01
8.667425200000000000e+07 1.580789355707228694e+01
8.674796300000000000e+07 1.583779477111657563e+01
8.682109200000000000e+07 1.584733718736527663e+01
8.689360700000000000e+07 1.586382180161611544e+01
8.696306700000000000e+07 1.584796869540842756e+01
8.703137100000000000e+07 1.583362894644215224e+01
8.709887600000000000e+07 1.582159371687135163e+01
8.716963000000000000e+07 1.581124813933637974e+01
8.723945700000000000e+07 1.582451428505241076e+01
8.731034100000000000e+07 1.581571805206905523e+01
8.738764200000000000e+07 1.583071702687728077e+01
8.745983500000000000e+07 1.583692255098560864e+01
8.752970100000000000e+07 1.581716251588598965e+01
8.759531400000000000e+07 1.577200965176342251e+01
8.766588100000000000e+07 1.574372393509332291e+01
8.773691400000000000e+07 1.572251650341909723e+01
8.781029300000000000e+07 1.570376359721844217e+01
8.788183800000000000e+07 1.567666113017223495e+01
8.795682500000000000e+07 1.565512203132425384e+01
8.802670900000000000e+07 1.568131180146859904e+01
8.810284900000000000e+07 1.569220941974822026e+01
8.817292400000000000e+07 1.568895438870472070e+01
8.824450400000000000e+07 1.570644219006008768e+01
8.831826300000000000e+07 1.567719121309061769e+01
8.839235200000000000e+07 1.566655826696919718e+01
8.846674700000000000e+07 1.564180124213324774e+01
8.854205700000000000e+07 1.564415701150184113e+01
8.861352100000000000e+07 1.564115561960078615e+01
8.868321400000000000e+07 1.565196949104506885e+01
8.875383300000000000e+07 1.563492723953439878e+01
8.882331700000000000e+07 1.567709343713707426e+01
8.889179400000000000e+07 1.566191275883018719e+01
8.896115100000000000e+07 1.567426948151828903e+01
8.903420200000000000e+07 1.568012586152127952e+01
8.910902100000000000e+07 1.564685122979615173e+01
8.917651100000000000e+07 1.565257478857657247e+01
8.924997500000000000e+07 1.560728868761901111e+01
8.931800200000000000e+07 1.560116739449585843e+01
8.938771900000000000e+07 1.558790236318702682e+01
8.945526200000000000e+07 1.557781347279019002e+01
8.952829700000000000e+07 1.556994127697739749e+01
8.960120600000000000e+07 1.559099370278333296e+01
8.967065000000000000e+07 1.560678931251812784e+01
8.973995800000000000e+07 1.557850068412832911e+01
8.981009700000000000e+07 1.552977678169060205e+01
8.988385600000000000e+07 1.552505921670877775e+01
8.995336400000000000e+07 1.550909432178150560e+01
9.002074100000000000e+07 1.549275811392351976e+01
9.009414500000000000e+07 1.550425078564701487e+01
9.016623800000000000e+07 1.550567913980537682e+01
9.023660200000000000e+07 1.551289701194002646e+01
9.031014200000000000e+07 1.549813954475765954e+01
9.038577600000000000e+07 1.549919157925701896e+01
9.045552400000000000e+07 1.550342633254097180e+01
9.052498300000000000e+07 1.552730411127805077e+01
9.059339800000000000e+07 1.552554258753100491e+01
9.066497700000000000e+07 1.552069074417227057e+01
9.073559500000000000e+07 1.553314505528702583e+01
9.080443400000000000e+07 1.553369165070023783e+01
9.087321800000000000e+07 1.554689666327201891e+01
9.094427700000000000e+07 1.554794134804493133e+01
9.101448400000000000e+07 1.551910806846702329e+01
9.109031200000000000e+07 1.550749339834568907e+01
9.115816300000000000e+07 1.550923921461930099e+01
9.122763900000000000e+07 1.550073069945927706e+01
9.130007800000000000e+07 1.551378820286409344e+01
9.137322700000000000e+07 1.556337074289940148e+01
9.144150400000000000e+07 1.551075066255591572e+01
9.150785700000000000e+07 1.545971257526471732e+01
9.157884500000000000e+07 1.543941652766572759e+01
9.164821900000000000e+07 1.544763869451960936e+01
9.171739400000000000e+07 1.542257805432626583e+01
9.178919000000000000e+07 1.541675978398315472e+01
9.186135900000000000e+07 1.536421384097403120e+01
9.193080200000000000e+07 1.534732712148506906e+01
9.200116400000000000e+07 1.531633992664028376e+01
9.207070700000000000e+07 1.531519158655252077e+01
9.214163700000000000e+07 1.529957697614373302e+01
9.221094100000000000e+07 1.529825678762114016e+01
9.228556100000000000e+07 1.528170002940185590e+01
9.235569800000000000e+07 1.529416552442807387e+01
9.242524200000000000e+07 1.529217591469999249e+01
9.249432000000000000e+07 1.525917140826909701e+01
9.256275000000000000e+07 1.527600905611499549e+01
9.263309500000000000e+07 1.526707801314059409e+01
9.270614500000000000e+07 1.526063915907481494e+01
9.277783300000000000e+07 1.523103952316122189e+01
9.284621300000000000e+07 1.519034318608141199e+01
9.291703800000000000e+07 1.518754474756046058e+01
9.299257200000000000e+07 1.520215713370771304e+01
9.306339500000000000e+07 1.520205010749534935e+01
9.313667000000000000e+07 1.521243294640052390e+01
9.320411900000000000e+07 1.521813650755844272e+01
9.327414100000000000e+07 1.523016324569360158e+01
9.334632000000000000e+07 1.523091327035280251e+01
9.341231300000000000e+07 1.525312107898320413e+01
9.348569000000000000e+07 1.526738996463245179e+01
9.355855600000000000e+07 1.525359754888193820e+01
9.362700400000000000e+07 1.522470083239109861e+01
9.370345400000000000e+07 1.522063670734116769e+01
9.377397100000000000e+07 1.522354102914671969e+01
9.384485200000000000e+07 1.521402860729816986e+01
9.391013300000000000e+07 1.522302162268985981e+01
9.398094100000000000e+07 1.521420442465309897e+01
9.405223400000000000e+07 1.522898204567969849e+01
9.412238700000000000e+07 1.523121987772575814e+01
9.419642300000000000e+07 1.524153516609307779e+01
9.426813700000000000e+07 1.523119979752766184e+01
9.434111500000000000e+07 1.522670420393597546e+01
9.441082100000000000e+07 1.523988417054254008e+01
9.448249200000000000e+07 1.524218549682562340e+01
9.455321300000000000e+07 1.521963010564671137e+01
9.462872900000000000e+07 1.520506141996692762e+01
9.470112600000000000e+07 1.521949907229405774e+01
9.477425000000000000e+07 1.518508382372842824e+01
9.484190500000000000e+07 1.519426274480667161e+01
9.491303000000000000e+07 1.521591801246907494e+01
9.498516900000000000e+07 1.523472712931085660e+01
9.505575800000000000e+07 1.522462649210037888e+01
9.512840800000000000e+07 1.518766228252670025e+01
9.519838100000000000e+07 1.518789989516738004e+01
9.526748800000000000e+07 1.516792722190704268e+01
9.533727500000000000e+07 1.517449646078659953e+01
9.540911700000000000e+07 1.514282870615710408e+01
9.547857300000000000e+07 1.514689504453371782e+01
9.554804400000000000e+07 1.512498413536984465e+01
9.562056500000000000e+07 1.510363295134960104e+01
9.569228200000000000e+07 1.507669307569267225e+01
9.576158000000000000e+07 1.505861683532041972e+01
9.583284000000000000e+07 1.505542742077433083e+01
9.590694100000000000e+07 1.506705875611416801e+01
9.597882400000000000e+07 1.506774160384945027e+01
9.604851600000000000e+07 1.505868668769355345e+01
9.612094600000000000e+07 1.504766926543563521e+01
9.619345800000000000e+07 1.506223888755483387e+01
9.626643100000000000e+07 1.503183007618200584e+01
9.633957000000000000e+07 1.502040694439248902e+01
9.640667100000000000e+07 1.501441571867458791e+01
9.647784500000000000e+07 1.499371729413686793e+01
9.654746900000000000e+07 1.497793994898148640e+01
9.661944800000000000e+07 1.495933172951143675e+01
9.669021200000000000e+07 1.495464224373639084e+01
9.675956300000000000e+07 1.494367513365815014e+01
9.683159200000000000e+07 1.496384991456569757e+01
9.689911800000000000e+07 1.497642437799952830e+01
9.696926200000000000e+07 1.496723055429356641e+01
9.704499500000000000e+07 1.495132809493828852e+01
9.711635400000000000e+07 1.497554779492963561e+01
9.719163100000000000e+07 1.496625112916765765e+01
9.726291200000000000e+07 1.498039545525696070e+01
9.733713300000000000e+07 1.497633854284925370e+01
9.741398300000000000e+07 1.496946450919882032e+01
9.748424300000000000e+07 1.496131934370363048e+01
9.755283800000000000e+07 1.494388557256059258e+01
9.762563600000000000e+07 1.494141603705138444e+01
9.769470600000000000e+07 1.494826403906656687e+01
9.776346900000000000e+07 1.496941729097776808e+01
9.783561200000000000e+07 1.497995141352798854e+01
9.790715500000000000e+07 1.496393032064522899e+01
9.797600600000000000e+07 1.495028727896878351e+01
9.804898300000000000e+07 1.495379035770613108e+01
9.812047400000000000e+07 1.497314227000383724e+01
9.819227500000000000e+07 1.497789134747832662e+01
9.825950000000000000e+07 1.498480295910918336e+01
9.832807000000000000e+07 1.499907665279033964e+01
9.839790200000000000e+07 1.499076977510769026e+01
9.847333200000000000e+07 1.496543226299926310e+01
9.854711300000000000e+07 1.493300380629474233e+01
9.861591200000000000e+07 1.492127387402542027e+01
9.868778800000000000e+07 1.490977483066433784e+01
9.876055000000000000e+07 1.488276383919702184e+01
9.883501200000000000e+07 1.487211080740946301e+01
9.890823200000000000e+07 1.488642542125035639e+01
9.897790100000000000e+07 1.488647813766002059e+01
9.904899200000000000e+07 1.488332087431148132e+01
9.911804000000000000e+07 1.488159713065270218e+01
9.918791000000000000e+07 1.487574510464607869e+01
9.926370600000000000e+07 1.489534236807569201e+01
9.933285500000000000e+07 1.491561533249058336e+01
9.940448200000000000e+07 1.491332999564197515e+01
9.947391700000000000e+07 1.493950653762470715e+01
9.954595900000000000e+07 1.493511516962656671e+01
9.961681800000000000e+07 1.492163042117961957e+01
9.968881200000000000e+07 1.493468259292151679e+01
9.976076600000000000e+07 1.490515839918247032e+01
9.982861400000000000e+07 1.490399010566704519e+01
9.989585700000000000e+07 1.491069482544057756e+01
9.996697900000000000e+07 1.487826683988742715e+01
1.000376610000000000e+08 1.486092697154687414e+01
1.001114230000000000e+08 1.486176293057799747e+01
1.001836240000000000e+08 1.487096243851871868e+01
1.002585790000000000e+08 1.486390940831994456e+01
1.003312170000000000e+08 1.485862016324170298e+01
1.004034150000000000e+08 1.488629659727712173e+01
1.004719750000000000e+08 1.487505417390188178e+01
1.005451670000000000e+08 1.487160086245671842e+01
1.006203630000000000e+08 1.487654816652958623e+01
1.006958410000000000e+08 1.489099794953061462e+01
1.007646480000000000e+08 1.490322965702228686e+01
1.008335310000000000e+08 1.484470684264515583e+01
1.009043910000000000e+08 1.481580029544962329e+01
1.009728310000000000e+08 1.479641142411241184e+01
1.010432540000000000e+08 1.478442329578578551e+01
1.011144730000000000e+08 1.478268995080104276e+01
1.011881570000000000e+08 1.479242633058990464e+01
1.012577800000000000e+08 1.477866485055466050e+01
1.013237450000000000e+08 1.479518154138487596e+01
1.013973990000000000e+08 1.480920529390700580e+01
1.014695920000000000e+08 1.480448617458785598e+01
1.015385770000000000e+08 1.479202198911104382e+01
1.016088410000000000e+08 1.481515702794382960e+01
1.016770210000000000e+08 1.484172047945245509e+01
1.017496530000000000e+08 1.483937799264933588e+01
1.018221160000000000e+08 1.485030322491883403e+01
1.018888210000000000e+08 1.488105814433350993e+01
1.019595070000000000e+08 1.486153219686012505e+01
1.020294960000000000e+08 1.486769484484943860e+01
1.021007640000000000e+08 1.486206783288213273e+01
1.021679210000000000e+08 1.484160622663386775e+01
1.022373970000000000e+08 1.483136687991754776e+01
1.023093600000000000e+08 1.481958048755214996e+01
1.023797780000000000e+08 1.481538008217482805e+01
1.024482900000000000e+08 1.479683368743644145e+01
1.025238950000000000e+08 1.479797444204201184e+01
1.025973430000000000e+08 1.478678052121762043e+01
1.026666630000000000e+08 1.479859687786191813e+01
1.027412950000000000e+08 1.479271343774954595e+01
1.028157300000000000e+08 1.475842987426136688e+01
1.028883000000000000e+08 1.475429942729500787e+01
1.029585660000000000e+08 1.475572356516412320e+01
1.030269220000000000e+08 1.474452700266984273e+01
1.030990020000000000e+08 1.472270519828875024e+01
1.031675620000000000e+08 1.472678495336717397e+01
1.032411890000000000e+08 1.472940261273700990e+01
1.033107650000000000e+08 1.472408956818857639e+01
1.033812050000000000e+08 1.471880057284647236e+01
1.034486960000000000e+08 1.472435383453501068e+01
1.035199850000000000e+08 1.473981489558688018e+01
1.035905050000000000e+08 1.473995820775242827e+01
1.036596680000000000e+08 1.474712806735390913e+01
1.037341230000000000e+08 1.474699342474047903e+01
1.038019450000000000e+08 1.472950378390329718e+01
1.038717070000000000e+08 1.471730023462013826e+01
1.039434060000000000e+08 1.473207863568346276e+01
1.040193360000000000e+08 1.472721363528749272e+01
1.040948490000000000e+08 1.471658912106351025e+01
1.041668830000000000e+08 1.469788563567026429e+01
1.042414880000000000e+08 1.472686643096220926e+01
1.043144120000000000e+08 1.473885325284043724e+01
1.043880720000000000e+08 1.470346571991072082e+01
1.044598040000000000e+08 1.469717973803346212e+01
1.045318050000000000e+08 1.468217260255590162e+01
1.046008460000000000e+08 1.468778417406769776e+01
1.046679490000000000e+08 1.468587315532496440e+01
1.047401870000000000e+08 1.469132743168525757e+01
1.048135790000000000e+08 1.466662459653244710e+01
1.048814090000000000e+08 1.466165516995099338e+01
1.049520940000000000e+08 1.464932309546418132e+01
1.050224800000000000e+08 1.461662558743083373e+01
1.050892690000000000e+08 1.459768599210699236e+01
1.051597750000000000e+08 1.459249899336701084e+01
1.052328260000000000e+08 1.458739372756378039e+01
1.053054920000000000e+08 1.459121272097050515e+01
1.053744770000000000e+08 1.460806124328094668e+01
1.054433460000000000e+08 1.462414101413488687e+01
1.055115330000000000e+08 1.465363866509837720e+01
1.055798800000000000e+08 1.464935196601109446e+01
1.056547510000000000e+08 1.464968695389937992e+01
1.057298510000000000e+08 1.465320730624397427e+01
1.058021500000000000e+08 1.462577173636906380e+01
1.058735580000000000e+08 1.462268000740278673e+01
1.059470490000000000e+08 1.462664962657758849e+01
1.060165040000000000e+08 1.460477077817027514e+01
1.060873510000000000e+08 1.461710437489293568e+01
1.061531380000000000e+08 1.461863499132664401e+01
1.062253550000000000e+08 1.457644399568455107e+01
1.062970060000000000e+08 1.457280265045829815e+01
1.063676920000000000e+08 1.457897131391056966e+01
1.064358710000000000e+08 1.458142827701927757e+01
1.065055120000000000e+08 1.458586443096498897e+01
1.065787930000000000e+08 1.457319871484138041e+01
1.066474670000000000e+08 1.457027900559647016e+01
1.067152960000000000e+08 1.458362276659282486e+01
1.067826870000000000e+08 1.456745522828136963e+01
1.068570160000000000e+08 1.455035177453233786e+01
1.069264880000000000e+08 1.455733635771601797e+01
1.069960880000000000e+08 1.458468303760071549e+01
1.070710760000000000e+08 1.458854891015867850e+01
1.071428980000000000e+08 1.457890577076689809e+01
1.072164590000000000e+08 1.459559544429376210e+01
1.072881560000000000e+08 1.458732399148241221e+01
1.073604660000000000e+08 1.454079213596162390e+01
1.074291430000000000e+08 1.455534878953624656e+01
1.075018340000000000e+08 1.456695654078923141e+01
1.075764130000000000e+08 1.457368209470136300e+01
1.076480620000000000e+08 1.459060540081756230e+01
1.077212880000000000e+08 1.460466940195282604e+01
1.077903900000000000e+08 1.456424238136826155e+01
1.078560100000000000e+08 1.454523801496320878e+01
1.079266280000000000e+08 1.452827515511208389e+01
1.079973690000000000e+08 1.449869652970503431e+01
1.080665330000000000e+08 1.451570457707710560e+01
1.081359190000000000e+08 1.453662445617012722e+01
1.082070570000000000e+08 1.453862287158348821e+01
1.082805650000000000e+08 1.451359186092798126e+01
1.083510200000000000e+08 1.452823342026917963e+01
1.084220030000000000e+08 1.452236637918568185e+01
1.084888710000000000e+08 1.450872693990956819e+01
1.085618690000000000e+08 1.450917380053541805e+01
1.086303100000000000e+08 1.452128254643748839e+01
1.086993240000000000e+08 1.452445718249707696e+01
1.087690270000000000e+08 1.453541802570273056e+01
1.088426640000000000e+08 1.454166351534663093e+01
1.089122800000000000e+08 1.453534891937515638e+01
1.089820750000000000e+08 1.455843749698549594e+01
1.090526990000000000e+08 1.456309633524459812e+01
1.091207180000000000e+08 1.455866454396642951e+01
1.091924640000000000e+08 1.456639961894196311e+01
1.092614580000000000e+08 1.457687709322627789e+01
1.093308530000000000e+08 1.457581210992127296e+01
1.094034070000000000e+08 1.456137290904334591e+01
1.094775300000000000e+08 1.455176552450508076e+01
1.095458560000000000e+08 1.456145584762004930e+01
1.096177270000000000e+08 1.454372682249669957e+01
1.096855090000000000e+08 1.456806427684691840e+01
1.097547490000000000e+08 1.460453910708494973e+01
1.098243990000000000e+08 1.460883791243556828e+01
1.098957470000000000e+08 1.460784682060074502e+01
1.099706000000000000e+08 1.457513768473773297e+01
1.100417300000000000e+08 1.458515041130747747e+01
1.101124710000000000e+08 1.457616993425821761e+01
1.101849110000000000e+08 1.456122497283914541e+01
1.102548010000000000e+08 1.455354110098307174e+01
1.103263700000000000e+08 1.456576974689550852e+01
1.103960820000000000e+08 1.455520159127865476e+01
1.104693250000000000e+08 1.454678056227053418e+01
1.105426030000000000e+08 1.454722071274121831e+01
1.106158970000000000e+08 1.455739730613271909e+01
1.106890960000000000e+08 1.455370362043587917e+01
1.107646380000000000e+08 1.451813675602094023e+01
1.108333270000000000e+08 1.454445761934718995e+01
1.109012470000000000e+08 1.456898950794767345e+01
1.109713880000000000e+08 1.457934996053372778e+01
1.110430530000000000e+08 1.458443584556946071e+01
1.111134680000000000e+08 1.459390471137808021e+01
1.111879520000000000e+08 1.454000552539423019e+01
1.112561000000000000e+08 1.452076331197526571e+01
1.113277720000000000e+08 1.450270390646451268e+01
1.113975320000000000e+08 1.451120017177408705e+01
1.114659360000000000e+08 1.448508087412122158e+01
1.115354030000000000e+08 1.446760652761887478e+01
1.116049140000000000e+08 1.446853527005907125e+01
1.116768320000000000e+08 1.447533086114304446e+01
1.117470360000000000e+08 1.446594511283248430e+01
1.118180690000000000e+08 1.444810650092557758e+01
1.118881700000000000e+08 1.441938059574212794e+01
1.119590440000000000e+08 1.442174801004257212e+01
1.120296090000000000e+08 1.441000310145269836e+01
1.121038710000000000e+08 1.438515910430272626e+01
1.121747360000000000e+08 1.439608637966878923e+01
1.122503320000000000e+08 1.437217445007658156e+01
1.123219600000000000e+08 1.436627523552392027e+01
1.123898570000000000e+08 1.435742380622973258e+01
1.124621830000000000e+08 1.434990709353549576e+01
1.125335060000000000e+08 1.437017586289108628e+01
1.126058370000000000e+08 1.435551940172120133e+01
1.126765600000000000e+08 1.434233254889720577e+01
1.127426260000000000e+08 1.433794754067536736e+01
1.128129880000000000e+08 1.434658690910970336e+01
1.128820130000000000e+08 1.432030677503132310e+01
1.129519690000000000e+08 1.434483896038771000e+01
1.130243260000000000e+08 1.436291641011996845e+01
1.130958500000000000e+08 1.436082504415622907e+01
1.131652330000000000e+08 1.439888489347376854e+01
1.132366840000000000e+08 1.438559143791772676e+01
1.133079090000000000e+08 1.440324812808981392e+01
1.133814390000000000e+08 1.439739073013834592e+01
1.134533080000000000e+08 1.438031129872074843e+01
1.135248690000000000e+08 1.437086128985425049e+01
1.135941670000000000e+08 1.438569858095222997e+01
1.136651290000000000e+08 1.434962467490589866e+01
1.137344030000000000e+08 1.432233542504658885e+01
1.138058170000000000e+08 1.436267183198854980e+01
1.138793830000000000e+08 1.433204998809191544e+01
1.139478510000000000e+08 1.432272860048860430e+01
1.140177000000000000e+08 1.434235372055684010e+01
1.140903800000000000e+08 1.433517633432418670e+01
1.141585560000000000e+08 1.428815759634897553e+01
1.142299740000000000e+08 1.429226590752790216e+01
1.143011580000000000e+08 1.430038196999266198e+01
1.143717490000000000e+08 1.430875193522440725e+01
1.144412310000000000e+08 1.432129402531129969e+01
1.145117430000000000e+08 1.433750328289674414e+01
1.145803400000000000e+08 1.433577746982851941e+01
1.146480730000000000e+08 1.433251209922724811e+01
1.147189830000000000e+08 1.428520555797756231e+01
1.147880840000000000e+08 1.431517507982272797e+01
1.148582520000000000e+08 1.432757072523142661e+01
1.149313270000000000e+08 1.431556338679004980e+01
1.150027110000000000e+08 1.430031576417514749e+01
1.150758760000000000e+08 1.427370289699333661e+01
1.151477040000000000e+08 1.425668153196265209e+01
1.152170930000000000e+08 1.426714069503391968e+01
1.152871960000000000e+08 1.428645331510318783e+01
1.153590700000000000e+08 1.425770137789228542e+01
1.154286170000000000e+08 1.425458638584503746e+01
1.155002810000000000e+08 1.425704571871882109e+01
1.155711180000000000e+08 1.424880082404297710e+01
1.156462820000000000e+08 1.424060308732604518e+01
1.157154340000000000e+08 1.424098882689825984e+01
1.157879260000000000e+08 1.427234584426743247e+01
1.158589100000000000e+08 1.426952503324540444e+01
1.159303250000000000e+08 1.426439051391072255e+01
1.160031220000000000e+08 1.424443575243800097e+01
1.160747440000000000e+08 1.420771040564612697e+01
1.161421840000000000e+08 1.422879042036671038e+01
1.162133050000000000e+08 1.421820845906712627e+01
1.162880770000000000e+08 1.421255647609054762e+01
1.163588830000000000e+08 1.422175739241362713e+01
1.164281880000000000e+08 1.419081756528317584e+01
1.164989380000000000e+08 1.419799344021547149e+01
1.165679800000000000e+08 1.419989360205142859e+01
1.166372150000000000e+08 1.419500756568849198e+01
1.167101620000000000e+08 1.421881664453762362e+01
1.167805980000000000e+08 1.419481603566997663e+01
1.168526300000000000e+08 1.420931063711950770e+01
1.169199760000000000e+08 1.422872231826567102e+01
1.169884020000000000e+08 1.423781912042540831e+01
1.170617640000000000e+08 1.423659168624786808e+01
1.171354600000000000e+08 1.422121402197823592e+01
1.172060440000000000e+08 1.419624982328034335e+01
1.172769600000000000e+08 1.417451979316027177e+01
1.173439050000000000e+08 1.416787183082331048e+01
1.174122190000000000e+08 1.418346739267928847e+01
1.174830880000000000e+08 1.416917935618384661e+01
1.175526820000000000e+08 1.417565991595958863e+01
1.176233220000000000e+08 1.416542738862331063e+01
1.176947930000000000e+08 1.415939884421167960e+01
1.177683730000000000e+08 1.413237558155774565e+01
1.178374840000000000e+08 1.413417628922658054e+01
1.179040620000000000e+08 1.412138283487903045e+01
1.179724380000000000e+08 1.411270947441324530e+01
1.180431820000000000e+08 1.412561952768841955e+01
1.181130400000000000e+08 1.410694546526905668e+01
1.181860700000000000e+08 1.411880997265716253e+01
1.182556250000000000e+08 1.410938329152512871e+01
1.183297670000000000e+08 1.408496619352213486e+01
1.184011840000000000e+08 1.407491271050617598e+01
1.184719900000000000e+08 1.406037302976512926e+01
1.185475950000000000e+08 1.404885209306951666e+01
1.186194990000000000e+08 1.403097674523300142e+01
1.186892140000000000e+08 1.401085514028886259e+01
1.187630940000000000e+08 1.401380715014543021e+01
1.188343610000000000e+08 1.398637474146814519e+01
1.189057950000000000e+08 1.399073462464754769e+01
1.189737160000000000e+08 1.398826557498734502e+01
1.190435030000000000e+08 1.396091977945672902e+01
1.191129840000000000e+08 1.393112280869643627e+01
1.191799570000000000e+08 1.392699019933172444e+01
1.192525340000000000e+08 1.394765323933055079e+01
1.193254610000000000e+08 1.394027814554012679e+01
1.193920880000000000e+08 1.392211493489162777e+01
1.194646650000000000e+08 1.392039331239750055e+01
1.195364480000000000e+08 1.395679827857704680e+01
1.196063620000000000e+08 1.393574363664666826e+01
1.196762680000000000e+08 1.392593384111857269e+01
1.197518490000000000e+08 1.390181979204464824e+01
1.198197860000000000e+08 1.389848262943825219e+01
1.198894620000000000e+08 1.390684476775547829e+01
1.199624250000000000e+08 1.388068645184835681e+01
1.200343630000000000e+08 1.389155255231028718e+01
1.201095750000000000e+08 1.388855851382787066e+01
1.201782550000000000e+08 1.386804935165203645e+01
1.202507100000000000e+08 1.388093206110066546e+01
1.203189020000000000e+08 1.387851961276196633e+01
1.203882710000000000e+08 1.384939174221268843e+01
1.204611380000000000e+08 1.385997820011120929e+01
1.205336580000000000e+08 1.382606715305244194e+01
1.206046270000000000e+08 1.379318228941425417e+01
1.206751360000000000e+08 1.379227045684200625e+01
1.207484620000000000e+08 1.373622974209374803e+01
1.208206200000000000e+08 1.373995869059091923e+01
1.208918400000000000e+08 1.373978143992305334e+01
1.209652650000000000e+08 1.375765400866072241e+01
1.210383720000000000e+08 1.375711270338450909e+01
1.211117430000000000e+08 1.376972378576264155e+01
1.211885640000000000e+08 1.376305109159006079e+01
1.212594860000000000e+08 1.376456856808687412e+01
1.213293650000000000e+08 1.376506449881089544e+01
1.214014100000000000e+08 1.375449089234112243e+01
1.214747380000000000e+08 1.377927406466743143e+01
1.215470800000000000e+08 1.380779022345881657e+01
1.216183120000000000e+08 1.380754891946894247e+01
1.216899240000000000e+08 1.378969159822626445e+01
1.217589580000000000e+08 1.376997016922172890e+01
1.218301960000000000e+08 1.376103180303191031e+01
1.219047820000000000e+08 1.376103032134581028e+01
1.219794360000000000e+08 1.376208746275056249e+01
1.220542230000000000e+08 1.377831637953731203e+01
1.221251930000000000e+08 1.374324654597043782e+01
1.222016570000000000e+08 1.373241473607451901e+01
1.222707870000000000e+08 1.374386044369446047e+01
1.223418300000000000e+08 1.376891123195682809e+01
1.224117980000000000e+08 1.378879555355530506e+01
1.224816370000000000e+08 1.377923602872276909e+01
1.225541240000000000e+08 1.377268271101422847e+01
1.226310910000000000e+08 1.377032558554692798e+01
1.227022810000000000e+08 1.378457450243626070e+01
1.227726080000000000e+08 1.378372666098575117e+01
1.228450120000000000e+08 1.377950733286098206e+01
1.229134460000000000e+08 1.378335028377529703e+01
1.229843420000000000e+08 1.377976021815225671e+01
1.230560230000000000e+08 1.377110721163948881e+01
1.231260090000000000e+08 1.379239502211372681e+01
1.232008430000000000e+08 1.378552195233105593e+01
1.232711090000000000e+08 1.380045653337282374e+01
1.233441050000000000e+08 1.379356379960067081e+01
1.234187240000000000e+08 1.379738093858192016e+01
1.234895760000000000e+08 1.379544005034522769e+01
1.235603230000000000e+08 1.379334631150146784e+01
1.236328350000000000e+08 1.376868359281233190e+01
1.236984990000000000e+08 1.375470027934275841e+01
1.237691910000000000e+08 1.374161076583801311e+01
1.238384590000000000e+08 1.371184309545211022e+01
1.239106730000000000e+08 1.371857392845146073e+01
1.239841590000000000e+08 1.368169213719018984e+01
1.240524310000000000e+08 1.366553432449338779e+01
1.241277410000000000e+08 1.365207934280955904e+01
1.242000240000000000e+08 1.365635940587949193e+01
1.242697950000000000e+08 1.366449586064734945e+01
1.243364140000000000e+08 1.363527797389067509e+01
1.244085460000000000e+08 1.362240068635216517e+01
1.244821200000000000e+08 1.356990027446451386e+01
1.245570400000000000e+08 1.356373354072835724e+01
1.246293630000000000e+08 1.352019969394963184e+01
1.246993670000000000e+08 1.348045496546709998e+01
1.247698700000000000e+08 1.345509878814970861e+01
1.248429400000000000e+08 1.344169775537081080e+01
1.249149790000000000e+08 1.344846774410466139e+01
1.249829790000000000e+08 1.344539132160343264e+01
1.250529190000000000e+08 1.343859212535858028e+01
1.251242040000000000e+08 1.344300656445738440e+01
1.251964190000000000e+08 1.341043071002995113e+01
1.252670310000000000e+08 1.340197370831088364e+01
1.253366100000000000e+08 1.339808851248789878e+01
1.254109830000000000e+08 1.338274130154657371e+01
1.254798260000000000e+08 1.339711532199583921e+01
1.255499530000000000e+08 1.340468306197572090e+01
1.256223490000000000e+08 1.339309931892401728e+01
1.256920010000000000e+08 1.337884532383703373e+01
1.257663440000000000e+08 1.337684279968345358e+01
1.258385990000000000e+08 1.339187496063033223e+01
1.259100800000000000e+08 1.337955972443243091e+01
1.259802530000000000e+08 1.336501867810959965e+01
1.260517350000000000e+08 1.336828776488828296e+01
1.261244980000000000e+08 1.335343127846167022e+01
1.261955790000000000e+08 1.334694382732734397e+01
1.262651730000000000e+08 1.334766434414746428e+01
1.263396050000000000e+08 1.333850402088012999e+01
1.264124020000000000e+08 1.333384074813863940e+01
1.264838880000000000e+08 1.331953930628972138e+01
1.265531320000000000e+08 1.332409585803323893e+01
1.266211070000000000e+08 1.331965067478502007e+01
1.266893400000000000e+08 1.333190777537876670e+01
1.267604010000000000e+08 1.330922994314445695e+01
1.268334490000000000e+08 1.330191506169850335e+01
1.269034910000000000e+08 1.328763016574018607e+01
1.269722020000000000e+08 1.327595757376138152e+01
1.270458220000000000e+08 1.327914074324090166e+01
1.271150900000000000e+08 1.327612059260799349e+01
1.271869410000000000e+08 1.328063203672376602e+01
1.272588740000000000e+08 1.328479998066173273e+01
1.273311590000000000e+08 1.328560970000478569e+01
1.274026010000000000e+08 1.331378610202358459e+01
1.274727430000000000e+08 1.331031164338291184e+01
1.275451710000000000e+08 1.331559737546739797e+01
1.276138770000000000e+08 1.332906405445579345e+01
1.276861440000000000e+08 1.333290335579371622e+01
1.277584480000000000e+08 1.333611849905744862e+01
1.278295430000000000e+08 1.334620718627478198e+01
1.279026630000000000e+08 1.335728869480324121e+01
1.279791160000000000e+08 1.337811941934933735e+01
1.280478000000000000e+08 1.339808625561154365e+01
1.281211650000000000e+08 1.338669769028772372e+01
1.281961210000000000e+08 1.337564981685414978e+01
1.282654230000000000e+08 1.338860794915086494e+01
1.283363160000000000e+08 1.335802136832395703e+01
1.284066140000000000e+08 1.334522900576796189e+01
1.284739600000000000e+08 1.334831172117914910e+01
1.285472290000000000e+08 1.335305025808996326e+01
1.286193870000000000e+08 1.335294321292487751e+01
1.286888150000000000e+08 1.335773093703741310e+01
1.287593720000000000e+08 1.333861561021937980e+01
1.288333380000000000e+08 1.333794407006853966e+01
1.289040980000000000e+08 1.334245629939120725e+01
1.289721950000000000e+08 1.335322578487993361e+01
1.290420250000000000e+08 1.333308503624123276e+01
1.291112770000000000e+08 1.332646937144152943e+01
1.291848730000000000e+08 1.331366614208289079e+01
1.292549280000000000e+08 1.331362190183779859e+01
1.293229740000000000e+08 1.330450275212789712e+01
1.293934000000000000e+08 1.330524446391599724e+01
1.294681630000000000e+08 1.331017730058927917e+01
1.295415720000000000e+08 1.330451376904436778e+01
1.296125150000000000e+08 1.328212954256041733e+01
1.296828100000000000e+08 1.326984303830701073e+01
1.297519330000000000e+08 1.325055055975056462e+01
1.298214080000000000e+08 1.325384004483314904e+01
1.298899380000000000e+08 1.324944621471898643e+01
1.299610810000000000e+08 1.322698479076973754e+01
1.300298540000000000e+08 1.320377557817319492e+01
1.301008890000000000e+08 1.319442233928874408e+01
1.301766200000000000e+08 1.317273369817016082e+01
1.302458250000000000e+08 1.315180103751541729e+01
1.303182900000000000e+08 1.312614291494217333e+01
1.303907610000000000e+08 1.311513307150436169e+01
1.304625920000000000e+08 1.312041786767571949e+01
1.305344750000000000e+08 1.312542065796943724e+01
1.306067290000000000e+08 1.312749026241534267e+01
1.306748790000000000e+08 1.314716560586106375e+01
1.307459360000000000e+08 1.313438188900783388e+01
1.308180760000000000e+08 1.312638456329550429e+01
1.308909870000000000e+08 1.313872037866095077e+01
1.309629690000000000e+08 1.313820950696260859e+01
1.310375070000000000e+08 1.314230241849234737e+01
1.311073390000000000e+08 1.313750949351887876e+01
1.311757430000000000e+08 1.313561660218037552e+01
1.312490140000000000e+08 1.314783284548472864e+01
1.313181840000000000e+08 1.315163458881595027e+01
1.313906040000000000e+08 1.314895679683689522e+01
1.314623320000000000e+08 1.315409860470708026e+01
1.315327980000000000e+08 1.313475262490621098e+01
1.316007590000000000e+08 1.313451311850384329e+01
1.316705920000000000e+08 1.313786151838583294e+01
1.317452870000000000e+08 1.313711154640299483e+01
1.318144510000000000e+08 1.313676252936638988e+01
1.318881090000000000e+08 1.313566325663148504e+01
1.319557500000000000e+08 1.312654649065064838e+01
1.320299500000000000e+08 1.312686399478549149e+01
1.321005610000000000e+08 1.314622017958678413e+01
1.321688630000000000e+08 1.314450764196057264e+01
1.322393940000000000e+08 1.313200941216173767e+01
1.323102510000000000e+08 1.313075130740333663e+01
1.323806370000000000e+08 1.312534071325695351e+01
1.324513280000000000e+08 1.308927758723808310e+01
1.325222720000000000e+08 1.309347346352739017e+01
1.325949240000000000e+08 1.309774064410920147e+01
1.326663940000000000e+08 1.309875403749826184e+01
1.327329820000000000e+08 1.309941017732280244e+01
1.328008970000000000e+08 1.309315478684643175e+01
1.328699440000000000e+08 1.307359158156463153e+01
1.329431480000000000e+08 1.306403384509884091e+01
1.330124120000000000e+08 1.305942279633280023e+01
1.330837210000000000e+08 1.308273910178658106e+01
1.331568450000000000e+08 1.308237065893465001e+01
1.332267000000000000e+08 1.308956068895076363e+01
1.332936510000000000e+08 1.307842121693289528e+01
1.333634840000000000e+08 1.307852871210767276e+01
1.334341520000000000e+08 1.308524773658866458e+01
1.335040970000000000e+08 1.307425176822193436e+01
1.335739310000000000e+08 1.305952199261107616e+01
1.336480340000000000e+08 1.306598619286079455e+01
1.337214890000000000e+08 1.308596054416920396e+01
1.337949690000000000e+08 1.309905236440252985e+01
1.338699090000000000e+08 1.310537471550544097e+01
1.339407230000000000e+08 1.309090933617038388e+01
1.340140410000000000e+08 1.310713885317613858e+01
1.340854150000000000e+08 1.309849917008767584e+01
1.341561490000000000e+08 1.311059287562859943e+01
1.342264240000000000e+08 1.308482325795516310e+01
1.343003620000000000e+08 1.307797932013065001e+01
1.343704750000000000e+08 1.307844277514221965e+01
1.344400440000000000e+08 1.305578008353179520e+01
1.345056310000000000e+08 1.304564843122999385e+01
1.345788610000000000e+08 1.306171387444373622e+01
1.346509820000000000e+08 1.306606347105057075e+01
1.347217150000000000e+08 1.306506478090500245e+01
1.347919570000000000e+08 1.308085157433088241e+01
1.348629420000000000e+08 1.306322469547233212e+01
1.349355940000000000e+08 1.304541971500849229e+01
1.350085780000000000e+08 1.303981744988291958e+01
1.350812470000000000e+08 1.303102491346856340e+01
1.351509410000000000e+08 1.303529149564946010e+01
1.352191180000000000e+08 1.303578272115378844e+01
1.352943810000000000e+08 1.305185587573484440e+01
1.353638170000000000e+08 1.304344211462715286e+01
1.354389880000000000e+08 1.304215573370797721e+01
1.355086500000000000e+08 1.304323200788087256e+01
1.355766620000000000e+08 1.306320467124060514e+01
1.356477690000000000e+08 1.308049981944461493e+01
1.357193760000000000e+08 1.307360732773640066e+01
1.357888800000000000e+08 1.306134858985222813e+01
1.358602800000000000e+08 1.308652202097367656e+01
1.359324130000000000e+08 1.308892682108901262e+01
1.360042530000000000e+08 1.308877733044987934e+01
1.360721480000000000e+08 1.309374960359742879e+01
1.361444610000000000e+08 1.308715652657682504e+01
1.362151080000000000e+08 1.310518939058473009e+01
1.362826190000000000e+08 1.310474939518698534e+01
1.363550180000000000e+08 1.310190744925385964e+01
1.364258560000000000e+08 1.308132511180410873e+01
1.364989030000000000e+08 1.306617024622121903e+01
1.365707520000000000e+08 1.305350647084527083e+01
1.366432480000000000e+08 1.306561912324554342e+01
1.367144220000000000e+08 1.306816762936991161e+01
1.367850730000000000e+08 1.305614319115721855e+01
1.368581180000000000e+08 1.304774995342202537e+01
1.369294060000000000e+08 1.305363638381361113e+01
1.369999490000000000e+08 1.304502004857224406e+01
1.370707570000000000e+08 1.304066296707786776e+01
1.371429780000000000e+08 1.304274707172407766e+01
1.372124040000000000e+08 1.302819288993195457e+01
1.372797940000000000e+08 1.303840072534580408e+01
1.373534120000000000e+08 1.304035842411355794e+01
1.374269080000000000e+08 1.303568097144064097e+01
1.374955430000000000e+08 1.305340375931972474e+01
1.375683010000000000e+08 1.305870426589123134e+01
1.376388860000000000e+08 1.306571760682293615e+01
1.377080370000000000e+08 1.305180246706088809e+01
1.377783790000000000e+08 1.305563199182663681e+01
1.378504370000000000e+08 1.305271277376584926e+01
1.379219050000000000e+08 1.305810203671623171e+01
1.379944060000000000e+08 1.305064154335777005e+01
1.380665520000000000e+08 1.303701583766598127e+01
1.381363190000000000e+08 1.303262754478808816e+01
1.382083820000000000e+08 1.304476413739297236e+01
1.382773400000000000e+08 1.303309239295210631e+01
1.383515790000000000e+08 1.302918657795720137e+01
1.384197250000000000e+08 1.302516325249357187e+01
1.384899160000000000e+08 1.303898198215592075e+01
1.385625770000000000e+08 1.303335393179085955e+01
1.386376240000000000e+08 1.301991437177995437e+01
1.387101750000000000e+08 1.303301500336729823e+01
1.387812690000000000e+08 1.301293253818052520e+01
1.388490800000000000e+08 1.300943620575958803e+01
1.389206260000000000e+08 1.300202210128284364e+01
1.389965780000000000e+08 1.299007951631813107e+01
1.390667480000000000e+08 1.299340101084687049e+01
1.391344800000000000e+08 1.298683446704174926e+01
1.392058460000000000e+08 1.297116900023384645e+01
1.392763580000000000e+08 1.296852541543214876e+01
1.393435850000000000e+08 1.297080957092540388e+01
1.394127300000000000e+08 1.295662843478651105e+01
1.394849290000000000e+08 1.295914344620791958e+01
1.395564730000000000e+08 1.294441079342484002e+01
1.396282260000000000e+08 1.294461531759897710e+01
1.396970780000000000e+08 1.293452085229549553e+01
1.397664990000000000e+08 1.293145936023120868e+01
1.398382110000000000e+08 1.293159135128583692e+01
1.399085410000000000e+08 1.292999101398896933e+01
1.399799380000000000e+08 1.292241059771161105e+01
1.400540180000000000e+08 1.291549840939708460e+01
1.401236280000000000e+08 1.290911343031093139e+01
1.401927130000000000e+08 1.289682874844383953e+01
1.402647490000000000e+08 1.289669956055360878e+01
1.403336520000000000e+08 1.290637090804320231e+01
1.404093720000000000e+08 1.289720001458441168e+01
1.404824280000000000e+08 1.287572798359478021e+01
1.405550320000000000e+08 1.287984442123285334e+01
1.406294550000000000e+08 1.285068189206018552e+01
1.406987550000000000e+08 1.284881105616182673e+01
1.407656410000000000e+08 1.285866975936743728e+01
1.408321700000000000e+08 1.285054386621761147e+01
1.409053260000000000e+08 1.283614521993386859e+01
1.409746760000000000e+08 1.282965507473173439e+01
1.410439560000000000e+08 1.283085831990431203e+01
1.411132540000000000e+08 1.281773807407264520e+01
1.411822410000000000e+08 1.281894986474153697e+01
1.412514310000000000e+08 1.282289121824018707e+01
1.413241780000000000e+08 1.281025732169742781e+01
1.413952840000000000e+08 1.281258071084951844e+01
1.414668480000000000e+08 1.280326046571079779e+01
1.415401320000000000e+08 1.281541069461576754e+01
1.416132520000000000e+08 1.280852723879003285e+01
1.416815790000000000e+08 1.281081322917536625e+01
1.417512530000000000e+08 1.279101989977591813e+01
1.418253910000000000e+08 1.279442646506618431e+01
1.418952890000000000e+08 1.278939437401197310e+01
1.419650310000000000e+08 1.279397462167466593e+01
1.420369440000000000e+08 1.278446233554834599e+01
1.421049390000000000e+08 1.277547731598215996e+01
1.421781030000000000e+08 1.275940204388963117e+01
1.422458860000000000e+08 1.275606412586732930e+01
1.423121640000000000e+08 1.275526979913878911e+01
1.423829090000000000e+08 1.275695904710270057e+01
1.424532730000000000e+08 1.275006477201003996e+01
1.425196850000000000e+08 1.274799092664030198e+01
1.425889380000000000e+08 1.275752263131649755e+01
1.426596610000000000e+08 1.275247264650947265e+01
1.427305930000000000e+08 1.274653084914276491e+01
1.428021360000000000e+08 1.273641994905423047e+01
1.428726820000000000e+08 1.271619826249948026e+01
1.429463490000000000e+08 1.269323265165031245e+01
1.430159330000000000e+08 1.269292711136417395e+01
1.430860150000000000e+08 1.268043954901833636e+01
1.431597060000000000e+08 1.268488347468102262e+01
1.432296240000000000e+08 1.269536998351630075e+01
1.433043460000000000e+08 1.270862025979955945e+01
1.433750480000000000e+08 1.267559235314594268e+01
1.434445270000000000e+08 1.266663638349077559e+01
1.435157910000000000e+08 1.267491307250960908e+01
1.435845450000000000e+08 1.266927479771129228e+01
1.436561830000000000e+08 1.265796659485712539e+01
1.437261860000000000e+08 1.265166222340554469e+01
1.438001910000000000e+08 1.265892682096952804e+01
1.438712390000000000e+08 1.264885983309978457e+01
1.439432170000000000e+08 1.263248820993342925e+01
1.440104410000000000e+08 1.262677646177990454e+01
1.440850650000000000e+08 1.262807029868699082e+01
1.441568460000000000e+08 1.261543200497856887e+01
1.442260620000000000e+08 1.260171707744053826e+01
1.442973610000000000e+08 1.260836925514982454e+01
1.443690670000000000e+08 1.260780965171116819e+01
1.444421910000000000e+08 1.260120895278809883e+01
1.445120240000000000e+08 1.259989814671889619e+01
1.445814530000000000e+08 1.259914300925403019e+01
1.446479380000000000e+08 1.258391523578021065e+01
1.447211510000000000e+08 1.256925998170411596e+01
1.447935690000000000e+08 1.257796933595126276e+01
1.448652600000000000e+08 1.256152391053923267e+01
1.449357420000000000e+08 1.256110372760927696e+01
1.450054470000000000e+08 1.254927495902872714e+01
1.450745450000000000e+08 1.254505977513661819e+01
1.451444970000000000e+08 1.253175276198307664e+01
1.452156140000000000e+08 1.254375634707242071e+01
1.452867610000000000e+08 1.253657208538028378e+01
1.453560330000000000e+08 1.252853452454577976e+01
1.454248960000000000e+08 1.251520569109698577e+01
1.454953370000000000e+08 1.250629101878682548e+01
1.455713640000000000e+08 1.249495696722734195e+01
1.456411110000000000e+08 1.249217207441170352e+01
1.457130900000000000e+08 1.249819187048333013e+01
1.457833090000000000e+08 1.248947100685685108e+01
1.458560720000000000e+08 1.249764128853765577e+01
1.459281120000000000e+08 1.249906113768021321e+01
1.460014650000000000e+08 1.250664238276802109e+01
1.460729500000000000e+08 1.249952551270403944e+01
1.461415420000000000e+08 1.248672939386524661e+01
1.462097860000000000e+08 1.249378368884991630e+01
1.462783680000000000e+08 1.248197020181023831e+01
1.463536870000000000e+08 1.246687293803423024e+01
1.464245830000000000e+08 1.246523202268384267e+01
1.464978780000000000e+08 1.247284541143256575e+01
1.465703640000000000e+08 1.246771140353389740e+01
1.466446910000000000e+08 1.247441515203078666e+01
1.467126070000000000e+08 1.246938661213311050e+01
1.467805790000000000e+08 1.247290455779715401e+01
1.468487250000000000e+08 1.245890345546061262e+01
1.469178060000000000e+08 1.246096352805605889e+01
1.469868420000000000e+08 1.245940924083891943e+01
1.470571220000000000e+08 1.245934955265628119e+01
1.471288390000000000e+08 1.246353681542335679e+01
1.472008270000000000e+08 1.245674135583289122e+01
1.472715290000000000e+08 1.243941980694812699e+01
1.473393250000000000e+08 1.244020183884045494e+01
1.474062530000000000e+08 1.242342986800943727e+01
1.474834070000000000e+08 1.242455160816514947e+01
1.475521560000000000e+08 1.242086372891252211e+01
1.476205240000000000e+08 1.240396131081573827e+01
1.476899400000000000e+08 1.241038906127954888e+01
1.477626170000000000e+08 1.239862116806074788e+01
1.478366000000000000e+08 1.239891752307141637e+01
1.479130760000000000e+08 1.240908722192648383e+01
1.479818050000000000e+08 1.240910328600334367e+01
1.480519080000000000e+08 1.240117702703119917e+01
1.481216870000000000e+08 1.239796004531432416e+01
1.481965800000000000e+08 1.240276125860700418e+01
1.482689070000000000e+08 1.239387056513951180e+01
1.483403720000000000e+08 1.239664121159465360e+01
1.484147130000000000e+08 1.240135142668344237e+01
1.484863850000000000e+08 1.240056363098648440e+01
1.485579510000000000e+08 1.240340073335391757e+01
1.486270970000000000e+08 1.239595736599403608e+01
1.486964220000000000e+08 1.240816114221348521e+01
1.487683790000000000e+08 1.240857967389466232e+01
1.488377860000000000e+08 1.240194116838453553e+01
1.489068670000000000e+08 1.240516108222859337e+01
1.489805180000000000e+08 1.240002531567504462e+01
1.490500730000000000e+08 1.239668046763897280e+01
1.491212570000000000e+08 1.239196120678621327e+01
1.491946300000000000e+08 1.239128264992302420e+01
1.492674290000000000e+08 1.239834173957040875e+01
1.493367620000000000e+08 1.240990898868705905e+01
1.494068130000000000e+08 1.241459205662957999e+01
1.494732300000000000e+08 1.241861661868984079e+01
1.495431350000000000e+08 1.240589074476435272e+01
1.496120870000000000e+08 1.239165998951980363e+01
1.496814340000000000e+08 1.239314458674157571e+01
1.497529550000000000e+08 1.238994445212229323e+01
1.498212620000000000e+08 1.238296144497001272e+01
1.498889970000000000e+08 1.237431889385807260e+01
1.499602220000000000e+08 1.237503593123173395e+01
1.500275340000000000e+08 1.236649995996616624e+01
1.500974480000000000e+08 1.235039658373803384e+01
1.501689510000000000e+08 1.235574922085649874e+01
1.502395020000000000e+08 1.236866469502655619e+01
1.503098840000000000e+08 1.237208192593059053e+01
1.503818130000000000e+08 1.237060394497324012e+01
1.504515920000000000e+08 1.238232594025604527e+01
1.505191650000000000e+08 1.237684334135520459e+01
1.505874630000000000e+08 1.237601047606585958e+01
1.506592260000000000e+08 1.237714490969422343e+01
1.507292150000000000e+08 1.236828038757509596e+01
1.507978650000000000e+08 1.235963235449198905e+01
1.508722850000000000e+08 1.235954039061835452e+01
1.509414880000000000e+08 1.236761490596231639e+01
1.510096120000000000e+08 1.237369523105641278e+01
1.510784680000000000e+08 1.237007400625379816e+01
1.511504880000000000e+08 1.236057776098151351e+01
1.512197440000000000e+08 1.237334408377946637e+01
1.512921920000000000e+08 1.236329038544007197e+01
1.513636090000000000e+08 1.235791444373748327e+01
1.514343920000000000e+08 1.236817878053441078e+01
1.515050380000000000e+08 1.236204601712195306e+01
1.515761500000000000e+08 1.236144820669079358e+01
1.516463660000000000e+08 1.235632844868955971e+01
1.517177050000000000e+08 1.235282966349516798e+01
1.517903970000000000e+08 1.234057613893762806e+01
1.518633290000000000e+08 1.234686555517776618e+01
1.519314220000000000e+08 1.234330514430522285e+01
1.520040060000000000e+08 1.232765814158573292e+01
1.520730290000000000e+08 1.232977766228326288e+01
1.521422390000000000e+08 1.234346278988300583e+01
1.522133020000000000e+08 1.234356820590141979e+01
1.522801730000000000e+08 1.233760202122336125e+01
1.523520300000000000e+08 1.232959570190711851e+01
1.524212340000000000e+08 1.232368925209665811e+01
1.524886540000000000e+08 1.233534097515688366e+01
1.525602730000000000e+08 1.232258187652995041e+01
1.526333310000000000e+08 1.230701996349729122e+01
1.527017020000000000e+08 1.229271147835386024e+01
1.527754230000000000e+08 1.229152368932660266e+01
1.528454710000000000e+08 1.229047368414786412e+01
1.529125770000000000e+08 1.230342199407579784e+01
1.529806700000000000e+08 1.228711659378987164e+01
1.530531300000000000e+08 1.228503067098058033e+01
1.531181520000000000e+08 1.227878702534353295e+01
1.531910750000000000e+08 1.227967683940714672e+01
1.532571740000000000e+08 1.227416313803529313e+01
1.533293360000000000e+08 1.227488288790514837e+01
1.534016940000000000e+08 1.227497471805250839e+01
1.534690690000000000e+08 1.226476670375536138e+01
1.535432790000000000e+08 1.227593854442095811e+01
1.536106310000000000e+08 1.226585988966986029e+01
1.536778510000000000e+08 1.226175145294427615e+01
1.537488030000000000e+08 1.225161247993848690e+01
1.538172910000000000e+08 1.225461150801818100e+01
1.538864530000000000e+08 1.225398171093295474e+01
1.539588290000000000e+08 1.224064421127613933e+01
1.540283200000000000e+08 1.223534523256040352e+01
1.541005640000000000e+08 1.222775763843577224e+01
1.541692880000000000e+08 1.221942861848138406e+01
1.542384120000000000e+08 1.222629592422983968e+01
1.543098130000000000e+08 1.222969401283572921e+01
1.543828260000000000e+08 1.223180107659913141e+01
1.544502940000000000e+08 1.223094536565485413e+01
1.545227160000000000e+08 1.223046794085879618e+01
1.545972400000000000e+08 1.223454233551504799e+01
1.546701630000000000e+08 1.223762767530489448e+01
1.547405600000000000e+08 1.222896401820716505e+01
1.548154480000000000e+08 1.222206524926148141e+01
1.548864990000000000e+08 1.222738840666943894e+01
1.549531410000000000e+08 1.221752365556300823e+01
1.550218240000000000e+08 1.220882815079417405e+01
1.550944210000000000e+08 1.220209867836763173e+01
1.551699190000000000e+08 1.218903213988476253e+01
1.552364590000000000e+08 1.217772601595628679e+01
1.553067520000000000e+08 1.217822745357386083e+01
1.553796400000000000e+08 1.218640590912486843e+01
1.554476900000000000e+08 1.218601846958350698e+01
1.555202580000000000e+08 1.219489277207014943e+01
1.555891260000000000e+08 1.220162049584812181e+01
1.556585990000000000e+08 1.221821527961309961e+01
1.557275910000000000e+08 1.221864993767119678e+01
1.557972910000000000e+08 1.219946037617784285e+01
1.558687320000000000e+08 1.219628982250466187e+01
1.559416890000000000e+08 1.220103878056052338e+01
1.560152780000000000e+08 1.219714362483391668e+01
1.560855150000000000e+08 1.219438747114969779e+01
1.561601010000000000e+08 1.219523863608341152e+01
1.562298760000000000e+08 1.218971627148341064e+01
1.563014810000000000e+08 1.219381447929225892e+01
1.563720780000000000e+08 1.218775733143591467e+01
1.564420950000000000e+08 1.219006304126685869e+01
1.565168770000000000e+08 1.219187374128009793e+01
1.565877580000000000e+08 1.219737622031703594e+01
1.566597180000000000e+08 1.218719775322532684e+01
1.567350790000000000e+08 1.219763416451157134e+01
1.568042600000000000e+08 1.218146159101488202e+01
1.568769160000000000e+08 1.217579890774849005e+01
1.569498800000000000e+08 1.218531310254284072e+01
1.570213340000000000e+08 1.216685843972844339e+01
1.570941950000000000e+08 1.218230504726775010e+01
1.571603570000000000e+08 1.219638944375928347e+01
1.572313090000000000e+08 1.218634077458263043e+01
1.573014480000000000e+08 1.218224918752532560e+01
1.573739250000000000e+08 1.217317340322010111e+01
1.574431630000000000e+08 1.217711383918188695e+01
1.575106600000000000e+08 1.217697557730559055e+01
1.575846640000000000e+08 1.216374280104653849e+01
1.576554220000000000e+08 1.217013685715720683e+01
1.577240120000000000e+08 1.215520984810442329e+01
1.577937020000000000e+08 1.215097929670851151e+01
1.578655990000000000e+08 1.214249891699070716e+01
1.579374790000000000e+08 1.214180901777701393e+01
1.580071260000000000e+08 1.212706590481785973e+01
1.580807420000000000e+08 1.212318731314208264e+01
1.581512590000000000e+08 1.212134716570958304e+01
1.582228040000000000e+08 1.211036594188904658e+01
1.582924280000000000e+08 1.209602238770997040e+01
1.583622810000000000e+08 1.210560194572678228e+01
1.584319240000000000e+08 1.210091851087715753e+01
1.585033620000000000e+08 1.210894382056857843e+01
1.585724060000000000e+08 1.210718558559528724e+01
1.586415140000000000e+08 1.210758166757310761e+01
1.587098930000000000e+08 1.211969373753047563e+01
1.587864740000000000e+08 1.211765916209159499e+01
1.588587800000000000e+08 1.211289210716267029e+01
1.589240520000000000e+08 1.211116516688770517e+01
1.589983600000000000e+08 1.210801109785364105e+01
1.590693840000000000e+08 1.211492480913301861e+01
1.591418860000000000e+08 1.210161239504522435e+01
1.592127700000000000e+08 1.210351808008240226e+01
1.592829240000000000e+08 1.209849021834170024e+01
1.593548070000000000e+08 1.208993826347979095e+01
1.594282730000000000e+08 1.208992276068121896e+01
1.594990500000000000e+08 1.208765142291720096e+01
1.595675810000000000e+08 1.207716064607076056e+01
1.596404540000000000e+08 1.207541919930770469e+01
1.597104170000000000e+08 1.207021967201126600e+01
1.597829400000000000e+08 1.207504432559887420e+01
1.598546160000000000e+08 1.208441130218943194e+01
1.599257450000000000e+08 1.208088990859356926e+01
1.599957350000000000e+08 1.207478490992689935e+01
1.600638850000000000e+08 1.207577426595858405e+01
1.601339380000000000e+08 1.207589427611892496e+01
1.602031800000000000e+08 1.207744781735981299e+01
1.602719920000000000e+08 1.207672425249615245e+01
1.603435170000000000e+08 1.207663530641496052e+01
1.604127280000000000e+08 1.207400207571318518e+01
1.604831270000000000e+08 1.208917859925269234e+01
1.605521430000000000e+08 1.209753753077372807e+01
1.606235110000000000e+08 1.209783141311575250e+01
1.606978290000000000e+08 1.209973148235133245e+01
1.607704600000000000e+08 1.209796364612369501e+01
1.608389620000000000e+08 1.210982157473516807e+01
1.609124990000000000e+08 1.212609177204673649e+01
1.609821700000000000e+08 1.211861100049174134e+01
1.610527460000000000e+08 1.212397704598254222e+01
1.611250780000000000e+08 1.211540455725508103e+01
1.611955290000000000e+08 1.211554837625326719e+01
1.612662330000000000e+08 1.212407768571388011e+01
1.613346760000000000e+08 1.211474382834823693e+01
1.614101800000000000e+08 1.210474437974621864e+01
1.614795920000000000e+08 1.211755968128793626e+01
1.615541440000000000e+08 1.210065583231276243e+01
1.616230330000000000e+08 1.209153022994933480e+01
1.616935040000000000e+08 1.209818209091464070e+01
1.617640700000000000e+08 1.207569842614399569e+01
1.618385240000000000e+08 1.207697540918536028e+01
1.619098750000000000e+08 1.208065707213114415e+01
1.619779100000000000e+08 1.207201072016309951e+01
1.620511960000000000e+08 1.208080062633900731e+01
1.621227060000000000e+08 1.210141146409661417e+01
1.621986760000000000e+08 1.207471151725179759e+01
1.622690750000000000e+08 1.207403255377433915e+01
1.623379180000000000e+08 1.205401526693200154e+01
1.624072720000000000e+08 1.207037137140446603e+01
1.624787440000000000e+08 1.205773860632721117e+01
1.625519330000000000e+08 1.204012459110642652e+01
1.626227610000000000e+08 1.203462430434911390e+01
1.626919070000000000e+08 1.204502088374761293e+01
1.627612370000000000e+08 1.203501621578006109e+01
1.628351480000000000e+08 1.201996319047381157e+01
1.629058870000000000e+08 1.202806174987263965e+01
1.629787170000000000e+08 1.202789540488558195e+01
1.630494360000000000e+08 1.203424131043600021e+01
1.631181460000000000e+08 1.202934594496720244e+01
1.631896500000000000e+08 1.203849715908652307e+01
1.632629360000000000e+08 1.202986946653378730e+01
1.633352010000000000e+08 1.203417038973963038e+01
1.634062330000000000e+08 1.203130112148950204e+01
1.634811330000000000e+08 1.203751034319769175e+01
1.635517250000000000e+08 1.202668693249551346e+01
1.636295700000000000e+08 1.202625601042846171e+01
1.637008960000000000e+08 1.201776249213766157e+01
1.637727300000000000e+08 1.202406575404274847e+01
1.638436120000000000e+08 1.200292279447853083e+01
1.639162030000000000e+08 1.199620725059077309e+01
1.639827680000000000e+08 1.200178583456878023e+01
1.640551430000000000e+08 1.200740386438048191e+01
1.641253190000000000e+08 1.199526968831014528e+01
1.641953520000000000e+08 1.200917124508824507e+01
1.642628520000000000e+08 1.199510496386275804e+01
1.643324140000000000e+08 1.198367504155737073e+01
1.644051660000000000e+08 1.197617241606278071e+01
1.644764080000000000e+08 1.195633310757590628e+01
1.645455810000000000e+08 1.196248596492701566e+01
1.646137980000000000e+08 1.195311804473912076e+01
1.646855510000000000e+08 1.196005779407887459e+01
1.647576620000000000e+08 1.196428923726527138e+01
1.648273070000000000e+08 1.196406155416806349e+01
1.648993250000000000e+08 1.196327926101448291e+01
1.649687270000000000e+08 1.195735592125030600e+01
1.650368990000000000e+08 1.194644623664933469e+01
1.651101230000000000e+08 1.194479288446778753e+01
1.651796830000000000e+08 1.194770977125653211e+01
1.652474860000000000e+08 1.194408789286242900e+01
1.653160890000000000e+08 1.194322141589317354e+01
1.653872750000000000e+08 1.195083069667572673e+01
1.654594660000000000e+08 1.196739457765277415e+01
1.655283990000000000e+08 1.195582701571395035e+01
1.656012210000000000e+08 1.196466839168020613e+01
1.656694690000000000e+08 1.196367547079152693e+01
1.657381930000000000e+08 1.196479280807418988e+01
1.658144390000000000e+08 1.197734791768862728e+01
1.658865000000000000e+08 1.198289408481341667e+01
1.659565850000000000e+08 1.198262911234214201e+01
1.660336890000000000e+08 1.197331131849091079e+01
1.661016510000000000e+08 1.196073398435847501e+01
1.661711690000000000e+08 1.194779731770241504e+01
1.662415270000000000e+08 1.193789179707606962e+01
1.663118600000000000e+08 1.193962586758908451e+01
1.663837310000000000e+08 1.194937133391751694e+01
1.664574790000000000e+08 1.196366296431353149e+01
1.665308260000000000e+08 1.195993939216008073e+01
1.666020910000000000e+08 1.195278098779350096e+01
1.666730660000000000e+08 1.194143307942255205e+01
1.667429800000000000e+08 1.192749363405835794e+01
1.668102810000000000e+08 1.191767294920926723e+01
1.668810080000000000e+08 1.191100812532999420e+01
1.669456140000000000e+08 1.188526528014528516e+01
1.670142540000000000e+08 1.187151428743278458e+01
1.670855150000000000e+08 1.186858218536689336e+01
1.671568930000000000e+08 1.186459203253823524e+01
1.672294560000000000e+08 1.187061606022750304e+01
1.673043500000000000e+08 1.186494755700596393e+01
1.673772550000000000e+08 1.186784073647732285e+01
1.674485520000000000e+08 1.187515780480039140e+01
1.675184180000000000e+08 1.187028127510578379e+01
1.675886020000000000e+08 1.187436790636631301e+01
1.676598380000000000e+08 1.187559310526025236e+01
1.677307030000000000e+08 1.187038473263391758e+01
1.677987670000000000e+08 1.186808606061764948e+01
1.678730660000000000e+08 1.186599507691519584e+01
1.679431410000000000e+08 1.184710906397625507e+01
1.680123650000000000e+08 1.184810138343063635e+01
1.680820350000000000e+08 1.185508924243264772e+01
1.681528540000000000e+08 1.185696834340624584e+01
1.682231790000000000e+08 1.184720370803538891e+01
1.682955270000000000e+08 1.184945260528626143e+01
1.683656890000000000e+08 1.184848374539966720e+01
1.684368090000000000e+08 1.185950922519340089e+01
1.685081570000000000e+08 1.186104198159045886e+01
1.685797980000000000e+08 1.186681530535202356e+01
1.686497350000000000e+08 1.185154358332599145e+01
1.687179730000000000e+08 1.186105168957335998e+01
1.687894620000000000e+08 1.186995319119069947e+01
1.688625990000000000e+08 1.186828786001869140e+01
1.689334830000000000e+08 1.186916225013514925e+01
1.690000040000000000e+08 1.187548059292757685e+01
1.690711460000000000e+08 1.186961126921897680e+01
1.691388280000000000e+08 1.187921424506313173e+01
1.692109460000000000e+08 1.187716713026182092e+01
1.692805780000000000e+08 1.186627310198986684e+01
1.693481120000000000e+08 1.185569407902370109e+01
1.694183310000000000e+08 1.186012742947809606e+01
1.694883360000000000e+08 1.185054929397614032e+01
1.695589890000000000e+08 1.183073187729999809e+01
1.696292170000000000e+08 1.183025944354849557e+01
1.696986610000000000e+08 1.183919595196617003e+01
1.697706720000000000e+08 1.183599260877151060e+01
1.698438700000000000e+08 1.182667512559279999e+01
1.699140690000000000e+08 1.182485813182364787e+01
1.699840740000000000e+08 1.183424704021837748e+01
1.700539510000000000e+08 1.183088327341902790e+01
1.701214210000000000e+08 1.182613952827138526e+01
1.701910790000000000e+08 1.182526232307454173e+01
1.702641210000000000e+08 1.182886416817502351e+01
1.703353230000000000e+08 1.182632755871755492e+01
1.704033040000000000e+08 1.181894476130259974e+01
1.704735820000000000e+08 1.182076713603277618e+01
1.705431210000000000e+08 1.182267750888252600e+01
1.706186600000000000e+08 1.181578657447355241e+01
1.706874940000000000e+08 1.180899997959038572e+01
1.707601940000000000e+08 1.181394088111348672e+01
1.708269970000000000e+08 1.181852620715259583e+01
1.708955230000000000e+08 1.181651027632390871e+01
1.709679030000000000e+08 1.181442128647971401e+01
1.710413690000000000e+08 1.179959534163166879e+01
1.711134110000000000e+08 1.178996740276916277e+01
1.711838000000000000e+08 1.179320055796369715e+01
1.712540130000000000e+08 1.178935861110515937e+01
1.713252320000000000e+08 1.178079920189615137e+01
1.713964090000000000e+08 1.177691127899214862e+01
1.714666840000000000e+08 1.178118931730564078e+01
1.715382750000000000e+08 1.177770301441158018e+01
1.716034820000000000e+08 1.178136834518103981e+01
1.716741780000000000e+08 1.179591552101731544e+01
1.717452440000000000e+08 1.179237792005061003e+01
1.718141840000000000e+08 1.178350977279032819e+01
1.718837540000000000e+08 1.178371201999987505e+01
1.719555660000000000e+08 1.177789607211929379e+01
1.720223060000000000e+08 1.178477981494171800e+01
1.720933930000000000e+08 1.177841418474461399e+01
1.721631750000000000e+08 1.178225540962409390e+01
1.722359260000000000e+08 1.178088900346587664e+01
1.723041770000000000e+08 1.176582880639718987e+01
1.723723870000000000e+08 1.175512709623976448e+01
1.724446680000000000e+08 1.175637594668725683e+01
1.725165840000000000e+08 1.176043061970763759e+01
1.725872600000000000e+08 1.175154356733416527e+01
1.726588460000000000e+08 1.175257981458523204e+01
1.727291390000000000e+08 1.174821724418616675e+01
1.728013210000000000e+08 1.173883619843208947e+01
1.728721630000000000e+08 1.173849741743764241e+01
1.729404430000000000e+08 1.174098356296648049e+01
1.730081420000000000e+08 1.172514484217007080e+01
1.730753810000000000e+08 1.172613515928108185e+01
1.731472700000000000e+08 1.171943409815440340e+01
1.732186390000000000e+08 1.172039106227555827e+01
1.732863510000000000e+08 1.171266010889986831e+01
1.733596830000000000e+08 1.170940238755130025e+01
1.734301310000000000e+08 1.170922925990095109e+01
1.735009720000000000e+08 1.170038119768357809e+01
1.735720550000000000e+08 1.170183522985580105e+01
1.736445120000000000e+08 1.169259156916376163e+01
1.737177610000000000e+08 1.168681152721200256e+01
1.737904160000000000e+08 1.169210938431426960e+01
1.738631820000000000e+08 1.170058983914278272e+01
1.739365630000000000e+08 1.169160753248746865e+01
1.740092400000000000e+08 1.168634508763988045e+01
1.740810220000000000e+08 1.167272618456314248e+01
1.741548010000000000e+08 1.168120864012424853e+01
1.742269240000000000e+08 1.166894232200633574e+01
1.742993170000000000e+08 1.166325747807647772e+01
1.743679850000000000e+08 1.165811465019158533e+01
1.744388790000000000e+08 1.165510782464756190e+01
1.745112880000000000e+08 1.164819758313888798e+01
1.745832570000000000e+08 1.164964309835044709e+01
1.746567050000000000e+08 1.165645306840943896e+01
1.747274070000000000e+08 1.164766819422717425e+01
1.747993580000000000e+08 1.164140984427935877e+01
1.748712200000000000e+08 1.163468752285178809e+01
1.749414560000000000e+08 1.162661432756023139e+01
1.750112650000000000e+08 1.162592940857754442e+01
1.750832130000000000e+08 1.163707234135460666e+01
1.751531270000000000e+08 1.162351819869936520e+01
1.752230190000000000e+08 1.161945044772087421e+01
1.752980570000000000e+08 1.161321083841733959e+01
1.753681730000000000e+08 1.161376135982887270e+01
1.754378980000000000e+08 1.160383876382352675e+01
1.755075270000000000e+08 1.160975429114023072e+01
1.755776410000000000e+08 1.161105499833528043e+01
1.756464310000000000e+08 1.160678807684695713e+01
1.757171800000000000e+08 1.160621758205492782e+01
1.757886660000000000e+08 1.160270961560493141e+01
1.758626230000000000e+08 1.160034415201820401e+01
1.759342570000000000e+08 1.161160674348340827e+01
1.760073600000000000e+08 1.160913849012553278e+01
1.760806090000000000e+08 1.161114139188472727e+01
1.761541300000000000e+08 1.160433635511164319e+01
1.762260280000000000e+08 1.160065546778267986e+01
1.762976120000000000e+08 1.158221101573832890e+01
1.763668800000000000e+08 1.156876379436444857e+01
1.764389420000000000e+08 1.155724055327890376e+01
1.765099650000000000e+08 1.155822201574606822e+01
1.765858470000000000e+08 1.156355535860335770e+01
1.766579090000000000e+08 1.156442359326150182e+01
1.767289890000000000e+08 1.156799214283733157e+01
1.767977200000000000e+08 1.155283944716475730e+01
1.768695300000000000e+08 1.154507654794550930e+01
1.769415350000000000e+08 1.154086740620040530e+01
1.770166560000000000e+08 1.153189619705475799e+01
1.770889040000000000e+08 1.153037505788737604e+01
1.771570760000000000e+08 1.152238471652609952e+01
1.772264570000000000e+08 1.151844259056957753e+01
1.772964520000000000e+08 1.151236491452465316e+01
1.773676760000000000e+08 1.150425351927225215e+01
1.774413350000000000e+08 1.150359765564508230e+01
1.775108630000000000e+08 1.150710521967928912e+01
1.775811770000000000e+08 1.150702418846015007e+01
1.776530130000000000e+08 1.150625212938584596e+01
1.777244220000000000e+08 1.151011333435931405e+01
1.777974070000000000e+08 1.150866670211117082e+01
1.778683410000000000e+08 1.151207330664009731e+01
1.779351940000000000e+08 1.151407975500653613e+01
1.780037650000000000e+08 1.151106229313158735e+01
1.780741100000000000e+08 1.151174492735864874e+01
1.781465080000000000e+08 1.149787021645522778e+01
1.782153410000000000e+08 1.150697325818836703e+01
1.782837490000000000e+08 1.150676343836210336e+01
1.783548510000000000e+08 1.151211035333098209e+01
1.784253680000000000e+08 1.150807437650631115e+01
1.784994210000000000e+08 1.151720363084381482e+01
1.785708020000000000e+08 1.151133191909784692e+01
1.786415210000000000e+08 1.150343841706342296e+01
1.787101360000000000e+08 1.151224400446546525e+01
1.787782860000000000e+08 1.151636483617202167e+01
1.788501570000000000e+08 1.151194355123552704e+01
1.789185110000000000e+08 1.150585928537876157e+01
1.789884370000000000e+08 1.150055167190568639e+01
1.790599910000000000e+08 1.150360872226078257e+01
1.791286290000000000e+08 1.150947261480152406e+01
1.791976330000000000e+08 1.150310589656319138e+01
1.792645740000000000e+08 1.149783156471110779e+01
1.793356670000000000e+08 1.149090878907881574e+01
1.794030990000000000e+08 1.148939011893089024e+01
1.794713000000000000e+08 1.150090784240437358e+01
1.795427330000000000e+08 1.151292015289111603e+01
1.796149650000000000e+08 1.150207512879438632e+01
1.796887450000000000e+08 1.149750886068335376e+01
1.797626600000000000e+08 1.149441093720164453e+01
1.798359360000000000e+08 1.148969150384124482e+01
1.799109030000000000e+08 1.150209210093845336e+01
1.799813380000000000e+08 1.147684801441888425e+01
1.800549330000000000e+08 1.148549369830222666e+01
1.801264530000000000e+08 1.149286056267793299e+01
1.801926480000000000e+08 1.148461703826674629e+01
1.802602500000000000e+08 1.148460152750870122e+01
1.803276350000000000e+08 1.148193135914105056e+01
1.804010020000000000e+08 1.148533987994612815e+01
1.804710770000000000e+08 1.149301593688289280e+01
1.805423390000000000e+08 1.149056077360762451e+01
1.806123060000000000e+08 1.149925374517476939e+01
1.806826280000000000e+08 1.150385679075489520e+01
1.807480620000000000e+08 1.151347249028917830e+01
1.808175470000000000e+08 1.151735990299626877e+01
1.808908280000000000e+08 1.152000219225328514e+01
1.809613790000000000e+08 1.152621221448243816e+01
1.810358020000000000e+08 1.152593867655339288e+01
1.811061750000000000e+08 1.151887875764772851e+01
1.811777680000000000e+08 1.150705324496361470e+01
1.812444790000000000e+08 1.150253742698902037e+01
1.813152360000000000e+08 1.151115830574327248e+01
1.813850780000000000e+08 1.151394683165422173e+01
1.814551610000000000e+08 1.150909756878098200e+01
1.815243810000000000e+08 1.151963479174642124e+01
1.815948660000000000e+08 1.151865260965406534e+01
1.816655610000000000e+08 1.152628126374870732e+01
1.817370300000000000e+08 1.152612012698386046e+01
1.818081580000000000e+08 1.153629952423268001e+01
1.818807490000000000e+08 1.153487530032186115e+01
1.819524220000000000e+08 1.153390267874746833e+01
1.820265650000000000e+08 1.154572854782692559e+01
1.820992660000000000e+08 1.154443557661094921e+01
1.821701670000000000e+08 1.154844787660596594e+01
1.822407880000000000e+08 1.156028744025623922e+01
1.823098710000000000e+08 1.155896847897083113e+01
1.823826410000000000e+08 1.157340400339373510e+01
1.824544460000000000e+08 1.156416670463516816e+01
1.825274180000000000e+08 1.155529255516393761e+01
1.826045090000000000e+08 1.154216281858119331e+01
1.826802960000000000e+08 1.154927700141358748e+01
1.827482630000000000e+08 1.155770093102932350e+01
1.828194470000000000e+08 1.154727501758659791e+01
1.828930870000000000e+08 1.154990468848357743e+01
1.829614060000000000e+08 1.156623589861804646e+01
1.830312300000000000e+08 1.157546999762669415e+01
1.831028170000000000e+08 1.156106057395987108e+01
1.831731800000000000e+08 1.155193089870464540e+01
1.832455050000000000e+08 1.155534785819684984e+01
1.833154480000000000e+08 1.154896354890364130e+01
1.833898140000000000e+08 1.155898881437405201e+01
1.834596840000000000e+08 1.155694750696529205e+01
1.835323350000000000e+08 1.155513110554435485e+01
1.836036490000000000e+08 1.154470668337310357e+01
1.836739490000000000e+08 1.154329400390992610e+01
1.837447710000000000e+08 1.153407460481712299e+01
1.838147280000000000e+08 1.153737101066027115e+01
1.838846500000000000e+08 1.154604266186037087e+01
1.839575200000000000e+08 1.154235056157130224e+01
1.840273210000000000e+08 1.153630402284681189e+01
1.840985080000000000e+08 1.153035770775172075e+01
1.841711480000000000e+08 1.152442342846084600e+01
1.842412740000000000e+08 1.153275228736575286e+01
1.843121480000000000e+08 1.153012324166440195e+01
1.843821560000000000e+08 1.152297501517984557e+01
1.844508200000000000e+08 1.153184959944810828e+01
1.845207260000000000e+08 1.153027059608944782e+01
1.845920580000000000e+08 1.153061132842682035e+01
1.846584050000000000e+08 1.154025219485630593e+01
1.847289210000000000e+08 1.154032980771082251e+01
1.848011050000000000e+08 1.153937659802477000e+01
1.848728260000000000e+08 1.154398994586096627e+01
1.849459110000000000e+08 1.153437123635085193e+01
1.850182860000000000e+08 1.152805433821983883e+01
1.850881250000000000e+08 1.154064393596881111e+01
1.851578970000000000e+08 1.154137934356461415e+01
1.852289960000000000e+08 1.152313896580475294e+01
1.853006530000000000e+08 1.152544451138830262e+01
1.853738580000000000e+08 1.152160473374146576e+01
1.854449640000000000e+08 1.153033134263049497e+01
1.855189480000000000e+08 1.152342981229164565e+01
1.855922670000000000e+08 1.151904198661421397e+01
1.856649100000000000e+08 1.150221354455452527e+01
1.857372710000000000e+08 1.149345062210271706e+01
1.858108330000000000e+08 1.147942274231095539e+01
1.858823780000000000e+08 1.146029078131362411e+01
1.859527500000000000e+08 1.145673220050938035e+01
1.860260210000000000e+08 1.144815024474945275e+01
1.860949270000000000e+08 1.145260965793898933e+01
1.861625770000000000e+08 1.143695094553759972e+01
1.862357290000000000e+08 1.141565237417892043e+01
1.863077200000000000e+08 1.142286893123893599e+01
1.863779830000000000e+08 1.142125743836837870e+01
1.864501060000000000e+08 1.142213739470437517e+01
1.865207620000000000e+08 1.143238585805252328e+01
1.865909980000000000e+08 1.143246372394539101e+01
1.866598080000000000e+08 1.143793585766250942e+01
1.867311550000000000e+08 1.143625087145486319e+01
1.868042730000000000e+08 1.142503687762295783e+01
1.868748910000000000e+08 1.143399081036004894e+01
1.869450720000000000e+08 1.142620042629938482e+01
1.870110500000000000e+08 1.143517605673090465e+01
1.870821340000000000e+08 1.143234750848962378e+01
1.871524330000000000e+08 1.142477026967450016e+01
1.872211840000000000e+08 1.142341092391328061e+01
1.872887470000000000e+08 1.142211562786961920e+01
1.873607260000000000e+08 1.143262634295872715e+01
1.874305380000000000e+08 1.142498427590865617e+01
1.874993870000000000e+08 1.141783893568265640e+01
1.875699710000000000e+08 1.140890179409078620e+01
1.876391570000000000e+08 1.141297024705635188e+01
1.877106220000000000e+08 1.141782472351190592e+01
1.877816980000000000e+08 1.141402940652017683e+01
1.878492070000000000e+08 1.141630261696160531e+01
1.879211500000000000e+08 1.141382820664466280e+01
1.879932710000000000e+08 1.140953412136873801e+01
1.880617620000000000e+08 1.141434493947792106e+01
1.881317320000000000e+08 1.142481472774765550e+01
1.882028780000000000e+08 1.142263644135418232e+01
1.882716990000000000e+08 1.141682318043623923e+01
1.883433260000000000e+08 1.139820177054668093e+01
1.884147030000000000e+08 1.140645960778671331e+01
1.884850170000000000e+08 1.139571998951815779e+01
1.885545140000000000e+08 1.138544934918058793e+01
1.886237090000000000e+08 1.138859790896044544e+01
1.886982650000000000e+08 1.139039412935158779e+01
1.887685680000000000e+08 1.138619940477702208e+01
1.888397390000000000e+08 1.136922548929587506e+01
1.889096390000000000e+08 1.136138138533899777e+01
1.889802460000000000e+08 1.136892292082672817e+01
1.890476560000000000e+08 1.136286622064803531e+01
1.891174490000000000e+08 1.135818429514720940e+01
1.891906350000000000e+08 1.136109510227682406e+01
1.892589800000000000e+08 1.135267234797362512e+01
1.893284650000000000e+08 1.136211629066748685e+01
1.894007230000000000e+08 1.137005046809352038e+01
1.894749230000000000e+08 1.136804627654718125e+01
1.895469680000000000e+08 1.136545347072227763e+01
1.896142430000000000e+08 1.136057147957855307e+01
1.896850040000000000e+08 1.137265202690712051e+01
1.897561440000000000e+08 1.137510290040018113e+01
1.898247700000000000e+08 1.136982849231570114e+01
1.898974730000000000e+08 1.136172052897388163e+01
1.899689450000000000e+08 1.134159749782234350e+01
1.900387960000000000e+08 1.133942353520087565e+01
1.901119100000000000e+08 1.133608540499051109e+01
1.901820260000000000e+08 1.132183639623706028e+01
1.902533780000000000e+08 1.133345156283862210e+01
1.903250470000000000e+08 1.134085188926679955e+01
1.903970260000000000e+08 1.133688126439315447e+01
1.904638750000000000e+08 1.135359709327470767e+01
1.905350720000000000e+08 1.135138503007780919e+01
1.906081740000000000e+08 1.135187714983881691e+01
1.906791680000000000e+08 1.135335457960055727e+01
1.907499380000000000e+08 1.135171905048616559e+01
1.908220080000000000e+08 1.134787493357328891e+01
1.908915470000000000e+08 1.135719679209139699e+01
1.909603340000000000e+08 1.134852159014542572e+01
1.910326520000000000e+08 1.134321851655895230e+01
1.911005830000000000e+08 1.134472863692079514e+01
1.911709460000000000e+08 1.135233236176875593e+01
1.912387000000000000e+08 1.133805137659535589e+01
1.913090660000000000e+08 1.133160856407278416e+01
1.913777630000000000e+08 1.132449996331831343e+01
1.914486400000000000e+08 1.132425541168234773e+01
1.915190650000000000e+08 1.132938709366964503e+01
1.915883430000000000e+08 1.133022121835298357e+01
1.916597790000000000e+08 1.133637086303601471e+01
1.917297750000000000e+08 1.133955800517012058e+01
1.918013000000000000e+08 1.133088690681081445e+01
1.918741030000000000e+08 1.132693238727467389e+01
1.919471990000000000e+08 1.131979870498920882e+01
1.920196630000000000e+08 1.131216390267236349e+01
1.920892770000000000e+08 1.130977808270269591e+01
1.921615450000000000e+08 1.130990518689038993e+01
1.922340860000000000e+08 1.131006886185129900e+01
1.923036070000000000e+08 1.131907310352685947e+01
1.923727570000000000e+08 1.133134259839076563e+01
1.924397030000000000e+08 1.132400179250799965e+01
1.925114160000000000e+08 1.132317417806309301e+01
1.925859180000000000e+08 1.132477608792316559e+01
1.926592440000000000e+08 1.132322045758147233e+01
1.927304920000000000e+08 1.132046226895585228e+01
1.928021920000000000e+08 1.133625047645497119e+01
1.928733930000000000e+08 1.134358367471193318e+01
1.929437660000000000e+08 1.133588324120057855e+01
1.930165690000000000e+08 1.135080929728384014e+01
1.930866070000000000e+08 1.135789114558339108e+01
1.931533070000000000e+08 1.135490554796854568e+01
1.932232170000000000e+08 1.134865425253294013e+01
1.932961670000000000e+08 1.135145761115759200e+01
1.933681990000000000e+08 1.135631571813110874e+01
1.934410270000000000e+08 1.134493289545117101e+01
1.935119920000000000e+08 1.134958899452605330e+01
1.935777430000000000e+08 1.135589717494831241e+01
1.936478830000000000e+08 1.134836181629350804e+01
1.937200340000000000e+08 1.134783700547134444e+01
1.937912210000000000e+08 1.133861660587263209e+01
1.938644210000000000e+08 1.132831733815832109e+01
1.939374810000000000e+08 1.132583928072860147e+01
1.940093590000000000e+08 1.132459991660494580e+01
1.940800010000000000e+08 1.132323156650930684e+01
1.941484390000000000e+08 1.131171913933109607e+01
1.942135670000000000e+08 1.131440646725399723e+01
1.942847500000000000e+08 1.132556310852748815e+01
1.943535100000000000e+08 1.131228136864784339e+01
1.944239620000000000e+08 1.129934421936734523e+01
1.944919690000000000e+08 1.129951720466136678e+01
1.945613470000000000e+08 1.129242452551208764e+01
1.946280520000000000e+08 1.128711575614979523e+01
1.946982390000000000e+08 1.128382427115232289e+01
1.947704450000000000e+08 1.127548420348064084e+01
1.948407170000000000e+08 1.127399931677753209e+01
1.949119270000000000e+08 1.126637692373270383e+01
1.949831480000000000e+08 1.126989272667108999e+01
1.950541130000000000e+08 1.126070668145759512e+01
1.951239130000000000e+08 1.125172986948489395e+01
1.951914610000000000e+08 1.124206720650954416e+01
1.952631840000000000e+08 1.123450943300848159e+01
1.953299440000000000e+08 1.123609267388345501e+01
1.954004790000000000e+08 1.122539823539854886e+01
1.954750400000000000e+08 1.122611270004552075e+01
1.955472950000000000e+08 1.122213605911668211e+01
1.956162770000000000e+08 1.121450971620148529e+01
1.956869980000000000e+08 1.121928830438385916e+01
1.957569680000000000e+08 1.121921194804652799e+01
1.958264550000000000e+08 1.123086228846593748e+01
1.958965600000000000e+08 1.123594847804450048e+01
1.959709040000000000e+08 1.123680080675938342e+01
1.960396580000000000e+08 1.122890081190403677e+01
1.961146250000000000e+08 1.123338603858199036e+01
1.961830020000000000e+08 1.122359612247615068e+01
1.962554700000000000e+08 1.121964972431117324e+01
1.963277140000000000e+08 1.121346161653854701e+01
1.964031120000000000e+08 1.120389586874229693e+01
1.964740410000000000e+08 1.120276708631313056e+01
1.965427710000000000e+08 1.119792882627476693e+01
1.966162260000000000e+08 1.119922479093741430e+01
1.966914560000000000e+08 1.118830685725189156e+01
1.967590560000000000e+08 1.118987971450583885e+01
1.968294560000000000e+08 1.118374597342882559e+01
1.969023640000000000e+08 1.118430820079922050e+01
1.969725570000000000e+08 1.117464905612126636e+01
1.970465690000000000e+08 1.118024617671161458e+01
1.971202960000000000e+08 1.117963074428122816e+01
1.971949230000000000e+08 1.117139347079025846e+01
1.972643360000000000e+08 1.116433211660792324e+01
1.973373240000000000e+08 1.115845863727635212e+01
1.974093240000000000e+08 1.115014482319768696e+01
1.974804490000000000e+08 1.114637224583139563e+01
1.975522500000000000e+08 1.115230374198694108e+01
1.976256280000000000e+08 1.115098097949246458e+01
1.976979450000000000e+08 1.116013633834508489e+01
1.977652500000000000e+08 1.115482017063187570e+01
1.978361490000000000e+08 1.114920277227564682e+01
1.979092500000000000e+08 1.115546040331103761e+01
1.979785080000000000e+08 1.115499802395249240e+01
1.980465020000000000e+08 1.115215809812009340e+01
1.981178030000000000e+08 1.115528489805960533e+01
1.981876490000000000e+08 1.115164395589290436e+01
1.982568550000000000e+08 1.115167120527204503e+01
1.983273550000000000e+08 1.115795460168284059e+01
1.984011650000000000e+08 1.116148431551506981e+01
1.984681570000000000e+08 1.116001384150834319e+01
1.985424820000000000e+08 1.115429277996666713e+01
1.986150410000000000e+08 1.115270598140049252e+01
1.986864620000000000e+08 1.114530162235574551e+01
1.987574190000000000e+08 1.115384192025640786e+01
1.988276270000000000e+08 1.115293758772694943e+01
1.988966440000000000e+08 1.114888810405371622e+01
1.989699850000000000e+08 1.115489568010348442e+01
1.990404080000000000e+08 1.116252041822109042e+01
1.991139800000000000e+08 1.116414964051301162e+01
1.991845480000000000e+08 1.115409124873152535e+01
1.992580160000000000e+08 1.113945463736006403e+01
1.993259250000000000e+08 1.112936924663367577e+01
1.993982890000000000e+08 1.113604051453961041e+01
1.994671880000000000e+08 1.114594520843991354e+01
1.995399540000000000e+08 1.115096917374019725e+01
1.996104810000000000e+08 1.114738941539116013e+01
1.996775840000000000e+08 1.114178794857977550e+01
1.997504680000000000e+08 1.113916166845296196e+01
1.998202490000000000e+08 1.113749045712883401e+01
1.998868920000000000e+08 1.112974765122064369e+01
1.999588200000000000e+08 1.111660668766399773e+01
2.000301900000000000e+08 1.110900146186324733e+01
2.001025050000000000e+08 1.110671550936969609e+01
2.001745200000000000e+08 1.110955181222476007e+01
2.002504120000000000e+08 1.110486213796129462e+01
2.003216580000000000e+08 1.110295394724007423e+01
2.003973370000000000e+08 1.110259971326589579e+01
2.004662250000000000e+08 1.110144753929190387e+01
2.005374290000000000e+08 1.107835271524044884e+01
2.006077790000000000e+08 1.108602565626099334e+01
2.006777660000000000e+08 1.107048920013356330e+01
2.007454130000000000e+08 1.106820516928820375e+01
2.008159470000000000e+08 1.106804232938991639e+01
2.008905640000000000e+08 1.106950884576375849e+01
2.009620090000000000e+08 1.106772385082134136e+01
2.010344330000000000e+08 1.105700851180719546e+01
2.011052980000000000e+08 1.105231578301610185e+01
2.011741060000000000e+08 1.104384472509899595e+01
2.012437040000000000e+08 1.104212503722192729e+01
2.013122460000000000e+08 1.103292662394087742e+01
2.013838190000000000e+08 1.103253181267924710e+01
2.014569520000000000e+08 1.103040464619994943e+01
2.015273540000000000e+08 1.103659803252011962e+01
2.015975740000000000e+08 1.103695282884554274e+01
2.016681940000000000e+08 1.102513961613524174e+01
2.017395870000000000e+08 1.102355769833518551e+01
2.018132950000000000e+08 1.103151115711460761e+01
2.018840340000000000e+08 1.102918372220471888e+01
2.019567310000000000e+08 1.102570169270381051e+01
2.020270870000000000e+08 1.102018195151423718e+01
2.020979090000000000e+08 1.101284653757724641e+01
2.021677210000000000e+08 1.101691354775153364e+01
2.022423130000000000e+08 1.101561527498087401e+01
2.023131350000000000e+08 1.101492225271992353e+01
2.023840010000000000e+08 1.100722374254198854e+01
2.024555500000000000e+08 1.098745766578722005e+01
2.025289430000000000e+08 1.100132038825587166e+01
2.025988280000000000e+08 1.100035689868201416e+01
2.026716050000000000e+08 1.100436208230055968e+01
2.027418970000000000e+08 1.099810761066738252e+01
2.028135100000000000e+08 1.099269674211435976e+01
2.028888710000000000e+08 1.098882169693150601e+01
2.029610010000000000e+08 1.099144518595277553e+01
2.030328020000000000e+08 1.099426637948938712e+01
2.031022900000000000e+08 1.099788799941396000e+01
2.031695750000000000e+08 1.099247871804860566e+01
2.032424720000000000e+08 1.098959791278041820e+01
2.033140880000000000e+08 1.098875572858707095e+01
2.033811840000000000e+08 1.098259554227199075e+01
2.034502080000000000e+08 1.097059182319916104e+01
2.035218090000000000e+08 1.096855853962995475e+01
2.035946570000000000e+08 1.098206869368181415e+01
2.036684380000000000e+08 1.098512170075828109e+01
2.037407440000000000e+08 1.097673436927158974e+01
2.038126330000000000e+08 1.099381164165920666e+01
2.038846830000000000e+08 1.100125180877223663e+01
2.039556090000000000e+08 1.100046462066014108e+01
2.040285060000000000e+08 1.099176718462896396e+01
2.040971850000000000e+08 1.099699902786901262e+01
2.041629630000000000e+08 1.099821459897320253e+01
2.042330230000000000e+08 1.098712098292804029e+01
2.043015460000000000e+08 1.098761242927948523e+01
2.043691610000000000e+08 1.099739935674031877e+01
2.044407940000000000e+08 1.099200761550144279e+01
2.045086750000000000e+08 1.099693890892353387e+01
2.045815660000000000e+08 1.100291615525669187e+01
2.046531620000000000e+08 1.100758531003294216e+01
2.047256910000000000e+08 1.100178203246588104e+01
2.047981640000000000e+08 1.101006922871108173e+01
2.048684560000000000e+08 1.100281023926619284e+01
2.049445780000000000e+08 1.099901157535299490e+01
2.050173820000000000e+08 1.100348543024409054e+01
2.050872640000000000e+08 1.099040022342499157e+01
2.051619760000000000e+08 1.098598887780826239e+01
2.052322570000000000e+08 1.097884322058764184e+01
2.053003040000000000e+08 1.096675676018815260e+01
2.053713300000000000e+08 1.097393679587202087e+01
2.054423090000000000e+08 1.096542652044323063e+01
2.055080080000000000e+08 1.096601089075877766e+01
2.055797270000000000e+08 1.096588566302864365e+01
2.056544650000000000e+08 1.096249806749459665e+01
2.057252550000000000e+08 1.095349751954209339e+01
2.057947000000000000e+08 1.095164166368336112e+01
2.058684850000000000e+08 1.095415824113131187e+01
2.059427710000000000e+08 1.096055696924968004e+01
2.060126640000000000e+08 1.096931454737260481e+01
2.060841020000000000e+08 1.096634097945635844e+01
2.061585770000000000e+08 1.095467609903368178e+01
2.062247190000000000e+08 1.094022246754772709e+01
2.062961090000000000e+08 1.094290254908526094e+01
2.063704120000000000e+08 1.094637586333443480e+01
2.064385690000000000e+08 1.094902579983485325e+01
2.065057090000000000e+08 1.094793226496920724e+01
2.065751270000000000e+08 1.093699099273258213e+01
2.066475240000000000e+08 1.093941925267822768e+01
2.067206320000000000e+08 1.093402974464643584e+01
2.067914870000000000e+08 1.093332669346660424e+01
2.068645010000000000e+08 1.093273851113283079e+01
2.069374920000000000e+08 1.093724694836568112e+01
2.070114080000000000e+08 1.094272691794842700e+01
2.070816850000000000e+08 1.094440653700485733e+01
2.071531070000000000e+08 1.095145162639229497e+01
2.072249120000000000e+08 1.094460169500541014e+01
2.072924110000000000e+08 1.094444608381123629e+01
2.073619230000000000e+08 1.095070792358797185e+01
2.074315050000000000e+08 1.095422949975202265e+01
2.075006500000000000e+08 1.096433104981034923e+01
2.075723440000000000e+08 1.095631065438387886e+01
2.076422560000000000e+08 1.094998477665207659e+01
2.077120290000000000e+08 1.096421026146423472e+01
2.077843900000000000e+08 1.096491369443062247e+01
2.078570820000000000e+08 1.095655631634016558e+01
2.079305890000000000e+08 1.096291494506137276e+01
2.080010690000000000e+08 1.096844710069828999e+01
2.080706760000000000e+08 1.095717217653723807e+01
2.081437520000000000e+08 1.095021622666976135e+01
2.082108590000000000e+08 1.095749919886777946e+01
2.082821300000000000e+08 1.096472830115685326e+01
2.083520480000000000e+08 1.095228280017883016e+01
2.084201270000000000e+08 1.095508959160186357e+01
2.084922620000000000e+08 1.094329764137706285e+01
2.085655360000000000e+08 1.094483746760982434e+01
2.086329500000000000e+08 1.094183251663674916e+01
2.087046530000000000e+08 1.093197913111927910e+01
2.087747880000000000e+08 1.093388021389545628e+01
2.088479410000000000e+08 1.093421078489723008e+01
2.089178370000000000e+08 1.093777391462025861e+01
2.089878610000000000e+08 1.092829310031695655e+01
2.090583300000000000e+08 1.094012036421137779e+01
2.091282720000000000e+08 1.093977185683911379e+01
2.091965790000000000e+08 1.094377746634289394e+01
2.092679550000000000e+08 1.093227973304842315e+01
2.093362130000000000e+08 1.094339714133379537e+01
2.094064710000000000e+08 1.094920059791139444e+01
2.094751910000000000e+08 1.095680188644461239e+01
2.095450930000000000e+08 1.094873961324272038e+01
2.096169130000000000e+08 1.094181378170545393e+01
2.096887210000000000e+08 1.094634552180374421e+01
2.097593660000000000e+08 1.093607404096964864e+01
2.098293930000000000e+08 1.094429918001081070e+01
2.098971500000000000e+08 1.095066570077107393e+01
2.099692780000000000e+08 1.092913984471127620e+01
2.100425900000000000e+08 1.092647487413040075e+01
2.101131160000000000e+08 1.093444587177701877e+01
2.101857240000000000e+08 1.093595628892737892e+01
2.102598340000000000e+08 1.093744916468204842e+01
2.103330480000000000e+08 1.093366391263301196e+01
2.104066980000000000e+08 1.094666584002388632e+01
2.104800920000000000e+08 1.094862599400371828e+01
2.105551060000000000e+08 1.094656045278004086e+01
2.106257230000000000e+08 1.093149062369967517e+01
2.106970280000000000e+08 1.093126152703584886e+01
2.107679820000000000e+08 1.093257149553137353e+01
2.108399810000000000e+08 1.092182694695563683e+01
2.109114290000000000e+08 1.091465552580873144e+01
2.109826620000000000e+08 1.090994280722412846e+01
2.110550060000000000e+08 1.090541409197424372e+01
2.111240010000000000e+08 1.090521303127872343e+01
2.111941590000000000e+08 1.090765139659113103e+01
2.112692560000000000e+08 1.091562044439030998e+01
2.113372690000000000e+08 1.091331541073665257e+01
2.114080950000000000e+08 1.091896699036421836e+01
2.114781890000000000e+08 1.092505075868838915e+01
2.115457330000000000e+08 1.091311259267198253e+01
2.116191110000000000e+08 1.091324082041194465e+01
2.116854450000000000e+08 1.090814828086739041e+01
2.117581940000000000e+08 1.090758743803529462e+01
2.118274870000000000e+08 1.090787222037305426e+01
2.118944640000000000e+08 1.092052066352782091e+01
2.119662840000000000e+08 1.092627113826514140e+01
2.120371680000000000e+08 1.092646589631584497e+01
2.121090620000000000e+08 1.092727680969570159e+01
2.121794760000000000e+08 1.092776017217022222e+01
2.122503560000000000e+08 1.092366629595712446e+01
2.123230920000000000e+08 1.091325948061002471e+01
2.123939040000000000e+08 1.090046092649069998e+01
2.124647370000000000e+08 1.090268435288452409e+01
2.125319120000000000e+08 1.089655358891152126e+01
2.125991130000000000e+08 1.088592682009028145e+01
2.126730940000000000e+08 1.087070907398747366e+01
2.127429220000000000e+08 1.085655513182536325e+01
2.128146440000000000e+08 1.086980077652118126e+01
2.128859150000000000e+08 1.085930534043090745e+01
2.129600580000000000e+08 1.084542223886674073e+01
2.130334760000000000e+08 1.083536680166826294e+01
2.131024640000000000e+08 1.083394707513590483e+01
2.131736190000000000e+08 1.082944142237125718e+01
2.132427550000000000e+08 1.082971653316677774e+01
2.133093920000000000e+08 1.083462678562532489e+01
2.133786680000000000e+08 1.083069123132298905e+01
2.134488810000000000e+08 1.084073302623201407e+01
2.135157070000000000e+08 1.083608590639376423e+01
2.135897780000000000e+08 1.083840034359174354e+01
2.136605460000000000e+08 1.084188354869643156e+01
2.137322330000000000e+08 1.084422833762098293e+01
2.138026630000000000e+08 1.084525884065187817e+01
2.138788250000000000e+08 1.084595917403588494e+01
2.139516150000000000e+08 1.083497277340793907e+01
2.140199860000000000e+08 1.083231456092169331e+01
2.140891440000000000e+08 1.083488037209679256e+01
2.141595270000000000e+08 1.082545171251893734e+01
2.142294210000000000e+08 1.083029392737504359e+01
2.142981110000000000e+08 1.083572021547828257e+01
2.143669650000000000e+08 1.083783820780952389e+01
2.144398380000000000e+08 1.083895877194937718e+01
2.145126930000000000e+08 1.083249132977679530e+01
2.145836780000000000e+08 1.082318666680557584e+01
2.146527270000000000e+08 1.082513181380700473e+01
2.147227510000000000e+08 1.082623550536036383e+01
2.147940940000000000e+08 1.082699104433959647e+01
2.148669810000000000e+08 1.083156527264433855e+01
2.149366770000000000e+08 1.083686612386857639e+01
2.150098560000000000e+08 1.084163358353165130e+01
2.150863660000000000e+08 1.083202653709194152e+01
2.151562010000000000e+08 1.081624080306884572e+01
2.152247440000000000e+08 1.081258521633017722e+01
2.152947580000000000e+08 1.080226168157051170e+01
2.153689640000000000e+08 1.081759736572940866e+01
2.154428170000000000e+08 1.081696055842354731e+01
2.155142300000000000e+08 1.082084620009712239e+01
2.155833130000000000e+08 1.082719686463004471e+01
2.156530390000000000e+08 1.081923561309505111e+01
2.157256450000000000e+08 1.082851194107938930e+01
2.157961700000000000e+08 1.083951988902910735e+01
2.158699890000000000e+08 1.084361986925400245e+01
2.159443460000000000e+08 1.084896404049802321e+01
2.160129840000000000e+08 1.085360925533966636e+01
2.160894720000000000e+08 1.084672066352002417e+01
2.161614390000000000e+08 1.084752429457231138e+01
2.162313700000000000e+08 1.084377718275709412e+01
2.163035530000000000e+08 1.084696837465502739e+01
2.163719350000000000e+08 1.085709883224890326e+01
2.164449310000000000e+08 1.084656827785571309e+01
2.165153920000000000e+08 1.086002873402083679e+01
2.165860850000000000e+08 1.085618164801067209e+01
2.166577230000000000e+08 1.086206628204225844e+01
2.167301230000000000e+08 1.086830585938558258e+01
2.168009150000000000e+08 1.086038294561108053e+01
2.168752290000000000e+08 1.084829909148636951e+01
2.169460070000000000e+08 1.084537015147603789e+01
2.170213210000000000e+08 1.083072966734750331e+01
2.170951070000000000e+08 1.082353120011884329e+01
2.171649550000000000e+08 1.081475044326526991e+01
2.172318450000000000e+08 1.081361457247388280e+01
2.172993290000000000e+08 1.080442538854147472e+01
2.173744160000000000e+08 1.079936854864410201e+01
2.174432170000000000e+08 1.079843957527029019e+01
2.175123810000000000e+08 1.078376084993999839e+01
2.175844940000000000e+08 1.079294654654015240e+01
2.176565850000000000e+08 1.077559279533369363e+01
2.177280950000000000e+08 1.078124526059966826e+01
2.177999850000000000e+08 1.077395286512222583e+01
2.178733810000000000e+08 1.076885264527223640e+01
2.179433020000000000e+08 1.077419339518373320e+01
2.180156940000000000e+08 1.077569323606492979e+01
2.180915100000000000e+08 1.077641583851287344e+01
2.181585160000000000e+08 1.076087134888201291e+01
2.182283870000000000e+08 1.076714736897502611e+01
2.183002140000000000e+08 1.076563862346689859e+01
2.183673940000000000e+08 1.076468799108577556e+01
2.184368750000000000e+08 1.075735209118628433e+01
2.185039080000000000e+08 1.075867636560539431e+01
2.185724730000000000e+08 1.075811255409701417e+01
2.186447580000000000e+08 1.075037184555308301e+01
2.187154900000000000e+08 1.076837064410146994e+01
2.187846210000000000e+08 1.077152695090479284e+01
2.188577260000000000e+08 1.077520000018398072e+01
2.189299730000000000e+08 1.078060265170797649e+01
2.189990960000000000e+08 1.076581034190464692e+01
2.190730640000000000e+08 1.075928111871110460e+01
2.191433670000000000e+08 1.075835888097007675e+01
2.192136110000000000e+08 1.074696988941505893e+01
2.192835670000000000e+08 1.074708510458737187e+01
2.193556650000000000e+08 1.074693304668346094e+01
2.194252650000000000e+08 1.074134501070711956e+01
2.194935700000000000e+08 1.074376047547703195e+01
2.195663610000000000e+08 1.073859430628414913e+01
2.196350970000000000e+08 1.073306959181582343e+01
2.197070240000000000e+08 1.073104864694339966e+01
2.197771740000000000e+08 1.073284823740852723e+01
2.198482400000000000e+08 1.072937922231088592e+01
2.199172420000000000e+08 1.072188561045222954e+01
2.199894430000000000e+08 1.071494904873186904e+01
2.200598310000000000e+08 1.070295642072771081e+01
2.201302600000000000e+08 1.070533384461267623e+01
2.202059810000000000e+08 1.071461490780328418e+01
2.202748080000000000e+08 1.071761332601110261e+01
2.203453740000000000e+08 1.071025216665450053e+01
2.204185290000000000e+08 1.070674448313413585e+01
2.204929660000000000e+08 1.070034671173848828e+01
2.205607600000000000e+08 1.068046531091231266e+01
2.206297520000000000e+08 1.068024914993823238e+01
2.207002610000000000e+08 1.067711920482266486e+01
2.207710800000000000e+08 1.067785985348983857e+01
2.208421380000000000e+08 1.068469428511796870e+01
2.209100720000000000e+08 1.069129164746502703e+01
2.209800980000000000e+08 1.070104254797914933e+01
2.210538830000000000e+08 1.070963494255554416e+01
2.211253510000000000e+08 1.071446427915848787e+01
2.211946770000000000e+08 1.071108737124340315e+01
2.212632940000000000e+08 1.071958553798664759e+01
2.213307080000000000e+08 1.071328451381491575e+01
2.213998840000000000e+08 1.070015606501896599e+01
2.214683640000000000e+08 1.070114020811104893e+01
2.215429390000000000e+08 1.069485228014147182e+01
2.216119160000000000e+08 1.068985904066043702e+01
2.216815760000000000e+08 1.068440500996683795e+01
2.217476380000000000e+08 1.069214718282173493e+01
2.218184550000000000e+08 1.070258181818842580e+01
2.218863300000000000e+08 1.071147313662085132e+01
2.219587640000000000e+08 1.071342623100628266e+01
2.220326090000000000e+08 1.071405006936760707e+01
2.221015770000000000e+08 1.071289793212984698e+01
2.221721200000000000e+08 1.071910702150232275e+01
2.222414610000000000e+08 1.073112773186644731e+01
2.223096870000000000e+08 1.072842963148616313e+01
2.223796460000000000e+08 1.072916765186159260e+01
2.224506290000000000e+08 1.072465805852266740e+01
2.225195040000000000e+08 1.073436181955957203e+01
2.225891010000000000e+08 1.073421601424985639e+01
2.226632770000000000e+08 1.073485096789632465e+01
2.227362060000000000e+08 1.072891933158156519e+01
2.228061910000000000e+08 1.072748461005303255e+01
2.228768810000000000e+08 1.072454740507193094e+01
2.229518640000000000e+08 1.071569231973805891e+01
2.230212320000000000e+08 1.071487611505748916e+01
2.230898050000000000e+08 1.071416033700469228e+01
2.231549000000000000e+08 1.071584884088349376e+01
2.232262480000000000e+08 1.072019972063561610e+01
2.232934220000000000e+08 1.071587080781364243e+01
2.233684750000000000e+08 1.071859205926554637e+01
2.234391760000000000e+08 1.070623737099878348e+01
2.235137010000000000e+08 1.070575543757406223e+01
2.235869150000000000e+08 1.070528837263642963e+01
2.236596330000000000e+08 1.072539556903545055e+01
2.237296020000000000e+08 1.071146111964112535e+01
2.238018470000000000e+08 1.071779817078202512e+01
2.238712150000000000e+08 1.071982934810659138e+01
2.239412540000000000e+08 1.072432681794122189e+01
2.240094210000000000e+08 1.071503625487157940e+01
2.240793750000000000e+08 1.070447922003349106e+01
2.241487660000000000e+08 1.070492275678741301e+01
2.242185290000000000e+08 1.069856870799746140e+01
2.242879630000000000e+08 1.069244315079883911e+01
2.243585040000000000e+08 1.068322535092345049e+01
2.244273560000000000e+08 1.067831339805754354e+01
2.244972250000000000e+08 1.067651883694483494e+01
2.245681800000000000e+08 1.066826577413355892e+01
2.246402690000000000e+08 1.066444293734167026e+01
2.247097810000000000e+08 1.066051148969393836e+01
2.247809940000000000e+08 1.065450954704490449e+01
2.248490510000000000e+08 1.066032313488803140e+01
2.249206100000000000e+08 1.065197860153012499e+01
2.249890270000000000e+08 1.065352824024926015e+01
2.250568890000000000e+08 1.065009126104636472e+01
2.251245580000000000e+08 1.065537031253407463e+01
2.251905390000000000e+08 1.066577173978316395e+01
2.252610000000000000e+08 1.067312920202133419e+01
2.253314470000000000e+08 1.067400239262189388e+01
2.254009700000000000e+08 1.067166475334813747e+01
2.254728900000000000e+08 1.067464282554304233e+01
2.255396130000000000e+08 1.068267164483938281e+01
2.256102940000000000e+08 1.069008411617013721e+01
2.256819840000000000e+08 1.069074851236016066e+01
2.257480930000000000e+08 1.069327653532464772e+01
2.258184840000000000e+08 1.069609470158799347e+01
2.258911300000000000e+08 1.069695156145901827e+01
2.259636780000000000e+08 1.069364532391590394e+01
2.260347830000000000e+08 1.067704098221518549e+01
2.261069950000000000e+08 1.068484215130739479e+01
2.261760490000000000e+08 1.069000871637300421e+01
2.262456350000000000e+08 1.069431894285949447e+01
2.263142790000000000e+08 1.070064236307815442e+01
2.263835340000000000e+08 1.070013201377791923e+01
2.264521660000000000e+08 1.069819837469722756e+01
2.265269660000000000e+08 1.069439617891489824e+01
2.266020260000000000e+08 1.068359021603125214e+01
2.266693580000000000e+08 1.067413963928605192e+01
2.267405470000000000e+08 1.067821685129080400e+01
2.268097260000000000e+08 1.068323122714228646e+01
2.268826510000000000e+08 1.068192988305285951e+01
2.269529290000000000e+08 1.067815867300253352e+01
2.270202740000000000e+08 1.068284989063785417e+01
2.270921080000000000e+08 1.068433982803806792e+01
2.271655210000000000e+08 1.068040003290439799e+01
2.272378680000000000e+08 1.068316259635967214e+01
2.273094910000000000e+08 1.067237293344344451e+01
2.273789640000000000e+08 1.068669965541952038e+01
2.274488670000000000e+08 1.069173214649526393e+01
2.275211730000000000e+08 1.068873582833045432e+01
2.275924990000000000e+08 1.069223559258608702e+01
2.276627220000000000e+08 1.069579346589485347e+01
2.277365390000000000e+08 1.069551484341357828e+01
2.278026570000000000e+08 1.069620011852365238e+01
2.278780650000000000e+08 1.067831229184835351e+01
2.279460240000000000e+08 1.067099752708685401e+01
2.280205680000000000e+08 1.067032599021912276e+01
2.280953360000000000e+08 1.067387031405713138e+01
2.281687320000000000e+08 1.067558623852793609e+01
2.282386430000000000e+08 1.068428218231916560e+01
2.283093660000000000e+08 1.069094194341496618e+01
2.283820560000000000e+08 1.069060926783120991e+01
2.284530800000000000e+08 1.068829524470389103e+01
2.285240810000000000e+08 1.069592991663720660e+01
2.285944920000000000e+08 1.068607993791869148e+01
2.286656740000000000e+08 1.069641951837002836e+01
2.287356470000000000e+08 1.070205644947254520e+01
2.288048710000000000e+08 1.069739994648729642e+01
2.288740960000000000e+08 1.068826568537802402e+01
2.289483080000000000e+08 1.068310185688242342e+01
2.290197270000000000e+08 1.068258827682258172e+01
2.290967780000000000e+08 1.068191567933696362e+01
2.291690280000000000e+08 1.065680161948940530e+01
2.292405370000000000e+08 1.066157490582337353e+01
2.293094010000000000e+08 1.065844652608697984e+01
2.293823580000000000e+08 1.065761580387974838e+01
2.294527180000000000e+08 1.066367039323453625e+01
2.295216340000000000e+08 1.065917946823748430e+01
2.295923170000000000e+08 1.064534994844425597e+01
2.296668880000000000e+08 1.063914425033059530e+01
2.297368350000000000e+08 1.064334904101341017e+01
2.298095960000000000e+08 1.064818610428842760e+01
2.298817710000000000e+08 1.064261974271664180e+01
2.299534960000000000e+08 1.064524324268132816e+01
2.300203650000000000e+08 1.064734739227392524e+01
2.300907130000000000e+08 1.065552389768310348e+01
2.301594270000000000e+08 1.065158622833665625e+01
2.302304220000000000e+08 1.065574804874458259e+01
2.303010790000000000e+08 1.064308149487738220e+01
2.303716490000000000e+08 1.064373118865979428e+01
2.304404610000000000e+08 1.065500225166282000e+01
2.305099880000000000e+08 1.063567577360077010e+01
2.305822680000000000e+08 1.062712255492075109e+01
2.306542890000000000e+08 1.062417711698846645e+01
2.307273350000000000e+08 1.062764204584033578e+01
2.307967060000000000e+08 1.063276473792252830e+01
2.308704800000000000e+08 1.063318936973389128e+01
2.309404110000000000e+08 1.064896910050777379e+01
2.310101380000000000e+08 1.063965483224630226e+01
2.310817040000000000e+08 1.063010418890097952e+01
2.311531730000000000e+08 1.062449580476891953e+01
2.312220480000000000e+08 1.062189929121476339e+01
2.312919360000000000e+08 1.062237491285720381e+01
2.313626870000000000e+08 1.060292793866892325e+01
2.314348990000000000e+08 1.058865444415729407e+01
2.315048280000000000e+08 1.059527361727859862e+01
2.315767890000000000e+08 1.058830997818379949e+01
2.316516900000000000e+08 1.059174961072939603e+01
2.317234700000000000e+08 1.058604855860386351e+01
2.317962720000000000e+08 1.058092436209435583e+01
2.318663790000000000e+08 1.057929434633135912e+01
2.319378360000000000e+08 1.058237917170966647e+01
2.320098830000000000e+08 1.059003125066847240e+01
2.320763250000000000e+08 1.059859956438026174e+01
2.321450930000000000e+08 1.060116720466010776e+01
2.322178530000000000e+08 1.060250477673864467e+01
2.322916200000000000e+08 1.059224452943334072e+01
2.323616280000000000e+08 1.058920787960640730e+01
2.324316330000000000e+08 1.057522628890656158e+01
2.325034410000000000e+08 1.057480827057020356e+01
2.325754170000000000e+08 1.057726354108814881e+01
2.326484290000000000e+08 1.057623348276774422e+01
2.327178960000000000e+08 1.057411090679770638e+01
2.327918230000000000e+08 1.056504839190958300e+01
2.328638150000000000e+08 1.055453517011241438e+01
2.329344880000000000e+08 1.054940821078145063e+01
2.330052920000000000e+08 1.055513502658842739e+01
2.330808790000000000e+08 1.055237007217846568e+01
2.331525610000000000e+08 1.055618869494461798e+01
2.332217560000000000e+08 1.056642945733954164e+01
2.332959590000000000e+08 1.056804393156626531e+01
2.333643480000000000e+08 1.057335741458403788e+01
2.334389150000000000e+08 1.057109024770305616e+01
2.335081770000000000e+08 1.056735445682642016e+01
2.335775270000000000e+08 1.057713880399425754e+01
2.336495730000000000e+08 1.057239449832971268e+01
2.337232080000000000e+08 1.056702173798299960e+01
2.337938620000000000e+08 1.055902079151370998e+01
2.338650050000000000e+08 1.055268098952625699e+01
2.339378360000000000e+08 1.055785817021618556e+01
2.340109440000000000e+08 1.055833459568398958e+01
2.340806310000000000e+08 1.056141017371081858e+01
2.341481180000000000e+08 1.056141492164947238e+01
2.342219600000000000e+08 1.056771783165739365e+01
2.342941990000000000e+08 1.056892236275394481e+01
2.343657810000000000e+08 1.055965241315019654e+01
2.344372640000000000e+08 1.054150945606098411e+01
2.345054840000000000e+08 1.052771966981257812e+01
2.345782070000000000e+08 1.052225205383864903e+01
2.346468860000000000e+08 1.052470121487345800e+01
2.347165250000000000e+08 1.052157681045546944e+01
2.347869950000000000e+08 1.051636125027898672e+01
2.348547280000000000e+08 1.051895378604909226e+01
2.349274510000000000e+08 1.052796138219759925e+01
2.350003400000000000e+08 1.052488204353609191e+01
2.350686370000000000e+08 1.053334334196843614e+01
2.351386780000000000e+08 1.054140916688574947e+01
2.352117330000000000e+08 1.052669763613052112e+01
2.352859210000000000e+08 1.053535829499378984e+01
2.353540050000000000e+08 1.054112647675403380e+01
2.354254810000000000e+08 1.054644204217860626e+01
2.354974670000000000e+08 1.054627677740203140e+01
2.355691520000000000e+08 1.053662943817769815e+01
2.356459760000000000e+08 1.053440832044197784e+01
2.357155130000000000e+08 1.052448466946333738e+01
2.357869390000000000e+08 1.052826794059360616e+01
2.358582120000000000e+08 1.053058873609839452e+01
2.359282720000000000e+08 1.052620453123339139e+01
2.359989520000000000e+08 1.051570932847839934e+01
2.360682790000000000e+08 1.051979947068540611e+01
2.361402340000000000e+08 1.051950036725632565e+01
2.362112090000000000e+08 1.051788280794069053e+01
2.362795280000000000e+08 1.051442214757305571e+01
2.363506130000000000e+08 1.050981856085508426e+01
2.364217970000000000e+08 1.050172173617970728e+01
2.364916690000000000e+08 1.050530301959304680e+01
2.365617850000000000e+08 1.050685169471794644e+01
2.366296370000000000e+08 1.049210645789240992e+01
2.367006960000000000e+08 1.048915370011629733e+01
2.367740540000000000e+08 1.049068612493001318e+01
2.368478150000000000e+08 1.049436422220699505e+01
2.369208140000000000e+08 1.048945415222582334e+01
2.369885260000000000e+08 1.049824830287116484e+01
2.370568150000000000e+08 1.049368155854674534e+01
2.371318540000000000e+08 1.049365436578511890e+01
2.372039150000000000e+08 1.049107441391227091e+01
2.372749880000000000e+08 1.050065330315272760e+01
2.373480450000000000e+08 1.049099580273947474e+01
2.374186190000000000e+08 1.048938030322833548e+01
2.374913100000000000e+08 1.049256246232135048e+01
2.375632850000000000e+08 1.048573714940935986e+01
2.376350650000000000e+08 1.048172081511391340e+01
2.377064400000000000e+08 1.048314639690455508e+01
2.377792840000000000e+08 1.048062467070200299e+01
2.378486840000000000e+08 1.049005140914753653e+01
2.379189540000000000e+08 1.049489840087568915e+01
2.379920090000000000e+08 1.048766079060561118e+01
2.380595380000000000e+08 1.048460508004429848e+01
2.381295210000000000e+08 1.048314914542751275e+01
2.382076720000000000e+08 1.047549069177308745e+01
2.382771730000000000e+08 1.046941590381799081e+01
2.383485780000000000e+08 1.047763240360924186e+01
2.384195830000000000e+08 1.047975039938999053e+01
2.384889740000000000e+08 1.048287453189275986e+01
2.385576350000000000e+08 1.047860669625427477e+01
2.386310040000000000e+08 1.047351216730190160e+01
2.387019830000000000e+08 1.047790152433958966e+01
2.387741900000000000e+08 1.047128879988480499e+01
2.388447660000000000e+08 1.045344423556974434e+01
2.389145160000000000e+08 1.045977302189065483e+01
2.389889370000000000e+08 1.045735365932287664e+01
2.390589130000000000e+08 1.046957594025028015e+01
2.391289030000000000e+08 1.046536991247889503e+01
2.392018340000000000e+08 1.046847757963585579e+01
2.392726820000000000e+08 1.047129238308197152e+01
2.393387060000000000e+08 1.047589160261771823e+01
2.394064260000000000e+08 1.048221649359809504e+01
2.394752420000000000e+08 1.048262800682464402e+01
2.395455580000000000e+08 1.047610130518537019e+01
2.396178520000000000e+08 1.048637958499589118e+01
2.396904360000000000e+08 1.047468764395014595e+01
2.397595940000000000e+08 1.047184585354736797e+01
2.398287610000000000e+08 1.046922393397481699e+01
2.399001860000000000e+08 1.046122499785375481e+01
2.399715240000000000e+08 1.046050037752171491e+01
2.400420710000000000e+08 1.047341064896211549e+01
2.401085240000000000e+08 1.046175255079257127e+01
2.401792390000000000e+08 1.045163268404780688e+01
2.402456710000000000e+08 1.045199355228078097e+01
2.403147880000000000e+08 1.044933733779474494e+01
2.403876590000000000e+08 1.044271977019701936e+01
2.404570070000000000e+08 1.043903464274624504e+01
2.405289800000000000e+08 1.044170225896445459e+01
2.406028770000000000e+08 1.042836307807488438e+01
2.406724110000000000e+08 1.042697533839843516e+01
2.407457640000000000e+08 1.043489574957793309e+01
2.408156260000000000e+08 1.044139379609650398e+01
2.408875150000000000e+08 1.043654533661400841e+01
2.409609540000000000e+08 1.042984880963284411e+01
2.410315640000000000e+08 1.043070139903151627e+01
2.411043130000000000e+08 1.043742415753526132e+01
2.411771370000000000e+08 1.042973507425165813e+01
2.412446260000000000e+08 1.042517495777323333e+01
2.413155540000000000e+08 1.043028922523664903e+01
2.413832420000000000e+08 1.042709950959659437e+01
2.414573940000000000e+08 1.043422517111493875e+01
2.415291130000000000e+08 1.043425903622509310e+01
2.416004760000000000e+08 1.043773993022665003e+01
2.416701520000000000e+08 1.043212026568077810e+01
2.417393860000000000e+08 1.042694551626893329e+01
2.418122700000000000e+08 1.040770663727669998e+01
2.418794810000000000e+08 1.040043819179303952e+01
2.419490020000000000e+08 1.040486675301768926e+01
2.420228970000000000e+08 1.041198587934229458e+01
2.420912960000000000e+08 1.040190717014191080e+01
2.421627940000000000e+08 1.040327855468667551e+01
2.422358960000000000e+08 1.039325498337148979e+01
2.423089800000000000e+08 1.039102932498401977e+01
2.423804230000000000e+08 1.038035536538660075e+01
2.424470060000000000e+08 1.037974118582941152e+01
2.425159130000000000e+08 1.038146509019390074e+01
2.425846480000000000e+08 1.037145424272943828e+01
2.426536910000000000e+08 1.036959157495993011e+01
2.427243400000000000e+08 1.037811631814322944e+01
2.427977570000000000e+08 1.038235722422704299e+01
2.428620680000000000e+08 1.037898995477703323e+01
2.429337190000000000e+08 1.037706884711090538e+01
2.430061320000000000e+08 1.036121070321008730e+01
2.430798440000000000e+08 1.034930943050028240e+01
2.431485160000000000e+08 1.035320972529281214e+01
2.432239290000000000e+08 1.035527305356871963e+01
2.432969310000000000e+08 1.034937147328878737e+01
2.433677530000000000e+08 1.035185652248645383e+01
2.434422650000000000e+08 1.035978838043326355e+01
2.435151470000000000e+08 1.034695377660660753e+01
2.435820380000000000e+08 1.034801482459886302e+01
2.436518620000000000e+08 1.035312668505284606e+01
2.437221770000000000e+08 1.034257389985838138e+01
2.437950080000000000e+08 1.034177740206401097e+01
2.438664550000000000e+08 1.035130234521747106e+01
2.439384250000000000e+08 1.035524132124198715e+01
2.440112800000000000e+08 1.035267231825557666e+01
2.440801470000000000e+08 1.034358890531247432e+01
2.441517380000000000e+08 1.034297971357291779e+01
2.442190140000000000e+08 1.034591642375806764e+01
2.442882130000000000e+08 1.033284820498850110e+01
2.443572690000000000e+08 1.032652064624664412e+01
2.444294190000000000e+08 1.033206692358761103e+01
2.445011440000000000e+08 1.032769548201055798e+01
2.445745540000000000e+08 1.033039033296202547e+01
2.446442170000000000e+08 1.032877363213867739e+01
2.447143180000000000e+08 1.032106284245375427e+01
2.447876680000000000e+08 1.031887357429976504e+01
2.448593670000000000e+08 1.031699999432847648e+01
2.449273510000000000e+08 1.031890470731896947e+01
2.449989630000000000e+08 1.032420448329144946e+01
2.450697130000000000e+08 1.032221514047036415e+01
2.451397200000000000e+08 1.032748153035711702e+01
2.452156100000000000e+08 1.032441982152227666e+01
2.452912140000000000e+08 1.032078696974177667e+01
2.453594720000000000e+08 1.031629554131027504e+01
2.454313100000000000e+08 1.030647549156965681e+01
2.455027480000000000e+08 1.031147896411204457e+01
2.455745670000000000e+08 1.030929730036583436e+01
2.456409990000000000e+08 1.030942098615934910e+01
2.457109500000000000e+08 1.031170409802911436e+01
2.457788030000000000e+08 1.031065983343146897e+01
2.458517540000000000e+08 1.031071105661205500e+01
2.459269740000000000e+08 1.030908622079577519e+01
2.459982860000000000e+08 1.031335381383777872e+01
2.460694820000000000e+08 1.031463273612481935e+01
2.461421480000000000e+08 1.032250592922528831e+01
2.462133390000000000e+08 1.031901022165104820e+01
2.462830490000000000e+08 1.031894223440739822e+01
2.463538470000000000e+08 1.031141234133500006e+01
2.464239990000000000e+08 1.030634472034105542e+01
2.464934080000000000e+08 1.031898308854060176e+01
2.465660960000000000e+08 1.032110027056597801e+01
2.466356060000000000e+08 1.030299604630302923e+01
2.467072140000000000e+08 1.029789371085631089e+01
2.467769620000000000e+08 1.030128655408770655e+01
2.468483350000000000e+08 1.029755839027488129e+01
2.469192810000000000e+08 1.028923347755806184e+01
2.469875380000000000e+08 1.029102656166735485e+01
2.470601060000000000e+08 1.027532837989104308e+01
2.471355950000000000e+08 1.027288267389283050e+01
2.472097490000000000e+08 1.027204624979513525e+01
2.472830550000000000e+08 1.025840655166682680e+01
2.473532990000000000e+08 1.026328676456425271e+01
2.474281810000000000e+08 1.026979119542977870e+01
2.475024890000000000e+08 1.026967253444229300e+01
2.475760840000000000e+08 1.026444895907348887e+01
2.476446350000000000e+08 1.026693741105824742e+01
2.477127970000000000e+08 1.026626068218795851e+01
2.477816820000000000e+08 1.027411369874388569e+01
2.478524540000000000e+08 1.027333185092542855e+01
2.479205200000000000e+08 1.027367940344514530e+01
2.479953740000000000e+08 1.026679183343499879e+01
2.480680500000000000e+08 1.027562439574917263e+01
2.481423230000000000e+08 1.028654423385229855e+01
2.482151150000000000e+08 1.028032418531765124e+01
2.482832980000000000e+08 1.026980620855805881e+01
2.483579020000000000e+08 1.027067250940116949e+01
2.484304160000000000e+08 1.027533264511067657e+01
2.485049700000000000e+08 1.027183589613455972e+01
2.485763890000000000e+08 1.026000857828918811e+01
2.486499280000000000e+08 1.024942724405570971e+01
2.487234980000000000e+08 1.025584252694117993e+01
2.487937930000000000e+08 1.025739352594121456e+01
2.488639530000000000e+08 1.026570168187238785e+01
2.489345170000000000e+08 1.026154731194425906e+01
2.490047330000000000e+08 1.026003361498053223e+01
2.490744130000000000e+08 1.026120118088104682e+01
2.491423650000000000e+08 1.025736730016320664e+01
2.492136880000000000e+08 1.025750361989392268e+01
2.492851290000000000e+08 1.024710716346374539e+01
2.493559780000000000e+08 1.025123807897503525e+01
2.494293170000000000e+08 1.025546860028900475e+01
2.495058250000000000e+08 1.026162687333648549e+01
2.495800130000000000e+08 1.025642788077274759e+01
2.496475170000000000e+08 1.024655165973048021e+01
2.497172260000000000e+08 1.025071951640125967e+01
2.497862830000000000e+08 1.025437777756161495e+01
2.498531610000000000e+08 1.025627938443915532e+01
2.499237370000000000e+08 1.024764577301882795e+01
2.499934290000000000e+08 1.024333476716864233e+01
2.500605510000000000e+08 1.024114268295829433e+01
2.501331620000000000e+08 1.023553411846878269e+01
2.502019140000000000e+08 1.023988916976399111e+01
2.502759570000000000e+08 1.025056162481179456e+01
2.503476130000000000e+08 1.026016737891139208e+01
2.504197990000000000e+08 1.025577285323665144e+01
2.504906130000000000e+08 1.025592457540031432e+01
2.505632890000000000e+08 1.024990543846110747e+01
2.506344400000000000e+08 1.024004186736832622e+01
2.507045330000000000e+08 1.024657056219630036e+01
2.507762160000000000e+08 1.024377272518496973e+01
2.508478670000000000e+08 1.024338318966841221e+01
2.509173210000000000e+08 1.023960273263365117e+01
2.509884650000000000e+08 1.023548468370040965e+01
2.510579360000000000e+08 1.023516694004211125e+01
2.511281260000000000e+08 1.023216762373484734e+01
2.511983240000000000e+08 1.023243407444056707e+01
2.512702150000000000e+08 1.023516259573244902e+01
2.513372560000000000e+08 1.023634773955134314e+01
2.514073770000000000e+08 1.024475444324969153e+01
2.514796690000000000e+08 1.025170404467504071e+01
2.515509590000000000e+08 1.025539129305786545e+01
2.516185920000000000e+08 1.025003207510470915e+01
2.516871630000000000e+08 1.024736891888001367e+01
2.517602420000000000e+08 1.023607778475607510e+01
2.518313950000000000e+08 1.023158658158363288e+01
2.519037110000000000e+08 1.022668222444896990e+01
2.519764490000000000e+08 1.023188064732400271e+01
2.520460510000000000e+08 1.023027798295543533e+01
2.521176250000000000e+08 1.023648241162922368e+01
2.521857720000000000e+08 1.024042469895859853e+01
2.522568130000000000e+08 1.024517345036886873e+01
2.523304160000000000e+08 1.023055088050969452e+01
2.524073760000000000e+08 1.021780257882737963e+01
2.524791360000000000e+08 1.020931107476858379e+01
2.525543420000000000e+08 1.020422750263388778e+01
2.526240160000000000e+08 1.021018597053392796e+01
2.526960750000000000e+08 1.020846207307708653e+01
2.527668830000000000e+08 1.019997602760643574e+01
2.528389310000000000e+08 1.018779023986060750e+01
2.529102050000000000e+08 1.018682206909751642e+01
2.529843920000000000e+08 1.018382289212889802e+01
2.530525810000000000e+08 1.017768824832753083e+01
2.531229120000000000e+08 1.016833976710292298e+01
2.531963470000000000e+08 1.015174869947007430e+01
2.532637260000000000e+08 1.014545915244164398e+01
2.533335060000000000e+08 1.014541173775724836e+01
2.534035190000000000e+08 1.015289559168933842e+01
2.534762180000000000e+08 1.015112847526576800e+01
2.535482280000000000e+08 1.015098101848187540e+01
2.536193120000000000e+08 1.015060255096899944e+01
2.536928150000000000e+08 1.014565156941488944e+01
2.537633340000000000e+08 1.014111203244350001e+01
2.538358110000000000e+08 1.014318146939104892e+01
2.539081650000000000e+08 1.013313868143757190e+01
2.539814790000000000e+08 1.013209018690856666e+01
2.540500410000000000e+08 1.013749882553889847e+01
2.541173690000000000e+08 1.013241186765306701e+01
2.541908690000000000e+08 1.013492149768644524e+01
2.542644040000000000e+08 1.012987740689102445e+01
2.543347570000000000e+08 1.012787741455055190e+01
2.544059670000000000e+08 1.012140611564730897e+01
2.544754220000000000e+08 1.012846275143596841e+01
2.545448960000000000e+08 1.012724229772037532e+01
2.546160210000000000e+08 1.013853196716115157e+01
2.546869020000000000e+08 1.013660665868449584e+01
2.547603000000000000e+08 1.013909941400980230e+01
2.548297880000000000e+08 1.013249181316450986e+01
2.549023490000000000e+08 1.013633018824707044e+01
2.549710090000000000e+08 1.013499942651728070e+01
2.550410450000000000e+08 1.013192394158533993e+01
2.551094770000000000e+08 1.013753272106695746e+01
2.551817540000000000e+08 1.013141613533692897e+01
2.552534380000000000e+08 1.012980910150793079e+01
2.553261130000000000e+08 1.012301889257846632e+01
2.554003990000000000e+08 1.012432770344665123e+01
2.554707990000000000e+08 1.012108390013544579e+01
2.555404480000000000e+08 1.011641020768307087e+01
2.556071250000000000e+08 1.010795433136662602e+01
2.556778810000000000e+08 1.010959795017688556e+01
2.557487840000000000e+08 1.009921316978925354e+01
2.558205430000000000e+08 1.010305259564349711e+01
2.558884390000000000e+08 1.009872696780085199e+01
2.559614560000000000e+08 1.009681417277126236e+01
2.560359190000000000e+08 1.008590978203196897e+01
2.561068100000000000e+08 1.007898558528457222e+01
2.561772940000000000e+08 1.007318800806494963e+01
2.562452570000000000e+08 1.007035139808871271e+01
2.563186180000000000e+08 1.007431397570305442e+01
2.563911790000000000e+08 1.007325782771931522e+01
2.564649450000000000e+08 1.007322365318376534e+01
2.565373240000000000e+08 1.006049838913345162e+01
2.566053490000000000e+08 1.004127975526890992e+01
2.566765110000000000e+08 1.004956747962638808e+01
2.567466910000000000e+08 1.004670363020450807e+01
2.568167820000000000e+08 1.004708019401149421e+01
2.568874350000000000e+08 1.004441869225415651e+01
2.569587240000000000e+08 1.004210885365020722e+01
2.570275520000000000e+08 1.003660261863767289e+01
2.570985780000000000e+08 1.003434770411386445e+01
2.571681310000000000e+08 1.002701866075365977e+01
2.572395410000000000e+08 1.002352753359134141e+01
2.573121400000000000e+08 1.003146372532106945e+01
2.573814070000000000e+08 1.002235757572426422e+01
2.574519560000000000e+08 1.002433474162584659e+01
2.575195740000000000e+08 1.002535525280706707e+01
2.575922680000000000e+08 1.002587399424124470e+01
2.576639790000000000e+08 1.002705222420553710e+01
2.577345120000000000e+08 1.002406303475025062e+01
2.578079990000000000e+08 1.002111317022681192e+01
2.578772210000000000e+08 1.002725288828344219e+01
2.579484070000000000e+08 1.002198179124022381e+01
2.580193370000000000e+08 1.002389314403987797e+01
2.580947810000000000e+08 1.001728900465887051e+01
2.581711330000000000e+08 1.001872977170248014e+01
2.582426930000000000e+08 1.001508744485760793e+01
2.583095300000000000e+08 1.000598411360384787e+01
2.583791750000000000e+08 1.000913434730474805e+01
2.584494250000000000e+08 1.001889282354900601e+01
2.585177430000000000e+08 1.001703560955260741e+01
2.585892950000000000e+08 1.002603923438687161e+01
2.586593670000000000e+08 1.002540283237048513e+01
2.587258660000000000e+08 1.003080694868516076e+01
2.587955380000000000e+08 1.003397872131699664e+01
2.588677310000000000e+08 1.003028565842348740e+01
2.589387110000000000e+08 1.003024646131907360e+01
2.590088250000000000e+08 1.002434625511117616e+01
2.590811370000000000e+08 1.002320318177675595e+01
2.591545650000000000e+08 1.002233351779047510e+01
2.592271930000000000e+08 1.002295562221314107e+01
2.592993910000000000e+08 1.002142732202919362e+01
2.593675920000000000e+08 1.001744815925144749e+01
2.594366690000000000e+08 1.001534987916548758e+01
2.595102120000000000e+08 1.001784665472221825e+01
2.595791060000000000e+08 1.000760846728372577e+01
2.596521280000000000e+08 9.995047528861300989e+00
2.597241930000000000e+08 9.994708829630781111e+00
2.597948280000000000e+08 9.998492009394787772e+00
2.598668610000000000e+08 9.998613876543856804e+00
2.599385830000000000e+08 1.000301777815261239e+01
2.600092240000000000e+08 1.000707592700328163e+01
2.600816000000000000e+08 1.001591218278861284e+01
2.601551380000000000e+08 1.001262038033794255e+01
2.602275030000000000e+08 1.001006452271785818e+01
2.602946220000000000e+08 1.001714155692920016e+01
2.603668190000000000e+08 1.002259000397052269e+01
2.604395520000000000e+08 1.002818173733415286e+01
2.605074860000000000e+08 1.003210001540288232e+01
2.605791980000000000e+08 1.003068349848127383e+01
2.606526120000000000e+08 1.001624519721454298e+01
2.607245080000000000e+08 1.002132432313121413e+01
2.607962480000000000e+08 1.003145616208357715e+01
2.608656930000000000e+08 1.003060609961249838e+01
2.609369020000000000e+08 1.002985270785620564e+01
2.610094350000000000e+08 1.002051882407791794e+01
2.610781090000000000e+08 1.000638844337805367e+01
2.611502340000000000e+08 1.000246317015756503e+01
2.612227810000000000e+08 1.000014128871243990e+01
2.612977560000000000e+08 9.998571180153955851e+00
2.613712290000000000e+08 9.995134354705516699e+00
2.614445130000000000e+08 9.995108465149348476e+00
2.615169110000000000e+08 9.991681963529631005e+00
2.615884730000000000e+08 9.995090465891617981e+00
2.616581980000000000e+08 1.000088152913840034e+01
2.617280490000000000e+08 9.997417078952047120e+00
2.617947860000000000e+08 1.001061898103232295e+01
2.618603070000000000e+08 1.001017671744877191e+01
2.619308310000000000e+08 1.000136796852957133e+01
2.619995830000000000e+08 9.999454515775463292e+00
2.620691470000000000e+08 1.000232004219117776e+01
2.621382330000000000e+08 9.993794148463901905e+00
2.622090970000000000e+08 9.995009602330840792e+00
2.622784980000000000e+08 9.995286829610630974e+00
2.623480980000000000e+08 9.999434266539651617e+00
2.624195810000000000e+08 9.992245957133064849e+00
2.624936450000000000e+08 9.987806749634577486e+00
2.625667560000000000e+08 9.986263937567402493e+00
2.626366770000000000e+08 9.990004541660756132e+00
2.627061940000000000e+08 9.993526848094663961e+00
2.627787230000000000e+08 9.991239476738247305e+00
2.628486480000000000e+08 9.995939899699749276e+00
2.629203150000000000e+08 9.990836130970953022e+00
2.629918230000000000e+08 9.985082560468248047e+00
2.630611190000000000e+08 9.990324952578632178e+00
2.631301390000000000e+08 9.991425620899724080e+00
2.632034400000000000e+08 9.992971107485054461e+00
2.632698150000000000e+08 9.989074653963040618e+00
2.633418780000000000e+08 9.992595295449914872e+00
2.634124550000000000e+08 9.997834675112384772e+00
2.634814040000000000e+08 9.995204917013690959e+00
2.635548960000000000e+08 9.990955687472249380e+00
2.636288100000000000e+08 9.989391664842607099e+00
2.636978310000000000e+08 9.983116773220753970e+00
2.637679280000000000e+08 9.986559288286825264e+00
2.638395930000000000e+08 9.987850410091366982e+00
2.639090460000000000e+08 9.984075271175949950e+00
2.639786380000000000e+08 9.970585042044906032e+00
2.640492600000000000e+08 9.967641073949987884e+00
2.641194790000000000e+08 9.960922490006835162e+00
2.641903710000000000e+08 9.965684478711386518e+00
2.642638210000000000e+08 9.965888162623068425e+00
2.643349210000000000e+08 9.969906242261362905e+00
2.644088540000000000e+08 9.968817665751473100e+00
2.644787230000000000e+08 9.958088430162067795e+00
2.645450690000000000e+08 9.958610015066218679e+00
2.646133050000000000e+08 9.960350541802048596e+00
2.646818900000000000e+08 9.951392047300137378e+00
2.647495550000000000e+08 9.942109099842189934e+00
2.648188350000000000e+08 9.943940158075109892e+00
2.648876000000000000e+08 9.949030394137901467e+00
2.649593270000000000e+08 9.951070025554514586e+00
2.650295230000000000e+08 9.946086274615419498e+00
2.651028710000000000e+08 9.949624552546922018e+00
2.651752570000000000e+08 9.945573339916121469e+00
2.652455400000000000e+08 9.953837394438995290e+00
2.653166590000000000e+08 9.950817108682061374e+00
2.653857730000000000e+08 9.950689040836763866e+00
2.654559220000000000e+08 9.947631664135462515e+00
2.655255290000000000e+08 9.940443312408868692e+00
2.655957890000000000e+08 9.937845565496729705e+00
2.656643020000000000e+08 9.941880650879577175e+00
2.657311560000000000e+08 9.940847708887323719e+00
2.657984160000000000e+08 9.935449035231629367e+00
2.658699380000000000e+08 9.937831604907037431e+00
2.659421280000000000e+08 9.945248413117152353e+00
2.660152940000000000e+08 9.950608800979658497e+00
2.660848740000000000e+08 9.955917744460364815e+00
2.661577760000000000e+08 9.951621937664926421e+00
2.662317730000000000e+08 9.958148686571265173e+00
2.663070870000000000e+08 9.947667597792245076e+00
2.663810750000000000e+08 9.944245876810080986e+00
2.664479560000000000e+08 9.957028678099124619e+00
2.665182060000000000e+08 9.959977331335700512e+00
2.665852070000000000e+08 9.955853125263649517e+00
2.666562980000000000e+08 9.953780728931530319e+00
2.667255610000000000e+08 9.971072517535917612e+00
2.667979420000000000e+08 9.964424595182181932e+00
2.668668390000000000e+08 9.971804603386594579e+00
2.669372780000000000e+08 9.980990163464424469e+00
2.670056280000000000e+08 9.982661361432477065e+00
2.670773660000000000e+08 9.980828297068146782e+00
2.671483040000000000e+08 9.978523795970035692e+00
2.672211960000000000e+08 9.977795883733787008e+00
2.672954140000000000e+08 9.959681420245800609e+00
2.673683430000000000e+08 9.954365945697711382e+00
2.674393180000000000e+08 9.948271778672101107e+00
2.675125640000000000e+08 9.945486359150381261e+00
2.675848510000000000e+08 9.936031089318326792e+00
2.676538590000000000e+08 9.937430565662008775e+00
2.677231440000000000e+08 9.933425935722015154e+00
2.677976130000000000e+08 9.927247183774451145e+00
2.678660820000000000e+08 9.921526280712111401e+00
2.679380580000000000e+08 9.926687967825444048e+00
2.680100670000000000e+08 9.937210579902902907e+00
2.680774950000000000e+08 9.930466176319118432e+00
2.681500310000000000e+08 9.933389252984035522e+00
2.682212140000000000e+08 9.939072473339173541e+00
2.682963740000000000e+08 9.945851984249738820e+00
2.683706300000000000e+08 9.941765717551872328e+00
2.684407120000000000e+08 9.945860900495137713e+00
2.685139190000000000e+08 9.951108564740879459e+00
2.685836240000000000e+08 9.945260641881837671e+00
2.686536680000000000e+08 9.943066670739018065e+00
2.687253720000000000e+08 9.942874056752323497e+00
2.687983900000000000e+08 9.925981625481060888e+00
2.688687400000000000e+08 9.921417035356826730e+00
2.689371700000000000e+08 9.918404363863603024e+00
2.690034640000000000e+08 9.917934738448368037e+00
2.690692270000000000e+08 9.911381308951582980e+00
2.691349500000000000e+08 9.921276259951209653e+00
2.692051940000000000e+08 9.926210197403428026e+00
2.692783290000000000e+08 9.929730206268704507e+00
2.693533110000000000e+08 9.935684045851834512e+00
2.694251970000000000e+08 9.933533155999723974e+00
2.694974020000000000e+08 9.936736355754582917e+00
2.695696810000000000e+08 9.937121427857965372e+00
2.696413200000000000e+08 9.934027282590204067e+00
2.697130310000000000e+08 9.929364094713296396e+00
2.697785520000000000e+08 9.931449618886794894e+00
2.698471200000000000e+08 9.928920876459802258e+00
2.699175400000000000e+08 9.918246069666029285e+00
2.699884540000000000e+08 9.926370058679582442e+00
2.700590830000000000e+08 9.925522724764229920e+00
2.701288960000000000e+08 9.921058778132422873e+00
2.702034930000000000e+08 9.919943482766552023e+00
2.702702920000000000e+08 9.927227586774044710e+00
2.703369750000000000e+08 9.923817645966169110e+00
2.704042980000000000e+08 9.924137711868063150e+00
2.704698810000000000e+08 9.921002611839600860e+00
2.705394390000000000e+08 9.905678732201833370e+00
2.706089790000000000e+08 9.894159710440463940e+00
2.706803810000000000e+08 9.889700022748050046e+00
2.707506080000000000e+08 9.878570418307297984e+00
2.708228620000000000e+08 9.886693824041559608e+00
2.708946540000000000e+08 9.877029213046515821e+00
2.709697530000000000e+08 9.880577736244424258e+00
2.710377070000000000e+08 9.871058306080296774e+00
2.711106400000000000e+08 9.865388140611791812e+00
2.711824510000000000e+08 9.863893827209148313e+00
2.712547080000000000e+08 9.852914481463583840e+00
2.713266130000000000e+08 9.857646603441603261e+00
2.713996980000000000e+08 9.856326220879735089e+00
2.714701520000000000e+08 9.846926265833202407e+00
2.715388130000000000e+08 9.839092016512376304e+00
2.716156390000000000e+08 9.840884330200966090e+00
2.716881870000000000e+08 9.835001369197863497e+00
2.717577310000000000e+08 9.841452546068577334e+00
2.718278030000000000e+08 9.845263804656619655e+00
2.718982300000000000e+08 9.848423736040725629e+00
2.719713520000000000e+08 9.846071066730708310e+00
2.720402960000000000e+08 9.835694164451755483e+00
2.721139750000000000e+08 9.827796285150425248e+00
2.721855270000000000e+08 9.832046976303194796e+00
2.722566810000000000e+08 9.831765186795681899e+00
2.723260780000000000e+08 9.832175415014367204e+00
2.723974740000000000e+08 9.829663269543058135e+00
2.724695770000000000e+08 9.823432506475178627e+00
2.725364470000000000e+08 9.823880456267552574e+00
2.726041400000000000e+08 9.822578273265948567e+00
2.726736770000000000e+08 9.822243650827983785e+00
2.727445040000000000e+08 9.824066376753705754e+00
2.728171790000000000e+08 9.830692351250267080e+00
2.728870750000000000e+08 9.833250066434830572e+00
2.729554150000000000e+08 9.834280358239491093e+00
2.730293920000000000e+08 9.831834031686936370e+00
2.731015690000000000e+08 9.829471550119244228e+00
2.731715270000000000e+08 9.826692591760275874e+00
2.732443200000000000e+08 9.831210200959667134e+00
2.733172860000000000e+08 9.836179821697843551e+00
2.733884540000000000e+08 9.837521617993806089e+00
2.734562260000000000e+08 9.835371354087341089e+00
2.735241810000000000e+08 9.838990916676568332e+00
2.735939200000000000e+08 9.846116382818816959e+00
2.736655380000000000e+08 9.841263748728218630e+00
2.737334490000000000e+08 9.841658536254859868e+00
2.738057230000000000e+08 9.839244694194237084e+00
2.738764360000000000e+08 9.834212587499610692e+00
2.739461390000000000e+08 9.818809652550372746e+00
2.740172840000000000e+08 9.823735933925009434e+00
2.740864020000000000e+08 9.827518576630644986e+00
2.741578070000000000e+08 9.837685889420184182e+00
2.742303770000000000e+08 9.843882309988178037e+00
2.743006160000000000e+08 9.839437358258072308e+00
2.743729630000000000e+08 9.838979691720291854e+00
2.744457400000000000e+08 9.825395157074176211e+00
2.745167840000000000e+08 9.829545939488449235e+00
2.745855820000000000e+08 9.825647929368342304e+00
2.746582300000000000e+08 9.816264109901192469e+00
2.747290430000000000e+08 9.811119651250709950e+00
2.748006210000000000e+08 9.805961817091697341e+00
2.748720480000000000e+08 9.800862886415151465e+00
2.749427940000000000e+08 9.801963434750945225e+00
2.750116590000000000e+08 9.791904214522004324e+00
2.750829770000000000e+08 9.785652814195524130e+00
2.751511440000000000e+08 9.785806059265883761e+00
2.752230200000000000e+08 9.787170196927425181e+00
2.752937940000000000e+08 9.786332014337894236e+00
2.753666110000000000e+08 9.794652957678838590e+00
2.754385900000000000e+08 9.796409254236024822e+00
2.755128390000000000e+08 9.794934273451174178e+00
2.755858460000000000e+08 9.791821795377986248e+00
2.756613170000000000e+08 9.785469286568160285e+00
2.757313150000000000e+08 9.782297872314995146e+00
2.758001920000000000e+08 9.780413040951977166e+00
2.758697220000000000e+08 9.776113529349336417e+00
2.759429930000000000e+08 9.777663011140292681e+00
2.760109920000000000e+08 9.776344695858327327e+00
2.760790950000000000e+08 9.775310825393068725e+00
2.761494510000000000e+08 9.773685318796747623e+00
2.762212520000000000e+08 9.769332741259777464e+00
2.762953860000000000e+08 9.762028212449527231e+00
2.763667460000000000e+08 9.763139457846092384e+00
2.764405610000000000e+08 9.758841605807367259e+00
2.765073560000000000e+08 9.760221736719557839e+00
2.765736070000000000e+08 9.761231119441273307e+00
2.766430770000000000e+08 9.766723997167328974e+00
2.767160720000000000e+08 9.766745363355859411e+00
2.767853070000000000e+08 9.767448539630397164e+00
2.768602150000000000e+08 9.768794346432992270e+00
2.769330640000000000e+08 9.763993722346487658e+00
2.770070980000000000e+08 9.762272119726802089e+00
2.770775630000000000e+08 9.751795832427600175e+00
2.771501090000000000e+08 9.743428299682477700e+00
2.772247970000000000e+08 9.748773221850774107e+00
2.772979100000000000e+08 9.747634533585763705e+00
2.773697380000000000e+08 9.754350216413222086e+00
2.774381970000000000e+08 9.750081466478883740e+00
2.775097010000000000e+08 9.740671918499415938e+00
2.775811150000000000e+08 9.746425186292233533e+00
2.776496290000000000e+08 9.740105034518306226e+00
2.777205580000000000e+08 9.742521844176550871e+00
2.777945390000000000e+08 9.750159645125574315e+00
2.778653620000000000e+08 9.750547798651039599e+00
2.779355040000000000e+08 9.749834641847998640e+00
2.780021910000000000e+08 9.746491832932630217e+00
2.780729500000000000e+08 9.740423625292077503e+00
2.781453640000000000e+08 9.744724495950178422e+00
2.782192200000000000e+08 9.737875580333955838e+00
2.782890370000000000e+08 9.729524793670289995e+00
2.783601790000000000e+08 9.723671289632756398e+00
2.784289120000000000e+08 9.730573065104096031e+00
2.785024070000000000e+08 9.736605861349167057e+00
2.785723120000000000e+08 9.736679378249913697e+00
2.786443170000000000e+08 9.735592856818158225e+00
2.787186560000000000e+08 9.731341822959855392e+00
2.787904670000000000e+08 9.732509420217525076e+00
2.788602780000000000e+08 9.733614283374375731e+00
2.789323850000000000e+08 9.728200272248262337e+00
2.790046900000000000e+08 9.727153112060989315e+00
2.790763830000000000e+08 9.731844287353139222e+00
2.791498860000000000e+08 9.733299158777015236e+00
2.792226900000000000e+08 9.730855018832420100e+00
2.792969910000000000e+08 9.738444322445291235e+00
2.793652740000000000e+08 9.731879715886813997e+00
2.794340410000000000e+08 9.726758050546768786e+00
2.795033690000000000e+08 9.726851428051606518e+00
2.795750030000000000e+08 9.724606678570520302e+00
2.796470320000000000e+08 9.713805577604404107e+00
2.797202510000000000e+08 9.713222297423055096e+00
2.797931210000000000e+08 9.715574412672038918e+00
2.798634670000000000e+08 9.720193682743365926e+00
2.799346970000000000e+08 9.713601735593988096e+00
2.800015330000000000e+08 9.712329280687081123e+00
2.800712600000000000e+08 9.719259496900923168e+00
2.801371530000000000e+08 9.716466511649471727e+00
2.802055200000000000e+08 9.717243351024382747e+00
2.802762230000000000e+08 9.714050890599251531e+00
2.803513760000000000e+08 9.715459801004572071e+00
2.804237150000000000e+08 9.720263166713932534e+00
2.804990420000000000e+08 9.716558508619876022e+00
2.805666940000000000e+08 9.711646285145516089e+00
2.806373050000000000e+08 9.705819569822214277e+00
2.807053590000000000e+08 9.708341582261079239e+00
2.807766750000000000e+08 9.714369735113081106e+00
2.808440810000000000e+08 9.713520178442838215e+00
2.809153160000000000e+08 9.713261617367500378e+00
2.809853060000000000e+08 9.709465105915272787e+00
2.810542140000000000e+08 9.706993606958592480e+00
2.811269650000000000e+08 9.704148195686700618e+00
2.811985950000000000e+08 9.705755016134032687e+00
2.812698440000000000e+08 9.704887422205526804e+00
2.813396970000000000e+08 9.710353255010407025e+00
2.814103720000000000e+08 9.709980031482682961e+00
2.814788590000000000e+08 9.708500052104925615e+00
2.815487710000000000e+08 9.711401886049028320e+00
2.816196670000000000e+08 9.714090698158026171e+00
2.816909900000000000e+08 9.711355293225329532e+00
2.817649440000000000e+08 9.712445847583149217e+00
2.818366410000000000e+08 9.710455947597472104e+00
2.819051950000000000e+08 9.711132350996226847e+00
2.819758040000000000e+08 9.716475714298669075e+00
2.820492130000000000e+08 9.711925053252665307e+00
2.821257630000000000e+08 9.703401652873514749e+00
2.821960770000000000e+08 9.703291759810525718e+00
2.822669770000000000e+08 9.698332065843816352e+00
2.823417800000000000e+08 9.698963725774639499e+00
2.824142950000000000e+08 9.701826828107765976e+00
2.824849000000000000e+08 9.700149314434494130e+00
2.825536320000000000e+08 9.705634942759052919e+00
2.826264800000000000e+08 9.704073093138495310e+00
2.826978740000000000e+08 9.708021964306297491e+00
2.827682260000000000e+08 9.711783804264207731e+00
2.828410390000000000e+08 9.706397363130893297e+00
2.829120050000000000e+08 9.708459922569813827e+00
2.829812040000000000e+08 9.703245526342817229e+00
2.830551410000000000e+08 9.708375622820657469e+00
2.831286430000000000e+08 9.695577947665778851e+00
2.832035400000000000e+08 9.685307213850654406e+00
2.832745880000000000e+08 9.686144020370065277e+00
2.833451830000000000e+08 9.695306410299215472e+00
2.834141140000000000e+08 9.690574626936614422e+00
2.834844680000000000e+08 9.685074271010757130e+00
2.835566650000000000e+08 9.686251808895379511e+00
2.836283190000000000e+08 9.682319676959679100e+00
2.836996360000000000e+08 9.671432440927606677e+00
2.837717970000000000e+08 9.666234102038547604e+00
2.838398590000000000e+08 9.661516333664927458e+00
2.839112240000000000e+08 9.660434286087518529e+00
2.839835590000000000e+08 9.660459265605213730e+00
2.840557070000000000e+08 9.666060440963716971e+00
2.841266420000000000e+08 9.665662933294422388e+00
2.841958800000000000e+08 9.665690026251835931e+00
2.842676430000000000e+08 9.660208989712341321e+00
2.843416600000000000e+08 9.662284630067441427e+00
2.844105700000000000e+08 9.665412025304446431e+00
2.844833730000000000e+08 9.671299980838426791e+00
2.845552950000000000e+08 9.671664476267828547e+00
2.846262040000000000e+08 9.672611168758731282e+00
2.846965850000000000e+08 9.682172800052555317e+00
2.847652880000000000e+08 9.683085902243265153e+00
2.848370310000000000e+08 9.680443272839848845e+00
2.849055310000000000e+08 9.671671584431916102e+00
2.849775940000000000e+08 9.676669167819362372e+00
2.850469690000000000e+08 9.675045177270533259e+00
2.851174450000000000e+08 9.681628380678517942e+00
2.851901820000000000e+08 9.688034690244693437e+00
2.852624350000000000e+08 9.684547238099924016e+00
2.853325020000000000e+08 9.683604083797815676e+00
2.854026870000000000e+08 9.684596835681743343e+00
2.854698450000000000e+08 9.672815876429913473e+00
2.855414220000000000e+08 9.676138265976167219e+00
2.856138120000000000e+08 9.669703924753523694e+00
2.856875920000000000e+08 9.666788626396442652e+00
2.857605170000000000e+08 9.666184358827484502e+00
2.858301990000000000e+08 9.662263949516848527e+00
2.859034210000000000e+08 9.659723969543167144e+00
2.859723650000000000e+08 9.665875700379428892e+00
2.860432730000000000e+08 9.667568738639491954e+00
2.861143420000000000e+08 9.666554867029109488e+00
2.861851120000000000e+08 9.670088598974734495e+00
2.862574860000000000e+08 9.675908235263539936e+00
2.863310340000000000e+08 9.676033963802085580e+00
2.864012840000000000e+08 9.676442134929676087e+00
2.864711220000000000e+08 9.674828790156873026e+00
2.865417730000000000e+08 9.679146544346192371e+00
2.866108770000000000e+08 9.680954830831405289e+00
2.866815730000000000e+08 9.674348535275983707e+00
2.867491930000000000e+08 9.663796063923838275e+00
2.868148130000000000e+08 9.658097955966187698e+00
2.868844170000000000e+08 9.658627779280571701e+00
2.869517390000000000e+08 9.649953361488677217e+00
2.870197570000000000e+08 9.653929526192609245e+00
2.870905260000000000e+08 9.650616326308446347e+00
2.871657020000000000e+08 9.649160791996262532e+00
2.872365300000000000e+08 9.643953663173162383e+00
2.873090730000000000e+08 9.635679062369529646e+00
2.873789080000000000e+08 9.638054070370834836e+00
2.874547270000000000e+08 9.640291969550935036e+00
2.875244460000000000e+08 9.636771219296459634e+00
2.875945000000000000e+08 9.640805166740697985e+00
2.876634570000000000e+08 9.633371332059926573e+00
2.877348670000000000e+08 9.621701858525229412e+00
2.878043190000000000e+08 9.617397877552740226e+00
2.878776340000000000e+08 9.619879198691593913e+00
2.879486240000000000e+08 9.618759018417620155e+00
2.880188900000000000e+08 9.617197446416410500e+00
2.880880060000000000e+08 9.614073689725637806e+00
2.881597840000000000e+08 9.612643771029123485e+00
2.882334810000000000e+08 9.622488856246480537e+00
2.883006940000000000e+08 9.615161225729718097e+00
2.883659650000000000e+08 9.611051365188080453e+00
2.884365500000000000e+08 9.616125285835105174e+00
2.885063160000000000e+08 9.612230102169394996e+00
2.885720420000000000e+08 9.614382655863749960e+00
2.886388570000000000e+08 9.612591751593896561e+00
2.887157690000000000e+08 9.610255010379432861e+00
2.887860940000000000e+08 9.601806186041580204e+00
2.888544990000000000e+08 9.593021254136228748e+00
2.889286780000000000e+08 9.595891906876852673e+00
2.890009960000000000e+08 9.600809852425369328e+00
2.890708030000000000e+08 9.599994884717249377e+00
2.891446830000000000e+08 9.602480480714383759e+00
2.892147030000000000e+08 9.593940084137946300e+00
2.892848190000000000e+08 9.596453517051566351e+00
2.893602340000000000e+08 9.599928703433239008e+00
2.894307880000000000e+08 9.599614719403179564e+00
2.895043110000000000e+08 9.597314910505248875e+00
2.895766540000000000e+08 9.595105354887595084e+00
2.896504760000000000e+08 9.594715436683085130e+00
2.897189130000000000e+08 9.590860254615890312e+00
2.897888830000000000e+08 9.600997489948552399e+00
2.898621500000000000e+08 9.599683157772476605e+00
2.899337980000000000e+08 9.594216468256330899e+00
2.900046590000000000e+08 9.594865965791598228e+00
2.900786750000000000e+08 9.598582875329391584e+00
2.901490430000000000e+08 9.590762921731334600e+00
2.902192390000000000e+08 9.588844824065930084e+00
2.902896000000000000e+08 9.581552023214035430e+00
2.903609930000000000e+08 9.580778480312524437e+00
2.904319630000000000e+08 9.588121076987091485e+00
2.905079560000000000e+08 9.591762299865495223e+00
2.905777390000000000e+08 9.592551063680803125e+00
2.906464200000000000e+08 9.587269170862461110e+00
2.907184360000000000e+08 9.574408151369366848e+00
2.907916890000000000e+08 9.578597172874166787e+00
2.908641030000000000e+08 9.575684661945931708e+00
2.909359460000000000e+08 9.575531999096327240e+00
2.910034550000000000e+08 9.576172947769986621e+00
2.910683920000000000e+08 9.584558453096198249e+00
2.911448710000000000e+08 9.587534935037048456e+00
2.912187520000000000e+08 9.585980571815049700e+00
2.912889000000000000e+08 9.591749062842723106e+00
2.913592920000000000e+08 9.588513290767792796e+00
2.914292920000000000e+08 9.596157430971286928e+00
2.915024340000000000e+08 9.586195743186578966e+00
2.915747760000000000e+08 9.590540047658814515e+00
2.916492420000000000e+08 9.581792640384527715e+00
2.917191530000000000e+08 9.577850186656869269e+00
2.917896500000000000e+08 9.574339827839688510e+00
2.918649670000000000e+08 9.572837580294166315e+00
2.919406060000000000e+08 9.575571495757378315e+00
2.920148460000000000e+08 9.570900044032979892e+00
2.920876620000000000e+08 9.557963385937679135e+00
2.921594000000000000e+08 9.562940964879421912e+00
2.922303080000000000e+08 9.551351340860597006e+00
2.922997970000000000e+08 9.553116458381827769e+00
2.923696440000000000e+08 9.546252924063423961e+00
2.924426050000000000e+08 9.545000623979378318e+00
2.925138040000000000e+08 9.539927633774361482e+00
2.925829450000000000e+08 9.537771508299440981e+00
2.926526200000000000e+08 9.538520823848555708e+00
2.927256290000000000e+08 9.536422927948235539e+00
2.927963720000000000e+08 9.532593225936523140e+00
2.928686020000000000e+08 9.533657958259572851e+00
2.929383750000000000e+08 9.534733621730932640e+00
2.930070420000000000e+08 9.533903638020003513e+00
2.930759490000000000e+08 9.540255777653081637e+00
2.931468240000000000e+08 9.548240866281306083e+00
2.932179490000000000e+08 9.547542060142825804e+00
2.932902010000000000e+08 9.548720156331139464e+00
2.933632280000000000e+08 9.548286785285100109e+00
2.934318180000000000e+08 9.544343864026705759e+00
2.934995320000000000e+08 9.545208395047628969e+00
2.935692860000000000e+08 9.551009817469603647e+00
2.936407870000000000e+08 9.549556253052553956e+00
2.937115720000000000e+08 9.545562627140247614e+00
2.937809990000000000e+08 9.545250799609918957e+00
2.938510390000000000e+08 9.545693340162907603e+00
2.939264270000000000e+08 9.549240471909435257e+00
2.939954750000000000e+08 9.550210454813138128e+00
2.940696080000000000e+08 9.549847781133983915e+00
2.941422450000000000e+08 9.548155044126421132e+00
2.942151770000000000e+08 9.547608468198340859e+00
2.942862020000000000e+08 9.545898636562304418e+00
2.943555530000000000e+08 9.545474260118011145e+00
2.944251000000000000e+08 9.533138342721381164e+00
2.944935440000000000e+08 9.528534557153585993e+00
2.945652900000000000e+08 9.525039610332251883e+00
2.946368420000000000e+08 9.521158322392077267e+00
2.947036360000000000e+08 9.530729413229430236e+00
2.947720390000000000e+08 9.531236298228343173e+00
2.948444980000000000e+08 9.532485992603225711e+00
2.949194610000000000e+08 9.540488905496461669e+00
2.949913690000000000e+08 9.549812245718904080e+00
2.950633420000000000e+08 9.553271330588291477e+00
2.951352560000000000e+08 9.560396241923493577e+00
2.952042340000000000e+08 9.556499745909475152e+00
2.952722310000000000e+08 9.543291984297409769e+00
2.953436860000000000e+08 9.536724814696988517e+00
2.954151620000000000e+08 9.534086783956469802e+00
2.954832890000000000e+08 9.534623578206900874e+00
2.955522430000000000e+08 9.535942526778834250e+00
2.956224890000000000e+08 9.530046575732118441e+00
2.956936050000000000e+08 9.533201504542565985e+00
2.957676380000000000e+08 9.538769241216336070e+00
2.958419960000000000e+08 9.539931649650185363e+00
2.959160190000000000e+08 9.533490146332461279e+00
2.959851480000000000e+08 9.531621318659611930e+00
2.960546170000000000e+08 9.537419874519143193e+00
2.961268130000000000e+08 9.532007809918988883e+00
2.961991610000000000e+08 9.533308098660869589e+00
2.962658260000000000e+08 9.539516486122552763e+00
2.963347610000000000e+08 9.532719677001374237e+00
2.964053500000000000e+08 9.526239245065557526e+00
2.964761670000000000e+08 9.524296390433937276e+00
2.965457980000000000e+08 9.525728616614475897e+00
2.966167040000000000e+08 9.520170949878471234e+00
2.966870440000000000e+08 9.517397330691352408e+00
2.967587090000000000e+08 9.511220025394846900e+00
2.968297540000000000e+08 9.507981525648744991e+00
2.968981860000000000e+08 9.508764420586267363e+00
2.969654130000000000e+08 9.512079179650061889e+00
2.970366400000000000e+08 9.515126896156122172e+00
2.971079580000000000e+08 9.504927851225717816e+00
2.971814780000000000e+08 9.500511324691451875e+00
2.972518730000000000e+08 9.494616800805538048e+00
2.973204670000000000e+08 9.494025112414675505e+00
2.973930010000000000e+08 9.492999182353523580e+00
2.974611510000000000e+08 9.487623154682969684e+00
2.975298650000000000e+08 9.491302565051169537e+00
2.976006020000000000e+08 9.486595335197680612e+00
2.976734000000000000e+08 9.486913192353462421e+00
2.977442660000000000e+08 9.481481194294008930e+00
2.978156780000000000e+08 9.478364677890475321e+00
2.978891990000000000e+08 9.472234770569947671e+00
2.979581970000000000e+08 9.469968332124837573e+00
2.980279650000000000e+08 9.467932800758774192e+00
2.981024000000000000e+08 9.459129887973123374e+00
2.981733520000000000e+08 9.446291462320818511e+00
2.982460610000000000e+08 9.445633815377586728e+00
2.983175720000000000e+08 9.443361072500048081e+00
2.983882630000000000e+08 9.443754058893398806e+00
2.984569870000000000e+08 9.444966450661970825e+00
2.985271780000000000e+08 9.446947782729038678e+00
2.986005030000000000e+08 9.447710606471144246e+00
2.986704640000000000e+08 9.448769167871379437e+00
2.987428020000000000e+08 9.449589135485188862e+00
2.988163330000000000e+08 9.447933994701800842e+00
2.988876370000000000e+08 9.448801202413939393e+00
2.989588070000000000e+08 9.449477195851534006e+00
2.990298080000000000e+08 9.457550203022060842e+00
2.991007880000000000e+08 9.457100610062525448e+00
2.991734320000000000e+08 9.458084545890182326e+00
2.992429010000000000e+08 9.459036781530333116e+00
2.993142440000000000e+08 9.456251942414468203e+00
2.993819250000000000e+08 9.453731177562314514e+00
2.994480470000000000e+08 9.447261240304841934e+00
2.995188670000000000e+08 9.451398442739236572e+00
2.995906610000000000e+08 9.447040057294799453e+00
2.996617370000000000e+08 9.454979158391896732e+00
2.997348950000000000e+08 9.452004386895302090e+00
2.998086830000000000e+08 9.448703201363114701e+00
2.998786360000000000e+08 9.460057416741811664e+00
2.999452540000000000e+08 9.450816048525721769e+00
3.000174580000000000e+08 9.440030065807571091e+00
3.000836410000000000e+08 9.437542904487354889e+00
3.001566910000000000e+08 9.441941351195859866e+00
3.002283440000000000e+08 9.441805476456252677e+00
3.002965790000000000e+08 9.446133835370615017e+00
3.003681200000000000e+08 9.446234033544415709e+00
3.004423990000000000e+08 9.438257528012691466e+00
3.005129570000000000e+08 9.443463700656193893e+00
3.005816280000000000e+08 9.439423445805772417e+00
3.006570590000000000e+08 9.440565930736143585e+00
3.007331980000000000e+08 9.442466877165003325e+00
3.008008110000000000e+08 9.438600748156524389e+00
3.008726340000000000e+08 9.439184287271897844e+00
3.009435000000000000e+08 9.440637050232208338e+00
3.010138260000000000e+08 9.435294899465541008e+00
3.010843770000000000e+08 9.434169342350420706e+00
3.011522990000000000e+08 9.439815761119136894e+00
3.012176180000000000e+08 9.437063178672481456e+00
3.012875700000000000e+08 9.436488578484000911e+00
3.013587500000000000e+08 9.436618551396588117e+00
3.014275900000000000e+08 9.438265609286419888e+00
3.014998680000000000e+08 9.431461989549980274e+00
3.015718660000000000e+08 9.430330245267906975e+00
3.016403420000000000e+08 9.427079368257581748e+00
3.017109070000000000e+08 9.423254651917829960e+00
3.017833910000000000e+08 9.422255193591798417e+00
3.018522460000000000e+08 9.419317196948854942e+00
3.019240930000000000e+08 9.420514307429227685e+00
3.019946510000000000e+08 9.413373792812285146e+00
3.020666310000000000e+08 9.407411621577489669e+00
3.021412370000000000e+08 9.410830339232324704e+00
3.022093560000000000e+08 9.417521269364540260e+00
3.022796690000000000e+08 9.421399681616033916e+00
3.023535660000000000e+08 9.414197152145275638e+00
3.024273440000000000e+08 9.416506326205817956e+00
3.024988260000000000e+08 9.414492780507050185e+00
3.025671090000000000e+08 9.409033204385053750e+00
3.026356270000000000e+08 9.407591570592384045e+00
3.027031660000000000e+08 9.410937695662825675e+00
3.027699250000000000e+08 9.409058866420119571e+00
3.028374190000000000e+08 9.406622258249536017e+00
3.029093860000000000e+08 9.402692734664409357e+00
3.029785400000000000e+08 9.403815030481238679e+00
3.030484040000000000e+08 9.401407430673460297e+00
3.031195260000000000e+08 9.398582134094660034e+00
3.031904880000000000e+08 9.392018946314314221e+00
3.032603640000000000e+08 9.388655476162522717e+00
3.033355720000000000e+08 9.380787359594267016e+00
3.034090160000000000e+08 9.379523164906261812e+00
3.034731260000000000e+08 9.377379161217508141e+00
3.035433270000000000e+08 9.377593038704496564e+00
3.036121140000000000e+08 9.374245974826253658e+00
3.036823420000000000e+08 9.366684665806806365e+00
3.037521390000000000e+08 9.360741770089701319e+00
3.038217430000000000e+08 9.368350857686994715e+00
3.038945390000000000e+08 9.373770999084223732e+00
3.039650150000000000e+08 9.373878038664862800e+00
3.040342230000000000e+08 9.375278802384805488e+00
3.041033150000000000e+08 9.384006518632849847e+00
3.041760980000000000e+08 9.381621677256893221e+00
3.042456420000000000e+08 9.371602174812984742e+00
3.043142080000000000e+08 9.377763618811870927e+00
3.043841200000000000e+08 9.381321918832737694e+00
3.044577290000000000e+08 9.378616024684651720e+00
3.045281730000000000e+08 9.373397083671214602e+00
3.045972250000000000e+08 9.366779634785956432e+00
3.046682160000000000e+08 9.369107910435541697e+00
3.047401220000000000e+08 9.361364238674241278e+00
3.048089160000000000e+08 9.362564802073425341e+00
3.048787620000000000e+08 9.359708678379517366e+00
3.049499040000000000e+08 9.361461330481935406e+00
3.050195110000000000e+08 9.365378043765661076e+00
3.050920420000000000e+08 9.363708160740976894e+00
3.051643200000000000e+08 9.363421464459870336e+00
3.052344520000000000e+08 9.358379953638854332e+00
3.053081590000000000e+08 9.362791141520238725e+00
3.053794710000000000e+08 9.355875750038942229e+00
3.054521490000000000e+08 9.343457084390241363e+00
3.055232560000000000e+08 9.335074073525500893e+00
3.055926780000000000e+08 9.335723845889212669e+00
3.056627930000000000e+08 9.331094708194257237e+00
3.057336490000000000e+08 9.329294416626737529e+00
3.058044060000000000e+08 9.328918076648795576e+00
3.058775490000000000e+08 9.336893709912654771e+00
3.059501890000000000e+08 9.332059864755228418e+00
3.060216440000000000e+08 9.325480799072877858e+00
3.060930070000000000e+08 9.323378142541809410e+00
3.061633760000000000e+08 9.326377224795656673e+00
3.062344840000000000e+08 9.322762766267212342e+00
3.063082380000000000e+08 9.329104716044865242e+00
3.063773340000000000e+08 9.327653444996869325e+00
3.064526090000000000e+08 9.324721290513073413e+00
3.065222100000000000e+08 9.317734622350332785e+00
3.065929100000000000e+08 9.317159017031588775e+00
3.066633410000000000e+08 9.319184763857965237e+00
3.067338140000000000e+08 9.309395683146503231e+00
3.068038120000000000e+08 9.310367385645028193e+00
3.068760330000000000e+08 9.313262175715099289e+00
3.069462260000000000e+08 9.314529661238847069e+00
3.070191950000000000e+08 9.309706324276117329e+00
3.070913170000000000e+08 9.307895779188152474e+00
3.071662950000000000e+08 9.305809509748605990e+00
3.072375900000000000e+08 9.303302339677184563e+00
3.073105180000000000e+08 9.301515375610113878e+00
3.073800980000000000e+08 9.302548824737121080e+00
3.074517920000000000e+08 9.296179368405248056e+00
3.075239750000000000e+08 9.289771307446345716e+00
3.075904590000000000e+08 9.289225403337335152e+00
3.076634540000000000e+08 9.288100020985579519e+00
3.077327350000000000e+08 9.284513081050196348e+00
3.078064170000000000e+08 9.288770384825461690e+00
3.078763760000000000e+08 9.275854796785884204e+00
3.079440820000000000e+08 9.276203862668989331e+00
3.080147890000000000e+08 9.273876190445008660e+00
3.080888850000000000e+08 9.277581866093642660e+00
3.081594330000000000e+08 9.279148938209901942e+00
3.082306890000000000e+08 9.274094166931307726e+00
3.083060340000000000e+08 9.265898398024559057e+00
3.083799870000000000e+08 9.263224679127471717e+00
3.084530470000000000e+08 9.256135380141369495e+00
3.085247690000000000e+08 9.259941956482746761e+00
3.085908550000000000e+08 9.262992328705891509e+00
3.086639060000000000e+08 9.262836609370125984e+00
3.087367770000000000e+08 9.266328320917471828e+00
3.088082470000000000e+08 9.257875080169851501e+00
3.088819960000000000e+08 9.263918567416064676e+00
3.089546940000000000e+08 9.260712951310615892e+00
3.090263510000000000e+08 9.253302723696331000e+00
3.090947270000000000e+08 9.251235364696182017e+00
3.091694520000000000e+08 9.249436801905115857e+00
3.092420520000000000e+08 9.249454836803611357e+00
3.093118060000000000e+08 9.246515901627896383e+00
3.093876680000000000e+08 9.239145418779465047e+00
3.094569310000000000e+08 9.239384104078235183e+00
3.095269630000000000e+08 9.242929527516194455e+00
3.095936260000000000e+08 9.245595540811258672e+00
3.096647200000000000e+08 9.242939788886317842e+00
3.097377010000000000e+08 9.240526468653433412e+00
3.098070450000000000e+08 9.235970601814738501e+00
3.098777770000000000e+08 9.247721081800751364e+00
3.099468390000000000e+08 9.237168636340973293e+00
3.100197860000000000e+08 9.234280763886381749e+00
3.100906270000000000e+08 9.231061752646427365e+00
3.101630840000000000e+08 9.236996687771032555e+00
3.102326840000000000e+08 9.233431791614473028e+00
3.102997140000000000e+08 9.231370128433441735e+00
3.103732920000000000e+08 9.226607028632582086e+00
3.104409530000000000e+08 9.221617781047317663e+00
3.105102500000000000e+08 9.219314041706603291e+00
3.105830250000000000e+08 9.216290589299852343e+00
3.106554450000000000e+08 9.215471398032564210e+00
3.107267700000000000e+08 9.207447664464593728e+00
3.107983490000000000e+08 9.206864837265321455e+00
3.108685750000000000e+08 9.203455793909638416e+00
3.109402620000000000e+08 9.207356389768202476e+00
3.110079790000000000e+08 9.202507177394659621e+00
3.110831580000000000e+08 9.197566046987200039e+00
3.111569640000000000e+08 9.201008015594014822e+00
3.112324870000000000e+08 9.200419826049579086e+00
3.113059230000000000e+08 9.202540610807114163e+00
3.113780780000000000e+08 9.199983016528587854e+00
3.114496500000000000e+08 9.198888487107554468e+00
3.115205710000000000e+08 9.195855033411932666e+00
3.115897100000000000e+08 9.189709312275965658e+00
3.116597110000000000e+08 9.186256151013024507e+00
3.117317870000000000e+08 9.189734393355641018e+00
3.118027620000000000e+08 9.186961391330248361e+00
3.118759230000000000e+08 9.184365196678385246e+00
3.119486780000000000e+08 9.187601454474647156e+00
3.120223310000000000e+08 9.188978966084633271e+00
3.120896280000000000e+08 9.185585118104288682e+00
3.121598170000000000e+08 9.178460240631316935e+00
3.122251170000000000e+08 9.175224996193714233e+00
3.122993220000000000e+08 9.176607828143243495e+00
3.123712140000000000e+08 9.170808688102621176e+00
3.124430170000000000e+08 9.174101513814298059e+00
3.125163640000000000e+08 9.177575531639885043e+00
3.125870940000000000e+08 9.177271015520673814e+00
3.126577760000000000e+08 9.178328369686333588e+00
3.127315630000000000e+08 9.180294630856861815e+00
3.128014130000000000e+08 9.179210798852935227e+00
3.128684610000000000e+08 9.183397156867933120e+00
3.129400080000000000e+08 9.184885241768876440e+00
3.130109520000000000e+08 9.179600878982409284e+00
3.130828030000000000e+08 9.179162509897144773e+00
3.131566310000000000e+08 9.184171837523717130e+00
3.132303420000000000e+08 9.182787501872805791e+00
3.133001510000000000e+08 9.188059547660122561e+00
3.133690370000000000e+08 9.186482058722067023e+00
3.134405550000000000e+08 9.188462284873070374e+00
3.135100000000000000e+08 9.194400805578139213e+00
3.135797860000000000e+08 9.194507829638677521e+00
3.136555070000000000e+08 9.196858918395806270e+00
3.137271370000000000e+08 9.198548490937055178e+00
3.137987810000000000e+08 9.202401780181588720e+00
3.138680470000000000e+08 9.194492687995559521e+00
3.139382940000000000e+08 9.187594667890989442e+00
3.140113710000000000e+08 9.185550358479092736e+00
3.140807860000000000e+08 9.182159847848188505e+00
3.141509410000000000e+08 9.178444254116637779e+00
3.142232900000000000e+08 9.182375865248090463e+00
3.142965750000000000e+08 9.185936203049035242e+00
3.143681730000000000e+08 9.182061523860237884e+00
3.144406090000000000e+08 9.182617247336432698e+00
3.145096730000000000e+08 9.182089105551773045e+00
3.145822390000000000e+08 9.178979220633586067e+00
3.146546450000000000e+08 9.181179300215653427e+00
3.147274250000000000e+08 9.180704072898729251e+00
3.148001210000000000e+08 9.180075847129907984e+00
3.148701100000000000e+08 9.178284084436771906e+00
3.149433520000000000e+08 9.180555785723990780e+00
3.150153730000000000e+08 9.181064725370465140e+00
3.150881640000000000e+08 9.179657842884335395e+00
3.151578840000000000e+08 9.179172787795438992e+00
3.152301480000000000e+08 9.181437350675034637e+00
3.153026990000000000e+08 9.178750646675839064e+00
3.153727100000000000e+08 9.180533342506230099e+00
3.154468620000000000e+08 9.183190084949139020e+00
3.155178710000000000e+08 9.188755272671301100e+00
3.155859660000000000e+08 9.184251903673562367e+00
3.156534990000000000e+08 9.181777743839512951e+00
3.157214170000000000e+08 9.183236966963178816e+00
3.157908060000000000e+08 9.180361973101623718e+00
3.158625760000000000e+08 9.182672368397055251e+00
3.159334910000000000e+08 9.176985706404170884e+00
3.160041350000000000e+08 9.169063924346122718e+00
3.160759290000000000e+08 9.170065605523067376e+00
3.161495740000000000e+08 9.168319816697643176e+00
3.162207550000000000e+08 9.170525360311737373e+00
3.162927020000000000e+08 9.167537190698510585e+00
3.163623030000000000e+08 9.162863331388162891e+00
3.164378000000000000e+08 9.161243930447225736e+00
3.165121910000000000e+08 9.167047250828911586e+00
3.165858630000000000e+08 9.173027229812831251e+00
3.166539050000000000e+08 9.172188389922677487e+00
3.167223750000000000e+08 9.167672945566220477e+00
3.167915200000000000e+08 9.170260876438558029e+00
3.168627620000000000e+08 9.178864075419870261e+00
3.169300240000000000e+08 9.187072713851939909e+00
3.170030570000000000e+08 9.182647138979813661e+00
3.170719490000000000e+08 9.179513532019560884e+00
3.171447510000000000e+08 9.181317032701945990e+00
3.172127760000000000e+08 9.181953525020144724e+00
3.172873650000000000e+08 9.179981703755013100e+00
3.173618630000000000e+08 9.185632149033972738e+00
3.174297090000000000e+08 9.186582543553855729e+00
3.175006660000000000e+08 9.188392913321804301e+00
3.175701890000000000e+08 9.186197061973723876e+00
3.176394890000000000e+08 9.188102255972454557e+00
3.177109390000000000e+08 9.193517112516353507e+00
3.177867440000000000e+08 9.187219169570512989e+00
3.178591220000000000e+08 9.181383045886443384e+00
3.179321340000000000e+08 9.184939974134749718e+00
3.180021440000000000e+08 9.184010658069979627e+00
3.180733210000000000e+08 9.182547735192425620e+00
3.181424450000000000e+08 9.181229717749317842e+00
3.182119290000000000e+08 9.181864795738997387e+00
3.182843530000000000e+08 9.177847918271819339e+00
3.183521970000000000e+08 9.173139645391838570e+00
3.184234850000000000e+08 9.172676000635757276e+00
3.184942130000000000e+08 9.174362546178585376e+00
3.185658470000000000e+08 9.174040452290142866e+00
3.186413390000000000e+08 9.178176691917853347e+00
3.187103250000000000e+08 9.177436918784081854e+00
3.187817130000000000e+08 9.173719134077604309e+00
3.188513150000000000e+08 9.185580867501023761e+00
3.189214040000000000e+08 9.186230464303003274e+00
3.189941850000000000e+08 9.184031168288896652e+00
3.190618660000000000e+08 9.187327404265968056e+00
3.191345160000000000e+08 9.189896049430650748e+00
3.192059170000000000e+08 9.183839660871583988e+00
3.192773510000000000e+08 9.184471121874002719e+00
3.193491040000000000e+08 9.181528435575712521e+00
3.194184910000000000e+08 9.176805935188330210e+00
3.194915270000000000e+08 9.172434702878407009e+00
3.195619100000000000e+08 9.178752551727896503e+00
3.196369550000000000e+08 9.175756193215107714e+00
3.197060230000000000e+08 9.173183468573650856e+00
3.197760550000000000e+08 9.177194048738146037e+00
3.198443360000000000e+08 9.168654057371535160e+00
3.199136280000000000e+08 9.162730492383401426e+00
3.199816550000000000e+08 9.169527875469507094e+00
3.200506940000000000e+08 9.172596025445930223e+00
3.201227860000000000e+08 9.174880203417036029e+00
3.201988020000000000e+08 9.171051455590850665e+00
3.202680270000000000e+08 9.170867746366871742e+00
3.203346970000000000e+08 9.175297537528479097e+00
3.204060950000000000e+08 9.169870722588562728e+00
3.204773290000000000e+08 9.172654740613603863e+00
3.205476750000000000e+08 9.175209051603184562e+00
3.206191660000000000e+08 9.175690655022307851e+00
3.206875870000000000e+08 9.175562570713418964e+00
3.207601780000000000e+08 9.186681817144634721e+00
3.208327150000000000e+08 9.184064047417816568e+00
3.208979810000000000e+08 9.183217205826180063e+00
3.209707400000000000e+08 9.176499380185152432e+00
3.210368820000000000e+08 9.186859883795058579e+00
3.211089120000000000e+08 9.179305338921247781e+00
3.211778970000000000e+08 9.181427105692543833e+00
3.212485880000000000e+08 9.182814295572786278e+00
3.213226000000000000e+08 9.181792551170307348e+00
3.213904080000000000e+08 9.182411699462642574e+00
3.214605820000000000e+08 9.179926671879028888e+00
3.215291800000000000e+08 9.181769922838352471e+00
3.215998870000000000e+08 9.174686083149078186e+00
3.216730150000000000e+08 9.170309119297792577e+00
3.217379090000000000e+08 9.161645147880824069e+00
3.218106250000000000e+08 9.153821612245156558e+00
3.218878020000000000e+08 9.156837421782931585e+00
3.219613380000000000e+08 9.155474919730833605e+00
3.220356340000000000e+08 9.148783913596464146e+00
3.221064980000000000e+08 9.136326409127944359e+00
3.221748480000000000e+08 9.137932459124197493e+00
3.222468080000000000e+08 9.143414218134857663e+00
3.223131910000000000e+08 9.145593478702030765e+00
3.223803220000000000e+08 9.144216924214072506e+00
3.224529550000000000e+08 9.144412196110854651e+00
3.225271520000000000e+08 9.142419489567885194e+00
3.225976930000000000e+08 9.135319661788827261e+00
3.226659570000000000e+08 9.129783465242768514e+00
3.227345800000000000e+08 9.138456175525782044e+00
3.228044540000000000e+08 9.141905865198758363e+00
3.228769030000000000e+08 9.137274504672582509e+00
3.229473510000000000e+08 9.139555952182648824e+00
3.230178820000000000e+08 9.137513552322443999e+00
3.230878370000000000e+08 9.138270930240576462e+00
3.231585870000000000e+08 9.138603076104777401e+00
3.232297590000000000e+08 9.131586187632331431e+00
3.232981060000000000e+08 9.131615379898127216e+00
3.233678420000000000e+08 9.134392236614006677e+00
3.234400860000000000e+08 9.141980017041666073e+00
3.235102450000000000e+08 9.141709234417486840e+00
3.235798640000000000e+08 9.140155755337826093e+00
3.236530940000000000e+08 9.131068886835965515e+00
3.237230160000000000e+08 9.122775563016837452e+00
3.237913580000000000e+08 9.117432993106200811e+00
3.238674210000000000e+08 9.120828619044623053e+00
3.239369540000000000e+08 9.115574265203125748e+00
3.240079830000000000e+08 9.116816829422280222e+00
3.240794650000000000e+08 9.114059720331827208e+00
3.241516420000000000e+08 9.120499147901250936e+00
3.242207960000000000e+08 9.125192993254776397e+00
3.242940810000000000e+08 9.129766899413285230e+00
3.243644510000000000e+08 9.127461377351272276e+00
3.244353440000000000e+08 9.124856043708273745e+00
3.245057240000000000e+08 9.111819158151208242e+00
3.245764240000000000e+08 9.107948226463683739e+00
3.246497480000000000e+08 9.108323490251827081e+00
3.247198700000000000e+08 9.114246190096448430e+00
3.247872280000000000e+08 9.117335720324051707e+00
3.248581220000000000e+08 9.122651251244070281e+00
3.249292100000000000e+08 9.126040016599972660e+00
3.249975750000000000e+08 9.125457854227576604e+00
3.250695550000000000e+08 9.127942052914454152e+00
3.251437140000000000e+08 9.125675711857859085e+00
3.252160380000000000e+08 9.126306716359033899e+00
3.252848770000000000e+08 9.120904027065481756e+00
3.253550540000000000e+08 9.124613286692806469e+00
3.254293820000000000e+08 9.126487105309719183e+00
3.255014290000000000e+08 9.126866536302891575e+00
3.255676450000000000e+08 9.119528072400694185e+00
3.256405970000000000e+08 9.119957619923146908e+00
3.257080910000000000e+08 9.112267264424161795e+00
3.257771750000000000e+08 9.117123388630336223e+00
3.258522550000000000e+08 9.116134650220478974e+00
3.259249650000000000e+08 9.110057841173837545e+00
3.259945140000000000e+08 9.100269125155918459e+00
3.260665980000000000e+08 9.106448068641583404e+00
3.261345400000000000e+08 9.105377070185214805e+00
3.262023210000000000e+08 9.108612435145136743e+00
3.262722170000000000e+08 9.114664443794652016e+00
3.263415090000000000e+08 9.112777593114778085e+00
3.264115290000000000e+08 9.113553790278686506e+00
3.264825130000000000e+08 9.110707040437809212e+00
3.265536980000000000e+08 9.112876694831141933e+00
3.266246630000000000e+08 9.115111235587248117e+00
3.266932160000000000e+08 9.121087162916463598e+00
3.267656390000000000e+08 9.119894224484113465e+00
3.268377730000000000e+08 9.127992855520876248e+00
3.269057580000000000e+08 9.126647846975977529e+00
3.269817080000000000e+08 9.124729521465887672e+00
3.270510820000000000e+08 9.122347178943021717e+00
3.271209150000000000e+08 9.112156632033086012e+00
3.271958320000000000e+08 9.112196087483441787e+00
3.272645750000000000e+08 9.107645079297391533e+00
3.273348920000000000e+08 9.115186857698621026e+00
3.274110520000000000e+08 9.112522887617963363e+00
3.274815650000000000e+08 9.115881809084420695e+00
3.275537630000000000e+08 9.117389452145344464e+00
3.276217490000000000e+08 9.122562210703433649e+00
3.276930670000000000e+08 9.118477270999051143e+00
3.277659380000000000e+08 9.114082995063496284e+00
3.278357500000000000e+08 9.112361321691951233e+00
3.279090180000000000e+08 9.109685888166454859e+00
3.279830600000000000e+08 9.110615285799399388e+00
3.280562880000000000e+08 9.106679009638266820e+00
3.281261470000000000e+08 9.111979017294329353e+00
3.282000060000000000e+08 9.109775209132159546e+00
3.282731710000000000e+08 9.101512430367096229e+00
3.283391310000000000e+08 9.099478689409354004e+00
3.284105430000000000e+08 9.105302331962855433e+00
3.284815570000000000e+08 9.109024681885534491e+00
3.285545400000000000e+08 9.106016249438853905e+00
3.286232570000000000e+08 9.109052010714897563e+00
3.286937200000000000e+08 9.105099602960439853e+00
3.287673890000000000e+08 9.099976185234451620e+00
3.288369530000000000e+08 9.098700063575162034e+00
3.289049980000000000e+08 9.098229222395360694e+00
3.289760110000000000e+08 9.098142697897419140e+00
3.290484790000000000e+08 9.100661793275833134e+00
3.291226930000000000e+08 9.106607879919129900e+00
3.291988100000000000e+08 9.103891849649157209e+00
3.292765530000000000e+08 9.096702939095774099e+00
3.293480540000000000e+08 9.089452378948740474e+00
3.294201500000000000e+08 9.086426254316858575e+00
3.294937730000000000e+08 9.084175109420442595e+00
3.295655130000000000e+08 9.084352519609486976e+00
3.296404150000000000e+08 9.085956442826423896e+00
3.297150670000000000e+08 9.083310246968236967e+00
3.297823120000000000e+08 9.090453992993895227e+00
3.298544640000000000e+08 9.087437818915727661e+00
3.299247070000000000e+08 9.091180417549798776e+00
3.299933020000000000e+08 9.089314295415992007e+00
3.300661140000000000e+08 9.099360905107827691e+00
3.301381480000000000e+08 9.088932377409948415e+00
3.302112100000000000e+08 9.089636846338262188e+00
3.302790420000000000e+08 9.095369363930988271e+00
3.303540180000000000e+08 9.086739994623753702e+00
3.304312810000000000e+08 9.085131541497680985e+00
3.304999620000000000e+08 9.085015653815725400e+00
3.305738590000000000e+08 9.074794236828811478e+00
3.306460590000000000e+08 9.067394232449517588e+00
3.307163040000000000e+08 9.068269331901657182e+00
3.307886700000000000e+08 9.069798320335193509e+00
3.308568640000000000e+08 9.068571742514533796e+00
3.309261560000000000e+08 9.061656813920077269e+00
3.309968860000000000e+08 9.052923872296018359e+00
3.310672050000000000e+08 9.065564870626209526e+00
3.311363350000000000e+08 9.063858952797822610e+00
3.312080070000000000e+08 9.069389355575854239e+00
3.312775090000000000e+08 9.059501285260648018e+00
3.313500040000000000e+08 9.059203056418185795e+00
3.314190660000000000e+08 9.053819075502548941e+00
3.314919080000000000e+08 9.050251927528435658e+00
3.315653580000000000e+08 9.048332831547906352e+00
3.316360890000000000e+08 9.045917777166636142e+00
3.317008870000000000e+08 9.050993424511508678e+00
3.317672890000000000e+08 9.052159408752894265e+00
3.318385820000000000e+08 9.057887235114545632e+00
3.319080030000000000e+08 9.061124818665820868e+00
3.319817070000000000e+08 9.056822680151684679e+00
3.320539770000000000e+08 9.059048205343451343e+00
3.321222770000000000e+08 9.048605027723581884e+00
3.321950260000000000e+08 9.044345321128730575e+00
3.322659630000000000e+08 9.042287418619952888e+00
3.323372910000000000e+08 9.042151600968937331e+00
3.324066290000000000e+08 9.034353568180936378e+00
3.324779400000000000e+08 9.037096543040821217e+00
3.325540700000000000e+08 9.038549884973550164e+00
3.326271930000000000e+08 9.038956438824964579e+00
3.326945180000000000e+08 9.046380400202158611e+00
3.327650070000000000e+08 9.047232620273316428e+00
3.328397970000000000e+08 9.053143952255943816e+00
3.329116480000000000e+08 9.048990794339065502e+00
3.329820490000000000e+08 9.052684121327217781e+00
3.330561820000000000e+08 9.050865907864279691e+00
3.331233990000000000e+08 9.048234711375847894e+00
3.331949920000000000e+08 9.046660842871578012e+00
3.332647190000000000e+08 9.050163127499585514e+00
3.333338510000000000e+08 9.046834508495956939e+00
3.334048970000000000e+08 9.051195974647464837e+00
3.334742460000000000e+08 9.051707533492013624e+00
3.335437360000000000e+08 9.050623326586656248e+00
3.336143140000000000e+08 9.051236912083245656e+00
3.336828410000000000e+08 9.052184044152181031e+00
3.337525580000000000e+08 9.054450526932335208e+00
3.338270710000000000e+08 9.057977520921905779e+00
3.339000170000000000e+08 9.059176886228124559e+00
3.339710380000000000e+08 9.063750723292155698e+00
3.340440980000000000e+08 9.062256423290293128e+00
3.341155150000000000e+08 9.061973245519277853e+00
3.341888190000000000e+08 9.067713987777391793e+00
3.342594610000000000e+08 9.063597327133278370e+00
3.343286840000000000e+08 9.061735326453463912e+00
3.343953770000000000e+08 9.066652553691591621e+00
3.344665440000000000e+08 9.070377152948417177e+00
3.345416870000000000e+08 9.069230970106518797e+00
3.346098310000000000e+08 9.068948276861179991e+00
3.346778780000000000e+08 9.064934040181258368e+00
3.347447740000000000e+08 9.062890845639454795e+00
3.348145050000000000e+08 9.064615679847602081e+00
3.348875140000000000e+08 9.059351140239401801e+00
3.349602640000000000e+08 9.053573418084972957e+00
3.350311150000000000e+08 9.047055837683350532e+00
3.350982760000000000e+08 9.052905599189394081e+00
3.351674030000000000e+08 9.055359267170407733e+00
3.352400710000000000e+08 9.058211271047014179e+00
3.353104610000000000e+08 9.052133382230028502e+00
3.353826660000000000e+08 9.053694411692283950e+00
3.354548400000000000e+08 9.047711446087904008e+00
3.355233660000000000e+08 9.040842929964913566e+00
3.355972220000000000e+08 9.041677228817889045e+00
3.356672270000000000e+08 9.044314622603295106e+00
3.357387080000000000e+08 9.049932608271138434e+00
3.358087350000000000e+08 9.035427278597268241e+00
3.358812840000000000e+08 9.035819274982998195e+00
3.359494370000000000e+08 9.041152755717408951e+00
3.360199760000000000e+08 9.042326260146285932e+00
3.360873100000000000e+08 9.031275662903604839e+00
3.361562720000000000e+08 9.024502911440798414e+00
3.362264390000000000e+08 9.021356109737002527e+00
3.362972680000000000e+08 9.010533941588402485e+00
3.363683200000000000e+08 9.005877055147937682e+00
3.364408450000000000e+08 9.007882879215063809e+00
3.365113050000000000e+08 9.013147885841656048e+00
3.365840670000000000e+08 9.012951750592906208e+00
3.366556630000000000e+08 9.003830171838970386e+00
3.367209740000000000e+08 9.011791526877102498e+00
3.367889710000000000e+08 9.012156719318886289e+00
3.368577120000000000e+08 9.018178512667159197e+00
3.369336290000000000e+08 9.013232620619735513e+00
3.370038300000000000e+08 9.014619192408805048e+00
3.370733360000000000e+08 9.016527918219651383e+00
3.371451900000000000e+08 9.016245669244515426e+00
3.372149680000000000e+08 9.007164935571911002e+00
3.372857730000000000e+08 9.002508389755265128e+00
3.373572010000000000e+08 9.002075808467962403e+00
3.374290150000000000e+08 9.007071509026804534e+00
3.375007560000000000e+08 9.007904282000028573e+00
3.375702930000000000e+08 9.007886385425125653e+00
3.376398280000000000e+08 9.008602988962008951e+00
3.377077710000000000e+08 9.011520382933110085e+00
3.377786610000000000e+08 9.009179480905054049e+00
3.378541050000000000e+08 9.013844216163304779e+00
3.379261110000000000e+08 9.014566449266109061e+00
3.379942930000000000e+08 9.008266217001773768e+00
3.380698370000000000e+08 9.006790715730733865e+00
3.381419090000000000e+08 9.003911283572882951e+00
3.382162360000000000e+08 8.994281761726321989e+00
3.382873910000000000e+08 9.001235199051087932e+00
3.383564460000000000e+08 9.005912840921434181e+00
3.384263210000000000e+08 8.996920064811471107e+00
3.384966340000000000e+08 8.994206367787956680e+00
3.385674510000000000e+08 8.983023374200199029e+00
3.386418470000000000e+08 8.979947496201685198e+00
3.387105940000000000e+08 8.982099908316934389e+00
3.387787560000000000e+08 8.978383305353119681e+00
3.388524120000000000e+08 8.980274829881400578e+00
3.389219200000000000e+08 8.979438920550077086e+00
3.389929660000000000e+08 8.971810158197069285e+00
3.390665960000000000e+08 8.973062519571262996e+00
3.391406070000000000e+08 8.975424471700907958e+00
3.392095500000000000e+08 8.973309107761661352e+00
3.392807930000000000e+08 8.976456620371919826e+00
3.393528810000000000e+08 8.976900008230535022e+00
3.394217340000000000e+08 8.974778131609060239e+00
3.394932400000000000e+08 8.971069613707044255e+00
3.395583230000000000e+08 8.976245452598362817e+00
3.396259690000000000e+08 8.974207694953369341e+00
3.396994500000000000e+08 8.974671413314842638e+00
3.397682730000000000e+08 8.972798401925897949e+00
3.398378910000000000e+08 8.960965108293200032e+00
3.399067500000000000e+08 8.952430389809485689e+00
3.399770670000000000e+08 8.958077774493474976e+00
3.400482840000000000e+08 8.947991820402252827e+00
3.401204850000000000e+08 8.944541832289475636e+00
3.401933470000000000e+08 8.940823042189855130e+00
3.402624630000000000e+08 8.941770860529016929e+00
3.403342220000000000e+08 8.942280337557525272e+00
3.404071700000000000e+08 8.940229485565140521e+00
3.404826880000000000e+08 8.938763302218541540e+00
3.405563680000000000e+08 8.941993947818245303e+00
3.406252250000000000e+08 8.933644257147321355e+00
3.406979170000000000e+08 8.931034270278722431e+00
3.407692260000000000e+08 8.926891617560713144e+00
3.408404990000000000e+08 8.918034034419900280e+00
3.409114200000000000e+08 8.913426717264165688e+00
3.409808390000000000e+08 8.912726042322802300e+00
3.410517500000000000e+08 8.910942229467380571e+00
3.411207670000000000e+08 8.907739990512526518e+00
3.411912460000000000e+08 8.910409152111512299e+00
3.412641170000000000e+08 8.915174486846591861e+00
3.413329550000000000e+08 8.913706769150604003e+00
3.414055210000000000e+08 8.910091989418008396e+00
3.414805460000000000e+08 8.914877381364133768e+00
3.415553940000000000e+08 8.918090774389211717e+00
3.416271290000000000e+08 8.915461344389147058e+00
3.416950030000000000e+08 8.909970862909029066e+00
3.417696650000000000e+08 8.910588422854157642e+00
3.418422810000000000e+08 8.913141595912623671e+00
3.419099660000000000e+08 8.915439305971478490e+00
3.419814340000000000e+08 8.904701436485169097e+00
3.420543320000000000e+08 8.901907789581306574e+00
3.421250390000000000e+08 8.901596456018236125e+00
3.421949360000000000e+08 8.899162581492420898e+00
3.422625660000000000e+08 8.905286979753201493e+00
3.423339940000000000e+08 8.905211459304574362e+00
3.424061640000000000e+08 8.902330256322734670e+00
3.424763640000000000e+08 8.903548623598913636e+00
3.425507070000000000e+08 8.904883344579729965e+00
3.426218810000000000e+08 8.903688218295442880e+00
3.426905850000000000e+08 8.903716049608908278e+00
3.427657350000000000e+08 8.899865398641086500e+00
3.428372570000000000e+08 8.903346063794568721e+00
3.429095340000000000e+08 8.898819789650030287e+00
3.429819510000000000e+08 8.892224349940120121e+00
3.430552460000000000e+08 8.889951841663426890e+00
3.431264420000000000e+08 8.892596992045863402e+00
3.431987290000000000e+08 8.895449346994917406e+00
3.432687370000000000e+08 8.894816873948821367e+00
3.433412360000000000e+08 8.902192331628896227e+00
3.434125290000000000e+08 8.902809358248596538e+00
3.434869950000000000e+08 8.903055106407693486e+00
3.435564870000000000e+08 8.900933277333807681e+00
3.436284640000000000e+08 8.908331368042212262e+00
3.436994560000000000e+08 8.907440066860701222e+00
3.437663630000000000e+08 8.905519274526886520e+00
3.438362640000000000e+08 8.909299177061290820e+00
3.439062230000000000e+08 8.912243546472474520e+00
3.439756590000000000e+08 8.907545805338413558e+00
3.440501160000000000e+08 8.902430933527417878e+00
3.441249720000000000e+08 8.900147664856863372e+00
3.441994700000000000e+08 8.899226427751599999e+00
3.442760070000000000e+08 8.899875903652354481e+00
3.443506540000000000e+08 8.893031372801265988e+00
3.444195230000000000e+08 8.899208699938069955e+00
3.444893670000000000e+08 8.902696657827590343e+00
3.445624340000000000e+08 8.901175501221469943e+00
3.446341150000000000e+08 8.897873710806781133e+00
3.447041100000000000e+08 8.897538085649959072e+00
3.447747490000000000e+08 8.898093138424300719e+00
3.448468340000000000e+08 8.898774357301219240e+00
3.449184860000000000e+08 8.886326531285604347e+00
3.449903220000000000e+08 8.889131021127553822e+00
3.450607230000000000e+08 8.889026292113230809e+00
3.451309280000000000e+08 8.885947204646877040e+00
3.452038990000000000e+08 8.883116700431564539e+00
3.452757890000000000e+08 8.884688341329415096e+00
3.453474530000000000e+08 8.891481316332214391e+00
3.454193310000000000e+08 8.893053371059467693e+00
3.454887360000000000e+08 8.897684327969454188e+00
3.455596870000000000e+08 8.903164412585633514e+00
3.456370890000000000e+08 8.902044514047279478e+00
3.457094590000000000e+08 8.901899363965519285e+00
3.457868080000000000e+08 8.893610911704877608e+00
3.458571330000000000e+08 8.894029162297467650e+00
3.459285600000000000e+08 8.897842539666328321e+00
3.460005620000000000e+08 8.902499098569609970e+00
3.460737870000000000e+08 8.901468257894910252e+00
3.461418460000000000e+08 8.909126933818972915e+00
3.462142070000000000e+08 8.909174141908767552e+00
3.462844320000000000e+08 8.913784568227535843e+00
3.463553360000000000e+08 8.909121463268483865e+00
3.464276150000000000e+08 8.905462211120115157e+00
3.464982490000000000e+08 8.902521372932426402e+00
3.465645130000000000e+08 8.909267802407715209e+00
3.466323080000000000e+08 8.902867284918388080e+00
3.467032930000000000e+08 8.901462243135382479e+00
3.467765560000000000e+08 8.900496811724664781e+00
3.468498150000000000e+08 8.899669760660565032e+00
3.469183140000000000e+08 8.894723863535210384e+00
3.469903080000000000e+08 8.893365412191066355e+00
3.470597230000000000e+08 8.894898085504546970e+00
3.471332470000000000e+08 8.893436230156410716e+00
3.472012990000000000e+08 8.896754309639391067e+00
3.472707360000000000e+08 8.890461722595240701e+00
3.473431290000000000e+08 8.895198155131714302e+00
3.474181450000000000e+08 8.894992153773774390e+00
3.474934300000000000e+08 8.886850174956849813e+00
3.475658120000000000e+08 8.890029617130027262e+00
3.476386320000000000e+08 8.889187756075358493e+00
3.477090480000000000e+08 8.888191601938178366e+00
3.477806400000000000e+08 8.885789857216943588e+00
3.478530070000000000e+08 8.886597147098818539e+00
3.479244260000000000e+08 8.891841057669060078e+00
3.479926360000000000e+08 8.885543022499371446e+00
3.480684120000000000e+08 8.884423444315572738e+00
3.481373330000000000e+08 8.884744650265774979e+00
3.482098230000000000e+08 8.881431474638986856e+00
3.482822930000000000e+08 8.883383304574019590e+00
3.483544620000000000e+08 8.878281610764242160e+00
3.484238900000000000e+08 8.881704870826446552e+00
3.484952810000000000e+08 8.885885244327429433e+00
3.485625860000000000e+08 8.890611495191015123e+00
3.486356520000000000e+08 8.896089137100528177e+00
3.487088510000000000e+08 8.896574563660314183e+00
3.487794700000000000e+08 8.888879077656815397e+00
3.488530150000000000e+08 8.887781223772384109e+00
3.489230790000000000e+08 8.886934158438757336e+00
3.489939580000000000e+08 8.890212884726334863e+00
3.490636530000000000e+08 8.888547438706346782e+00
3.491345430000000000e+08 8.887859097632441419e+00
3.492063210000000000e+08 8.882308110820488878e+00
3.492762060000000000e+08 8.878817916783228625e+00
3.493461210000000000e+08 8.882664363730892632e+00
3.494143080000000000e+08 8.880997674240122208e+00
3.494815360000000000e+08 8.884129902151315150e+00
3.495508540000000000e+08 8.886220628257554210e+00
3.496205180000000000e+08 8.887648994473419606e+00
3.496926420000000000e+08 8.888821675479665174e+00
3.497629200000000000e+08 8.889545331053959387e+00
3.498310480000000000e+08 8.892621167314718633e+00
3.499023720000000000e+08 8.889027411627424158e+00
3.499764500000000000e+08 8.889765448377426438e+00
3.500471940000000000e+08 8.884602763837667894e+00
3.501158940000000000e+08 8.885447469755870742e+00
3.501861170000000000e+08 8.888429549940125796e+00
3.502580360000000000e+08 8.887220525472734778e+00
3.503258300000000000e+08 8.888656827484934908e+00
3.503979420000000000e+08 8.882908388142000788e+00
3.504683790000000000e+08 8.878094422815721032e+00
3.505365240000000000e+08 8.875234273294424270e+00
3.506066520000000000e+08 8.875574263990062107e+00
3.506794220000000000e+08 8.883112407391761778e+00
3.507513720000000000e+08 8.874788565655306272e+00
3.508200140000000000e+08 8.879330732193899678e+00
3.508937690000000000e+08 8.875029788770225636e+00
3.509620440000000000e+08 8.877489159749099912e+00
3.510289360000000000e+08 8.872782660149706402e+00
3.511009720000000000e+08 8.873753089377338199e+00
3.511723660000000000e+08 8.878260152233837132e+00
3.512429960000000000e+08 8.876902073638303747e+00
3.513176300000000000e+08 8.879601351926881492e+00
3.513505350000000000e+08 8.876406178363454913e+00
