0.000000000000000000e+00 0.000000000000000000e+00 0.000000000000000000e+00 0.000000000000000000e+00 0.000000000000000000e+00 0.000000000000000000e+00 0.000000000000000000e+00 1.698790545186579810e-06 0.000000000000000000e+00 0.000000000000000000e+00 3.962003961699173821e-06 3.405033684389579054e-06 5.064059624960753477e-06 8.759762081493718944e-06 8.623301551880686053e-05 8.315000292032632251e-05 1.042925489351575260e-04 1.025549779310398388e-04 2.349704447381184926e-04 3.591543281457958386e-04 3.962870766845736714e-04 5.321111562608529322e-04 5.848070812455297401e-04 6.544808069080014978e-04 8.936453522581569832e-04 8.340899882752072104e-04 9.261476163661615550e-04 9.350270416700491973e-04 1.183527693930372122e-03 9.413937917629165188e-04 9.362601392468120629e-04 7.404878399943120226e-04 6.748995145785900967e-04 5.695678791930481070e-04 4.929655931503452949e-04 3.117938197202632807e-04 2.741055179761673483e-04 2.215214063066634127e-04 1.859965305326372574e-04 1.214464842246264085e-04 5.356961729007562415e-05 5.080469685852057141e-05 3.509842493485392114e-05 3.416700392011499216e-05 1.896984713309756785e-05 1.382052604633255858e-05 1.610215508823909146e-05 1.132071224748521048e-06 8.222635480319160967e-06 0.000000000000000000e+00 0.000000000000000000e+00 0.000000000000000000e+00 0.000000000000000000e+00 0.000000000000000000e+00 0.000000000000000000e+00 0.000000000000000000e+00 0.000000000000000000e+00 0.000000000000000000e+00 0.000000000000000000e+00 0.000000000000000000e+00 0.000000000000000000e+00 0.000000000000000000e+00 0.000000000000000000e+00 0.000000000000000000e+00 0.000000000000000000e+00 0.000000000000000000e+00 0.000000000000000000e+00 0.000000000000000000e+00 0.000000000000000000e+00 0.000000000000000000e+00 0.000000000000000000e+00 0.000000000000000000e+00 0.000000000000000000e+00 0.000000000000000000e+00 0.000000000000000000e+00 0.000000000000000000e+00 0.000000000000000000e+00 0.000000000000000000e+00 0.000000000000000000e+00 0.000000000000000000e+00 0.000000000000000000e+00 0.000000000000000000e+00 0.000000000000000000e+00 0.000000000000000000e+00 0.000000000000000000e+00 0.000000000000000000e+00 0.000000000000000000e+00 0.000000000000000000e+00 0.000000000000000000e+00 0.000000000000000000e+00 0.000000000000000000e+00 0.000000000000000000e+00 0.000000000000000000e+00 0.000000000000000000e+00 0.000000000000000000e+00 0.000000000000000000e+00 0.000000000000000000e+00 0.000000000000000000e+00 0.000000000000000000e+00 0.000000000000000000e+00
0.000000000000000000e+00 0.000000000000000000e+00 0.000000000000000000e+00 0.000000000000000000e+00 0.000000000000000000e+00 0.000000000000000000e+00 0.000000000000000000e+00 0.000000000000000000e+00 0.000000000000000000e+00 4.257771708481895246e-06 1.121250839405162366e-06 1.322754609686814558e-05 5.931601890406876475e-06 2.070243657750912207e-05 9.872152670240985520e-05 1.012513977316587211e-04 1.367269872362497185e-04 1.868502064125035327e-04 3.823399885999690718e-04 5.741939691179311642e-04 6.467888926353225661e-04 1.046678315096505850e-03 1.377606080681486635e-03 1.645582754164887042e-03 2.062395668740217569e-03 2.327474709887137304e-03 2.341031602809432073e-03 2.405238467882491512e-03 2.343446708869064907e-03 2.535139251007763241e-03 2.152303927100697803e-03 1.914409321242996126e-03 1.611340243848567158e-03 1.550526493737987331e-03 1.106263449190202303e-03 9.991700177207137479e-04 7.307233809066010369e-04 4.694532401499457120e-04 5.069652564195490686e-04 3.435925598040873489e-04 2.770523140638092097e-04 1.562024859902366941e-04 1.338919481116612525e-04 6.617810662344481682e-05 8.781425743088865489e-05 3.272076996363452908e-05 2.290515870314713926e-05 1.946714544717101906e-05 2.247315952015553976e-06 1.098606497585246354e-05 1.185110096860252507e-05 0.000000000000000000e+00 1.185110096860252507e-05 0.000000000000000000e+00 0.000000000000000000e+00 0.000000000000000000e+00 0.000000000000000000e+00 0.000000000000000000e+00 0.000000000000000000e+00 0.000000000000000000e+00 0.000000000000000000e+00 0.000000000000000000e+00 0.000000000000000000e+00 0.000000000000000000e+00 0.000000000000000000e+00 0.000000000000000000e+00 0.000000000000000000e+00 0.000000000000000000e+00 0.000000000000000000e+00 0.000000000000000000e+00 0.000000000000000000e+00 0.000000000000000000e+00 0.000000000000000000e+00 0.000000000000000000e+00 0.000000000000000000e+00 0.000000000000000000e+00 0.000000000000000000e+00 0.000000000000000000e+00 0.000000000000000000e+00 0.000000000000000000e+00 0.000000000000000000e+00 0.000000000000000000e+00 0.000000000000000000e+00 0.000000000000000000e+00 0.000000000000000000e+00 0.000000000000000000e+00 0.000000000000000000e+00 0.000000000000000000e+00 0.000000000000000000e+00 0.000000000000000000e+00 0.000000000000000000e+00 0.000000000000000000e+00 0.000000000000000000e+00 0.000000000000000000e+00 0.000000000000000000e+00 0.000000000000000000e+00 0.000000000000000000e+00 0.000000000000000000e+00 0.000000000000000000e+00 0.000000000000000000e+00
0.000000000000000000e+00 0.000000000000000000e+00 0.000000000000000000e+00 0.000000000000000000e+00 0.000000000000000000e+00 0.000000000000000000e+00 0.000000000000000000e+00 0.000000000000000000e+00 0.000000000000000000e+00 0.000000000000000000e+00 1.121860570698363542e-06 1.413662152328020330e-06 6.481446917431923427e-05 2.398254618698522549e-05 8.217316741059874443e-05 1.368258069908428348e-04 1.855814374143284831e-04 3.655655543958618334e-04 5.027800430644547604e-04 9.112885049630333086e-04 1.371113322709963328e-03 1.852692537658271604e-03 2.525266869566228888e-03 3.451109259134691517e-03 4.166223761591183496e-03 4.907849300727433993e-03 5.403689741314068005e-03 5.632850658066110294e-03 5.855869797503542896e-03 5.805172546413752722e-03 5.080898856923609687e-03 4.845493559789137115e-03 4.328077202289425281e-03 3.545242335765915170e-03 3.104775691822692172e-03 2.506794294151520105e-03 1.903351561138523409e-03 1.697642480741477300e-03 1.235407002421269563e-03 9.500550333979484660e-04 7.020500958859785890e-04 4.573102862983488494e-04 3.386940803829804436e-04 2.463169429348706515e-04 1.900220116766219406e-04 6.906534859654262686e-05 6.145894989264786298e-05 4.449733040066436538e-05 2.421744599304176876e-05 1.996271597396355728e-05 3.084522501240179811e-05 1.239655321902118753e-05 2.806715452643819892e-07 0.000000000000000000e+00 4.238400865481486571e-06 0.000000000000000000e+00 0.000000000000000000e+00 0.000000000000000000e+00 0.000000000000000000e+00 0.000000000000000000e+00 0.000000000000000000e+00 0.000000000000000000e+00 0.000000000000000000e+00 0.000000000000000000e+00 0.000000000000000000e+00 0.000000000000000000e+00 0.000000000000000000e+00 0.000000000000000000e+00 0.000000000000000000e+00 0.000000000000000000e+00 0.000000000000000000e+00 0.000000000000000000e+00 0.000000000000000000e+00 0.000000000000000000e+00 0.000000000000000000e+00 0.000000000000000000e+00 0.000000000000000000e+00 0.000000000000000000e+00 0.000000000000000000e+00 0.000000000000000000e+00 0.000000000000000000e+00 0.000000000000000000e+00 0.000000000000000000e+00 0.000000000000000000e+00 0.000000000000000000e+00 0.000000000000000000e+00 0.000000000000000000e+00 0.000000000000000000e+00 0.000000000000000000e+00 0.000000000000000000e+00 0.000000000000000000e+00 0.000000000000000000e+00 0.000000000000000000e+00 0.000000000000000000e+00 0.000000000000000000e+00 0.000000000000000000e+00 0.000000000000000000e+00 0.000000000000000000e+00 0.000000000000000000e+00 0.000000000000000000e+00
0.000000000000000000e+00 0.000000000000000000e+00 0.000000000000000000e+00 0.000000000000000000e+00 0.000000000000000000e+00 0.000000000000000000e+00 0.000000000000000000e+00 0.000000000000000000e+00 0.000000000000000000e+00 0.000000000000000000e+00 1.698121267615675908e-06 8.197306125867281633e-06 9.866387459931463949e-06 1.601874534792168610e-05 3.553809536171682523e-05 1.286570162245485448e-04 2.096240458167377980e-04 2.979122246838749699e-04 5.746463894096649414e-04 1.052037970367556731e-03 2.010865271629653801e-03 3.151103535017370835e-03 4.558555646097426153e-03 6.402304155142403419e-03 7.791389128796596779e-03 8.950240234989205110e-03 1.093732392142644609e-02 1.230427919898150965e-02 1.208921350386132562e-02 1.207090474901119370e-02 1.166529893067622461e-02 1.080804912428996387e-02 9.404198381562731829e-03 8.333473865069739028e-03 7.036362306835544818e-03 6.125790966549016919e-03 4.394292626701265699e-03 3.797695796561615083e-03 2.778382126630097280e-03 2.243733362291899097e-03 1.804712231781191011e-03 1.259129833592148324e-03 8.681610120608540494e-04 5.244041128553770777e-04 4.347062079100413238e-04 2.849011165293320299e-04 1.833372213000306517e-04 1.767760684493234556e-04 8.141757404881374313e-05 4.606539539833697671e-05 2.305770623481436952e-05 1.666841050041443958e-05 1.497586428604712583e-05 4.228714983376737057e-06 6.207201308889558795e-06 5.612865740689927710e-07 0.000000000000000000e+00 0.000000000000000000e+00 0.000000000000000000e+00 0.000000000000000000e+00 0.000000000000000000e+00 0.000000000000000000e+00 0.000000000000000000e+00 0.000000000000000000e+00 0.000000000000000000e+00 0.000000000000000000e+00 0.000000000000000000e+00 0.000000000000000000e+00 0.000000000000000000e+00 0.000000000000000000e+00 0.000000000000000000e+00 0.000000000000000000e+00 0.000000000000000000e+00 0.000000000000000000e+00 0.000000000000000000e+00 0.000000000000000000e+00 0.000000000000000000e+00 0.000000000000000000e+00 0.000000000000000000e+00 0.000000000000000000e+00 0.000000000000000000e+00 0.000000000000000000e+00 0.000000000000000000e+00 0.000000000000000000e+00 0.000000000000000000e+00 0.000000000000000000e+00 0.000000000000000000e+00 0.000000000000000000e+00 0.000000000000000000e+00 0.000000000000000000e+00 0.000000000000000000e+00 0.000000000000000000e+00 0.000000000000000000e+00 0.000000000000000000e+00 0.000000000000000000e+00 0.000000000000000000e+00 0.000000000000000000e+00 0.000000000000000000e+00 0.000000000000000000e+00 0.000000000000000000e+00
0.000000000000000000e+00 0.000000000000000000e+00 0.000000000000000000e+00 0.000000000000000000e+00 0.000000000000000000e+00 0.000000000000000000e+00 0.000000000000000000e+00 0.000000000000000000e+00 0.000000000000000000e+00 0.000000000000000000e+00 0.000000000000000000e+00 2.828848437240259172e-07 2.838514472321288485e-07 3.147191259073332586e-05 4.747294801280583246e-05 1.035714461757994875e-04 1.532154962462730806e-04 4.083877356724250154e-04 6.683309205352047774e-04 1.411746844847217540e-03 2.410608065373931377e-03 4.251464579477867538e-03 6.597464468009037707e-03 9.572683074664779801e-03 1.239326214724131847e-02 1.665807047068749297e-02 1.912107301178197008e-02 2.283240486474236164e-02 2.363065334689531602e-02 2.440939302456132665e-02 2.349111238627716106e-02 2.158124735383009155e-02 2.014743866226335195e-02 1.796997386799393040e-02 1.484693694741277131e-02 1.259521956501033838e-02 1.039660567057090930e-02 8.149722012182645386e-03 6.627272189575440439e-03 4.894811176141876038e-03 3.730019176188769086e-03 2.838503621766926607e-03 2.034804836746846590e-03 1.415680607567977155e-03 1.120775102947268401e-03 8.005935152025082024e-04 5.647895518163345997e-04 3.116595185353782560e-04 2.449345709527712099e-04 1.575087529125440754e-04 1.008450636632355322e-04 5.126816013315589214e-05 4.596683048567423528e-05 2.511614947981767858e-05 7.593355724656056573e-06 3.102538136209263515e-06 2.246264959323974473e-06 1.185110096860263010e-05 0.000000000000000000e+00 0.000000000000000000e+00 0.000000000000000000e+00 0.000000000000000000e+00 0.000000000000000000e+00 0.000000000000000000e+00 0.000000000000000000e+00 0.000000000000000000e+00 0.000000000000000000e+00 0.000000000000000000e+00 0.000000000000000000e+00 0.000000000000000000e+00 0.000000000000000000e+00 0.000000000000000000e+00 0.000000000000000000e+00 0.000000000000000000e+00 0.000000000000000000e+00 0.000000000000000000e+00 0.000000000000000000e+00 0.000000000000000000e+00 0.000000000000000000e+00 0.000000000000000000e+00 0.000000000000000000e+00 0.000000000000000000e+00 0.000000000000000000e+00 0.000000000000000000e+00 0.000000000000000000e+00 0.000000000000000000e+00 0.000000000000000000e+00 0.000000000000000000e+00 0.000000000000000000e+00 0.000000000000000000e+00 0.000000000000000000e+00 0.000000000000000000e+00 0.000000000000000000e+00 0.000000000000000000e+00 0.000000000000000000e+00 0.000000000000000000e+00 0.000000000000000000e+00 0.000000000000000000e+00 0.000000000000000000e+00 0.000000000000000000e+00
0.000000000000000000e+00 0.000000000000000000e+00 0.000000000000000000e+00 0.000000000000000000e+00 0.000000000000000000e+00 0.000000000000000000e+00 0.000000000000000000e+00 0.000000000000000000e+00 2.799999737500019620e-07 0.000000000000000000e+00 0.000000000000000000e+00 0.000000000000000000e+00 4.224032288502842744e-06 1.296407882411697223e-05 1.158186489360425005e-05 6.025161341880751236e-05 1.099700703563381523e-04 2.822738825533831707e-04 6.744504372638856311e-04 1.468363115211901958e-03 2.826404814416282486e-03 4.923811873407712633e-03 7.819372572157009052e-03 1.379002217712106682e-02 2.045185872948898642e-02 2.601965368838590753e-02 3.314786318198781334e-02 3.887791097560066439e-02 4.232995583297721742e-02 4.457481895040165537e-02 4.475565694796258126e-02 4.250751220542460518e-02 3.863390415053809951e-02 3.453654891808094485e-02 2.953074638973891483e-02 2.479987002857075851e-02 2.000812740431224396e-02 1.645922076826491359e-02 1.287138228802547392e-02 9.990858744453429488e-03 7.718301054898485392e-03 5.808734390279343858e-03 4.282071295308406342e-03 3.320687537990737147e-03 2.454061252120628631e-03 1.823065183501309866e-03 1.052241250171318107e-03 8.581925564526526450e-04 6.167203134375629772e-04 3.705653177594424026e-04 2.226041352056185095e-04 1.511132713524987133e-04 9.262229208287396849e-05 5.005526896596544726e-05 3.806198160671242454e-05 9.277088449753523986e-05 1.301347539741762834e-05 1.130080722637179202e-06 0.000000000000000000e+00 0.000000000000000000e+00 5.110321365746070337e-06 0.000000000000000000e+00 0.000000000000000000e+00 0.000000000000000000e+00 0.000000000000000000e+00 0.000000000000000000e+00 0.000000000000000000e+00 0.000000000000000000e+00 0.000000000000000000e+00 0.000000000000000000e+00 0.000000000000000000e+00 0.000000000000000000e+00 0.000000000000000000e+00 0.000000000000000000e+00 0.000000000000000000e+00 0.000000000000000000e+00 0.000000000000000000e+00 0.000000000000000000e+00 0.000000000000000000e+00 0.000000000000000000e+00 0.000000000000000000e+00 0.000000000000000000e+00 0.000000000000000000e+00 0.000000000000000000e+00 0.000000000000000000e+00 0.000000000000000000e+00 0.000000000000000000e+00 0.000000000000000000e+00 0.000000000000000000e+00 0.000000000000000000e+00 0.000000000000000000e+00 0.000000000000000000e+00 0.000000000000000000e+00 0.000000000000000000e+00 0.000000000000000000e+00 0.000000000000000000e+00 0.000000000000000000e+00 0.000000000000000000e+00 0.000000000000000000e+00 0.000000000000000000e+00
0.000000000000000000e+00 0.000000000000000000e+00 0.000000000000000000e+00 0.000000000000000000e+00 0.000000000000000000e+00 0.000000000000000000e+00 0.000000000000000000e+00 0.000000000000000000e+00 0.000000000000000000e+00 0.000000000000000000e+00 0.000000000000000000e+00 0.000000000000000000e+00 0.000000000000000000e+00 1.129151362475482885e-06 1.552440675836435559e-05 4.777208548049993264e-05 8.921047288031829869e-05 1.755645168675430299e-04 4.524021410249881516e-04 9.876483148046331408e-04 2.517614972945516737e-03 5.205273724420375961e-03 1.003763968767231070e-02 1.677379662276189815e-02 2.737440776497418807e-02 4.062459718640456380e-02 5.250255139047421693e-02 6.429716400507307084e-02 7.260311096924615404e-02 7.651478712808018612e-02 7.637092132370180975e-02 7.549565598868811234e-02 6.952183481181659075e-02 6.396982399284029119e-02 5.456954372818861171e-02 4.625198156922483150e-02 3.776465231134434886e-02 3.075143862573163911e-02 2.522095298514072381e-02 1.905211618829400280e-02 1.611152074064657602e-02 1.090180244299240875e-02 8.497196650731035292e-03 6.550242630020066022e-03 4.996313409663421731e-03 3.366078602609044908e-03 2.313865078347783141e-03 1.674775045466513675e-03 1.237160408069990294e-03 6.980381411398575058e-04 5.173636927951055309e-04 3.386273683979224469e-04 2.186274588425252195e-04 1.064013003991006682e-04 6.182918786141546367e-05 5.089729972705575351e-05 3.984352141696432452e-05 3.842572787436207999e-05 6.297113209858652228e-05 4.222832636631144421e-06 0.000000000000000000e+00 5.926991227084675138e-06 2.254579939694768346e-06 0.000000000000000000e+00 0.000000000000000000e+00 0.000000000000000000e+00 0.000000000000000000e+00 0.000000000000000000e+00 0.000000000000000000e+00 0.000000000000000000e+00 0.000000000000000000e+00 0.000000000000000000e+00 0.000000000000000000e+00 0.000000000000000000e+00 0.000000000000000000e+00 0.000000000000000000e+00 0.000000000000000000e+00 0.000000000000000000e+00 0.000000000000000000e+00 0.000000000000000000e+00 0.000000000000000000e+00 0.000000000000000000e+00 0.000000000000000000e+00 0.000000000000000000e+00 0.000000000000000000e+00 0.000000000000000000e+00 0.000000000000000000e+00 0.000000000000000000e+00 0.000000000000000000e+00 0.000000000000000000e+00 0.000000000000000000e+00 0.000000000000000000e+00 0.000000000000000000e+00 0.000000000000000000e+00 0.000000000000000000e+00 0.000000000000000000e+00 0.000000000000000000e+00 0.000000000000000000e+00 0.000000000000000000e+00 0.000000000000000000e+00
0.000000000000000000e+00 0.000000000000000000e+00 0.000000000000000000e+00 0.000000000000000000e+00 0.000000000000000000e+00 0.000000000000000000e+00 0.000000000000000000e+00 0.000000000000000000e+00 0.000000000000000000e+00 0.000000000000000000e+00 0.000000000000000000e+00 0.000000000000000000e+00 0.000000000000000000e+00 1.692576031012601185e-06 7.059497312854835300e-06 4.207730563945641535e-06 5.459244408033953310e-05 1.147725080910610643e-04 3.314293884212170119e-04 7.240940060905891838e-04 2.046185685194676449e-03 4.647493456149374286e-03 1.048009596193700231e-02 1.936919721819476553e-02 3.519350176848310557e-02 5.427764630111336919e-02 7.717796238315359492e-02 9.614439750033473842e-02 1.128594335764143280e-01 1.229601323594906453e-01 1.275833543332395570e-01 1.239579724997049159e-01 1.152499404181581283e-01 1.049457563110895025e-01 9.241298337520052752e-02 8.063238601214620105e-02 6.722782305735365560e-02 5.614063912851326860e-02 4.493372613169020063e-02 3.590873545619008289e-02 2.848691829547895377e-02 2.194518573837100570e-02 1.722619566081801806e-02 1.234226034179829526e-02 9.229136917715086846e-03 6.323530518272774473e-03 5.113107162077131645e-03 3.695931736059806377e-03 2.215435597234985399e-03 1.640840291348167994e-03 1.058605946397660549e-03 8.529707353200301125e-04 5.648321759698294491e-04 2.694955368749625308e-04 1.357628437680559865e-04 1.424862653213968965e-04 6.469533200485412690e-05 3.946289349594039820e-05 6.282244699785247198e-05 5.657745798342229646e-06 1.839560548145895250e-05 4.516209913674120404e-06 7.085958193686134665e-06 0.000000000000000000e+00 3.409707071976676495e-06 0.000000000000000000e+00 0.000000000000000000e+00 0.000000000000000000e+00 0.000000000000000000e+00 0.000000000000000000e+00 0.000000000000000000e+00 0.000000000000000000e+00 0.000000000000000000e+00 0.000000000000000000e+00 0.000000000000000000e+00 0.000000000000000000e+00 0.000000000000000000e+00 0.000000000000000000e+00 0.000000000000000000e+00 0.000000000000000000e+00 0.000000000000000000e+00 0.000000000000000000e+00 0.000000000000000000e+00 0.000000000000000000e+00 0.000000000000000000e+00 0.000000000000000000e+00 0.000000000000000000e+00 0.000000000000000000e+00 0.000000000000000000e+00 0.000000000000000000e+00 0.000000000000000000e+00 0.000000000000000000e+00 0.000000000000000000e+00 0.000000000000000000e+00 0.000000000000000000e+00 0.000000000000000000e+00 0.000000000000000000e+00 0.000000000000000000e+00 0.000000000000000000e+00 0.000000000000000000e+00
0.000000000000000000e+00 0.000000000000000000e+00 0.000000000000000000e+00 0.000000000000000000e+00 0.000000000000000000e+00 0.000000000000000000e+00 0.000000000000000000e+00 0.000000000000000000e+00 0.000000000000000000e+00 0.000000000000000000e+00 0.000000000000000000e+00 0.000000000000000000e+00 0.000000000000000000e+00 0.000000000000000000e+00 0.000000000000000000e+00 0.000000000000000000e+00 1.186461925918365407e-05 5.647121981647979899e-05 1.869223458385410022e-04 4.652405467476517214e-04 1.612660069615951377e-03 3.812110420313536210e-03 9.358639557140840601e-03 2.019866825886939762e-02 3.923101091665410350e-02 6.684149142065742843e-02 1.020873228941714672e-01 1.377371691798322528e-01 1.662612840766112265e-01 1.845617293488617805e-01 1.960992744859670900e-01 1.934280159114864228e-01 1.829055473384745001e-01 1.710357483707057313e-01 1.502798328197025857e-01 1.322129460628571618e-01 1.114891257601136054e-01 9.377014518958340372e-02 7.613193583088057048e-02 6.221542247710001167e-02 4.848074781379322490e-02 3.915971427968650137e-02 2.872462580943116808e-02 2.283341049293195410e-02 1.673775743585808468e-02 1.238699516520115791e-02 9.030563272456930413e-03 6.194720293645400444e-03 4.735836358948000875e-03 2.940395991508311380e-03 2.092897832885892880e-03 1.335413913838727918e-03 8.989095230267387087e-04 5.372607404917919237e-04 4.211801714411030702e-04 2.510530134458405205e-04 1.482980678115299327e-04 1.117154013720339268e-04 5.903470539517205370e-05 3.291262527889781108e-05 2.488463887958864792e-05 2.982365570466970813e-05 1.781970888693226149e-05 4.802843071208011024e-06 6.522408529861657323e-06 0.000000000000000000e+00 1.980789087125490963e-06 0.000000000000000000e+00 0.000000000000000000e+00 0.000000000000000000e+00 0.000000000000000000e+00 0.000000000000000000e+00 0.000000000000000000e+00 0.000000000000000000e+00 0.000000000000000000e+00 0.000000000000000000e+00 0.000000000000000000e+00 0.000000000000000000e+00 0.000000000000000000e+00 0.000000000000000000e+00 0.000000000000000000e+00 0.000000000000000000e+00 0.000000000000000000e+00 0.000000000000000000e+00 0.000000000000000000e+00 0.000000000000000000e+00 0.000000000000000000e+00 0.000000000000000000e+00 0.000000000000000000e+00 0.000000000000000000e+00 0.000000000000000000e+00 0.000000000000000000e+00 0.000000000000000000e+00 0.000000000000000000e+00 0.000000000000000000e+00 0.000000000000000000e+00 0.000000000000000000e+00 0.000000000000000000e+00 0.000000000000000000e+00 0.000000000000000000e+00
0.000000000000000000e+00 0.000000000000000000e+00 0.000000000000000000e+00 0.000000000000000000e+00 0.000000000000000000e+00 0.000000000000000000e+00 0.000000000000000000e+00 0.000000000000000000e+00 0.000000000000000000e+00 0.000000000000000000e+00 0.000000000000000000e+00 0.000000000000000000e+00 0.000000000000000000e+00 0.000000000000000000e+00 0.000000000000000000e+00 0.000000000000000000e+00 3.364235906490880931e-06 2.057013670538171312e-05 5.303495036913065597e-05 2.259078242502901904e-04 9.272703309510002241e-04 2.657425999677551394e-03 7.119326502353444906e-03 1.860696654399903935e-02 4.343499377781187554e-02 7.743191160368334547e-02 1.305446981895476422e-01 1.843259938855881241e-01 2.326128496158730019e-01 2.673565601546699089e-01 2.848641530033022562e-01 2.854635627543810061e-01 2.749899148026442863e-01 2.571784581252890556e-01 2.316753576810866022e-01 2.020447384169213045e-01 1.750255253604131589e-01 1.475232748544632044e-01 1.208930825039303131e-01 1.004071657671668782e-01 8.001423836016638425e-02 6.325756088235895414e-02 4.883947194281051257e-02 3.723651223512676467e-02 2.756480146470923973e-02 2.104945166000769460e-02 1.588166733798576299e-02 1.090505039781726818e-02 7.646615733638720790e-03 5.354833374379868935e-03 3.712847699640607190e-03 2.350610906473007706e-03 1.560265369979811894e-03 1.244567753273686725e-03 7.128896727589136527e-04 3.645939067393490478e-04 2.415801750761703863e-04 1.775046072993534515e-04 2.192171351524740497e-04 5.957778436055402804e-05 6.363636337019431123e-05 1.868410362090150773e-05 2.419943935632421029e-05 4.820542680888476230e-06 3.968052982852058477e-06 0.000000000000000000e+00 0.000000000000000000e+00 0.000000000000000000e+00 0.000000000000000000e+00 0.000000000000000000e+00 0.000000000000000000e+00 0.000000000000000000e+00 0.000000000000000000e+00 0.000000000000000000e+00 0.000000000000000000e+00 0.000000000000000000e+00 0.000000000000000000e+00 0.000000000000000000e+00 0.000000000000000000e+00 0.000000000000000000e+00 0.000000000000000000e+00 0.000000000000000000e+00 0.000000000000000000e+00 0.000000000000000000e+00 0.000000000000000000e+00 0.000000000000000000e+00 0.000000000000000000e+00 0.000000000000000000e+00 0.000000000000000000e+00 0.000000000000000000e+00 0.000000000000000000e+00 0.000000000000000000e+00 0.000000000000000000e+00 0.000000000000000000e+00 0.000000000000000000e+00 0.000000000000000000e+00 0.000000000000000000e+00 0.000000000000000000e+00 0.000000000000000000e+00 0.000000000000000000e+00
0.000000000000000000e+00 0.000000000000000000e+00 0.000000000000000000e+00 0.000000000000000000e+00 0.000000000000000000e+00 0.000000000000000000e+00 0.000000000000000000e+00 0.000000000000000000e+00 0.000000000000000000e+00 0.000000000000000000e+00 0.000000000000000000e+00 0.000000000000000000e+00 0.000000000000000000e+00 0.000000000000000000e+00 0.000000000000000000e+00 5.372171541742978332e-06 1.120284314155376920e-06 3.397003109009794659e-06 3.152905750843870784e-05 1.460122447245157959e-04 4.472970778740977243e-04 1.623326245398503407e-03 5.850129817154130739e-03 1.706179219637992198e-02 4.254301693897916820e-02 8.891035733567724531e-02 1.544297820013374178e-01 2.350539681688048887e-01 3.112354444447339441e-01 3.635221109128412009e-01 3.943369748297836375e-01 3.987015980226363276e-01 3.897207914381545235e-01 3.679049774466436884e-01 3.337954290332010299e-01 2.984206960298910194e-01 2.578047681361288479e-01 2.187647275300413918e-01 1.842976419725128323e-01 1.501020636165301403e-01 1.245457130057018302e-01 9.793662953329042298e-02 7.663556378527690283e-02 5.861927592501730427e-02 4.507136297794901020e-02 3.374547238286620260e-02 2.499682246757723575e-02 1.812097098277895557e-02 1.314041370192501647e-02 9.120088125783949382e-03 6.497491189947895290e-03 4.487181041182154717e-03 3.325542065823644186e-03 2.033508112043085157e-03 1.331099659943366532e-03 8.698773891570752911e-04 4.957228750015423404e-04 4.093461075320116633e-04 2.803434024083525261e-04 2.020720283407913015e-04 7.932763743180394947e-05 3.372204555244857265e-05 3.360892438362908399e-05 2.616889760160788628e-05 1.012876437563682855e-05 0.000000000000000000e+00 0.000000000000000000e+00 0.000000000000000000e+00 3.409707071976661248e-06 0.000000000000000000e+00 0.000000000000000000e+00 0.000000000000000000e+00 0.000000000000000000e+00 0.000000000000000000e+00 0.000000000000000000e+00 0.000000000000000000e+00 0.000000000000000000e+00 0.000000000000000000e+00 0.000000000000000000e+00 0.000000000000000000e+00 0.000000000000000000e+00 0.000000000000000000e+00 0.000000000000000000e+00 0.000000000000000000e+00 0.000000000000000000e+00 0.000000000000000000e+00 0.000000000000000000e+00 0.000000000000000000e+00 0.000000000000000000e+00 0.000000000000000000e+00 0.000000000000000000e+00 0.000000000000000000e+00 0.000000000000000000e+00 0.000000000000000000e+00 0.000000000000000000e+00 0.000000000000000000e+00 0.000000000000000000e+00 0.000000000000000000e+00 0.000000000000000000e+00 0.000000000000000000e+00
3.413535566351561940e-06 0.000000000000000000e+00 1.125215472169864039e-06 0.000000000000000000e+00 0.000000000000000000e+00 0.000000000000000000e+00 0.000000000000000000e+00 0.000000000000000000e+00 3.389025285879486382e-06 0.000000000000000000e+00 0.000000000000000000e+00 0.000000000000000000e+00 0.000000000000000000e+00 0.000000000000000000e+00 0.000000000000000000e+00 3.645998601987404324e-06 1.128676282724059889e-06 6.477366795504091283e-06 5.644697430767420244e-07 4.278107088268978241e-05 2.697353850024084313e-04 1.216124730193544152e-03 4.603555583791481796e-03 1.578320565672386433e-02 4.366671770553181425e-02 9.916681124889113741e-02 1.854411161424152354e-01 2.915308371979702939e-01 3.956325023614224445e-01 4.751992848341591857e-01 5.154016637811119628e-01 5.384097400850847981e-01 5.230319044192525135e-01 4.991918248175582495e-01 4.584176943884321620e-01 4.122520660043739182e-01 3.595678843821884518e-01 3.134586832401966006e-01 2.625065349178144491e-01 2.167313736765697219e-01 1.776668399290290690e-01 1.427814608369174787e-01 1.131891134196786330e-01 8.907089837097639795e-02 6.914874681428270775e-02 5.301121525709870386e-02 3.949333893018955322e-02 2.841020457236567709e-02 2.063115564961677875e-02 1.476442225660793903e-02 1.038977539956544884e-02 7.459836771712883771e-03 4.970075702790930500e-03 3.681204966042644737e-03 2.414508710368674146e-03 1.758600767218706238e-03 9.397225256470339693e-04 7.178427786779533913e-04 5.219951544516354333e-04 3.130324469095275945e-04 2.822403182123181574e-04 1.287115135033790273e-04 7.199829515922388237e-05 2.034458099573149912e-05 1.639088187793636556e-05 8.481075890930930283e-06 6.789169945569529572e-06 0.000000000000000000e+00 1.136410997600595712e-06 0.000000000000000000e+00 0.000000000000000000e+00 0.000000000000000000e+00 0.000000000000000000e+00 0.000000000000000000e+00 0.000000000000000000e+00 0.000000000000000000e+00 0.000000000000000000e+00 0.000000000000000000e+00 0.000000000000000000e+00 0.000000000000000000e+00 0.000000000000000000e+00 0.000000000000000000e+00 0.000000000000000000e+00 0.000000000000000000e+00 0.000000000000000000e+00 0.000000000000000000e+00 0.000000000000000000e+00 0.000000000000000000e+00 0.000000000000000000e+00 0.000000000000000000e+00 0.000000000000000000e+00 0.000000000000000000e+00 0.000000000000000000e+00 0.000000000000000000e+00 0.000000000000000000e+00 0.000000000000000000e+00 0.000000000000000000e+00 0.000000000000000000e+00 0.000000000000000000e+00 0.000000000000000000e+00
2.833740964019214325e-07 1.126393500811221090e-06 2.539695290886669508e-06 7.064802742097199247e-06 0.000000000000000000e+00 0.000000000000000000e+00 8.185284935144149224e-06 0.000000000000000000e+00 2.251294604323976824e-06 0.000000000000000000e+00 0.000000000000000000e+00 1.415430403577667974e-05 0.000000000000000000e+00 8.542873634925531778e-07 0.000000000000000000e+00 2.825921096838892849e-07 0.000000000000000000e+00 2.874564068336363462e-05 4.211284969845801007e-05 8.320563766565995363e-05 3.457027305944702076e-04 1.203182532370335872e-03 4.929299977402106132e-03 1.723992316596164795e-02 4.992733268300326988e-02 1.177989891533120226e-01 2.240450264032537997e-01 3.565994305918178120e-01 4.911834780976240267e-01 5.957785481649265913e-01 6.541345185264292317e-01 6.776397099079016773e-01 6.695898451504852522e-01 6.406647759086183669e-01 6.003809660855022878e-01 5.396790232038841673e-01 4.779821674731152270e-01 4.163688842404691948e-01 3.579446989799287548e-01 2.969712988941696219e-01 2.476276076046968755e-01 2.029397899649637849e-01 1.622929755218553982e-01 1.284549262378294476e-01 1.015270140701197005e-01 7.726411378940432895e-02 5.875605734850192913e-02 4.309739536503898183e-02 3.283739599717912239e-02 2.350563966532091126e-02 1.631399976829842058e-02 1.187049822522193848e-02 8.541029038867928302e-03 5.757326779372154597e-03 3.902340704329512484e-03 2.355973925628653074e-03 1.816130296628663474e-03 1.157938715492314117e-03 8.027410634325532002e-04 4.812552783880480597e-04 3.404360861571646322e-04 1.398776889524297766e-04 7.116255292004421661e-05 4.825999159128041289e-05 7.591149953436802488e-05 7.338749028356589973e-06 3.009719484785970971e-05 8.467046146151167953e-07 0.000000000000000000e+00 2.813038680424672804e-07 0.000000000000000000e+00 0.000000000000000000e+00 0.000000000000000000e+00 0.000000000000000000e+00 0.000000000000000000e+00 0.000000000000000000e+00 0.000000000000000000e+00 0.000000000000000000e+00 0.000000000000000000e+00 0.000000000000000000e+00 0.000000000000000000e+00 0.000000000000000000e+00 0.000000000000000000e+00 0.000000000000000000e+00 0.000000000000000000e+00 0.000000000000000000e+00 0.000000000000000000e+00 0.000000000000000000e+00 0.000000000000000000e+00 0.000000000000000000e+00 0.000000000000000000e+00 0.000000000000000000e+00 0.000000000000000000e+00 0.000000000000000000e+00 0.000000000000000000e+00 0.000000000000000000e+00 0.000000000000000000e+00 0.000000000000000000e+00 0.000000000000000000e+00 0.000000000000000000e+00
1.383647301674692546e-05 1.461920359505013774e-05 1.130876289050890068e-05 1.494028046189401202e-05 1.185906750692920971e-05 3.083684263018530026e-05 1.160041384817003866e-05 6.790661119063608935e-06 5.653037609950599107e-06 2.951029147442989247e-05 2.472372517220962156e-05 6.833894857488242872e-05 8.202310486067630857e-06 5.701359579006906548e-05 2.401555443580409777e-05 3.419983721785385721e-05 6.718387676912854201e-05 9.531869791301425694e-05 1.568664736082877589e-04 4.443538515727149378e-04 8.923517307202086203e-04 2.532780086972545152e-03 8.183694756814479179e-03 2.544842271760018593e-02 6.657609063235778168e-02 1.487107244272469209e-01 2.756441723767059093e-01 4.360974412220734453e-01 5.923257389262268635e-01 7.167720601889244758e-01 7.937873650501697798e-01 8.294728577973650152e-01 8.244160105299321861e-01 7.984255836183541399e-01 7.419358035040400923e-01 6.810306306243509855e-01 6.103569516129421224e-01 5.369166819806332480e-01 4.650835561293637510e-01 3.936232006784299298e-01 3.284310666194532602e-01 2.705728606031077565e-01 2.179582098387918832e-01 1.760882314270777460e-01 1.404402453031315390e-01 1.083323653056584707e-01 8.346439510112919902e-02 6.196748390028617576e-02 4.741232809768317763e-02 3.445000260043888651e-02 2.477868877117325730e-02 1.888598793991863936e-02 1.267558489902772915e-02 8.791292520979961458e-03 6.336751335377000319e-03 4.015430835385656004e-03 2.929696858970477075e-03 1.841991746341072565e-03 1.429629030254318551e-03 9.046428068941689835e-04 5.780588895746366102e-04 3.899369305161335623e-04 2.251619635794554651e-04 8.515388021474881535e-05 8.345504945382412607e-05 2.793686026191025197e-05 7.864134024287640937e-06 2.862051506805160533e-05 3.132386999472694597e-06 8.205475722623427538e-06 0.000000000000000000e+00 0.000000000000000000e+00 0.000000000000000000e+00 0.000000000000000000e+00 0.000000000000000000e+00 0.000000000000000000e+00 0.000000000000000000e+00 0.000000000000000000e+00 0.000000000000000000e+00 0.000000000000000000e+00 0.000000000000000000e+00 0.000000000000000000e+00 0.000000000000000000e+00 0.000000000000000000e+00 0.000000000000000000e+00 0.000000000000000000e+00 0.000000000000000000e+00 0.000000000000000000e+00 0.000000000000000000e+00 0.000000000000000000e+00 0.000000000000000000e+00 0.000000000000000000e+00 0.000000000000000000e+00 0.000000000000000000e+00 0.000000000000000000e+00 0.000000000000000000e+00 0.000000000000000000e+00 0.000000000000000000e+00 0.000000000000000000e+00 0.000000000000000000e+00
3.995899622875705355e-05 1.980780830211669504e-05 2.599210235519921442e-05 3.519035489298260276e-05 5.212426720666088204e-05 4.023500033070578289e-05 4.177752809883022642e-05 5.341608366770005855e-05 6.453405653279986045e-05 5.023502353782883389e-05 9.907586261554496233e-05 8.204254612562804914e-05 7.422174537887638480e-05 7.678277581188551611e-05 1.469384833095266720e-04 2.481978594469640858e-04 3.342080722971304770e-04 5.665828783286018435e-04 9.365666058874993561e-04 1.512774614491626353e-03 3.265651165881578496e-03 7.325823157924896654e-03 1.807137934403160034e-02 4.404499838992798760e-02 1.013506582614133733e-01 2.013523852606758091e-01 3.530023537302904857e-01 5.358671485267310075e-01 7.049136061796488217e-01 8.433561456389770949e-01 9.325171323125289735e-01 9.727176916913536919e-01 9.763859303130109080e-01 9.434969038043514722e-01 8.875954149270829374e-01 8.228024673940147471e-01 7.468295326966716274e-01 6.659010945223831079e-01 5.814015717362190916e-01 4.997518591585282666e-01 4.193972615332827170e-01 3.519502318561483212e-01 2.894532020358289715e-01 2.343223811591519656e-01 1.878754641865472141e-01 1.506635974111979748e-01 1.133918901270083851e-01 8.805220048184511650e-02 6.633688247039137842e-02 5.003523448590867229e-02 3.781224811674205322e-02 2.663158819687092699e-02 1.912324989693616265e-02 1.342400343007801346e-02 9.175024151123631344e-03 6.456530876624421746e-03 4.448197177128534151e-03 3.303653993767014137e-03 1.992577501947235229e-03 1.319078469016115446e-03 8.178972719762679427e-04 5.626746695011610941e-04 3.360837571967396496e-04 2.631874519982211453e-04 1.728494864193767669e-04 8.551577427635292288e-05 6.188246971484126979e-05 3.287012915821296936e-05 2.399303997534097516e-05 1.861022155387071839e-05 4.533450856681709389e-06 8.205475722623502077e-06 8.205475722623427538e-06 0.000000000000000000e+00 0.000000000000000000e+00 0.000000000000000000e+00 0.000000000000000000e+00 0.000000000000000000e+00 0.000000000000000000e+00 0.000000000000000000e+00 0.000000000000000000e+00 0.000000000000000000e+00 0.000000000000000000e+00 0.000000000000000000e+00 0.000000000000000000e+00 0.000000000000000000e+00 0.000000000000000000e+00 0.000000000000000000e+00 0.000000000000000000e+00 0.000000000000000000e+00 0.000000000000000000e+00 0.000000000000000000e+00 0.000000000000000000e+00 0.000000000000000000e+00 0.000000000000000000e+00 0.000000000000000000e+00 0.000000000000000000e+00 0.000000000000000000e+00 0.000000000000000000e+00 0.000000000000000000e+00
8.218737121018629193e-05 9.084290284462064762e-05 8.232786889669508603e-05 1.048469451750103396e-04 8.857839853423208243e-05 1.443562054711702142e-04 1.357791176079159348e-04 1.936634033471558653e-04 2.492644531307735352e-04 2.571299804057777588e-04 2.496551140809640163e-04 4.017390424798087572e-04 4.190962527099103847e-04 4.569099163253564390e-04 7.438021335215105846e-04 1.040342351459189098e-03 1.419086515556881216e-03 2.220328719687629949e-03 3.512957009521580284e-03 5.588952388630654897e-03 1.039850679530397726e-02 2.015328389322224023e-02 3.968603273533136827e-02 8.100920212855507174e-02 1.555364449186020237e-01 2.787007339224524261e-01 4.497666967013168038e-01 6.424126833748007304e-01 8.148448583564043002e-01 9.568519733286627860e-01 1.051494737340966878e+00 1.095507013957285114e+00 1.105435955510978951e+00 1.079788950658834290e+00 1.029277196437095254e+00 9.512885472483724181e-01 8.771621834669722784e-01 7.860925685936482887e-01 6.962945298262053218e-01 6.044957517488687149e-01 5.177863483811753209e-01 4.337865605092467436e-01 3.619846222811808345e-01 2.999965807054923439e-01 2.413918555635107543e-01 1.937799336557066987e-01 1.530165054323498752e-01 1.193279352062627391e-01 9.263567450240473011e-02 6.845519252530780918e-02 5.187752482819350114e-02 3.789130593908395656e-02 2.660600438809717500e-02 1.980490437440979301e-02 1.380495885566807371e-02 9.750271877148004862e-03 6.869210286158133373e-03 4.174124988065307067e-03 3.062078630112477148e-03 1.955909082466780399e-03 1.459374230032216627e-03 9.404306112201601172e-04 5.739560896997767184e-04 3.214614409102660789e-04 2.503150771281863023e-04 1.147069245546137451e-04 8.539689118770119763e-05 4.291315028810090734e-05 1.921949054030974084e-05 4.144188379518869711e-05 2.888618921325436593e-05 1.137375045911524034e-06 1.135401156077868295e-06 2.838502890194696149e-07 0.000000000000000000e+00 0.000000000000000000e+00 0.000000000000000000e+00 0.000000000000000000e+00 0.000000000000000000e+00 0.000000000000000000e+00 0.000000000000000000e+00 0.000000000000000000e+00 0.000000000000000000e+00 0.000000000000000000e+00 0.000000000000000000e+00 0.000000000000000000e+00 0.000000000000000000e+00 0.000000000000000000e+00 0.000000000000000000e+00 0.000000000000000000e+00 0.000000000000000000e+00 0.000000000000000000e+00 0.000000000000000000e+00 0.000000000000000000e+00 0.000000000000000000e+00 0.000000000000000000e+00 0.000000000000000000e+00 0.000000000000000000e+00 0.000000000000000000e+00 0.000000000000000000e+00
9.470121399588500436e-05 1.864880698126757759e-04 1.121185745691958370e-04 2.408820459447652063e-04 2.196909659851994153e-04 3.100528165691708474e-04 3.563400890550687868e-04 4.511431211402077692e-04 4.916674091704692018e-04 6.122994944091912813e-04 8.106198884427793594e-04 1.112122381631033526e-03 1.347651201681213454e-03 1.613510766687733557e-03 2.272717698831555177e-03 2.957070379563595842e-03 4.246443434048737843e-03 6.671549072323677138e-03 1.007360408993652687e-02 1.587091583789323329e-02 2.734090781012334451e-02 4.704734008283001367e-02 8.024529329915867926e-02 1.391976846866599393e-01 2.406676871148403507e-01 3.794921934937320884e-01 5.578567881702763964e-01 7.447095143840156695e-01 9.178228385439834991e-01 1.053691394567993989e+00 1.147460639826144657e+00 1.199266158027262552e+00 1.208738730269010908e+00 1.188796002347846326e+00 1.142905022507554769e+00 1.076654457783599250e+00 9.987251914404261521e-01 9.067317345068386381e-01 8.054353598054687646e-01 7.118287007038170966e-01 6.171852861940068102e-01 5.251013563328416067e-01 4.429249553936550066e-01 3.675081522644274568e-01 2.979917897526253578e-01 2.440869021635867220e-01 1.941816078658827882e-01 1.526343471999752066e-01 1.194805674326092776e-01 9.113733313276611847e-02 6.919044460680837116e-02 5.119122277622518979e-02 3.838569232472319182e-02 2.746164200728529528e-02 1.953769406285098612e-02 1.378306728254794639e-02 9.508205954134577378e-03 7.053616612117132555e-03 4.390177349040744539e-03 3.277755834196221466e-03 2.342340334833172086e-03 1.307388064224520707e-03 8.229069288324540772e-04 6.323859234694129833e-04 2.190820694697631946e-04 2.258458061624193350e-04 1.359044285229169175e-04 6.879971072855156286e-05 4.124381813762295439e-05 3.977176767930154570e-05 3.092004651214227078e-05 2.836156306754746749e-06 7.641615695968189680e-06 8.205475722623463113e-06 0.000000000000000000e+00 1.135401156077868295e-06 0.000000000000000000e+00 0.000000000000000000e+00 0.000000000000000000e+00 0.000000000000000000e+00 0.000000000000000000e+00 0.000000000000000000e+00 0.000000000000000000e+00 0.000000000000000000e+00 0.000000000000000000e+00 0.000000000000000000e+00 0.000000000000000000e+00 0.000000000000000000e+00 0.000000000000000000e+00 0.000000000000000000e+00 0.000000000000000000e+00 0.000000000000000000e+00 0.000000000000000000e+00 0.000000000000000000e+00 0.000000000000000000e+00 0.000000000000000000e+00 0.000000000000000000e+00 0.000000000000000000e+00 0.000000000000000000e+00 0.000000000000000000e+00
1.186202183543289343e-04 1.210356760641773062e-04 1.961277285727945575e-04 2.261531002344403644e-04 4.125188637174661025e-04 5.390456517505717382e-04 6.251627945437147459e-04 7.999305226581249163e-04 1.040630791977017458e-03 1.331749749475674791e-03 1.517970305401860698e-03 2.253915307880600353e-03 3.077209666411118583e-03 4.044545953201712091e-03 5.726289902867822898e-03 7.618276991468182074e-03 1.143531679344199359e-02 1.640709356361811852e-02 2.444530678648501945e-02 3.635093320292060587e-02 5.591008789252467637e-02 8.774163101447773894e-02 1.397616529242019789e-01 2.208516833958781289e-01 3.349761738638997177e-01 4.843358503193112563e-01 6.583761613404450763e-01 8.336093168788306640e-01 9.875786435504567695e-01 1.118721307051938174e+00 1.207333698071227035e+00 1.259648583302054758e+00 1.282887438867769125e+00 1.266035975922045864e+00 1.228289645689966791e+00 1.167916476863844810e+00 1.092327495502521062e+00 9.986438167731908067e-01 9.046788822289338894e-01 8.086142452990389140e-01 7.063092388626315277e-01 6.092784459576850997e-01 5.214706985365048508e-01 4.365981691919434970e-01 3.606950053738948170e-01 2.960678845080426669e-01 2.404426052196067531e-01 1.913205239043055395e-01 1.522869313412513748e-01 1.163019779095586376e-01 8.821114069133050017e-02 6.776950193461447891e-02 5.089058971809208576e-02 3.632288504043353072e-02 2.689349895991683184e-02 1.930984846613522862e-02 1.373173991931628604e-02 1.016510386431178879e-02 6.469444872001087199e-03 4.199904682619041117e-03 2.891798783607723092e-03 1.856034947910125505e-03 1.142758342515878735e-03 7.560329334168187877e-04 5.338240349221564382e-04 3.182538310865482174e-04 1.615232015026505351e-04 1.734153427176025669e-04 9.398122580756727233e-05 4.369819835586934842e-05 8.492947558928021039e-05 4.010670345143753401e-05 1.357584115822714894e-05 4.232578978733330326e-06 2.838502890194708854e-07 0.000000000000000000e+00 0.000000000000000000e+00 0.000000000000000000e+00 0.000000000000000000e+00 0.000000000000000000e+00 0.000000000000000000e+00 0.000000000000000000e+00 0.000000000000000000e+00 0.000000000000000000e+00 0.000000000000000000e+00 0.000000000000000000e+00 0.000000000000000000e+00 0.000000000000000000e+00 0.000000000000000000e+00 0.000000000000000000e+00 0.000000000000000000e+00 0.000000000000000000e+00 0.000000000000000000e+00 0.000000000000000000e+00 0.000000000000000000e+00 0.000000000000000000e+00 0.000000000000000000e+00 0.000000000000000000e+00 0.000000000000000000e+00 0.000000000000000000e+00
1.241139194887149811e-04 2.262320269700713975e-04 2.929289010503288303e-04 3.829148648965977953e-04 5.285439750689713365e-04 7.979194261580384523e-04 9.376766373592403895e-04 1.204955683056603642e-03 1.663208182411318693e-03 2.392602801893263346e-03 3.344134182119447903e-03 4.392381371955453306e-03 5.463678977259823002e-03 8.081719665168074496e-03 1.122671647445546220e-02 1.515564109770960177e-02 2.203780093927673947e-02 3.174043361484033682e-02 4.629526837918892385e-02 6.472385115999516880e-02 9.833621353997600012e-02 1.436636432342505709e-01 2.087159771657749463e-01 3.027130424087813299e-01 4.219981026721234540e-01 5.662680120561287556e-01 7.251007244253319106e-01 8.847391134681206193e-01 1.024439022672353650e+00 1.145333877294823610e+00 1.233497542807122649e+00 1.294790339550291769e+00 1.316169727631674613e+00 1.315037791483014917e+00 1.284513981434156848e+00 1.231119225301674724e+00 1.164145235988438332e+00 1.079288310205181789e+00 9.874020378261573194e-01 8.874723832681993274e-01 7.845008413461749264e-01 6.896785876849624852e-01 6.002648232934025829e-01 5.061902054233935466e-01 4.290172300919082304e-01 3.545134406997317855e-01 2.885453628066293463e-01 2.334449402605145996e-01 1.877421268761846618e-01 1.468656311131267267e-01 1.131325700344464613e-01 8.698740822173896270e-02 6.516988606546317286e-02 4.708834172790303529e-02 3.567678200911555270e-02 2.629908956259650876e-02 1.856388191618596820e-02 1.300761984944312326e-02 9.240291620222241056e-03 6.291587213313106289e-03 4.458647066639024638e-03 2.734604485799223619e-03 1.866196626556283940e-03 1.238377838659667461e-03 7.467833966688407817e-04 5.730401696398305326e-04 3.668193851012603417e-04 1.800361442904943566e-04 7.924256422113489906e-05 1.097327916325805997e-04 5.398547655898546264e-05 1.647737876973944150e-05 4.578855197856763310e-05 4.210745462378187649e-06 2.544576816392333726e-06 5.658538000000294029e-07 0.000000000000000000e+00 0.000000000000000000e+00 1.135401156077873589e-06 0.000000000000000000e+00 0.000000000000000000e+00 0.000000000000000000e+00 0.000000000000000000e+00 0.000000000000000000e+00 0.000000000000000000e+00 0.000000000000000000e+00 0.000000000000000000e+00 0.000000000000000000e+00 0.000000000000000000e+00 0.000000000000000000e+00 0.000000000000000000e+00 0.000000000000000000e+00 0.000000000000000000e+00 0.000000000000000000e+00 0.000000000000000000e+00 0.000000000000000000e+00 0.000000000000000000e+00 0.000000000000000000e+00 0.000000000000000000e+00 0.000000000000000000e+00
1.506252882442928704e-04 1.617352781869303149e-04 2.180167763144211885e-04 3.233056913384306985e-04 6.572956566086855150e-04 8.754359743017350306e-04 1.361276495322278225e-03 1.979416223456086869e-03 2.375452949705263335e-03 3.354909768474139894e-03 4.854160031417012813e-03 6.770959670023106447e-03 8.975694794139675234e-03 1.300475886404263599e-02 1.743256082388371098e-02 2.478085738157832091e-02 3.433411154981527019e-02 4.917173101194970142e-02 6.916542071736360431e-02 9.877008105587918585e-02 1.385472448471044282e-01 1.944105000137928974e-01 2.686286169863843498e-01 3.648148892543451871e-01 4.821837584560603740e-01 6.171084231186262370e-01 7.610315949620299891e-01 9.005321133143865397e-01 1.026603358335624661e+00 1.134189592825344484e+00 1.226654378746067975e+00 1.287403548613831106e+00 1.315572861854349407e+00 1.323026858669769767e+00 1.304595185770610177e+00 1.271096752463557467e+00 1.211233272637944669e+00 1.138669411454789060e+00 1.054466766117905241e+00 9.622770250410852544e-01 8.602123281422943135e-01 7.664836703455158995e-01 6.693061096573830193e-01 5.787038321379267547e-01 4.927753451942659124e-01 4.089935748863218201e-01 3.399161869359283994e-01 2.775509392681711485e-01 2.238989952410810891e-01 1.778642337743582824e-01 1.369975767826648039e-01 1.068891705592339980e-01 7.983339743153175516e-02 6.147050780151762372e-02 4.549272681311994360e-02 3.345988092513026146e-02 2.494984536342902473e-02 1.777751525239188585e-02 1.220745640648811942e-02 8.541127014050523686e-03 5.688006541522660706e-03 4.002448809480177797e-03 2.538095708575869181e-03 1.622234167402960593e-03 1.204296856103372103e-03 6.516340177422934223e-04 5.039820249233594243e-04 2.436482770771365800e-04 1.807977538682062064e-04 9.771070349250353382e-05 8.032541774519489589e-05 1.718278497265819644e-05 1.273319558161887305e-05 1.216670568985807625e-05 0.000000000000000000e+00 2.259912603428065713e-06 1.135401156077883542e-06 0.000000000000000000e+00 0.000000000000000000e+00 0.000000000000000000e+00 0.000000000000000000e+00 0.000000000000000000e+00 0.000000000000000000e+00 0.000000000000000000e+00 0.000000000000000000e+00 0.000000000000000000e+00 0.000000000000000000e+00 0.000000000000000000e+00 0.000000000000000000e+00 0.000000000000000000e+00 0.000000000000000000e+00 0.000000000000000000e+00 0.000000000000000000e+00 0.000000000000000000e+00 0.000000000000000000e+00 0.000000000000000000e+00 0.000000000000000000e+00 0.000000000000000000e+00 0.000000000000000000e+00 0.000000000000000000e+00
1.234094400698649045e-04 1.012149365935671443e-04 3.112516396191810438e-04 4.438273605147047230e-04 5.850067448542712548e-04 9.811523336512345712e-04 1.387917956303828023e-03 1.827752719551785972e-03 2.726827988979876969e-03 3.963462260398662763e-03 5.583108196814081346e-03 8.478791622518598581e-03 1.181854363010779140e-02 1.690140080382143001e-02 2.395139862077828863e-02 3.232911301699711165e-02 4.627684387202621319e-02 6.337076971586703966e-02 8.977098772425957940e-02 1.236693552643575028e-01 1.684799809284598104e-01 2.253644089067624035e-01 3.049506904871704394e-01 3.954865772491902298e-01 5.028671819953491884e-01 6.269234478145027101e-01 7.495388050041963401e-01 8.753548939531431428e-01 9.932221706128907535e-01 1.097164067332176085e+00 1.179318576130884644e+00 1.246989595400012973e+00 1.292773569468919748e+00 1.313429703894559264e+00 1.305909036150123992e+00 1.279523739355306278e+00 1.228870864129739227e+00 1.169100287787545600e+00 1.100371007685127189e+00 1.011788411073854643e+00 9.221709304915558514e-01 8.235647867115530874e-01 7.320688399198836960e-01 6.362030141873059597e-01 5.514844578053680335e-01 4.658505375680507266e-01 3.896159660580157391e-01 3.233954236409579686e-01 2.639818786442589826e-01 2.114301124730161296e-01 1.663301109672212508e-01 1.308163233567582462e-01 1.003602372370845652e-01 7.745853671789518224e-02 5.797587330883477441e-02 4.339974779955106665e-02 3.197981681381750763e-02 2.299756529227058380e-02 1.661664935970034312e-02 1.098351890650128317e-02 7.439885127651495525e-03 5.446346793975573135e-03 3.628786117437831759e-03 2.503974777799959379e-03 1.611723130121793133e-03 1.035831937512414133e-03 6.447184615676715240e-04 3.301922453017825613e-04 2.985952495095298685e-04 1.569145639617091151e-04 7.073078458531801508e-05 6.258928257993916406e-05 6.403590137891101118e-05 2.196806585532994486e-05 1.661423171487300780e-05 3.382078709328210381e-06 0.000000000000000000e+00 0.000000000000000000e+00 0.000000000000000000e+00 0.000000000000000000e+00 0.000000000000000000e+00 0.000000000000000000e+00 0.000000000000000000e+00 0.000000000000000000e+00 0.000000000000000000e+00 0.000000000000000000e+00 0.000000000000000000e+00 0.000000000000000000e+00 0.000000000000000000e+00 0.000000000000000000e+00 0.000000000000000000e+00 0.000000000000000000e+00 0.000000000000000000e+00 0.000000000000000000e+00 0.000000000000000000e+00 0.000000000000000000e+00 0.000000000000000000e+00 0.000000000000000000e+00 0.000000000000000000e+00 0.000000000000000000e+00
9.340866983962614644e-05 1.913143859295377220e-04 2.158358660252631355e-04 4.016930727675239988e-04 4.756707566206667048e-04 7.581469159071355232e-04 1.394635127213664921e-03 1.920833060926747200e-03 2.669989781567367465e-03 4.471623807989693472e-03 6.117236562444595960e-03 9.702528457612271187e-03 1.325426192622077004e-02 1.844092074157115818e-02 2.570431640006177673e-02 3.758628337971117034e-02 5.195275294758606305e-02 7.158893051410304686e-02 9.855193975830199571e-02 1.344953009106471808e-01 1.782030144507572300e-01 2.386490483448484023e-01 3.082978874457251162e-01 3.937371110298091281e-01 4.924774625987254351e-01 5.948983971264109050e-01 7.072559493177112966e-01 8.212571802892368877e-01 9.367768106391185512e-01 1.031532273882622031e+00 1.115230036431955396e+00 1.186032527277758541e+00 1.238033485016583723e+00 1.272341842591441230e+00 1.275528696336425627e+00 1.261547347043963985e+00 1.231951062021396703e+00 1.181533527229019276e+00 1.118430291916955976e+00 1.047160121445108727e+00 9.655087051103128370e-01 8.774862820993033496e-01 7.880139081938682954e-01 6.939939014968173892e-01 6.065915367665076774e-01 5.201747438387570588e-01 4.383316022063125095e-01 3.684804388887636950e-01 3.021757052285635736e-01 2.466990276162850382e-01 1.982497943934913298e-01 1.578233759958527771e-01 1.216471039280159760e-01 9.504261744733895345e-02 7.147969978746851472e-02 5.401725867648535240e-02 4.043106478989356989e-02 2.929880080369179698e-02 2.073033742476466240e-02 1.439969325995211179e-02 1.056120856923015855e-02 7.237621351690730863e-03 5.152062606051369467e-03 3.279197084974619543e-03 2.101022980460565733e-03 1.419740464688524053e-03 1.051867988519956595e-03 5.623825147352915508e-04 3.620749664814838635e-04 1.532419885101220973e-04 1.356011790290412170e-04 1.059596183401839936e-04 4.591933110063686275e-05 5.208399390038953694e-05 3.717809829998316610e-05 5.658538000000317322e-07 7.041259170206093010e-06 0.000000000000000000e+00 0.000000000000000000e+00 0.000000000000000000e+00 0.000000000000000000e+00 0.000000000000000000e+00 0.000000000000000000e+00 0.000000000000000000e+00 0.000000000000000000e+00 0.000000000000000000e+00 0.000000000000000000e+00 0.000000000000000000e+00 0.000000000000000000e+00 0.000000000000000000e+00 0.000000000000000000e+00 0.000000000000000000e+00 0.000000000000000000e+00 0.000000000000000000e+00 0.000000000000000000e+00 0.000000000000000000e+00 0.000000000000000000e+00 0.000000000000000000e+00 0.000000000000000000e+00 0.000000000000000000e+00
9.466539474839772263e-05 1.032637408424564771e-04 2.752518627914543950e-04 3.521432583924962757e-04 5.410420779872030005e-04 7.733785305781577107e-04 1.146422405324278504e-03 1.892206647991599190e-03 2.707446454332225992e-03 4.090268629362767833e-03 6.311996493163317748e-03 9.239850579913057652e-03 1.336321610297715699e-02 1.860037213585307575e-02 2.645932653553884420e-02 3.857474559808365955e-02 5.150960602124480398e-02 7.181183787062921098e-02 9.901547435571407541e-02 1.311462494868583795e-01 1.760809109172061793e-01 2.298152739567215219e-01 2.929940215747852128e-01 3.672198163213677979e-01 4.563664344501636716e-01 5.532540924112283598e-01 6.495136336862935567e-01 7.538524925656956421e-01 8.559867802284317762e-01 9.573136625345550765e-01 1.036022714232793795e+00 1.109590104936667432e+00 1.161838893092889347e+00 1.208318981688507376e+00 1.221965506643709176e+00 1.227547660462687373e+00 1.215820019687632536e+00 1.179119627529335412e+00 1.138295502579436125e+00 1.072899054734582025e+00 9.955700643375783310e-01 9.120993857005281757e-01 8.257497551304415762e-01 7.413239495356980235e-01 6.552228923199636679e-01 5.678967499098234173e-01 4.880612844089040059e-01 4.113861719392272742e-01 3.423079107619815820e-01 2.842587924520605935e-01 2.302189939943787567e-01 1.841641122972313138e-01 1.473697227931169973e-01 1.128972468559479303e-01 8.709737012709942161e-02 6.559909619207078546e-02 4.928933610117060965e-02 3.667023503477943869e-02 2.607491013735057858e-02 1.900405074837542216e-02 1.370991075579177515e-02 9.385056731086794529e-03 6.138986926886701861e-03 4.133616522238201148e-03 3.046446607545746314e-03 2.048901896243865255e-03 1.288474305449063351e-03 8.010356782812343103e-04 6.276258727899795397e-04 3.198111687646679625e-04 1.791041746996530168e-04 1.001802666852999620e-04 5.644683812690118899e-05 6.249548566670355340e-05 2.115998394662367020e-05 6.176278201029527217e-06 1.754315148834059387e-05 3.508630297668087602e-05 0.000000000000000000e+00 0.000000000000000000e+00 0.000000000000000000e+00 0.000000000000000000e+00 0.000000000000000000e+00 0.000000000000000000e+00 0.000000000000000000e+00 0.000000000000000000e+00 0.000000000000000000e+00 0.000000000000000000e+00 0.000000000000000000e+00 0.000000000000000000e+00 0.000000000000000000e+00 0.000000000000000000e+00 0.000000000000000000e+00 0.000000000000000000e+00 0.000000000000000000e+00 0.000000000000000000e+00 0.000000000000000000e+00 0.000000000000000000e+00 0.000000000000000000e+00 0.000000000000000000e+00
7.869652376675009798e-05 1.138002086381784041e-04 1.351934368869788829e-04 2.821193348570076283e-04 3.934650172700212027e-04 7.384019315713417344e-04 1.345776868968047392e-03 1.810244537048268185e-03 2.605153633490366310e-03 3.651032778602292684e-03 5.713165394414726657e-03 8.228425031556128519e-03 1.222367350050415115e-02 1.744236471646811587e-02 2.497506513190337132e-02 3.470648891742389441e-02 4.872962640378652316e-02 6.735822896196957954e-02 9.153467966985104343e-02 1.228983500409909918e-01 1.606141097772129656e-01 2.071154180517945920e-01 2.665241728038226787e-01 3.337910514988920441e-01 4.090687614922510762e-01 4.930742205888407059e-01 5.793979225524943377e-01 6.740598556372850991e-01 7.712833792532862720e-01 8.602118256911035488e-01 9.435195557455049453e-01 1.020799120557866146e+00 1.080329683451337175e+00 1.131875294028299450e+00 1.163992055761465583e+00 1.175760535188350664e+00 1.172971600681919968e+00 1.153056138842870171e+00 1.118373894815669845e+00 1.074659798971230540e+00 1.010072723074936230e+00 9.362286264834970284e-01 8.657060741022177819e-01 7.833604780134580947e-01 7.030932157867727517e-01 6.136514281638407731e-01 5.315256025670570539e-01 4.558423992916444401e-01 3.854127667285544012e-01 3.203642274732649842e-01 2.639593524273418090e-01 2.134000317012746395e-01 1.700145324043000061e-01 1.342167959031548286e-01 1.047736922345982036e-01 7.942765803075073350e-02 5.998208213018472318e-02 4.507450734877135878e-02 3.320757932007707691e-02 2.367473423556102144e-02 1.649768386162808395e-02 1.179900377500460451e-02 8.463717232518149641e-03 5.849777568032512969e-03 3.791735007428656285e-03 2.723420636193553401e-03 1.826019268061901358e-03 1.148394001606392167e-03 7.629722959810260373e-04 4.221815024202267758e-04 3.524144862754688976e-04 1.563037154514965740e-04 1.377134593254611850e-04 1.222873369401013927e-04 4.595240232835325322e-05 2.686690811228374502e-05 5.120725503447854934e-06 8.453641523775984464e-06 0.000000000000000000e+00 1.754315148834059387e-05 0.000000000000000000e+00 0.000000000000000000e+00 0.000000000000000000e+00 0.000000000000000000e+00 0.000000000000000000e+00 0.000000000000000000e+00 0.000000000000000000e+00 0.000000000000000000e+00 0.000000000000000000e+00 0.000000000000000000e+00 0.000000000000000000e+00 0.000000000000000000e+00 0.000000000000000000e+00 0.000000000000000000e+00 0.000000000000000000e+00 0.000000000000000000e+00 0.000000000000000000e+00 0.000000000000000000e+00 0.000000000000000000e+00 0.000000000000000000e+00
7.700682133323025614e-05 1.007185220131234218e-04 8.630545855360411290e-05 2.248674361142592758e-04 4.153210353817459984e-04 5.372828890256699588e-04 9.338516615070049627e-04 1.383896562345542872e-03 2.125846342999660604e-03 3.158327463245783583e-03 4.881179870031377051e-03 6.853309141220883215e-03 1.091781405106268671e-02 1.549174690520858239e-02 2.194693807001920488e-02 3.035213854383825988e-02 4.341772126378473651e-02 5.870832279980547214e-02 8.114942873752528651e-02 1.048152690780852631e-01 1.416357564424699234e-01 1.827535957112318421e-01 2.315139807039886533e-01 2.878143005009339839e-01 3.548297582998611310e-01 4.320669095056962616e-01 5.104747344763734818e-01 5.979493655605195856e-01 6.818950955824886195e-01 7.664282073382222560e-01 8.500436314691213191e-01 9.260052292841058907e-01 9.918937236713172290e-01 1.051327693740067071e+00 1.095517402960597408e+00 1.116464810584943734e+00 1.131377394102866418e+00 1.121842717902449049e+00 1.099527918368282675e+00 1.066423837670590125e+00 1.012237844929788189e+00 9.589263591671383091e-01 8.917046483903968701e-01 8.181450298301852220e-01 7.346106455424695758e-01 6.568914596422953389e-01 5.741449536974708723e-01 4.962839758917749755e-01 4.237983589291784980e-01 3.605436344313319164e-01 2.944236358372690487e-01 2.449773535261218216e-01 1.982693884247055394e-01 1.572933189788620345e-01 1.216765673824592581e-01 9.435199562087297209e-02 7.346535995930673912e-02 5.460853575397112830e-02 4.050976465046776664e-02 2.997289533107252990e-02 2.162539269807869230e-02 1.596008476376069990e-02 1.113446141471992681e-02 7.555470099917404973e-03 5.188832542299323496e-03 3.413896303082818856e-03 2.272782298140034896e-03 1.292256835211252897e-03 1.027074624929749875e-03 6.282340669273492719e-04 3.050540208322412837e-04 1.988834096253953572e-04 1.536699286556683099e-04 7.355205626791195032e-05 5.890555738214214946e-05 7.912829006122129707e-06 2.876903543788077099e-05 1.180097517317358819e-05 8.524267679941691237e-07 0.000000000000000000e+00 0.000000000000000000e+00 0.000000000000000000e+00 0.000000000000000000e+00 0.000000000000000000e+00 0.000000000000000000e+00 0.000000000000000000e+00 0.000000000000000000e+00 0.000000000000000000e+00 0.000000000000000000e+00 0.000000000000000000e+00 0.000000000000000000e+00 0.000000000000000000e+00 0.000000000000000000e+00 0.000000000000000000e+00 0.000000000000000000e+00 0.000000000000000000e+00 0.000000000000000000e+00 0.000000000000000000e+00 0.000000000000000000e+00 0.000000000000000000e+00
1.830315482246267837e-05 7.008554038361420279e-05 1.251667745179548853e-04 1.456012555197099142e-04 2.896985135264631235e-04 5.084844790366815437e-04 8.666463356012393945e-04 1.256720099862815949e-03 1.797402481166260942e-03 2.640085336715692569e-03 3.830247877586931676e-03 5.269846838346767780e-03 8.624529715239534836e-03 1.214677099311880365e-02 1.786933513351532388e-02 2.531981700096658586e-02 3.562571138285081096e-02 4.979958204248116638e-02 6.768547909544896102e-02 8.919771343753840620e-02 1.184084364829730701e-01 1.539585951192815882e-01 1.964648058968513911e-01 2.453143657382074183e-01 3.045806817606888095e-01 3.756168845286130265e-01 4.447166386546698713e-01 5.195474181961335924e-01 5.983603149944806132e-01 6.831624627897523450e-01 7.572438401676252484e-01 8.358293271145142977e-01 9.087453800313326502e-01 9.676478018812321169e-01 1.018836976509433612e+00 1.054913379576585930e+00 1.078470592809841699e+00 1.078130574338000525e+00 1.071022449150448308e+00 1.047502998488235360e+00 1.018630772956709007e+00 9.642032431304538020e-01 9.079314481264678660e-01 8.384591043830031953e-01 7.664518787046635806e-01 6.934490545484034429e-01 6.101797621257679660e-01 5.405091941573009207e-01 4.621164483821185165e-01 3.963945394237072817e-01 3.354916857094326632e-01 2.743622526217319724e-01 2.224732651752682477e-01 1.789461676522096367e-01 1.420022754007314869e-01 1.114175898508404233e-01 8.619795761197106276e-02 6.531001843470297941e-02 4.992225017435300560e-02 3.639194223296140368e-02 2.655786710309307810e-02 1.936566965926134198e-02 1.348950939860093720e-02 9.269121534493530989e-03 6.661144142992273323e-03 4.235728561603761995e-03 2.975915630124447830e-03 1.987133949945002302e-03 1.239959534302466533e-03 8.151113037309299291e-04 5.821655846508383154e-04 3.408917321390336026e-04 2.222689908820906738e-04 1.539430960802523965e-04 6.180952121147707183e-05 4.176551293359898059e-05 3.387781040402141757e-05 2.315335539733763410e-05 1.579270591065675214e-05 0.000000000000000000e+00 0.000000000000000000e+00 0.000000000000000000e+00 0.000000000000000000e+00 0.000000000000000000e+00 0.000000000000000000e+00 0.000000000000000000e+00 0.000000000000000000e+00 0.000000000000000000e+00 0.000000000000000000e+00 0.000000000000000000e+00 0.000000000000000000e+00 0.000000000000000000e+00 0.000000000000000000e+00 0.000000000000000000e+00 0.000000000000000000e+00 0.000000000000000000e+00 0.000000000000000000e+00 0.000000000000000000e+00 0.000000000000000000e+00 0.000000000000000000e+00
1.351500136417046502e-05 3.839949420373891593e-05 9.119814219479927355e-05 1.556502420432420730e-04 2.359354965348106333e-04 3.703132358488594750e-04 6.175453007801766413e-04 9.518593305913873766e-04 1.360774672032209536e-03 1.966949658068984242e-03 3.001171790330519305e-03 4.185944909950380273e-03 6.927834382698646980e-03 1.072923955190876848e-02 1.442789725052704558e-02 2.046281882560063367e-02 2.855854530224570878e-02 4.010080029094809789e-02 5.567285480692348715e-02 7.547526508893334651e-02 9.705775943752784074e-02 1.282502511363454445e-01 1.639463627001792323e-01 2.063840285779495187e-01 2.584710657975280435e-01 3.154540351518171915e-01 3.755474366611700199e-01 4.482229130137302398e-01 5.214703155264366341e-01 5.978607156729698335e-01 6.751160741871714555e-01 7.469383553991607583e-01 8.217304374814191625e-01 8.856755070568232968e-01 9.417557383412251681e-01 9.845818090219546903e-01 1.019057830274297860e+00 1.036643365319912746e+00 1.039631654338681210e+00 1.029802191953063772e+00 1.011026240777281870e+00 9.626124296311376893e-01 9.240172145730561892e-01 8.614834138062901214e-01 7.972038980591921176e-01 7.223734528133469723e-01 6.490390431228398871e-01 5.750542221949138666e-01 5.039384253817917880e-01 4.297456902568143056e-01 3.664394556456938012e-01 3.042816471450041638e-01 2.528627922682079032e-01 2.047069985701416295e-01 1.670446828098827441e-01 1.298131091439870821e-01 9.984287792655066607e-02 7.847261941294250698e-02 5.949020381439882460e-02 4.483495052182905755e-02 3.202558439170258286e-02 2.382658397184707344e-02 1.726765360039175454e-02 1.208192721165917555e-02 8.436559795658453778e-03 5.753669749574941497e-03 3.647327133050011234e-03 2.442416820657549933e-03 1.748221111821813851e-03 1.091223540162446996e-03 7.504140274106267487e-04 5.101180236966550412e-04 2.833320419459253205e-04 1.950230552701992580e-04 8.058486943176333217e-05 7.837810143367279542e-05 2.461433247194614143e-05 1.941530122550940980e-05 1.464355048452382489e-05 5.339040223518299405e-06 2.818893492690088250e-06 0.000000000000000000e+00 0.000000000000000000e+00 0.000000000000000000e+00 0.000000000000000000e+00 0.000000000000000000e+00 0.000000000000000000e+00 0.000000000000000000e+00 0.000000000000000000e+00 0.000000000000000000e+00 0.000000000000000000e+00 0.000000000000000000e+00 0.000000000000000000e+00 0.000000000000000000e+00 0.000000000000000000e+00 0.000000000000000000e+00 0.000000000000000000e+00 0.000000000000000000e+00 0.000000000000000000e+00 0.000000000000000000e+00
8.182905617480428173e-06 1.414349221321196979e-05 5.666881062392186953e-05 1.187092753214448736e-04 1.302133748418206501e-04 2.173319423241295851e-04 2.459345976123816801e-04 7.162428844411682701e-04 1.012373614577878611e-03 1.313152493504466615e-03 2.181060685536323745e-03 3.479806176428189551e-03 5.038947887752750002e-03 7.780584811611043240e-03 1.157003621856825086e-02 1.657173758917960052e-02 2.348834694438273890e-02 3.287610935829140407e-02 4.485870891831241630e-02 6.184551776299715420e-02 8.057383782076285583e-02 1.038858961835734257e-01 1.362942582444967299e-01 1.729718319437789364e-01 2.139260846030826557e-01 2.630527590232725199e-01 3.226946499120288969e-01 3.871901873610587574e-01 4.524721573508235228e-01 5.209805887684384462e-01 5.981372186903367583e-01 6.625782049153529085e-01 7.436540077665060311e-01 8.122829423934381232e-01 8.697726463889323689e-01 9.132745901427137269e-01 9.557475268910079480e-01 9.899095132063402414e-01 1.005724591490594566e+00 1.005074741267241611e+00 9.874119250257409330e-01 9.628211821176007046e-01 9.268710635485658544e-01 8.762359588128433296e-01 8.184317375147347473e-01 7.507283223913536752e-01 6.876373593128300987e-01 6.137106637000290243e-01 5.395244644679828561e-01 4.729200852858121973e-01 4.017221946350278405e-01 3.414177656757956258e-01 2.813135975562424673e-01 2.332810911350629846e-01 1.873760003427899223e-01 1.486522925011568297e-01 1.173744710403233776e-01 9.085435473267132467e-02 6.964520763186349273e-02 5.216474297708010438e-02 3.923473947131490142e-02 2.834850493638474064e-02 2.000851209389662572e-02 1.457966405161361181e-02 1.025516524691391131e-02 7.263209616744206558e-03 4.762388605514666397e-03 3.106830711648580871e-03 2.074117245381876164e-03 1.369272143480104037e-03 8.981771998710402945e-04 5.867279505786537636e-04 2.592431213683345833e-04 2.580206069100371186e-04 1.299177551258855505e-04 1.061898283751406950e-04 1.831439530481576499e-05 1.465834540192330970e-05 3.214966588510818186e-05 9.605048235527133274e-06 0.000000000000000000e+00 2.531593050636393667e-06 0.000000000000000000e+00 1.409446746345044125e-06 0.000000000000000000e+00 0.000000000000000000e+00 0.000000000000000000e+00 0.000000000000000000e+00 0.000000000000000000e+00 0.000000000000000000e+00 0.000000000000000000e+00 0.000000000000000000e+00 0.000000000000000000e+00 0.000000000000000000e+00 0.000000000000000000e+00 0.000000000000000000e+00 0.000000000000000000e+00 0.000000000000000000e+00 0.000000000000000000e+00 0.000000000000000000e+00
0.000000000000000000e+00 1.104101719718659655e-05 2.176765199884398333e-05 7.059008912472847144e-05 1.076087180238717816e-04 2.303450733338709491e-04 2.796387793936306026e-04 4.542365830402254803e-04 8.482198551719270785e-04 1.104778465445471064e-03 1.720749202785945087e-03 2.734749001537254559e-03 3.937494431000152818e-03 6.225810011414528201e-03 8.909222952145646676e-03 1.260302518434532754e-02 1.773832406233219125e-02 2.609954913782533761e-02 3.627668391219176364e-02 4.836311338286184563e-02 6.426943086822139994e-02 8.541934372696488587e-02 1.105686962303472354e-01 1.414144076709145104e-01 1.823773006625823700e-01 2.235728453450414044e-01 2.736080990141954161e-01 3.276033877643301229e-01 3.866367309378527795e-01 4.565558753479685428e-01 5.237472285127278138e-01 5.967700558777685460e-01 6.647141434753943701e-01 7.359709412835714337e-01 8.009079087891781690e-01 8.548841027853254504e-01 9.089484985051538013e-01 9.418842395283190116e-01 9.623956624847316288e-01 9.780628407931183377e-01 9.786845079375381395e-01 9.620388515567178667e-01 9.280713778392144508e-01 8.870731308290955575e-01 8.366035384219860926e-01 7.818429530792899707e-01 7.163726777940787604e-01 6.450446786188223092e-01 5.724941445108628901e-01 5.056006421155413433e-01 4.366406196698477404e-01 3.730414993092303622e-01 3.128106679457140493e-01 2.615665321025917867e-01 2.129448182461631811e-01 1.724692333274741585e-01 1.355915119855937712e-01 1.059480247676663350e-01 8.230018178869517864e-02 6.283177645258858357e-02 4.651177250700205823e-02 3.458237277875133436e-02 2.549043540341049824e-02 1.832956131322362875e-02 1.296058321589942108e-02 8.865514205991267133e-03 6.261801473833044848e-03 3.986140280110955260e-03 2.674740415532097550e-03 1.817252209745367228e-03 1.226511676487427715e-03 7.004376099772145065e-04 4.860419706821150808e-04 2.410340989721903844e-04 1.905514770199168790e-04 1.100451884940194865e-04 5.551737272839336033e-05 4.295312829245896582e-05 8.734210742518137209e-06 5.646507224030876056e-06 1.073845775474118055e-05 6.228187684176839876e-06 5.067760092013194729e-06 0.000000000000000000e+00 0.000000000000000000e+00 5.096480084176876150e-06 0.000000000000000000e+00 0.000000000000000000e+00 0.000000000000000000e+00 0.000000000000000000e+00 0.000000000000000000e+00 0.000000000000000000e+00 0.000000000000000000e+00 0.000000000000000000e+00 0.000000000000000000e+00 0.000000000000000000e+00 0.000000000000000000e+00 0.000000000000000000e+00 0.000000000000000000e+00 0.000000000000000000e+00
0.000000000000000000e+00 2.121059148708103647e-05 1.092738051072511061e-05 3.421147838145355182e-05 4.706133421375714227e-05 1.409830037191576199e-04 2.283616526192771461e-04 4.488088962821929710e-04 6.607260676165641923e-04 9.667972785637087008e-04 1.350599787325993534e-03 1.926504835244301130e-03 3.357661138433568494e-03 4.722593397019460466e-03 7.016764210195006353e-03 1.001958970557656828e-02 1.436995749664591454e-02 2.050062799829894047e-02 2.848088868687876501e-02 3.916182608465640369e-02 5.325065695780428765e-02 7.014204485304445513e-02 9.109420158995648609e-02 1.187055458256845442e-01 1.493044713458955286e-01 1.849633156402110123e-01 2.309800102348882334e-01 2.815594117600352941e-01 3.350564433245751816e-01 3.963390803233933779e-01 4.620502039856492216e-01 5.347251824121994623e-01 6.018649181731543507e-01 6.700337788230507075e-01 7.405365374764996123e-01 7.980907539239475712e-01 8.518741302813656047e-01 8.915261395320112081e-01 9.285001303181852350e-01 9.506125160262915985e-01 9.571249314653231810e-01 9.523078912992872791e-01 9.344147424568478577e-01 8.987131886839020423e-01 8.556711533118898094e-01 8.085107003449794050e-01 7.480656013555614381e-01 6.855486632424991900e-01 6.141598561452419336e-01 5.416271951092712644e-01 4.740915920043735632e-01 4.110176534124533876e-01 3.490443518497088893e-01 2.923370847109361681e-01 2.395366323880809833e-01 1.949235242155248904e-01 1.565261154325716941e-01 1.225352106868267399e-01 9.583788635033944903e-02 7.400573559775100452e-02 5.530386728950252573e-02 4.193822561370057211e-02 3.111492447387612451e-02 2.233684482389838161e-02 1.578336738410579185e-02 1.100003808572505397e-02 7.678239528072775509e-03 5.403513782496000700e-03 3.519885441827987332e-03 2.345055899426384035e-03 1.535425265367847906e-03 9.393493400132024024e-04 6.460089715492732141e-04 3.655725182071969774e-04 2.473270988568194713e-04 1.567576169932608616e-04 1.220249552909661596e-04 7.313306253873453234e-05 5.365802272313241727e-05 1.101069963130496863e-05 1.160609403698475257e-05 9.276666713691158033e-06 5.348625887555798787e-06 0.000000000000000000e+00 0.000000000000000000e+00 0.000000000000000000e+00 2.531593050636405102e-06 0.000000000000000000e+00 0.000000000000000000e+00 0.000000000000000000e+00 0.000000000000000000e+00 0.000000000000000000e+00 0.000000000000000000e+00 0.000000000000000000e+00 0.000000000000000000e+00 0.000000000000000000e+00 0.000000000000000000e+00 0.000000000000000000e+00 0.000000000000000000e+00 0.000000000000000000e+00
1.125152466949528366e-06 1.548573798382639420e-05 2.636974526653561261e-05 6.562849441986472535e-05 7.814172015191152949e-05 1.145616701813317656e-04 2.009540770705224501e-04 2.216838172735991364e-04 4.265066723885697344e-04 6.645257443784838855e-04 1.012243127700228340e-03 1.652743023122141925e-03 2.422721052334645374e-03 3.681810601278528907e-03 5.573310959281232296e-03 7.499273836260572819e-03 1.135210446016770257e-02 1.610130950942494435e-02 2.251148797258005138e-02 3.131192637669245188e-02 4.291901033463205867e-02 5.704876557655777503e-02 7.525606662569017669e-02 9.769604003399363912e-02 1.248949621700654461e-01 1.582337435543439697e-01 1.959976397965333128e-01 2.420973279298112291e-01 2.901865464590566157e-01 3.509913666081732608e-01 4.095975104760679608e-01 4.779696062250254340e-01 5.435965508706520621e-01 6.142405436490617765e-01 6.799966616644352868e-01 7.462550662685066838e-01 8.032727378612763980e-01 8.520070578134717465e-01 8.889237216577303702e-01 9.212865646037510237e-01 9.370812721386511113e-01 9.373492831952366933e-01 9.351350572666955463e-01 9.141359295366972004e-01 8.773360018609093203e-01 8.315956997489405422e-01 7.764084153010787359e-01 7.135244648177747617e-01 6.485273601705612290e-01 5.786478770304095409e-01 5.123906622737576244e-01 4.416252046804622355e-01 3.819644269201776243e-01 3.224663410863911617e-01 2.682735901061056305e-01 2.194802506706146628e-01 1.783159222373940644e-01 1.409586400860793620e-01 1.107600484239861516e-01 8.606372081852176059e-02 6.536416687677684689e-02 4.917398191416848946e-02 3.656566301457552653e-02 2.642450418491909883e-02 1.877204114855610118e-02 1.305007229558230626e-02 9.248743086075598280e-03 6.459720583395528459e-03 4.291701029243739571e-03 2.869782289957149412e-03 1.899892466384281702e-03 1.327231784400014023e-03 8.086332246491704763e-04 5.582497629780367896e-04 4.445199517450909316e-04 2.148011578692656258e-04 1.381497029709147499e-04 9.596133642646044579e-05 5.366746672754951856e-05 1.918864514432018506e-05 1.494621950371894659e-05 4.509330227598583602e-06 3.095481079742930399e-06 2.531593050636438559e-06 7.628073134813314285e-06 2.531593050636438559e-06 0.000000000000000000e+00 0.000000000000000000e+00 0.000000000000000000e+00 0.000000000000000000e+00 0.000000000000000000e+00 0.000000000000000000e+00 0.000000000000000000e+00 0.000000000000000000e+00 0.000000000000000000e+00 0.000000000000000000e+00 0.000000000000000000e+00 0.000000000000000000e+00 0.000000000000000000e+00 0.000000000000000000e+00
6.484902283059689006e-06 8.419267914361553771e-06 4.526002983088236134e-06 8.187369198888227575e-06 1.636744738439021297e-05 6.733513763514850897e-05 1.696154408636813037e-04 1.872286228056482848e-04 3.274089199026421855e-04 3.748480079650060416e-04 7.580985499701280508e-04 1.147578128521607429e-03 1.668317027939966854e-03 2.695047798573329319e-03 4.257754155314514601e-03 6.430790923870441551e-03 8.807813569474543317e-03 1.218384344131936622e-02 1.717893404278489702e-02 2.461494857487123503e-02 3.382657858820985880e-02 4.725589627187013614e-02 6.164006325321740726e-02 8.003167263410557175e-02 1.033865076310861580e-01 1.338238017195065022e-01 1.688783196476418835e-01 2.072381512507273649e-01 2.553866011103800848e-01 3.053491415700952949e-01 3.640540444799147957e-01 4.252690407407800355e-01 4.931210035047030038e-01 5.603871385163454732e-01 6.270075446906823169e-01 6.963618678052093669e-01 7.563506190874970114e-01 8.151185464351795584e-01 8.599656110493275607e-01 8.913930325220869033e-01 9.191798001776764204e-01 9.254860249747320911e-01 9.306439553153657007e-01 9.183045984865294553e-01 8.970750465798477125e-01 8.548814334922913982e-01 8.016257244948219451e-01 7.451716806780979141e-01 6.863456152110642972e-01 6.185612444923948017e-01 5.529380238810527315e-01 4.807312673690905536e-01 4.150266971870721910e-01 3.547067929241581319e-01 2.982103660279163959e-01 2.472897557808562685e-01 2.009028841093273288e-01 1.626794366245531420e-01 1.281228928461656535e-01 9.907235647748593999e-02 7.725323512792280078e-02 5.805987463518035019e-02 4.314858421871650002e-02 3.146456057689946822e-02 2.253617932671671265e-02 1.647182008562758995e-02 1.145798328748829503e-02 8.130354724412015843e-03 5.766178434132449016e-03 3.806848713744841271e-03 2.452481208374956024e-03 1.679471849125090642e-03 1.091200960929512029e-03 6.705851269779546445e-04 3.841181503061036340e-04 1.520482807251870251e-04 1.817726167751341603e-04 7.992208264047636940e-05 4.630361118564910189e-05 2.678001427710427002e-05 1.834370523007800997e-05 1.069804761630401859e-05 8.449880436392337354e-07 5.638880291064918401e-07 0.000000000000000000e+00 0.000000000000000000e+00 0.000000000000000000e+00 0.000000000000000000e+00 0.000000000000000000e+00 0.000000000000000000e+00 0.000000000000000000e+00 0.000000000000000000e+00 0.000000000000000000e+00 0.000000000000000000e+00 0.000000000000000000e+00 0.000000000000000000e+00 0.000000000000000000e+00 0.000000000000000000e+00 0.000000000000000000e+00 0.000000000000000000e+00
0.000000000000000000e+00 0.000000000000000000e+00 1.407942504628050411e-05 3.187624833860309726e-05 2.501876202159315456e-05 4.434300389286702525e-05 7.466969752880867897e-05 1.338065676159460660e-04 1.459046788711527922e-04 3.098351945076599826e-04 5.100762293322254511e-04 9.413326557125807148e-04 1.213592022046836461e-03 2.081007286043495049e-03 2.919886358236621366e-03 4.649186714038606484e-03 7.233889053264509414e-03 9.846856260316743173e-03 1.363919523469556312e-02 1.912759370164641287e-02 2.774453660226348928e-02 3.731101727114331107e-02 5.028797257791444569e-02 6.706132503374483134e-02 8.756084027940801151e-02 1.136627437572977350e-01 1.450786488098219640e-01 1.802616864082721704e-01 2.223766559678120591e-01 2.687251472652860684e-01 3.245992981739632688e-01 3.833428988696276352e-01 4.475029739167779019e-01 5.150224666717845290e-01 5.798949846740710790e-01 6.477872663861982128e-01 7.084037279703431222e-01 7.691213547776583059e-01 8.221869398286003605e-01 8.656341883813895022e-01 9.010543604767019543e-01 9.215164693798846285e-01 9.293692879034507470e-01 9.211305260135852491e-01 9.041410353242435027e-01 8.725047009352838723e-01 8.334054011013773966e-01 7.785196014806383680e-01 7.209430057265713288e-01 6.570359589937082578e-01 5.897111985147788227e-01 5.206418883130359276e-01 4.522196637235294525e-01 3.900282828469576746e-01 3.308914835626153295e-01 2.749133824712441387e-01 2.245075009931853938e-01 1.817831800656359298e-01 1.441633232916391949e-01 1.141691963036138846e-01 8.672277839954214973e-02 6.759550413915640932e-02 5.116417672830373548e-02 3.740769764945005987e-02 2.807573715561923616e-02 1.997416915264821693e-02 1.408590324306179496e-02 1.011035345719532921e-02 6.851860098048162886e-03 4.719286009127669594e-03 3.351242266702290831e-03 2.099188935834051407e-03 1.389913038206893377e-03 8.379864176048633243e-04 5.342869051094486805e-04 3.847789800969168275e-04 2.524859167219681310e-04 1.485954973101417530e-04 7.341129798768802461e-05 4.293542206012859459e-05 3.429128675623449476e-05 1.209895213611264747e-05 2.817032836919335664e-06 0.000000000000000000e+00 1.125667570888920049e-05 0.000000000000000000e+00 0.000000000000000000e+00 0.000000000000000000e+00 0.000000000000000000e+00 0.000000000000000000e+00 0.000000000000000000e+00 0.000000000000000000e+00 0.000000000000000000e+00 0.000000000000000000e+00 0.000000000000000000e+00 0.000000000000000000e+00 0.000000000000000000e+00 0.000000000000000000e+00 0.000000000000000000e+00 0.000000000000000000e+00
0.000000000000000000e+00 6.173122460133875226e-06 1.404360627520995839e-06 1.322140973165031547e-05 1.602518292358109795e-05 2.684229391490200391e-05 5.574746384374013031e-05 8.728315810445942669e-05 1.909552044357786394e-04 2.352568749353301718e-04 4.034542427811892802e-04 6.540977193348194345e-04 9.145242072948834081e-04 1.426277988134340511e-03 2.072872364003362083e-03 3.752027705706349053e-03 5.190008855566284780e-03 7.435321027983655268e-03 1.122997700729368338e-02 1.610196506310633199e-02 2.188944524413091730e-02 3.017592396334735708e-02 4.109411477946262048e-02 5.596139157768977024e-02 7.498351459195690127e-02 9.636406068143514581e-02 1.235880072714197475e-01 1.570020313126754274e-01 1.952198766407791386e-01 2.402779842557485612e-01 2.904372273341208621e-01 3.456269262836897949e-01 4.062451219474866315e-01 4.719782608196702034e-01 5.392710526456506726e-01 6.062690014131218996e-01 6.740932754680920569e-01 7.319049985928863800e-01 7.917878070705672844e-01 8.405533417648726191e-01 8.853528837544109020e-01 9.116455356866769444e-01 9.259752922096500249e-01 9.335301571963434686e-01 9.114163733272150347e-01 8.926935337924686298e-01 8.619892479659748696e-01 8.130892310619260988e-01 7.555499117689455923e-01 6.920807822340422355e-01 6.280721995159338489e-01 5.595974254412688920e-01 4.906470298431520050e-01 4.247828176040557846e-01 3.630311577083512597e-01 3.039900216392339982e-01 2.508174041761818684e-01 2.053605482451903164e-01 1.659636689972927848e-01 1.313644461345425951e-01 1.039906217271392153e-01 7.964281737462243493e-02 5.994864288469727714e-02 4.454510116084919868e-02 3.309119909781052526e-02 2.421014734614848965e-02 1.772887218814740012e-02 1.174164589025351868e-02 8.390234163825232780e-03 5.901577165450007725e-03 4.006695620440442300e-03 2.589967968588985803e-03 1.923515656000238496e-03 1.227358994415706254e-03 6.505945409014247775e-04 3.810312863904487821e-04 3.284574557760983841e-04 1.839454677631556848e-04 9.627937624470511420e-05 3.608960368140012241e-05 2.255744318094372319e-05 1.157898352880175986e-05 8.462414407295556401e-07 0.000000000000000000e+00 0.000000000000000000e+00 2.836932876616699314e-07 0.000000000000000000e+00 0.000000000000000000e+00 0.000000000000000000e+00 0.000000000000000000e+00 0.000000000000000000e+00 0.000000000000000000e+00 0.000000000000000000e+00 0.000000000000000000e+00 0.000000000000000000e+00 0.000000000000000000e+00 0.000000000000000000e+00 0.000000000000000000e+00 0.000000000000000000e+00 0.000000000000000000e+00
0.000000000000000000e+00 0.000000000000000000e+00 0.000000000000000000e+00 3.674971405604613705e-06 1.104569724388108899e-05 2.857426703397598049e-05 6.514161260705104344e-05 6.098305495888042561e-05 9.134880374904645150e-05 2.329396332634356545e-04 2.806189287185170776e-04 4.488300701854082094e-04 6.081033606653462502e-04 1.008090147266295410e-03 1.950053004666143109e-03 2.742815244864830245e-03 3.932223678465421313e-03 6.160210315203348830e-03 9.147030782223725467e-03 1.298139181260695579e-02 1.773496527659163338e-02 2.502601488346207700e-02 3.442909427751866813e-02 4.680429410112591643e-02 6.403908672474915853e-02 8.175193739210616373e-02 1.063639350399861044e-01 1.359648166398720048e-01 1.714559192732662829e-01 2.116295944068726509e-01 2.592113554473515213e-01 3.133860976903260487e-01 3.705132378149769146e-01 4.351141482543615657e-01 4.964845338290602705e-01 5.670134839457661169e-01 6.343782342538986097e-01 7.008727325800447883e-01 7.642239165385326105e-01 8.154692997753557604e-01 8.599125320694933627e-01 8.965719010370865050e-01 9.250356664673199392e-01 9.282460575074078513e-01 9.276706316175881151e-01 9.108563177298553137e-01 8.869514406912585303e-01 8.416653516747212294e-01 7.933430413474372722e-01 7.320509859237519512e-01 6.696632044457979660e-01 5.990611447210089091e-01 5.315405991554416065e-01 4.649040523546972836e-01 3.993866437865302710e-01 3.387205535318617566e-01 2.796509497781611286e-01 2.303930802119506793e-01 1.879614774468472138e-01 1.490359600318300615e-01 1.175236925189585141e-01 9.063984179556028309e-02 6.945582801682016749e-02 5.178661160643512062e-02 3.926727617789362718e-02 2.811299923030025766e-02 2.079613594204121271e-02 1.430016013359535973e-02 1.029218869705940918e-02 6.854452005290238327e-03 4.704885698739535646e-03 3.229270096790947016e-03 2.305489950649304044e-03 1.273221391801951938e-03 8.415053748738334600e-04 5.287096190970591364e-04 3.007092307933978176e-04 1.716097882330434280e-04 1.565595584412649813e-04 9.156945758420216813e-05 2.654388647440776499e-05 3.045039681647920992e-05 5.353996196785247053e-06 7.039671513990617758e-06 8.458320436597416777e-07 2.827324304656053471e-07 0.000000000000000000e+00 0.000000000000000000e+00 8.458320436597416777e-07 0.000000000000000000e+00 0.000000000000000000e+00 0.000000000000000000e+00 0.000000000000000000e+00 0.000000000000000000e+00 0.000000000000000000e+00 0.000000000000000000e+00 0.000000000000000000e+00 0.000000000000000000e+00 0.000000000000000000e+00 0.000000000000000000e+00
0.000000000000000000e+00 0.000000000000000000e+00 0.000000000000000000e+00 0.000000000000000000e+00 1.404360627520995839e-06 2.828552125037406528e-05 7.280563377242801654e-05 7.313062363301313623e-05 7.305667602011088884e-05 1.400900493629294837e-04 2.981401938915738186e-04 3.528227180623255059e-04 5.105060760483148699e-04 8.470445614600585977e-04 1.385775701452420352e-03 2.289813255712555215e-03 3.087514211572309555e-03 4.856908470045552886e-03 7.165803602597193601e-03 1.054421382250111255e-02 1.489095425290792168e-02 2.124422897602231547e-02 2.923962043654594611e-02 3.927753361765339707e-02 5.244032733253724265e-02 7.144467639256686653e-02 9.283093047007458243e-02 1.194715560401638510e-01 1.507355405341596621e-01 1.904645063013516160e-01 2.335070063736932322e-01 2.842776544977694830e-01 3.377265981099934478e-01 4.025546214866824735e-01 4.658999784710695091e-01 5.341354575888227485e-01 5.968190688742029959e-01 6.699933058213686232e-01 7.388876908810571020e-01 7.945835593635928173e-01 8.477649369174319327e-01 8.860451321521555235e-01 9.186301990992010724e-01 9.375838339133224508e-01 9.423835323281637422e-01 9.335397872931784358e-01 9.076522831600682961e-01 8.754555465527921188e-01 8.242635210985402860e-01 7.676446177407244553e-01 7.090590082414363060e-01 6.442937341001612195e-01 5.760649634839357658e-01 5.021876043354882579e-01 4.410347314622277692e-01 3.699922756923286760e-01 3.125459569755778544e-01 2.573864986071247030e-01 2.095063473244200836e-01 1.690653534153570559e-01 1.350261874859126077e-01 1.044484083644756506e-01 8.039264418099263676e-02 6.113581797339407570e-02 4.486778580634017549e-02 3.305096032825993041e-02 2.429757254799181851e-02 1.732919899454497814e-02 1.253169928704170148e-02 8.354583386294465661e-03 5.543363315729498038e-03 3.855041274350050947e-03 2.679101085572399132e-03 1.587537545486165328e-03 1.007436546160343305e-03 6.445787579297685690e-04 4.345326066208558217e-04 2.847531266207892144e-04 1.528290690731236279e-04 9.882050909338442515e-05 7.812695665491518752e-05 2.767879714684966344e-05 3.891931396795404345e-05 4.510348802936693542e-06 8.994648311489520509e-06 0.000000000000000000e+00 0.000000000000000000e+00 0.000000000000000000e+00 0.000000000000000000e+00 0.000000000000000000e+00 0.000000000000000000e+00 0.000000000000000000e+00 0.000000000000000000e+00 0.000000000000000000e+00 0.000000000000000000e+00 0.000000000000000000e+00 0.000000000000000000e+00 0.000000000000000000e+00 0.000000000000000000e+00 0.000000000000000000e+00
0.000000000000000000e+00 1.125152466949518202e-06 1.343213902879235381e-05 5.644270304986788474e-07 2.260791881213761580e-06 3.662663551688072093e-06 6.486347142075347987e-06 3.490853104150715321e-05 4.934630633571754647e-05 1.503460775504436196e-04 1.929946311237413104e-04 2.976694998891708278e-04 4.501954738139758694e-04 7.371962931715004977e-04 1.182873454820490599e-03 1.661591873291907127e-03 2.714140735799598202e-03 3.697177188752993979e-03 5.765752859886812652e-03 8.436608267432189195e-03 1.312670095793618333e-02 1.792317705909619863e-02 2.441544316527115288e-02 3.316560350781493083e-02 4.587140077192688320e-02 6.162612860820732702e-02 7.920326057799069452e-02 1.033535234349558518e-01 1.337568713610534088e-01 1.702901119447632061e-01 2.118049767969642505e-01 2.608205340930938587e-01 3.119223892804663389e-01 3.698499600456176539e-01 4.357162452473739567e-01 5.018451396826263400e-01 5.713912613930876017e-01 6.377284275994203888e-01 7.057465498150903294e-01 7.728415493369614753e-01 8.328116859680899653e-01 8.757517189847279226e-01 9.169323999378398149e-01 9.399751085563583519e-01 9.489390139512235978e-01 9.508132410672479606e-01 9.349613935638146911e-01 9.040647276339629501e-01 8.620010152410132465e-01 8.100009732629360748e-01 7.512887955630770387e-01 6.857351141748184720e-01 6.154709975479268902e-01 5.435817428672602425e-01 4.758508485239916763e-01 4.102844818163702834e-01 3.436207726893961145e-01 2.885093336424588428e-01 2.371245491831927288e-01 1.921332686080508834e-01 1.507586800013970829e-01 1.197701340048765994e-01 9.322162343785846128e-02 7.036462514596961149e-02 5.249634072143290892e-02 3.842989173792191876e-02 2.840040341963098389e-02 2.020106387901187545e-02 1.439443480115471831e-02 1.017068959238152243e-02 7.081160551849046032e-03 4.611526223795466874e-03 3.065140938956815563e-03 1.980913370796175393e-03 1.319793970202030138e-03 8.806610049974573397e-04 5.186721920443311453e-04 3.338321049444928725e-04 2.018034714368763184e-04 1.225276037209337197e-04 8.018527830990538707e-05 3.806204198585787425e-05 2.256618738857782007e-05 5.054675416349824439e-06 1.521274559912605372e-05 3.390298471921097538e-06 0.000000000000000000e+00 0.000000000000000000e+00 0.000000000000000000e+00 0.000000000000000000e+00 0.000000000000000000e+00 0.000000000000000000e+00 0.000000000000000000e+00 0.000000000000000000e+00 0.000000000000000000e+00 0.000000000000000000e+00 0.000000000000000000e+00 0.000000000000000000e+00 0.000000000000000000e+00 0.000000000000000000e+00
0.000000000000000000e+00 0.000000000000000000e+00 0.000000000000000000e+00 4.766055660959242448e-06 5.644270304986838238e-07 1.997893153066706393e-05 1.156564156085330337e-05 1.518497949553149976e-05 7.444271906601200497e-05 1.003056747121998978e-04 1.505802612427467938e-04 2.476906282379990666e-04 3.581734245522643170e-04 5.515085399061188691e-04 8.487456078903782590e-04 1.338993687539307949e-03 1.934842245394215350e-03 2.992061299371584666e-03 4.709604192147292916e-03 6.825135651753714769e-03 9.719961456236865180e-03 1.486213265603083741e-02 2.128453433050573121e-02 2.862585548374356470e-02 3.914217006357723072e-02 5.238457929468829516e-02 6.840216541703580955e-02 9.288486720806445052e-02 1.189941732955862724e-01 1.514311264625439746e-01 1.913467123576818862e-01 2.353624029996481404e-01 2.868989670722521534e-01 3.433941141588661150e-01 4.071660497784921340e-01 4.699108541013846674e-01 5.426489575698355550e-01 6.136476986859107363e-01 6.853045606299217329e-01 7.517018194277387266e-01 8.153523384576756294e-01 8.670553779429887031e-01 9.075821367151449826e-01 9.436141967219612292e-01 9.615858490215476451e-01 9.641675504361880700e-01 9.662930061742741605e-01 9.324934285371653253e-01 8.993416654364991825e-01 8.465193989433583699e-01 7.950116353492713284e-01 7.290248884867044366e-01 6.611750361476318449e-01 5.880861613891008588e-01 5.166473629338065310e-01 4.487829618738176651e-01 3.812797170226082111e-01 3.187935453276229958e-01 2.644509419486817947e-01 2.147219456980997143e-01 1.731550185350160531e-01 1.365065683508822347e-01 1.053702079967619720e-01 8.121148670863619079e-02 6.178278331183890970e-02 4.488575983074666320e-02 3.345502572637142763e-02 2.377370062700888409e-02 1.684752308218495989e-02 1.207698207099284181e-02 8.215421927003188282e-03 5.101259810241848790e-03 3.848929840154177631e-03 2.486622965568975867e-03 1.475041034029836527e-03 1.068533530101653094e-03 5.184419365881357336e-04 3.723317244586499676e-04 2.738099146851085460e-04 1.479474094767902284e-04 8.373704482205348665e-05 3.632730602675389144e-05 2.779179026788575335e-05 1.669087272985905426e-05 9.365501599056125174e-06 2.811714418335071101e-06 6.730123493822579676e-06 0.000000000000000000e+00 0.000000000000000000e+00 0.000000000000000000e+00 0.000000000000000000e+00 0.000000000000000000e+00 0.000000000000000000e+00 0.000000000000000000e+00 0.000000000000000000e+00 0.000000000000000000e+00 0.000000000000000000e+00 0.000000000000000000e+00 0.000000000000000000e+00 0.000000000000000000e+00
0.000000000000000000e+00 0.000000000000000000e+00 0.000000000000000000e+00 1.593989176558441900e-05 0.000000000000000000e+00 1.066668444447410190e-05 1.238730904264194631e-05 6.216813656456880163e-06 4.051165867486718409e-05 4.883153686115700490e-05 8.962981338622701621e-05 1.574133986773605394e-04 2.403462319775214807e-04 4.991924412534950875e-04 8.389012372687167964e-04 9.902885626083956106e-04 1.661883323864424061e-03 2.607598097625798972e-03 3.942861997084967304e-03 5.700831171378156412e-03 8.445663419201518071e-03 1.222996413348660660e-02 1.747995867956484567e-02 2.535917806572187197e-02 3.499099417502884307e-02 4.714247118731532127e-02 6.161762468043377461e-02 8.168522018114361682e-02 1.075811108825092260e-01 1.349693737051611275e-01 1.737057496866540318e-01 2.142547686449090827e-01 2.638036079177552562e-01 3.218175107981403604e-01 3.788300151849984809e-01 4.446614812810188999e-01 5.148320391100879023e-01 5.862132681856455640e-01 6.625622078670295734e-01 7.334040744533263378e-01 8.012653414015443731e-01 8.587968676767175902e-01 9.075596639518554998e-01 9.478402334997292344e-01 9.722075564097999445e-01 9.842648432450963325e-01 9.793874682019885203e-01 9.606146641015319565e-01 9.338119644200590930e-01 8.869137143252493471e-01 8.356426076123953939e-01 7.761873387589661721e-01 7.011009741588690725e-01 6.319155993626173196e-01 5.549592055593349782e-01 4.851417694379219769e-01 4.150994203625639201e-01 3.539764060967543480e-01 2.928022030757747030e-01 2.405162147308863019e-01 1.931872302551709553e-01 1.519774806157402902e-01 1.203401161846693046e-01 9.303582624517983679e-02 7.007594903351391236e-02 5.231190073474838165e-02 3.891771040437803225e-02 2.823220684171308739e-02 2.011315130069130791e-02 1.406308258608938121e-02 9.570236930321775540e-03 6.643391741894831386e-03 4.454505539407788497e-03 3.132879133351216226e-03 1.794967567207343987e-03 1.116683573967879560e-03 7.930999625940041977e-04 5.265563367287688559e-04 2.409792254277763515e-04 1.628969366990261174e-04 1.353382803208911037e-04 4.612002850463652303e-05 6.385122555697504362e-05 1.296444167175329518e-05 1.127294986544900754e-06 8.458320436597377602e-07 0.000000000000000000e+00 8.458320436597377602e-07 0.000000000000000000e+00 3.365061746911349130e-06 0.000000000000000000e+00 0.000000000000000000e+00 0.000000000000000000e+00 0.000000000000000000e+00 0.000000000000000000e+00 0.000000000000000000e+00 0.000000000000000000e+00 0.000000000000000000e+00 0.000000000000000000e+00 0.000000000000000000e+00
0.000000000000000000e+00 0.000000000000000000e+00 0.000000000000000000e+00 0.000000000000000000e+00 3.654924814219504307e-06 2.546755738269577203e-06 9.268690626639254458e-06 7.321518616560274065e-06 3.387404456930046779e-05 3.925824225402521259e-05 7.696980787075595693e-05 1.309324715325544297e-04 1.710942321655150287e-04 2.936352426288145446e-04 4.902952706748669271e-04 7.998199979052907430e-04 1.406048492680047821e-03 2.057202774921071484e-03 3.416351149005081474e-03 4.913981596748864290e-03 6.863235267804039010e-03 1.052123088847688528e-02 1.556854802329372262e-02 2.146421054061596959e-02 2.972574254219304338e-02 4.113690788609000032e-02 5.442969037158041506e-02 7.367943998394212157e-02 9.585575098384740977e-02 1.221214230523739175e-01 1.575420636666301222e-01 1.980854183706832750e-01 2.430922913610994995e-01 2.978522010755831895e-01 3.571542998391135093e-01 4.215220524349827524e-01 4.921442808591127149e-01 5.640650438417706969e-01 6.368323788720988698e-01 7.160125833363666370e-01 7.789828210183502577e-01 8.458631953855654251e-01 9.024883209604431800e-01 9.454963232370889870e-01 9.792610345745641487e-01 9.963468329279803193e-01 9.949815685794078934e-01 9.912088655714790253e-01 9.658759204089958361e-01 9.295503365810580121e-01 8.771418376347281942e-01 8.140478079683362012e-01 7.507951724419562600e-01 6.747404057452067727e-01 6.022475454055090660e-01 5.240664059017478005e-01 4.547786068223370615e-01 3.866123816591866547e-01 3.241001881605727331e-01 2.663986007131393663e-01 2.155894794846196505e-01 1.714753889567514900e-01 1.346503578884648278e-01 1.058023646867941314e-01 8.154925570811503988e-02 6.015394549586865203e-02 4.451546018008179645e-02 3.233614378469169132e-02 2.319417777046403270e-02 1.678897924268511060e-02 1.170047708509367422e-02 7.832811059607947338e-03 5.249896311384946029e-03 3.431014421654329100e-03 2.554934864065091203e-03 1.476579889973230744e-03 8.780190319061706959e-04 5.777125621984243982e-04 3.744406422869079850e-04 2.483841180674042546e-04 9.963153171204350322e-05 7.062739697175292764e-05 4.380345860217440445e-05 1.872165971591269613e-05 1.387904165769507549e-05 1.187988900810124109e-05 5.084906225814051430e-06 0.000000000000000000e+00 0.000000000000000000e+00 0.000000000000000000e+00 0.000000000000000000e+00 0.000000000000000000e+00 0.000000000000000000e+00 0.000000000000000000e+00 0.000000000000000000e+00 0.000000000000000000e+00 0.000000000000000000e+00 0.000000000000000000e+00 0.000000000000000000e+00 0.000000000000000000e+00
0.000000000000000000e+00 0.000000000000000000e+00 0.000000000000000000e+00 0.000000000000000000e+00 1.970533660101765654e-06 1.125152466949523284e-06 7.630494952219366652e-06 2.287655275857927779e-05 4.299048925191591066e-05 6.628064056802406175e-05 5.892461636987802282e-05 7.363788595602855139e-05 1.404578045854172532e-04 2.409490051240747348e-04 4.554608765140236680e-04 7.446106650845903075e-04 1.220014536740508760e-03 1.852140467390487157e-03 2.688844278536840857e-03 3.877625565895644142e-03 6.171951989876753655e-03 8.996468416800483536e-03 1.243764665859808417e-02 1.888966160475033865e-02 2.599285522695858955e-02 3.626093851621376568e-02 4.966915806422940449e-02 6.455028699730604169e-02 8.578719755201802410e-02 1.117277670907260712e-01 1.423830840590358526e-01 1.798358509473240718e-01 2.276531346750303164e-01 2.786419643609445163e-01 3.316535807125301494e-01 4.014259553720485041e-01 4.712976994742588688e-01 5.402493847158195139e-01 6.187365325081274348e-01 6.952693737035393617e-01 7.655896737114047390e-01 8.388992579234040292e-01 8.945138772687553086e-01 9.511758636934702915e-01 9.859205183643284798e-01 1.013300919143874212e+00 1.021913756393863615e+00 1.019911944211757016e+00 9.953586365978278616e-01 9.665141464768426394e-01 9.160423550631310308e-01 8.616516591268181813e-01 7.940061068254914423e-01 7.196238023586321031e-01 6.449456888503262153e-01 5.683893291052426466e-01 4.923715787925037612e-01 4.227315469814068583e-01 3.564236163998123486e-01 2.935764991668862178e-01 2.401693626914882529e-01 1.919542520599635538e-01 1.520239737984686590e-01 1.189491949472618743e-01 9.170427517259259476e-02 6.917888793440814255e-02 5.097912617342627295e-02 3.731040459556717037e-02 2.738425193159549353e-02 1.878908147592110722e-02 1.373529790703150941e-02 9.022761381214269155e-03 6.503512632682464066e-03 4.197843119269137682e-03 2.986081956227217872e-03 1.942281772833069371e-03 1.164317153820542891e-03 6.785656331543676997e-04 5.690755837807012383e-04 2.763352502272073386e-04 1.134601109560941267e-04 1.388520041447827071e-04 4.706624208151288921e-05 4.045373306835594397e-05 1.749318336137945865e-05 4.241855762769215428e-06 2.264151177020272135e-06 0.000000000000000000e+00 7.906328711704755632e-06 0.000000000000000000e+00 0.000000000000000000e+00 0.000000000000000000e+00 0.000000000000000000e+00 0.000000000000000000e+00 0.000000000000000000e+00 0.000000000000000000e+00 0.000000000000000000e+00 0.000000000000000000e+00 0.000000000000000000e+00 0.000000000000000000e+00
0.000000000000000000e+00 0.000000000000000000e+00 4.517289398371361068e-06 0.000000000000000000e+00 0.000000000000000000e+00 1.970533660101783018e-06 5.677005780389367945e-07 1.490796862633785152e-05 3.390866444170123861e-05 3.838948657337402107e-05 6.097622423452681419e-05 7.435681938162974364e-05 1.221208602941393150e-04 2.064728676635481039e-04 3.279874123698580573e-04 5.613306197569294456e-04 9.487527684926575031e-04 1.280062235723460062e-03 2.531747149632742385e-03 3.651322142057093767e-03 5.270470140302561425e-03 7.551551427719476253e-03 1.094641273437828126e-02 1.611859199275957749e-02 2.234126165121986043e-02 3.178319383878328713e-02 4.291411943816988983e-02 5.750126726481728096e-02 7.676615004733547409e-02 1.016485148285659057e-01 1.308187904055966022e-01 1.659904516833627108e-01 2.107592808611642166e-01 2.595498230122855743e-01 3.153818639791719503e-01 3.804220174587382153e-01 4.462892189029447620e-01 5.203973598184351568e-01 5.968303469903620817e-01 6.765054302285854471e-01 7.488004544928595907e-01 8.255272301213913977e-01 8.907083045873985805e-01 9.467317504848870025e-01 9.957641185236729697e-01 1.025690866208297081e+00 1.040750813369010430e+00 1.042870446240824478e+00 1.030966871536229901e+00 1.002613844089338402e+00 9.586757025294589951e-01 9.013029094855956602e-01 8.388025339775169176e-01 7.694065809901780018e-01 6.892888773608356612e-01 6.129753920080377450e-01 5.314684740780343253e-01 4.600984431169292121e-01 3.884912032834251239e-01 3.267379537496355457e-01 2.651863676909090861e-01 2.129895354865141421e-01 1.703265596834100393e-01 1.326657007892849127e-01 1.028303372216669981e-01 7.904786596371983498e-02 5.845628365094300560e-02 4.288786236447806460e-02 3.106583662716125641e-02 2.190650806375070425e-02 1.560796186643002674e-02 1.118609037011983158e-02 7.541555867632754838e-03 4.896482257358419909e-03 3.218784448238406603e-03 2.178788911302852269e-03 1.302337246313654134e-03 9.192292893696777734e-04 5.225864664412884939e-04 3.571119042176948769e-04 1.948312773480941084e-04 8.131993767954704398e-05 5.533648062532245257e-05 6.103967490497630270e-05 1.072634169813776522e-05 6.825818335084291697e-06 3.365061746911304237e-06 0.000000000000000000e+00 0.000000000000000000e+00 0.000000000000000000e+00 0.000000000000000000e+00 0.000000000000000000e+00 0.000000000000000000e+00 0.000000000000000000e+00 0.000000000000000000e+00 0.000000000000000000e+00 0.000000000000000000e+00 0.000000000000000000e+00 0.000000000000000000e+00 0.000000000000000000e+00
0.000000000000000000e+00 2.546755738269554756e-06 0.000000000000000000e+00 1.969882778783480039e-06 0.000000000000000000e+00 2.546755738269577203e-06 1.553666747657364799e-05 4.524562380860656799e-06 1.705948348681978720e-06 1.583531611769831233e-05 3.582338546125225787e-05 5.384704912338981900e-05 9.689511628129324206e-05 1.301490187488350348e-04 3.554942383013793162e-04 3.403127553526581381e-04 7.802297332281024882e-04 1.124035181556577940e-03 1.973916658303809940e-03 2.833838465318406184e-03 4.367789839345962918e-03 6.898294311958074951e-03 9.732347743128781301e-03 1.412857941835845947e-02 1.976893693340921881e-02 2.854614918510347751e-02 3.806680689439744664e-02 5.205099312094374486e-02 6.987483428286436760e-02 9.273668839047294332e-02 1.212400699298118861e-01 1.543670331641748827e-01 1.953405147196041747e-01 2.426729422043646389e-01 2.957344701203384330e-01 3.601644707649286348e-01 4.284063020577345005e-01 5.001011010503086940e-01 5.794486895575654550e-01 6.582202577815430278e-01 7.383876341798589760e-01 8.115462577844628766e-01 8.838886763345225051e-01 9.470140763713915666e-01 9.976762094581451690e-01 1.036830250368880657e+00 1.059531069321056007e+00 1.065797946001981744e+00 1.061625759280680148e+00 1.033857186225532798e+00 9.955350966587933614e-01 9.420255837515347785e-01 8.838833265824819208e-01 8.144481781997839898e-01 7.368947914460131088e-01 6.540541551708126677e-01 5.767567767829556713e-01 4.961313250816898335e-01 4.227024697763531735e-01 3.529234024191778563e-01 2.964124629983656556e-01 2.362222495997736704e-01 1.903418723045127714e-01 1.474844666840033625e-01 1.140893127475095248e-01 8.790490732912811800e-02 6.591663676497112878e-02 4.913196093130504927e-02 3.528087720274476063e-02 2.594190640706027506e-02 1.848122328344855084e-02 1.240217975605024600e-02 8.879473038045372982e-03 5.804350272643028601e-03 4.107632818759954750e-03 2.435358757688514241e-03 1.702692870598591273e-03 1.015751942741397601e-03 7.241049912348278793e-04 3.752996456336204047e-04 2.697430546955802274e-04 2.040513317059184175e-04 1.318992206200258208e-04 4.802236815345929888e-05 1.434581484477228483e-05 7.077991289675060580e-06 1.411796952833798115e-05 1.244927696054536114e-05 7.906328711704823395e-06 0.000000000000000000e+00 0.000000000000000000e+00 0.000000000000000000e+00 0.000000000000000000e+00 0.000000000000000000e+00 0.000000000000000000e+00 0.000000000000000000e+00 0.000000000000000000e+00 0.000000000000000000e+00 0.000000000000000000e+00 0.000000000000000000e+00
0.000000000000000000e+00 0.000000000000000000e+00 0.000000000000000000e+00 0.000000000000000000e+00 1.685042035435992293e-06 1.131480619981414584e-05 9.903451617622378064e-06 1.385986415017099206e-05 7.611791539005969491e-06 2.279812556247196048e-05 4.483016142727283754e-05 3.037473991563713983e-05 8.490246697293026229e-05 1.232717416605944765e-04 1.833626313362214579e-04 3.592872228837390436e-04 6.428269058637172502e-04 9.235135268239947400e-04 1.607802382438158588e-03 2.673264312029968552e-03 3.616508666997689334e-03 5.683560686212586581e-03 8.227874869461596075e-03 1.169573028542277883e-02 1.760370511458088025e-02 2.441182988242019541e-02 3.366066802851679085e-02 4.692901462299894216e-02 6.294167745985651541e-02 8.556139399157872139e-02 1.105772344337391244e-01 1.420814376359342268e-01 1.817238002261058749e-01 2.265386580333803856e-01 2.800132927988903675e-01 3.401051421872082203e-01 4.068526314831066859e-01 4.817353372941198253e-01 5.581302009542878917e-01 6.409004372995027454e-01 7.201832194065214132e-01 7.951355859148447891e-01 8.717611671186058508e-01 9.389753345088041048e-01 9.994185520900166209e-01 1.040713694497191533e+00 1.072709854450101918e+00 1.085586182551454337e+00 1.080770985698027209e+00 1.066925434877507683e+00 1.034351572875232161e+00 9.837637237034702054e-01 9.225718026090534707e-01 8.529852653989258293e-01 7.772651706680878680e-01 6.959341703481949359e-01 6.136295657281332083e-01 5.365593641550405746e-01 4.554144666577869538e-01 3.872187012615310175e-01 3.203977872286294937e-01 2.614161143902389850e-01 2.100501087751874829e-01 1.665571763788961379e-01 1.287048619065525312e-01 9.772345422238147561e-02 7.564496377255673643e-02 5.550096274968003424e-02 4.096047703450633737e-02 2.958145883684826921e-02 2.058202032641869711e-02 1.399316580742098783e-02 9.855580122023054057e-03 6.816770191001021197e-03 4.856190663255377515e-03 3.090698339002661676e-03 1.989664793943703245e-03 1.291645234917084602e-03 7.876915748738421916e-04 4.966268493396950494e-04 3.209913521029293497e-04 1.504915158986639507e-04 1.336017563015240764e-04 3.425936776836639101e-05 5.591546640592020835e-05 8.214253098305480076e-06 8.210585112140014540e-06 5.628929036443434973e-07 0.000000000000000000e+00 0.000000000000000000e+00 0.000000000000000000e+00 0.000000000000000000e+00 0.000000000000000000e+00 0.000000000000000000e+00 0.000000000000000000e+00 0.000000000000000000e+00 0.000000000000000000e+00 0.000000000000000000e+00 0.000000000000000000e+00 0.000000000000000000e+00
0.000000000000000000e+00 0.000000000000000000e+00 1.970533660101783018e-06 0.000000000000000000e+00 1.970533660101783018e-06 0.000000000000000000e+00 3.654924814219472543e-06 1.073793324032816641e-05 2.830479499141494002e-06 1.696290920531546141e-05 1.745153366896039164e-05 3.464726917032828800e-05 2.484454643758563148e-05 1.349864487647102051e-04 1.803062113342893201e-04 2.823205860436949844e-04 4.782386291011175242e-04 8.467636575611944567e-04 1.396740754651386567e-03 2.142688938352467574e-03 3.222094291402137663e-03 5.015013791132185393e-03 7.256528104384418580e-03 1.137887652912758681e-02 1.544629363369650482e-02 2.159131230502413235e-02 3.089726277933339468e-02 4.238390205524896620e-02 5.769970652867990879e-02 7.842887225507680360e-02 1.015351294064871374e-01 1.324688536614568590e-01 1.711123522697477473e-01 2.126626796717342727e-01 2.630340207648756423e-01 3.206167034948334549e-01 3.863549094759934910e-01 4.580459574483276564e-01 5.398898546428940737e-01 6.203984883673701045e-01 6.998198769816941223e-01 7.850789725595267443e-01 8.655563138980891802e-01 9.306401110637471108e-01 9.931246346587988549e-01 1.044538928853350868e+00 1.082491539891716092e+00 1.101292540689316368e+00 1.106448856102710598e+00 1.095661159525944006e+00 1.065220655434800268e+00 1.018793048453505268e+00 9.625925684133326277e-01 8.999299241115306103e-01 8.182072870435153078e-01 7.353251963826789028e-01 6.563159359023589268e-01 5.715939545435592128e-01 4.900614461871983241e-01 4.128441482736986967e-01 3.504882177040414271e-01 2.864021100875903669e-01 2.294003929838266120e-01 1.828717148053236041e-01 1.440753797456012231e-01 1.100285364940114807e-01 8.285643040197632203e-02 6.311977283848374531e-02 4.591605524361127427e-02 3.282574288145949370e-02 2.316358360781558753e-02 1.716897592896572330e-02 1.124812898921422923e-02 7.761486091477719229e-03 5.179868060984976416e-03 3.505683345539588151e-03 2.369913041576647908e-03 1.409325775418407770e-03 9.568078698756279660e-04 6.107196897823098485e-04 3.239138854104789303e-04 1.812834868719392684e-04 9.166325275575734339e-05 7.231953776020890454e-05 4.821564182481380780e-05 1.977215014001853071e-05 3.667435194328935722e-06 0.000000000000000000e+00 0.000000000000000000e+00 0.000000000000000000e+00 0.000000000000000000e+00 0.000000000000000000e+00 0.000000000000000000e+00 0.000000000000000000e+00 0.000000000000000000e+00 0.000000000000000000e+00 0.000000000000000000e+00 0.000000000000000000e+00 0.000000000000000000e+00 0.000000000000000000e+00
0.000000000000000000e+00 0.000000000000000000e+00 1.970533660101765654e-06 1.970533660101748290e-06 0.000000000000000000e+00 3.114456316308491445e-06 2.252348718592352087e-06 2.814464518221718228e-06 2.808771480552816893e-06 1.242490694644266348e-05 2.814392566857339679e-05 2.539789208201533155e-05 7.032107664601125387e-05 1.011951607830703523e-04 2.223420808892654125e-04 3.451288695833433138e-04 5.549693406319619734e-04 6.505709056663957742e-04 1.161280608765073068e-03 1.737062876994275532e-03 2.763306239395483567e-03 4.483416654054639058e-03 6.340449629081236493e-03 9.229627285839189788e-03 1.315955044145703141e-02 1.929516024023768261e-02 2.738634625837188183e-02 3.773803040608852272e-02 5.184467627142881618e-02 7.050409433647812640e-02 9.339344437693078427e-02 1.217136803996583111e-01 1.564981175296840388e-01 1.993833559616610129e-01 2.471504107130872430e-01 3.054507691209862319e-01 3.718048517242475981e-01 4.403994370537345771e-01 5.200016173551698095e-01 5.960204920194019929e-01 6.854074163110007722e-01 7.681159035499226517e-01 8.473065999135971360e-01 9.210856283419742718e-01 9.844898893014916164e-01 1.046072724443659840e+00 1.092283016440060761e+00 1.113653823366852036e+00 1.130402417634221779e+00 1.121684530779675670e+00 1.093381637053113975e+00 1.054144863029207624e+00 1.000394264456430760e+00 9.297136710007737337e-01 8.602897359058561122e-01 7.783732788178658879e-01 6.926624790602919912e-01 6.087174914753666899e-01 5.277937940648715909e-01 4.493473367553693087e-01 3.757507728838831995e-01 3.099408121863697629e-01 2.493331297321566276e-01 1.987864691202777534e-01 1.580281420672144110e-01 1.215448875581301991e-01 9.117076814089823678e-02 6.963453031398922355e-02 5.118197542132799094e-02 3.710564094851098033e-02 2.676883103029346553e-02 1.823484496020737200e-02 1.323349113775440164e-02 9.247158414125893414e-03 5.817074794682207395e-03 4.237274400137393780e-03 2.881876770178981150e-03 1.664448960072350192e-03 9.417214641822057664e-04 6.763740381838236016e-04 3.699506908473472857e-04 3.052793130288391664e-04 1.848676693623997809e-04 1.262882566787432094e-04 1.407849426380884448e-05 1.862044290041895079e-05 1.295906802195760302e-05 2.259174928820150248e-06 2.814748967932703011e-07 0.000000000000000000e+00 0.000000000000000000e+00 0.000000000000000000e+00 0.000000000000000000e+00 0.000000000000000000e+00 0.000000000000000000e+00 0.000000000000000000e+00 0.000000000000000000e+00 0.000000000000000000e+00 0.000000000000000000e+00 0.000000000000000000e+00
0.000000000000000000e+00 0.000000000000000000e+00 0.000000000000000000e+00 1.685042035435992293e-06 0.000000000000000000e+00 0.000000000000000000e+00 0.000000000000000000e+00 0.000000000000000000e+00 0.000000000000000000e+00 1.242703699981472102e-05 5.346199245058967326e-06 2.285842852381737302e-05 3.129624674509716648e-05 1.043380072564058334e-04 1.457759439342138394e-04 3.175975707375937708e-04 3.464953580983753294e-04 6.512031629276141551e-04 9.399377628163184221e-04 1.604710890317051714e-03 2.519147415633363890e-03 3.679379075780932293e-03 5.398478863698891010e-03 8.268058347967175911e-03 1.182129878900435062e-02 1.673503109252068299e-02 2.506156257006741245e-02 3.364802911673860086e-02 4.639057231747498178e-02 6.372552507657672227e-02 8.467679846053566273e-02 1.123027152321236233e-01 1.449691067506418685e-01 1.862119276908996701e-01 2.321207266169925676e-01 2.852913394640215206e-01 3.511007904621744058e-01 4.208189981496532894e-01 4.962622285223605711e-01 5.773072153120480943e-01 6.626456936946977239e-01 7.462067720999647769e-01 8.302974569458327903e-01 9.150178505143773400e-01 9.820629287469143653e-01 1.045166143263386305e+00 1.088270970821159978e+00 1.126180375416849788e+00 1.138222594275294375e+00 1.137613377202709719e+00 1.117152520607788801e+00 1.077863827182751644e+00 1.036322470128812734e+00 9.663672156665005231e-01 8.975306972806376127e-01 8.162028753814152271e-01 7.295774725318292520e-01 6.466359602541285057e-01 5.608852279688629761e-01 4.811727253892404410e-01 4.053605360137355063e-01 3.364237477168811052e-01 2.736605444045225877e-01 2.175818935282103905e-01 1.747803214346469458e-01 1.350751386461229164e-01 1.026358961662418995e-01 7.873332962850812522e-02 5.773168089452797302e-02 4.240350574797254607e-02 3.004265983833323897e-02 2.151814152162409219e-02 1.449510746482656799e-02 1.033686430360567475e-02 7.476156581487099217e-03 5.051570326632843187e-03 3.112271082188801559e-03 1.886206809976576993e-03 1.221519642167454098e-03 7.663376739797319063e-04 4.206051527482545854e-04 4.251696922165519089e-04 1.617702120367017185e-04 1.254096958872960479e-04 5.643640321127598586e-05 2.377034786220591991e-05 9.049028515438526201e-06 8.434261289256366113e-07 2.795209988403392410e-07 5.628929036443485795e-07 0.000000000000000000e+00 0.000000000000000000e+00 0.000000000000000000e+00 0.000000000000000000e+00 0.000000000000000000e+00 0.000000000000000000e+00 0.000000000000000000e+00 0.000000000000000000e+00 0.000000000000000000e+00 0.000000000000000000e+00
0.000000000000000000e+00 0.000000000000000000e+00 0.000000000000000000e+00 0.000000000000000000e+00 0.000000000000000000e+00 0.000000000000000000e+00 0.000000000000000000e+00 0.000000000000000000e+00 8.768050461544514004e-06 7.603252771762860318e-06 1.992996096365573451e-05 4.679282362024013301e-05 6.259888252346640077e-05 3.856263706524502713e-05 1.616030409835586871e-04 1.472007594327734762e-04 3.865717581794039662e-04 5.011925553089407797e-04 8.454787049720437252e-04 1.249904248176975964e-03 2.029818950981099497e-03 3.112677384972265763e-03 5.112651766892900920e-03 6.859848171416378475e-03 1.061566732060752541e-02 1.492434058095540306e-02 2.189321777577047518e-02 3.056948435975293671e-02 4.132336362547365388e-02 5.706147713106176494e-02 7.768515071535307681e-02 1.035196165322113254e-01 1.335240090418905179e-01 1.704330202284229934e-01 2.165973481247751853e-01 2.717180580207509411e-01 3.320692664172821829e-01 3.999862663680862629e-01 4.757354716635459058e-01 5.557539475716304356e-01 6.409078724102402758e-01 7.315823978516933224e-01 8.137144945650035543e-01 8.967015376276303851e-01 9.717461041184765058e-01 1.036254992136067754e+00 1.089302899105824451e+00 1.124977490154261739e+00 1.149234141059829017e+00 1.150496770726277873e+00 1.138311341634730356e+00 1.108363387271052547e+00 1.061311798469036782e+00 9.975586619124644505e-01 9.303658913865482383e-01 8.519275135410201427e-01 7.674183464901622731e-01 6.789966187369504969e-01 5.913593940580077479e-01 5.058373144033287971e-01 4.309521197730973863e-01 3.566117708279119558e-01 2.923817900601774489e-01 2.370137146827396291e-01 1.878357570391792630e-01 1.478091914765795323e-01 1.144100518304529274e-01 8.613822932082680628e-02 6.500404317815418331e-02 4.764288455278947038e-02 3.446025975605308128e-02 2.416685817745976850e-02 1.736412053371476361e-02 1.176009928774332178e-02 8.135404118739681875e-03 5.579321512364354869e-03 3.589633523547095060e-03 2.378150121426480731e-03 1.383196244908534590e-03 1.067222556961583890e-03 5.179156691088390588e-04 3.525145084917320716e-04 2.042526845812890450e-04 1.204112443394703786e-04 4.099544468556769579e-05 3.072238244905339203e-05 9.640177481792264210e-06 2.265332963682903345e-06 3.108742716257760949e-06 0.000000000000000000e+00 0.000000000000000000e+00 0.000000000000000000e+00 0.000000000000000000e+00 0.000000000000000000e+00 0.000000000000000000e+00 0.000000000000000000e+00 0.000000000000000000e+00 0.000000000000000000e+00 0.000000000000000000e+00 0.000000000000000000e+00
0.000000000000000000e+00 0.000000000000000000e+00 0.000000000000000000e+00 0.000000000000000000e+00 0.000000000000000000e+00 0.000000000000000000e+00 0.000000000000000000e+00 0.000000000000000000e+00 0.000000000000000000e+00 1.125011977774202049e-06 6.205715708073373759e-06 2.536132339606807892e-06 2.478341608676944629e-05 3.998585338982850717e-05 1.069421279377955508e-04 1.053642551360004642e-04 2.684245354378517342e-04 5.132415482618276487e-04 8.586271117563752490e-04 1.251238755896944867e-03 1.726493042915528070e-03 2.760829199747650946e-03 4.000398525114180065e-03 6.562411760256956980e-03 8.933898400656349256e-03 1.355556809365964475e-02 1.984899346551276256e-02 2.814252178344350125e-02 3.843883475504051433e-02 5.289884849733048067e-02 7.177953369578948806e-02 9.348505136227520940e-02 1.228514939510519932e-01 1.606903118746445258e-01 2.043669055413366020e-01 2.544539732454119130e-01 3.125682749856152354e-01 3.778002169033861657e-01 4.554530764932546716e-01 5.348425119414638162e-01 6.181411503963206711e-01 7.056385418479482752e-01 7.912655398433863230e-01 8.805010916434111712e-01 9.557941918554908600e-01 1.020362604587298438e+00 1.083056807494605644e+00 1.123069248550735866e+00 1.146820248030254730e+00 1.164777439565592765e+00 1.153427068576010406e+00 1.128685773654508395e+00 1.083302399062482602e+00 1.025634207570320422e+00 9.566524859782179480e-01 8.825945579524381301e-01 8.022977345751756140e-01 7.132770845330638210e-01 6.225078686702708586e-01 5.361287520006424723e-01 4.579888701484552405e-01 3.825549684351475244e-01 3.137366438064397856e-01 2.539270051418939245e-01 2.031747918824429733e-01 1.614061770733700996e-01 1.265990785700235322e-01 9.455193897842317785e-02 7.044696340361882025e-02 5.317451414471664750e-02 3.836726847390888040e-02 2.751010714919478739e-02 1.890444628003423028e-02 1.357028551042339937e-02 8.962324362460803370e-03 6.307010665009194460e-03 4.237475620796387482e-03 2.733194430797446749e-03 1.855099143914919939e-03 1.067381619886129682e-03 7.538420825174505652e-04 4.003061113708739614e-04 2.951140997840666640e-04 1.537481780969749583e-04 8.915574126301284051e-05 2.316656172883825040e-05 3.167551621736084034e-05 7.087926745248633253e-06 4.530387023931696330e-06 0.000000000000000000e+00 5.656154085656660959e-07 0.000000000000000000e+00 0.000000000000000000e+00 0.000000000000000000e+00 0.000000000000000000e+00 0.000000000000000000e+00 0.000000000000000000e+00 0.000000000000000000e+00 0.000000000000000000e+00 0.000000000000000000e+00
0.000000000000000000e+00 0.000000000000000000e+00 0.000000000000000000e+00 0.000000000000000000e+00 0.000000000000000000e+00 8.446992679229077513e-07 0.000000000000000000e+00 0.000000000000000000e+00 0.000000000000000000e+00 2.831666204603654592e-07 0.000000000000000000e+00 1.131520716327101109e-06 1.349664784924142039e-05 2.451569233997908032e-05 7.440602408055125216e-05 1.145532029324122607e-04 2.509380949021006928e-04 4.671192444057804967e-04 5.635545319430630218e-04 1.065831089329069472e-03 1.679908753959728990e-03 2.403295192318903161e-03 3.447560778645176668e-03 5.510617684204671858e-03 8.216048048270946369e-03 1.241293949510497568e-02 1.793297299646840967e-02 2.427588842816616466e-02 3.398895248825834631e-02 4.823991603936919614e-02 6.518424762728811106e-02 8.663167250207372272e-02 1.141215962195150091e-01 1.483033515204439101e-01 1.900635838413047840e-01 2.361126598302756563e-01 2.952049021576606536e-01 3.571385193576514516e-01 4.305367658989635027e-01 5.106568095130398222e-01 5.969296217091620838e-01 6.802161817670341337e-01 7.701163753854060046e-01 8.576492893459719546e-01 9.338506974609367406e-01 1.006828039738193459e+00 1.065302182824165333e+00 1.114041996923152977e+00 1.147926507095224036e+00 1.166445398722851579e+00 1.167462829744328578e+00 1.148432387343345962e+00 1.105344529573651480e+00 1.056955198167186527e+00 9.894071795505795519e-01 9.103600468851771321e-01 8.265361740699035398e-01 7.443016044741419535e-01 6.546042102123530437e-01 5.673439384310086098e-01 4.811845789096236281e-01 4.078195127912127571e-01 3.352864791887167351e-01 2.726817130430132519e-01 2.207638721135651017e-01 1.734775256453232051e-01 1.354910773982094530e-01 1.030343327089806166e-01 7.859904617715100794e-02 5.868518454905564952e-02 4.336601149117513820e-02 3.134215058361323331e-02 2.216174634834221918e-02 1.614625571238702262e-02 1.085120596871005060e-02 7.194831596174785376e-03 5.035322197197845788e-03 3.302793855526766232e-03 2.053676945306442871e-03 1.348391866572003391e-03 8.107593753629003565e-04 5.474921929174167510e-04 2.562833795781337891e-04 1.968111141800094651e-04 5.704778610752322417e-05 5.928393969017978254e-05 2.749062530309755940e-05 1.307335118251454986e-05 3.972533863599152350e-06 0.000000000000000000e+00 0.000000000000000000e+00 0.000000000000000000e+00 0.000000000000000000e+00 0.000000000000000000e+00 0.000000000000000000e+00 0.000000000000000000e+00 0.000000000000000000e+00 0.000000000000000000e+00 0.000000000000000000e+00 0.000000000000000000e+00
0.000000000000000000e+00 0.000000000000000000e+00 0.000000000000000000e+00 0.000000000000000000e+00 0.000000000000000000e+00 0.000000000000000000e+00 8.446992679228927164e-07 2.830879981994675858e-06 3.111192691845940509e-06 1.300170169379955640e-05 0.000000000000000000e+00 9.296171285046122589e-06 1.807860568275014177e-05 3.102344259660343482e-05 3.837864750357452518e-05 1.460643669808919668e-04 1.577498999742115793e-04 3.353023044143532585e-04 5.877289073297924972e-04 8.814120672320577407e-04 1.467331958788002655e-03 2.231854736657576214e-03 3.139758841497275813e-03 4.613666640748585041e-03 7.089230132544141645e-03 1.042833336546508324e-02 1.547175964582164255e-02 2.220482312587407706e-02 3.117936246564421282e-02 4.332358153786736860e-02 5.925548091493250402e-02 7.955808887199178336e-02 1.052856142377401050e-01 1.365888903113401387e-01 1.762685873291821304e-01 2.240453821566481540e-01 2.768673374295771428e-01 3.375331160830969401e-01 4.088862524952781019e-01 4.869760791532589117e-01 5.655575588761375672e-01 6.551360830787162914e-01 7.393208610221382315e-01 8.275441146515079005e-01 9.100863947342192617e-01 9.887193629780803850e-01 1.047982516115204099e+00 1.104948685100024530e+00 1.144050765410735027e+00 1.168612103988053486e+00 1.172676758733321334e+00 1.149689022435704810e+00 1.118685687018283081e+00 1.071265470234799455e+00 1.007155031165270387e+00 9.324125103743277077e-01 8.532999843466559931e-01 7.667139214597019636e-01 6.801792792461976989e-01 5.903816080105602770e-01 5.061713950195398937e-01 4.307805538771961040e-01 3.546666839185368403e-01 2.935692877347240159e-01 2.333983323626560025e-01 1.870024024322466116e-01 1.456274231469979197e-01 1.121412844423308325e-01 8.669892900431094840e-02 6.463024315040495626e-02 4.833237571324628529e-02 3.456327180493874718e-02 2.385373872006217935e-02 1.722402503333580331e-02 1.236426437883848296e-02 8.309831724947532722e-03 5.603818215901551839e-03 3.673588684678675935e-03 2.482029932431497211e-03 1.466098125082859966e-03 1.008145141890436905e-03 5.762202316214634461e-04 3.566458439004208418e-04 2.943048738318661392e-04 1.514741411089892058e-04 9.872750375312744711e-05 1.582682051582347846e-05 1.269277689199785306e-05 5.380519188628147061e-06 0.000000000000000000e+00 0.000000000000000000e+00 0.000000000000000000e+00 0.000000000000000000e+00 0.000000000000000000e+00 0.000000000000000000e+00 0.000000000000000000e+00 0.000000000000000000e+00 0.000000000000000000e+00 0.000000000000000000e+00 0.000000000000000000e+00
0.000000000000000000e+00 0.000000000000000000e+00 0.000000000000000000e+00 0.000000000000000000e+00 0.000000000000000000e+00 0.000000000000000000e+00 8.768050461544591931e-06 0.000000000000000000e+00 0.000000000000000000e+00 5.059356084508148344e-06 3.933529476041335523e-06 6.471948048279695832e-06 3.387665668900770155e-06 2.686128209557305904e-05 5.133477105002163491e-05 5.515215081539390191e-05 1.084869364211906887e-04 2.593629937890497110e-04 4.267000617198287555e-04 7.746298459727529902e-04 1.187686729965512378e-03 1.818414837867640254e-03 2.942152355527979848e-03 4.240364071408052153e-03 6.754401219140604255e-03 9.597218344171142348e-03 1.357900763437377978e-02 2.010254087463502273e-02 2.700277229560111084e-02 3.927645442099182010e-02 5.273418962636944318e-02 7.203280998042674299e-02 9.513897822002191640e-02 1.247009035207203714e-01 1.622298597276407017e-01 2.049633451822277797e-01 2.561433318486217026e-01 3.129093727351999199e-01 3.821451127791967717e-01 4.578256126800188675e-01 5.377759981243755982e-01 6.249481375000427441e-01 7.093533142585994877e-01 7.968172495976785230e-01 8.832084090421642442e-01 9.585499173137166373e-01 1.029184932400294628e+00 1.087624192504041964e+00 1.131375108834882681e+00 1.157345028442323676e+00 1.164808154239969529e+00 1.157146409114464536e+00 1.128225311790727936e+00 1.083637452088558994e+00 1.022918365677547570e+00 9.542245013862349357e-01 8.768713844489585130e-01 7.957669173083911085e-01 7.058059217511388761e-01 6.183152537489636780e-01 5.324972326027637148e-01 4.481443856862560859e-01 3.784092806870869574e-01 3.080080876978958382e-01 2.511451686209977829e-01 2.008756525592135522e-01 1.570361528969216047e-01 1.233692061434831372e-01 9.367276292330349585e-02 7.111083590033083490e-02 5.293377976771017346e-02 3.798798645639749755e-02 2.724391454006177410e-02 1.931218145370720146e-02 1.310753261493091161e-02 8.847977278232664264e-03 6.341180288127095180e-03 4.323874073686827593e-03 2.680038103356153969e-03 1.855373428433566623e-03 1.143703427149586789e-03 5.708563338706452257e-04 4.124520544043265308e-04 2.390559635870651001e-04 1.259114449983131086e-04 1.012521430869226533e-04 5.508167682801660953e-05 7.656110089476898101e-06 7.061424167428259811e-06 3.110484497725259783e-06 2.828077042828330479e-07 0.000000000000000000e+00 0.000000000000000000e+00 0.000000000000000000e+00 0.000000000000000000e+00 0.000000000000000000e+00 0.000000000000000000e+00 0.000000000000000000e+00 0.000000000000000000e+00 0.000000000000000000e+00
0.000000000000000000e+00 0.000000000000000000e+00 0.000000000000000000e+00 0.000000000000000000e+00 0.000000000000000000e+00 0.000000000000000000e+00 0.000000000000000000e+00 0.000000000000000000e+00 2.800088920323745867e-07 0.000000000000000000e+00 1.073235508498115983e-05 4.226500070429078664e-06 2.224459216782394757e-05 1.413229245560666749e-05 1.693600005418805372e-05 8.673320482746686147e-05 1.583533978979670637e-04 2.342594288866376925e-04 2.926307945531029945e-04 6.480809601723859243e-04 1.071236722463567419e-03 1.640575501307813206e-03 2.356107349436665013e-03 3.884319250647018124e-03 5.862658911153803207e-03 8.387279739711601956e-03 1.216045467414075994e-02 1.778301921220360945e-02 2.484005940081029928e-02 3.480203757263633513e-02 4.623629017547530723e-02 6.562504765112772698e-02 8.732562471947455385e-02 1.138941039068584876e-01 1.490494438610527606e-01 1.877409131731269387e-01 2.376475936866372096e-01 2.946789900678778440e-01 3.574928627809564885e-01 4.285036149210726397e-01 5.107736269860345679e-01 5.933920878005519706e-01 6.809346270324140304e-01 7.691078262198182136e-01 8.526268152901157471e-01 9.326848302638658383e-01 1.003028914767889246e+00 1.065567710245593824e+00 1.112803374341490237e+00 1.144288925136157653e+00 1.157087028085564073e+00 1.151581583688799482e+00 1.130079995773281443e+00 1.092087191590992656e+00 1.035782912789020349e+00 9.690218641185202042e-01 8.942477349083086668e-01 8.155255972644730456e-01 7.282228863900753746e-01 6.412212163781269014e-01 5.561543892879238227e-01 4.726245059505142510e-01 3.977297136362270003e-01 3.301222648694323025e-01 2.688039331426800849e-01 2.136759408467684973e-01 1.726040858721727134e-01 1.322037415224635304e-01 1.029137216210321837e-01 7.810881740234519588e-02 5.765415694685575854e-02 4.211424806807861215e-02 3.047423924575526355e-02 2.139113442744842997e-02 1.514828495223397194e-02 1.045639667696739682e-02 7.304968695010191117e-03 4.884802331154737901e-03 3.048989412712188856e-03 2.044109148624345586e-03 1.396970267309802531e-03 7.466099419180837523e-04 4.494519498947126550e-04 3.740336829441719873e-04 1.916822524760170476e-04 1.259473440584265029e-04 4.833376098035229958e-05 3.445149799408487917e-05 2.737577769057796602e-05 2.818654667740176981e-06 6.200155848002689627e-06 1.682327500096350621e-06 0.000000000000000000e+00 0.000000000000000000e+00 0.000000000000000000e+00 0.000000000000000000e+00 0.000000000000000000e+00 0.000000000000000000e+00 0.000000000000000000e+00 0.000000000000000000e+00
0.000000000000000000e+00 0.000000000000000000e+00 0.000000000000000000e+00 0.000000000000000000e+00 0.000000000000000000e+00 0.000000000000000000e+00 0.000000000000000000e+00 0.000000000000000000e+00 8.768050461544591931e-06 1.124708159955287420e-06 3.100490549583533833e-06 0.000000000000000000e+00 4.806758322449801267e-06 5.360012867664210747e-06 2.337917268504131619e-05 2.704304792123869196e-05 7.966984432921327456e-05 1.731336857915637118e-04 3.748489194428088894e-04 5.220454519338953159e-04 7.652151689330919868e-04 1.336736518685974857e-03 2.062224437957914814e-03 3.206538375596480663e-03 5.099891192870693868e-03 7.458429549909129444e-03 1.073752264302251479e-02 1.563582516035712938e-02 2.153960155783544300e-02 3.101766645862289590e-02 4.259782013184878341e-02 5.915097132371370525e-02 7.788491928470944736e-02 1.038686737119499243e-01 1.334031901696308420e-01 1.750611306422046043e-01 2.197889933928625916e-01 2.724047387381930418e-01 3.351383428385938945e-01 4.022631125309219513e-01 4.775889473162917565e-01 5.587476124469772376e-01 6.441252358187612437e-01 7.327682674391823303e-01 8.173049586449034898e-01 8.959780114980130383e-01 9.694475777062223631e-01 1.035643283098219847e+00 1.089513153257399170e+00 1.127192017811368796e+00 1.145119235936009394e+00 1.141185420352412105e+00 1.124396467546654010e+00 1.093095338468451860e+00 1.043413981707387750e+00 9.855829795659656334e-01 9.118820114775928465e-01 8.348613327109906113e-01 7.491370086154643948e-01 6.611864684823949290e-01 5.764534714185236552e-01 4.978067692586418125e-01 4.183404812873494638e-01 3.476624387823210593e-01 2.844483681791624696e-01 2.341860144024435764e-01 1.833448786135577491e-01 1.421481505571068338e-01 1.118239658534410652e-01 8.521704839069481341e-02 6.343805421238279951e-02 4.683894947058372948e-02 3.422609607257200148e-02 2.386472854721672157e-02 1.708753831181548249e-02 1.160521040840429598e-02 8.161000731986904969e-03 5.016297649799372586e-03 3.657517208495545367e-03 2.319497801774313833e-03 1.522665183985693737e-03 1.025496785329020220e-03 7.015165392255804299e-04 3.566545244572247504e-04 2.247133786378150864e-04 1.197762739236735250e-04 2.944450490167836306e-05 3.250298905663087483e-05 2.603850205307816796e-05 4.214865694139125525e-06 4.774281963573781045e-06 1.682327500096365444e-06 2.544158036736865256e-06 0.000000000000000000e+00 0.000000000000000000e+00 0.000000000000000000e+00 0.000000000000000000e+00 0.000000000000000000e+00 0.000000000000000000e+00 0.000000000000000000e+00
0.000000000000000000e+00 0.000000000000000000e+00 0.000000000000000000e+00 0.000000000000000000e+00 0.000000000000000000e+00 0.000000000000000000e+00 0.000000000000000000e+00 0.000000000000000000e+00 0.000000000000000000e+00 3.370830770730658247e-06 2.538396048866142199e-06 3.375731443639730481e-06 2.253049675733712810e-06 1.693431749344974955e-06 1.437983883209961043e-05 1.892018398976222967e-05 1.019518352781150123e-04 1.736711924952790732e-04 3.484991593487518570e-04 4.670873697175538628e-04 6.362676282775954614e-04 1.178858802498165652e-03 1.792973571897071156e-03 2.801034487519081951e-03 4.350210288542098389e-03 6.244027850682952116e-03 9.102049748864544237e-03 1.368100362033621877e-02 1.922034875999399997e-02 2.744259050017430063e-02 3.731611781733872729e-02 5.175319127435940719e-02 7.052667944585819249e-02 9.333543349577380632e-02 1.221214612576450170e-01 1.579003091506291645e-01 2.001928393394588612e-01 2.495287046876245862e-01 3.087566973440614149e-01 3.755990251618746001e-01 4.473480817422718636e-01 5.266412962939066578e-01 6.112880068644782616e-01 6.947342415855156661e-01 7.773334990864069205e-01 8.605228561990463376e-01 9.319972114627510518e-01 1.001330537180440405e+00 1.059153413743263661e+00 1.100367870411264715e+00 1.121001185157196600e+00 1.129155539879118431e+00 1.117796967184796930e+00 1.090428143464628796e+00 1.050611503139841085e+00 9.943544947437358283e-01 9.261032361365221233e-01 8.459765699422591156e-01 7.665034508518445699e-01 6.823627968703275259e-01 5.966767973298393590e-01 5.150743249614508912e-01 4.390193889767787794e-01 3.668130811546178038e-01 3.013374768729141784e-01 2.468949315304057868e-01 1.966844345971070218e-01 1.545504544844002182e-01 1.207963187519163345e-01 9.312529145832704192e-02 6.865029198189243065e-02 5.248916360773048934e-02 3.759423625600945978e-02 2.784251014256303169e-02 1.902890589109305225e-02 1.343646671971355372e-02 9.944537457602466157e-03 6.286639610946224282e-03 4.267950227026553328e-03 2.786050348507560902e-03 1.748848878228240027e-03 1.113283472307965809e-03 7.115258720437779702e-04 4.583715038027969045e-04 2.641256990460319801e-04 1.542868913242320119e-04 7.165900130092928025e-05 5.020066748675868266e-05 3.112327683571141171e-05 1.896820360715404394e-05 1.379342228468649722e-05 2.243614074165358638e-06 0.000000000000000000e+00 0.000000000000000000e+00 0.000000000000000000e+00 0.000000000000000000e+00 0.000000000000000000e+00 0.000000000000000000e+00 0.000000000000000000e+00 0.000000000000000000e+00
0.000000000000000000e+00 0.000000000000000000e+00 0.000000000000000000e+00 0.000000000000000000e+00 0.000000000000000000e+00 0.000000000000000000e+00 0.000000000000000000e+00 0.000000000000000000e+00 0.000000000000000000e+00 0.000000000000000000e+00 0.000000000000000000e+00 0.000000000000000000e+00 2.816800737579267936e-07 7.905785099067574618e-06 1.382620799709514972e-05 1.832964942346754106e-05 6.230505423679942589e-05 1.518855103938671037e-04 2.503649106152101259e-04 3.659797701121168725e-04 5.940518267633476245e-04 9.602991853559838869e-04 1.725820627506422346e-03 2.603346922116393531e-03 3.534296391148668282e-03 5.378812501031527207e-03 8.095600598649764848e-03 1.195114533386855762e-02 1.707440213700742171e-02 2.420400864956393644e-02 3.331427437045506729e-02 4.609373125585290026e-02 6.295337077551539651e-02 8.467016218993779486e-02 1.107784014850970583e-01 1.433080898602638875e-01 1.824931989618311656e-01 2.289774112036885578e-01 2.856807298394091199e-01 3.476004217874688607e-01 4.194666025600764514e-01 4.935515917412425235e-01 5.699483161608338566e-01 6.548449562962019854e-01 7.410143318115671729e-01 8.201582181621982492e-01 8.984427030928321400e-01 9.640929480467677060e-01 1.024043102784855996e+00 1.067539143355947573e+00 1.095587719410338279e+00 1.108983832963958527e+00 1.101266597270399883e+00 1.082608745214669099e+00 1.049926796027465192e+00 9.997310123016093231e-01 9.387426446043882766e-01 8.619787093901619679e-01 7.813529502961346074e-01 7.024788206731022999e-01 6.185443593381221294e-01 5.362665914392572564e-01 4.554362709371144735e-01 3.835366088212487368e-01 3.188223453572935906e-01 2.620592418142049795e-01 2.116934479470330976e-01 1.669348861383961602e-01 1.321645072994092895e-01 1.005887470441925585e-01 7.622602779807975681e-02 5.746872203117523586e-02 4.191030317193569776e-02 3.081235050856102886e-02 2.120681479382249129e-02 1.540900818260302653e-02 1.052240642788812575e-02 7.095837996026164995e-03 5.089705087009968598e-03 3.238312441490116735e-03 2.251322075969189318e-03 1.419160637051792434e-03 8.593559208359408249e-04 5.778428394738808864e-04 2.858297935040377902e-04 1.753486397835217090e-04 1.121547920505705135e-04 5.468006168923364175e-05 1.661093122414019014e-05 4.513533883109469279e-05 2.057687749452810744e-05 9.912468473209771786e-06 0.000000000000000000e+00 5.612865740689977473e-07 0.000000000000000000e+00 0.000000000000000000e+00 0.000000000000000000e+00 0.000000000000000000e+00 0.000000000000000000e+00 0.000000000000000000e+00
0.000000000000000000e+00 0.000000000000000000e+00 0.000000000000000000e+00 0.000000000000000000e+00 0.000000000000000000e+00 0.000000000000000000e+00 0.000000000000000000e+00 0.000000000000000000e+00 0.000000000000000000e+00 0.000000000000000000e+00 0.000000000000000000e+00 5.067850726793030773e-06 2.248280065810158781e-06 7.340366368741921271e-06 1.126363544129782034e-05 1.749892720767155693e-05 3.730052012765142381e-05 1.504944736114136364e-04 2.944649029396219754e-04 3.041225751106484349e-04 4.822991623329128436e-04 8.109262206440206403e-04 1.175989687188303988e-03 2.019788024806741956e-03 3.472812990331646584e-03 4.666001717784704420e-03 7.224899140415986902e-03 1.031739741762077549e-02 1.480854280412467056e-02 2.105320336307190884e-02 2.962660235880280185e-02 4.131023607282961058e-02 5.600869530340910063e-02 7.548940275944705791e-02 1.003003298745623328e-01 1.299202905112487871e-01 1.669160529253107539e-01 2.103353861990433504e-01 2.605336886579758815e-01 3.188119618548130307e-01 3.864376779791661165e-01 4.568068253651694222e-01 5.334373624698739436e-01 6.161586465189147210e-01 6.969823019678176301e-01 7.780835377427227639e-01 8.535155672990172304e-01 9.256505098842352508e-01 9.831115560973648915e-01 1.033579709540179081e+00 1.071999599073132581e+00 1.087389436630691320e+00 1.088365657890794092e+00 1.070987003759240608e+00 1.046818850298708359e+00 1.003292730700988677e+00 9.385186779053220629e-01 8.746530244376989893e-01 7.980359781560288912e-01 7.175127345633797171e-01 6.361977056482776005e-01 5.568918120115934345e-01 4.763981226186924101e-01 4.072470233117973515e-01 3.394606955670571580e-01 2.784722458761200170e-01 2.258009298352406102e-01 1.803930316772847930e-01 1.419618370468581636e-01 1.098163262522316164e-01 8.508451097037400546e-02 6.343286727960061044e-02 4.599039191227798778e-02 3.411772157804444233e-02 2.413571217491929793e-02 1.704942008753468352e-02 1.188956442074941972e-02 8.506038456101504275e-03 5.807773280601075810e-03 3.677461226849276267e-03 2.460266102989369218e-03 1.591775287252850330e-03 9.554547527792862840e-04 6.568858609082434130e-04 3.823376649921582447e-04 3.240949198640436370e-04 2.088458957186600340e-04 8.627028334695871514e-05 4.688739215074025249e-05 4.249313002357436029e-05 2.594018395982654765e-05 1.388042387864920387e-06 2.828077042828330479e-07 0.000000000000000000e+00 0.000000000000000000e+00 0.000000000000000000e+00 0.000000000000000000e+00 0.000000000000000000e+00 0.000000000000000000e+00 0.000000000000000000e+00
0.000000000000000000e+00 0.000000000000000000e+00 0.000000000000000000e+00 0.000000000000000000e+00 0.000000000000000000e+00 0.000000000000000000e+00 0.000000000000000000e+00 0.000000000000000000e+00 0.000000000000000000e+00 0.000000000000000000e+00 3.101791910473806703e-06 1.684378742561253231e-06 3.101791910473821102e-06 3.946687125151680346e-06 1.266908702902455615e-05 3.383745848934348424e-05 2.597203720668206245e-05 1.024845771281776758e-04 2.244443862256403856e-04 3.185662663474200839e-04 4.506010533404526783e-04 7.052665351305714399e-04 1.154461190984811805e-03 1.713961406914756838e-03 2.862244756914867055e-03 4.026396586871009049e-03 5.898381416830547792e-03 8.511678006424928250e-03 1.314964058049216365e-02 1.795447603462763109e-02 2.615786475542977718e-02 3.504061232412271354e-02 4.918698958601377264e-02 6.687871312002699464e-02 8.916006744847179699e-02 1.160537655687831488e-01 1.501623557200040815e-01 1.911410689784464600e-01 2.365177723630458029e-01 2.927091278413965769e-01 3.525886137739143722e-01 4.252219731558659621e-01 4.974473318865704763e-01 5.733149094306176918e-01 6.549352565542743143e-01 7.365718345084155683e-01 8.107360846343001359e-01 8.845601571147938547e-01 9.423564319810235901e-01 9.967123471134688995e-01 1.036729422037720783e+00 1.059980011240599929e+00 1.073261248458212691e+00 1.061649433941652898e+00 1.040649941840839032e+00 9.952440555154129509e-01 9.460092897735017381e-01 8.830817774723660474e-01 8.111030369067006029e-01 7.382625008900799424e-01 6.559651004666682272e-01 5.748896515661897633e-01 5.004233565477022028e-01 4.267715357516415620e-01 3.583632208311494649e-01 2.967836420557585231e-01 2.414548819814060499e-01 1.934694196981620595e-01 1.549563438712253938e-01 1.185001568069005418e-01 9.215135908161456446e-02 6.972002970381982467e-02 5.166796863429654052e-02 3.850375798366602320e-02 2.771508913115521694e-02 1.963271244277209338e-02 1.371683372275095056e-02 9.387900700317818731e-03 6.674205636170218829e-03 4.370711010920006433e-03 2.923860835147473226e-03 1.788887985993092584e-03 1.373586178997686889e-03 7.663248027718584047e-04 4.173002513325529202e-04 3.325530682012366223e-04 2.140854841915911259e-04 1.073823333592805108e-04 5.258303104368923368e-05 3.261510480707730854e-05 1.355018780170836560e-05 8.164252892167144716e-06 7.318173530569691481e-06 0.000000000000000000e+00 0.000000000000000000e+00 1.691485993350665219e-06 0.000000000000000000e+00 8.465072120430450223e-07 0.000000000000000000e+00 0.000000000000000000e+00
0.000000000000000000e+00 0.000000000000000000e+00 0.000000000000000000e+00 0.000000000000000000e+00 0.000000000000000000e+00 0.000000000000000000e+00 0.000000000000000000e+00 0.000000000000000000e+00 0.000000000000000000e+00 0.000000000000000000e+00 0.000000000000000000e+00 0.000000000000000000e+00 8.195542971558924698e-06 0.000000000000000000e+00 1.811315574591629350e-05 1.045917175914632865e-05 3.162596203161312068e-05 6.869134038563741115e-05 1.654065993538069768e-04 2.771882302960629709e-04 2.429762060253266539e-04 5.600526868375794434e-04 8.216231102839328688e-04 1.354954858676790707e-03 2.278051805532717907e-03 3.191153850901925267e-03 5.213926256651763014e-03 7.278894692774841128e-03 1.097433910934885425e-02 1.575639859270602794e-02 2.196889009259453060e-02 3.136999982436599471e-02 4.341879781409001271e-02 5.807428862359013955e-02 7.937696401608350383e-02 1.037370358257157094e-01 1.343400653450068649e-01 1.721561936395684944e-01 2.147461629204134304e-01 2.649496916380041367e-01 3.239234393526856937e-01 3.882358953636600440e-01 4.598358065648073811e-01 5.340078529099062665e-01 6.109485157794638521e-01 6.910693568949359822e-01 7.670758545849413190e-01 8.440163475597765030e-01 9.041993743542506845e-01 9.625560161490572808e-01 1.000923760435851628e+00 1.027250252026230770e+00 1.045920986494736971e+00 1.044891178423162259e+00 1.023424920139200278e+00 9.962631155513066439e-01 9.476386544051997873e-01 8.906489606126613001e-01 8.242050069548744196e-01 7.494768374933939992e-01 6.690535962156823890e-01 5.978743817719011089e-01 5.200405885165731990e-01 4.461075490259754361e-01 3.765709969251374578e-01 3.141916539232746386e-01 2.589117047807762972e-01 2.081866856120454246e-01 1.672918627118958612e-01 1.314524676805551573e-01 1.009464633304765629e-01 7.760968192084431727e-02 5.826087072388787952e-02 4.294330134569719626e-02 3.136054423363712762e-02 2.181184476566789057e-02 1.636802096870600479e-02 1.116067397580067407e-02 7.838832383263480419e-03 5.400249309259250348e-03 3.687717721203949070e-03 2.179197866922203634e-03 1.618028546869806688e-03 1.070106171894240300e-03 5.558665130980599374e-04 4.317054493515335768e-04 2.724400919905279749e-04 1.459441982184331332e-04 3.698278479605869145e-05 4.006688477008139019e-05 1.579824865877464880e-05 5.660058824091878461e-06 2.252612679624082629e-06 8.457509298416847335e-06 1.691485993350710323e-06 1.693014424086075010e-06 0.000000000000000000e+00 6.800120206291612420e-06 8.465072120430525398e-07 0.000000000000000000e+00
0.000000000000000000e+00 0.000000000000000000e+00 0.000000000000000000e+00 0.000000000000000000e+00 0.000000000000000000e+00 0.000000000000000000e+00 0.000000000000000000e+00 0.000000000000000000e+00 0.000000000000000000e+00 0.000000000000000000e+00 2.264360356675681202e-06 0.000000000000000000e+00 2.264360356675690943e-06 2.255318956199950994e-06 6.202670369231380082e-06 7.924872746279914060e-06 4.738612435424903555e-05 5.078512831085065546e-05 1.107479276894106032e-04 1.908661630682932284e-04 3.191947060326933219e-04 5.092168322789711625e-04 7.902269733471662056e-04 1.307486930827922835e-03 1.697180281173307900e-03 2.936556378515375182e-03 4.122822678025240065e-03 6.466701950351897051e-03 9.626858841303225292e-03 1.332815485175893946e-02 1.983952154862862055e-02 2.680192260350956063e-02 3.767107522861077445e-02 5.125217993460570026e-02 7.040515474463657219e-02 9.123686009304358968e-02 1.190204175738155817e-01 1.513792906378105818e-01 1.939494448414175454e-01 2.405578309056229935e-01 2.961634587438317645e-01 3.579493995807603302e-01 4.223594317147187915e-01 4.946031422850529768e-01 5.710556723465501916e-01 6.489380372397786090e-01 7.259077183402679045e-01 7.948049530840259891e-01 8.586269210074243263e-01 9.126061242578905608e-01 9.697796096248277875e-01 9.976599918711949178e-01 1.019451924880566906e+00 1.025153748752300809e+00 1.015291466817825672e+00 9.829470114568363837e-01 9.462588405094746191e-01 8.935021208154173555e-01 8.323957005982340895e-01 7.667473225499652489e-01 6.888426215907039740e-01 6.158530822351925282e-01 5.383869754596568580e-01 4.669138451474509344e-01 4.043254318548828996e-01 3.316119363279248500e-01 2.785001900124018381e-01 2.259358470695854437e-01 1.808558262865868072e-01 1.430928964602143361e-01 1.131837947648751674e-01 8.560933097468235997e-02 6.448132497917519190e-02 4.840671799540128412e-02 3.494990917878215003e-02 2.546999737714102097e-02 1.766099175683234074e-02 1.284612482120552762e-02 8.754073847038346817e-03 6.052008191560392762e-03 4.171571872810234463e-03 2.593378030845742976e-03 1.845940430895536824e-03 1.053780654891421295e-03 6.931637405088692883e-04 4.104140361107893849e-04 3.375091104420671639e-04 2.035101365027984933e-04 8.464597639670265298e-05 7.564107024470699970e-05 2.594510910083451673e-05 1.688678171496608787e-05 7.057470236765749768e-06 2.111024679831006960e-05 1.667554676416724884e-05 1.414649884321411186e-06 0.000000000000000000e+00 8.465072120430525398e-07 0.000000000000000000e+00 0.000000000000000000e+00
0.000000000000000000e+00 0.000000000000000000e+00 0.000000000000000000e+00 0.000000000000000000e+00 0.000000000000000000e+00 0.000000000000000000e+00 0.000000000000000000e+00 0.000000000000000000e+00 0.000000000000000000e+00 0.000000000000000000e+00 0.000000000000000000e+00 4.528720713351321747e-06 2.262308382590454856e-06 0.000000000000000000e+00 9.053691169217363763e-06 1.497100823734978694e-05 2.149939241567358649e-05 5.648824898249349565e-05 1.013276560674095605e-04 1.332330939930907797e-04 2.280090250154770946e-04 3.989923067472480765e-04 6.404299748153983009e-04 9.114054403782029853e-04 1.494265932411186285e-03 2.206315847338507444e-03 3.424787288526433097e-03 5.465352464266480005e-03 8.069444619070600608e-03 1.162401172203147287e-02 1.682225044484365190e-02 2.349513989408283376e-02 3.255377196881829166e-02 4.564435258433998527e-02 6.117347837069644911e-02 8.012617704107079242e-02 1.045617021415057302e-01 1.360573480331043750e-01 1.720985014470328978e-01 2.149591207582719765e-01 2.689754040235320942e-01 3.248425957442085954e-01 3.900091576805543858e-01 4.546266716796857343e-01 5.300664043969319783e-01 6.046042475961911355e-01 6.757553905437553299e-01 7.495689302153605293e-01 8.170882612649187360e-01 8.734355147875165759e-01 9.283763820569019831e-01 9.679322237356823289e-01 9.971034096861549623e-01 1.000778166520646328e+00 9.986023507843259095e-01 9.784789715022522705e-01 9.476088713627139892e-01 9.025832986769819488e-01 8.467362239884880237e-01 7.775875372819898157e-01 7.107826234124857701e-01 6.360677784767271303e-01 5.637918362789806626e-01 4.898030906955213037e-01 4.188679437277725293e-01 3.544648055583351498e-01 2.973021011508109046e-01 2.446315006500932032e-01 1.983558983822534816e-01 1.567457112203868297e-01 1.231944054733288135e-01 9.578966717124581809e-02 7.326344648344047805e-02 5.415480552964747202e-02 4.016387233862356299e-02 2.900070189178610702e-02 2.176434743375209313e-02 1.444169069929734754e-02 1.024243522108249545e-02 7.470545173137884548e-03 4.618443228997472748e-03 3.472890640370366287e-03 2.246312316307720342e-03 1.447380135625156352e-03 9.165902893291953723e-04 5.798405470846723555e-04 4.334215073740585889e-04 1.251571998489221143e-04 1.097824533013478743e-04 8.587492610301052055e-05 3.921640609859861532e-05 4.182196866475907981e-05 2.292678018708994796e-05 2.491762201989449350e-05 2.435430263533522964e-05 0.000000000000000000e+00 7.646627418334596562e-06 0.000000000000000000e+00 0.000000000000000000e+00 0.000000000000000000e+00
0.000000000000000000e+00 0.000000000000000000e+00 0.000000000000000000e+00 0.000000000000000000e+00 0.000000000000000000e+00 0.000000000000000000e+00 0.000000000000000000e+00 0.000000000000000000e+00 0.000000000000000000e+00 0.000000000000000000e+00 0.000000000000000000e+00 2.264360356675681202e-06 2.264360356675690943e-06 0.000000000000000000e+00 8.464259794154825822e-06 1.522720356530157824e-05 1.186791984367611906e-05 1.808161359190543977e-05 6.781541468401302642e-05 1.333727492890887114e-04 2.248401872683111237e-04 3.311448510281159922e-04 5.396604243640194766e-04 7.428370938702784018e-04 1.233515102471238224e-03 1.851995343670641584e-03 2.946053286404085036e-03 4.393959867559488891e-03 6.385187371583066901e-03 9.633467934328676652e-03 1.402864772382519422e-02 2.022132237360750595e-02 2.787884703164724559e-02 3.807072602178349779e-02 5.290750273889381627e-02 6.984193976163020900e-02 9.244306623143666579e-02 1.206958385204549844e-01 1.525301279320654957e-01 1.925471336856451332e-01 2.410462507024281331e-01 2.927386343748064057e-01 3.513618705835654943e-01 4.179830183747584305e-01 4.890609931134086152e-01 5.574626270938181083e-01 6.320362149232654492e-01 7.065173685484368304e-01 7.719803093202927124e-01 8.376706435509660986e-01 8.868634917059197154e-01 9.300352585877558198e-01 9.614704463319718730e-01 9.819811048744475634e-01 9.847321761857066313e-01 9.733125526855218590e-01 9.486827630828741365e-01 9.061704194061107609e-01 8.556838960441505160e-01 8.000999394274086463e-01 7.292477014543459202e-01 6.577520878674665283e-01 5.913701301463879512e-01 5.160094507667388752e-01 4.455705637452522794e-01 3.794165525210013712e-01 3.178943857431119069e-01 2.630772079908620387e-01 2.148145528893171674e-01 1.745779847174956934e-01 1.356715196993898698e-01 1.059587861450977386e-01 8.100492472893987272e-02 6.134051262484759015e-02 4.572744396838233222e-02 3.476183620322172846e-02 2.375551551396406710e-02 1.757262580283632317e-02 1.228120859073007082e-02 8.722249597521377490e-03 5.465800550821938233e-03 4.104500924466000789e-03 2.487859516522195492e-03 1.851410470625031515e-03 9.594871493096010029e-04 6.902176329426515464e-04 4.812173112379844789e-04 2.221652224013164639e-04 1.772151954496172823e-04 9.801704102949263594e-05 5.704623246613925653e-05 3.871598191220108860e-05 6.223593790459854752e-06 7.071462916633565950e-06 1.274268530710727349e-05 0.000000000000000000e+00 0.000000000000000000e+00 8.465072120430525398e-07 0.000000000000000000e+00 0.000000000000000000e+00
0.000000000000000000e+00 0.000000000000000000e+00 0.000000000000000000e+00 0.000000000000000000e+00 0.000000000000000000e+00 0.000000000000000000e+00 0.000000000000000000e+00 0.000000000000000000e+00 0.000000000000000000e+00 0.000000000000000000e+00 1.684378742561253231e-06 0.000000000000000000e+00 0.000000000000000000e+00 6.793081070026952127e-06 3.948739099236931680e-06 1.276635249775575098e-05 1.437104092303017262e-05 2.765117654492766380e-05 7.615571911186962541e-05 6.512423641183808561e-05 1.213448506420049911e-04 1.809992991684871225e-04 4.534254778583529611e-04 6.067657946385801929e-04 1.009375899713928215e-03 1.694280704917833138e-03 2.423283717460384540e-03 3.698257444164777374e-03 5.407854097755493070e-03 8.597958438333915335e-03 1.162908488307626276e-02 1.747235825423118505e-02 2.405431834515726203e-02 3.307026898938776605e-02 4.537836227491726104e-02 6.082546293395916376e-02 8.155832441009967793e-02 1.070574300422517111e-01 1.369518641115354818e-01 1.739393489232181345e-01 2.148146967023074061e-01 2.644225180388413698e-01 3.200046718815883762e-01 3.831157560160272091e-01 4.475918682564103412e-01 5.168715242789493347e-01 5.865408110729237734e-01 6.588747621875882254e-01 7.289907206026693398e-01 7.928369360032574420e-01 8.504054053584348960e-01 9.003180297464301596e-01 9.350849316818113932e-01 9.534969820277362507e-01 9.653180342791878310e-01 9.613899660679072756e-01 9.397417856897736232e-01 9.160332535524993158e-01 8.676026522209381309e-01 8.137505837220269100e-01 7.514759978114291528e-01 6.802399765092637107e-01 6.065906004327480394e-01 5.412751374021728124e-01 4.719639003856920256e-01 4.043706058421928651e-01 3.408785281333117090e-01 2.854302138533578170e-01 2.344377464823356738e-01 1.889734300297042924e-01 1.504523709874527326e-01 1.193356729633587854e-01 9.192364816620722523e-02 7.056407784753235268e-02 5.262277431932096960e-02 3.883155487154606872e-02 2.832761111878896385e-02 2.048765091351378853e-02 1.407021880798890387e-02 1.090347270799704726e-02 6.904940688468088131e-03 4.621578616709023576e-03 3.029123832765252908e-03 2.192517329198129857e-03 1.251545566666079903e-03 9.157344084300742372e-04 5.534620963078321597e-04 2.892262309086488219e-04 1.704592166286489135e-04 8.169199543751433292e-05 5.364609665059777053e-05 5.874149088588481634e-05 4.463348591320521206e-05 1.641161343669356133e-05 5.636091290785792128e-06 8.484557466691779981e-06 8.465072120430450223e-07 0.000000000000000000e+00 8.465072120430450223e-07 0.000000000000000000e+00
0.000000000000000000e+00 0.000000000000000000e+00 0.000000000000000000e+00 0.000000000000000000e+00 0.000000000000000000e+00 0.000000000000000000e+00 0.000000000000000000e+00 0.000000000000000000e+00 0.000000000000000000e+00 0.000000000000000000e+00 0.000000000000000000e+00 0.000000000000000000e+00 0.000000000000000000e+00 5.938669955352170844e-06 1.106974556839850803e-05 3.948739099236949468e-06 1.468151771704413355e-05 1.698369787998994196e-05 4.061489598900032048e-05 7.657163218040873910e-05 9.422672173350577971e-05 1.474100722811781672e-04 2.401377259569743795e-04 5.354327370039941485e-04 8.579795105570095720e-04 1.354469441162124265e-03 2.025572283641367127e-03 2.801020853744399380e-03 4.324409169977455267e-03 7.077441014148069288e-03 9.652461311563905952e-03 1.432939818393040576e-02 2.047507907288087167e-02 2.840018496454908836e-02 3.776218870027270996e-02 5.325312033311183080e-02 7.061010533465519878e-02 9.213940781570692518e-02 1.195257692911323999e-01 1.522194547162103451e-01 1.914595002829406201e-01 2.391956573736061797e-01 2.905699373039553057e-01 3.468701699233834312e-01 4.069796726453082658e-01 4.744557484042278284e-01 5.480047226772041258e-01 6.163377520511222896e-01 6.788196926466535386e-01 7.463542953557241733e-01 8.094086550981269834e-01 8.611885256846225634e-01 9.041697005635314088e-01 9.370858342943613195e-01 9.533547033251605907e-01 9.469848398004192536e-01 9.392144547274123845e-01 9.108143367055059336e-01 8.777020078889407051e-01 8.243974715121226149e-01 7.718453036366019759e-01 7.061514697252597728e-01 6.406730253969959987e-01 5.678283122335828770e-01 5.004289648377456823e-01 4.312898705262095955e-01 3.662494762369408741e-01 3.106166628051759693e-01 2.558088995005743937e-01 2.081251332981553515e-01 1.695070264090454137e-01 1.331692277217785270e-01 1.033403496935987181e-01 8.099002416697113904e-02 6.166637865021298154e-02 4.594111409748578151e-02 3.314463171603145714e-02 2.411186585323238374e-02 1.686667637926227148e-02 1.207905120865466336e-02 8.109183666114889652e-03 5.680539237804705689e-03 3.751816464735152970e-03 2.342280903339400647e-03 1.629737921932994816e-03 1.065228023418516787e-03 6.977067785449491896e-04 3.190486085499613439e-04 2.254353515385952567e-04 1.270292870576548744e-04 1.058309138698150628e-04 4.715487181797472859e-05 4.297271005839574235e-05 2.055058684185555434e-05 7.327815961403535966e-06 2.828077042828280187e-07 0.000000000000000000e+00 1.444801674163489444e-05 0.000000000000000000e+00 6.800120206291612420e-06
0.000000000000000000e+00 0.000000000000000000e+00 0.000000000000000000e+00 0.000000000000000000e+00 0.000000000000000000e+00 0.000000000000000000e+00 0.000000000000000000e+00 0.000000000000000000e+00 0.000000000000000000e+00 0.000000000000000000e+00 0.000000000000000000e+00 0.000000000000000000e+00 0.000000000000000000e+00 1.999288824403887094e-06 0.000000000000000000e+00 2.264360356675681202e-06 2.151603503275247478e-05 2.137728445103491968e-05 3.701358969928087442e-05 1.893587377999151486e-05 6.850489507742330572e-05 1.374846774566119945e-04 2.344299444238761275e-04 3.329651937547979126e-04 6.551962182560674411e-04 9.653239861543950421e-04 1.631711000867180341e-03 2.489027229913599003e-03 3.720922482183407123e-03 5.537244653635288449e-03 8.233858182585103436e-03 1.198776308591326112e-02 1.710808974042589761e-02 2.390691784660099392e-02 3.272059157590474776e-02 4.518663210732082325e-02 6.045748217559390736e-02 8.053374336985347215e-02 1.041316327137828818e-01 1.336898479373167248e-01 1.680730278006158929e-01 2.110619173154618111e-01 2.596679341510004790e-01 3.109513186128124995e-01 3.751094327339884460e-01 4.385880263621185216e-01 5.047089800092804390e-01 5.751782409055692380e-01 6.427035664253382130e-01 7.086937173365576159e-01 7.687749690714661410e-01 8.243942996754900499e-01 8.735535386242178069e-01 9.106573422997813472e-01 9.320733287049283167e-01 9.361005388800733851e-01 9.350334234416995960e-01 9.133728090805212085e-01 8.874098226578180926e-01 8.451060305212395596e-01 7.954037055927573041e-01 7.346517953970651549e-01 6.675625649719895138e-01 5.969796835682061875e-01 5.290879660269494078e-01 4.623176265029512733e-01 3.984799449200626120e-01 3.386135398809805297e-01 2.822832178428217875e-01 2.318555915850833704e-01 1.854510865704886713e-01 1.498500162912935196e-01 1.183309258510831380e-01 9.113941700145587743e-02 7.045739246188917337e-02 5.288030593737463175e-02 3.895846351961421844e-02 2.822535501172430614e-02 2.051809768818715213e-02 1.424445040152388584e-02 1.056217949826037013e-02 7.057944290017730340e-03 4.624462516489119025e-03 3.330486712118990635e-03 1.974272718897957229e-03 1.426783486878708184e-03 7.663721225565613355e-04 5.185972736342044694e-04 4.252545552459079722e-04 1.634316783693502912e-04 6.404880798095943556e-05 9.378028141630151675e-05 3.071694839637163782e-05 2.417127859307129718e-05 9.555388573314835344e-06 0.000000000000000000e+00 7.355941767854146067e-06 8.487807000000591921e-07 2.149292477316883956e-05 0.000000000000000000e+00
0.000000000000000000e+00 0.000000000000000000e+00 0.000000000000000000e+00 0.000000000000000000e+00 0.000000000000000000e+00 0.000000000000000000e+00 0.000000000000000000e+00 0.000000000000000000e+00 0.000000000000000000e+00 0.000000000000000000e+00 0.000000000000000000e+00 0.000000000000000000e+00 0.000000000000000000e+00 2.262308382590434950e-06 2.264360356675670614e-06 3.125719343221612577e-06 7.095684893955959514e-06 8.212604569547593986e-06 1.358100336762165962e-05 1.529252522055064354e-05 4.266918096232375364e-05 9.466210199527299543e-05 1.916877631430738904e-04 3.190315424522308682e-04 4.890305863316086977e-04 7.939446886353625872e-04 1.194998987132687724e-03 2.151858204733017414e-03 3.004121275160210377e-03 4.703633748174743980e-03 6.743250825948675885e-03 9.977150200381803766e-03 1.476389879974805350e-02 1.994101093714110290e-02 2.831031348678091433e-02 3.852095503971970231e-02 5.213678707166972959e-02 6.836724636672729394e-02 9.069325335750828831e-02 1.177677279622499906e-01 1.493240880920595204e-01 1.866349179621017706e-01 2.317489459699336452e-01 2.811140050162577730e-01 3.378179436678933056e-01 3.989764459558916565e-01 4.666229840284715769e-01 5.348178328186015129e-01 5.988773644247138428e-01 6.674458430628502636e-01 7.367960026746267488e-01 7.900347422631754934e-01 8.405993527044149927e-01 8.826823442879928594e-01 9.131488546932143846e-01 9.305878580201305539e-01 9.336565191282730769e-01 9.268476470976364512e-01 9.009439033573228839e-01 8.650129084618056741e-01 8.126668746610015148e-01 7.576511116485948882e-01 7.011406586994647361e-01 6.351429231541769749e-01 5.643822074615918449e-01 4.978823995685275339e-01 4.332059895612910827e-01 3.704446871879547576e-01 3.109148699039738784e-01 2.554918477116923103e-01 2.115645997794856070e-01 1.695323615292738950e-01 1.351746776655644022e-01 1.071184027316244153e-01 8.125562454744636454e-02 6.178172669674705103e-02 4.641087474684395947e-02 3.472324687970072821e-02 2.445650242295274376e-02 1.815025824175213118e-02 1.265025320508295428e-02 8.697562934045549934e-03 5.832220041990104041e-03 3.932337711593605380e-03 2.611058080793192317e-03 1.760952589944230493e-03 1.091844475676821084e-03 7.846014102866713958e-04 4.558959777704447948e-04 2.183341940913077642e-04 1.568414586992088091e-04 1.022505915802896838e-04 5.973031480270342848e-05 4.423641344384087105e-05 1.792070767899594082e-05 2.814787504502086528e-06 1.752339025233522305e-05 1.404201696196660350e-06 0.000000000000000000e+00 0.000000000000000000e+00
0.000000000000000000e+00 0.000000000000000000e+00 0.000000000000000000e+00 0.000000000000000000e+00 0.000000000000000000e+00 0.000000000000000000e+00 0.000000000000000000e+00 0.000000000000000000e+00 0.000000000000000000e+00 0.000000000000000000e+00 0.000000000000000000e+00 0.000000000000000000e+00 0.000000000000000000e+00 0.000000000000000000e+00 6.204354900422740307e-06 2.264360356675681202e-06 1.123776792516917981e-06 2.816932280639891435e-07 1.101399099883259070e-05 2.321865658878012476e-05 3.106572075413923468e-05 9.295877777770489856e-05 1.691715934589973006e-04 1.883197953567304519e-04 4.609387477597096040e-04 7.302001221516503078e-04 1.186220746511292001e-03 1.506377915347664135e-03 2.403888840459568552e-03 3.794729174407862875e-03 5.642169891576433172e-03 8.293715615701413579e-03 1.199719903939462824e-02 1.764142606611563552e-02 2.369106739282332910e-02 3.259247690819525034e-02 4.415413002693456546e-02 5.922038542992286853e-02 7.971806502029279984e-02 1.001974623815443388e-01 1.312210840135869805e-01 1.657780032436509399e-01 2.069729940673529500e-01 2.546237035839798990e-01 3.045790557631938289e-01 3.666763824252932680e-01 4.256112286955038293e-01 4.912587687750093468e-01 5.593180337991492390e-01 6.294821492558769771e-01 6.943092407555182533e-01 7.551776508525691600e-01 8.101668744637102737e-01 8.578010712325869758e-01 8.905503628111846037e-01 9.173749553040624338e-01 9.288213270727749826e-01 9.248815708994233553e-01 9.055242878123501704e-01 8.795503995067338598e-01 8.420984459185083537e-01 7.915997846008600014e-01 7.339455948857838141e-01 6.700125164172924253e-01 6.054577809008765410e-01 5.347824182083349420e-01 4.712688360267559551e-01 4.057801257475797674e-01 3.450690806228323693e-01 2.886604895756627598e-01 2.367751584582513114e-01 1.923353623400366752e-01 1.567883538048148173e-01 1.228622482155105194e-01 9.598468047048251683e-02 7.315360351597173516e-02 5.597259724690966526e-02 4.170724972851012902e-02 2.999852258661018720e-02 2.228238825230581185e-02 1.571533403736323151e-02 1.096390792056830057e-02 7.524422371347464292e-03 5.231485337640245752e-03 3.438402300386227736e-03 2.309906631031071605e-03 1.473308118321004466e-03 9.083764730744005268e-04 6.087001649822588621e-04 4.251612942258420043e-04 2.380579501487588127e-04 1.353114266267453440e-04 1.068061066889631182e-04 9.342207630802261875e-05 3.979725256205591665e-05 1.416678162419656869e-06 1.753640366465973881e-05 1.134895043487767572e-06 3.534875574025280229e-05 0.000000000000000000e+00
0.000000000000000000e+00 0.000000000000000000e+00 0.000000000000000000e+00 0.000000000000000000e+00 0.000000000000000000e+00 0.000000000000000000e+00 0.000000000000000000e+00 0.000000000000000000e+00 0.000000000000000000e+00 0.000000000000000000e+00 0.000000000000000000e+00 0.000000000000000000e+00 2.264360356675670614e-06 2.264360356675650709e-06 0.000000000000000000e+00 2.280982052467863267e-06 0.000000000000000000e+00 1.406108237331999533e-06 3.093066311321736526e-06 1.888634113650909481e-05 3.353575537204584090e-05 8.466335720167898749e-05 1.172416465892322542e-04 1.729520063467534521e-04 3.016508191442315986e-04 4.897030206539247209e-04 8.172389624855703810e-04 1.198654726306639566e-03 1.907780198430945916e-03 2.825787280329599121e-03 4.674255454122337380e-03 6.406942236768082242e-03 9.900887132046426453e-03 1.411777684398725363e-02 1.967627013588553464e-02 2.791574944588880169e-02 3.726272609473733899e-02 5.029632051174513091e-02 6.825656235313039277e-02 8.829460203841917043e-02 1.139953790273611212e-01 1.449119056791315641e-01 1.828006183500334170e-01 2.258485008139799188e-01 2.752190131576494614e-01 3.354395077969364869e-01 3.927776085549550822e-01 4.529291697479371215e-01 5.221261875476842507e-01 5.898501648932913399e-01 6.548002509298072038e-01 7.227025747672940481e-01 7.790453283219036518e-01 8.351986231809033212e-01 8.747233827971739872e-01 9.001184639418847722e-01 9.223861084484664685e-01 9.225954584889579646e-01 9.182747302089090402e-01 8.974502817026044355e-01 8.644114879605786506e-01 8.222122090271684058e-01 7.706135555340490884e-01 7.095028197400879977e-01 6.445709539489570261e-01 5.799418691624100841e-01 5.105864432167357414e-01 4.443587412903070577e-01 3.835029199756252449e-01 3.226185358428015904e-01 2.696997529741004818e-01 2.199674661519463448e-01 1.801810502476555165e-01 1.443148588954063782e-01 1.140710779477367709e-01 8.725095659992745944e-02 6.629823124965381065e-02 5.068488425383441132e-02 3.715237025600104381e-02 2.704484547087614502e-02 1.963691105931481690e-02 1.374822760352905834e-02 9.836461229034698661e-03 6.670855146687451956e-03 4.638714601556935720e-03 2.747578853263862430e-03 1.910019330763062335e-03 1.310297299507957045e-03 8.455372963309257727e-04 5.690371554149510841e-04 2.940075365940506523e-04 2.661035253805257698e-04 1.764671428564104064e-04 7.262789269775695074e-05 3.844389416627108007e-05 2.881314119948204174e-05 2.939580099697804402e-05 3.674740165147813237e-06 3.394084049630164864e-06 0.000000000000000000e+00
0.000000000000000000e+00 0.000000000000000000e+00 0.000000000000000000e+00 0.000000000000000000e+00 0.000000000000000000e+00 0.000000000000000000e+00 0.000000000000000000e+00 0.000000000000000000e+00 0.000000000000000000e+00 0.000000000000000000e+00 0.000000000000000000e+00 0.000000000000000000e+00 0.000000000000000000e+00 0.000000000000000000e+00 1.999288824403904882e-06 3.998577648807791976e-06 5.597287414586721351e-07 1.125706416549100605e-06 1.070410024186920749e-05 2.644733851357763187e-05 3.601934588982696838e-05 3.271579285132016811e-05 9.168546367746893883e-05 1.800227334875643113e-04 2.645978837652907542e-04 3.921781317479138733e-04 6.118507004155163218e-04 1.096150365698234444e-03 1.631986752376534539e-03 2.306847882830003003e-03 3.633646558461610214e-03 5.632602892457799076e-03 7.917757564633231757e-03 1.156256270725581660e-02 1.654878938086531623e-02 2.382786250613281448e-02 3.166669903544228754e-02 4.249233974225791188e-02 5.704919074860827222e-02 7.588539244628643432e-02 9.920063007821694478e-02 1.263814630324125998e-01 1.600562364618351718e-01 1.996291698701781192e-01 2.447402181905914686e-01 2.991505926873819776e-01 3.567678235164261635e-01 4.165448127568119330e-01 4.799716217433381282e-01 5.517525103194670377e-01 6.188370121017855441e-01 6.855434382723261111e-01 7.441006000013158372e-01 8.031390073152983033e-01 8.526256685336482954e-01 8.919787644700828411e-01 9.156755889745233912e-01 9.308745178809253451e-01 9.321776339822090973e-01 9.190886605592333281e-01 8.955019928844774046e-01 8.600130432714921946e-01 8.117285807271704678e-01 7.551042069078511831e-01 6.887897629136869870e-01 6.285447595600788251e-01 5.609761111374063081e-01 4.896601823935362585e-01 4.260600936081282430e-01 3.602474420199455185e-01 3.069147207402198041e-01 2.551100278336287386e-01 2.087858087748977465e-01 1.674132877714099021e-01 1.323309978916546170e-01 1.052884646846528605e-01 7.944752834309315448e-02 6.132873338118128431e-02 4.627585600109247049e-02 3.473131232120817147e-02 2.474745779836601614e-02 1.739805432580960459e-02 1.230363210987860285e-02 8.659393068158376117e-03 5.883465064909149285e-03 3.848425313737815177e-03 2.678142717875043807e-03 1.823244227660796371e-03 1.278100355556284614e-03 7.478233583728608998e-04 4.918437734082975292e-04 3.872466694206655458e-04 1.971250584602578552e-04 1.319907931945571162e-04 5.560276573120334647e-05 2.850292061834185691e-05 3.921125982891905584e-05 6.221314261215497046e-06 1.446078253368147671e-05 7.669492413794122519e-06
0.000000000000000000e+00 0.000000000000000000e+00 0.000000000000000000e+00 0.000000000000000000e+00 0.000000000000000000e+00 0.000000000000000000e+00 0.000000000000000000e+00 0.000000000000000000e+00 0.000000000000000000e+00 0.000000000000000000e+00 0.000000000000000000e+00 0.000000000000000000e+00 0.000000000000000000e+00 0.000000000000000000e+00 0.000000000000000000e+00 0.000000000000000000e+00 0.000000000000000000e+00 2.831317575310965821e-07 5.041375196663736652e-06 6.226749707699644163e-06 1.525036236185672541e-05 3.019244425719459470e-05 7.478595743138166337e-05 1.074328157449823163e-04 2.134706887779574947e-04 2.106034519912141939e-04 4.217445671774910010e-04 8.284475817268670403e-04 1.229397045096949307e-03 1.979175484138266487e-03 3.193176943946281210e-03 4.424290226095628324e-03 6.499352664944267090e-03 9.344379210462199631e-03 1.386910734485419933e-02 1.884690771539397278e-02 2.644503827928183781e-02 3.696769689696482314e-02 4.879840874627927594e-02 6.540466616635645658e-02 8.451085409948994043e-02 1.101734349757400588e-01 1.413934913299183249e-01 1.769445927570920118e-01 2.194031690086389041e-01 2.671535597462503797e-01 3.224397733427837309e-01 3.798856127430811913e-01 4.475619915196401566e-01 5.130009026762946123e-01 5.787552231221266830e-01 6.509763991477285350e-01 7.147261359454875063e-01 7.760969587540424985e-01 8.316956283104991465e-01 8.757012982460149475e-01 9.098697498369662240e-01 9.323375007862143571e-01 9.395236353550694419e-01 9.414734704690729261e-01 9.192287562629685160e-01 8.924421180312234192e-01 8.519938044551791378e-01 7.977458955229940196e-01 7.459493419404883419e-01 6.793585563207156230e-01 6.126143985267689107e-01 5.455828188675780899e-01 4.732690249639860403e-01 4.068468805487062689e-01 3.471053722386134299e-01 2.914998522510257595e-01 2.410256090176408350e-01 1.966293184115276704e-01 1.578314976522589841e-01 1.249375878370603959e-01 9.669489912724185676e-02 7.595263709911334593e-02 5.769734889338289097e-02 4.307872792457054234e-02 3.061211638949855665e-02 2.213886629877125090e-02 1.556010801226589101e-02 1.155302521042452304e-02 7.720037287017413215e-03 5.207725849013826111e-03 3.513147419074864539e-03 2.417219439942493425e-03 1.392758744276872138e-03 9.554719719621128458e-04 7.501878848115581472e-04 4.482439937132232230e-04 2.868126737064726666e-04 2.081168171370050576e-04 1.169455933945109770e-04 6.402434432041261795e-05 4.935211138286358279e-05 1.867666954504222735e-05 4.227233661048896645e-06 1.968535162454037767e-06
0.000000000000000000e+00 0.000000000000000000e+00 0.000000000000000000e+00 0.000000000000000000e+00 0.000000000000000000e+00 0.000000000000000000e+00 0.000000000000000000e+00 0.000000000000000000e+00 0.000000000000000000e+00 0.000000000000000000e+00 0.000000000000000000e+00 0.000000000000000000e+00 0.000000000000000000e+00 0.000000000000000000e+00 0.000000000000000000e+00 0.000000000000000000e+00 5.597287414586670529e-07 0.000000000000000000e+00 5.627162118217794304e-06 5.645718344178832003e-06 6.201806064784176791e-06 4.135563268509998881e-05 6.752937426499690688e-05 8.626698437712670389e-05 9.558014424708472531e-05 2.419935996550070991e-04 4.206268276266098851e-04 6.720445516075626916e-04 9.185569908434906491e-04 1.596735800610579303e-03 2.358668823330118021e-03 3.264476199779886307e-03 4.946945408443397495e-03 7.215911291508173703e-03 1.124000303396026877e-02 1.639550015555673104e-02 2.219530394554443745e-02 3.078719727130889774e-02 4.083620329641021035e-02 5.511173274801305089e-02 7.323088606476831075e-02 9.601201287764309089e-02 1.230991986945073197e-01 1.559852596829251481e-01 1.926291303988871828e-01 2.408739738226830795e-01 2.891993046873758133e-01 3.502598219155828030e-01 4.099102424714838877e-01 4.766065111995793635e-01 5.396171574809129901e-01 6.110768658590176594e-01 6.775201618274975246e-01 7.478613854281727091e-01 8.035037555932639242e-01 8.597052991481982653e-01 9.061669833662304718e-01 9.345247525870371552e-01 9.525986829187669258e-01 9.574293914664692151e-01 9.529468747742314561e-01 9.296683505133460645e-01 8.957878852704250772e-01 8.528481689481249850e-01 7.994411540055010867e-01 7.383066097842279074e-01 6.678891186791213741e-01 6.041434924884397928e-01 5.295700736367673356e-01 4.681775584958794423e-01 3.971296414480727788e-01 3.375790382878702811e-01 2.838492339978608836e-01 2.312610261313606808e-01 1.878170972986244192e-01 1.505915385852823751e-01 1.187457151086804275e-01 9.253572458742885531e-02 7.061549853941950783e-02 5.299899673586243309e-02 3.887710008000831718e-02 2.848384980521001184e-02 1.975751393366466033e-02 1.406366658909720922e-02 9.753760593782072330e-03 7.034349464651890385e-03 4.442861488189878486e-03 3.045397776390051676e-03 2.043261655249525421e-03 1.342528502611625664e-03 9.487889097334099115e-04 6.105185182390813125e-04 3.810318237594956660e-04 2.124656344157398917e-04 1.539210710278225995e-04 1.012435953285592831e-04 2.487551401411584902e-05 3.331504853786738517e-05 8.763947567345967569e-06 2.167863778016244789e-05
0.000000000000000000e+00 0.000000000000000000e+00 0.000000000000000000e+00 0.000000000000000000e+00 0.000000000000000000e+00 0.000000000000000000e+00 0.000000000000000000e+00 0.000000000000000000e+00 0.000000000000000000e+00 0.000000000000000000e+00 0.000000000000000000e+00 0.000000000000000000e+00 0.000000000000000000e+00 0.000000000000000000e+00 0.000000000000000000e+00 0.000000000000000000e+00 0.000000000000000000e+00 0.000000000000000000e+00 6.760878808606375778e-06 5.693448708699185533e-06 1.970411098436036930e-06 3.002855752299038461e-05 2.398649182115810685e-05 5.155887136428643369e-05 5.728123579240029670e-05 1.597340931673118906e-04 2.893756573493822025e-04 5.308826353193312050e-04 7.510948248759736264e-04 1.259868843080928780e-03 1.991966187594288156e-03 2.795157653043927899e-03 4.181227704072855607e-03 6.212054001930816458e-03 8.557805182946579686e-03 1.234516348408184853e-02 1.836914880568061431e-02 2.548087097231402712e-02 3.495244364226379741e-02 4.713291143920726733e-02 6.236407017163202171e-02 8.154505734563285979e-02 1.061430967121948649e-01 1.353577386755486223e-01 1.707876925957122205e-01 2.133218598945058608e-01 2.603232273201552260e-01 3.133521084698558945e-01 3.715514751469776167e-01 4.344756631244277578e-01 5.046642857312927388e-01 5.764387870823872717e-01 6.463246524560930517e-01 7.181034392705681890e-01 7.825934453144330893e-01 8.417549869273512897e-01 8.903357680480246117e-01 9.296422595608864192e-01 9.659649390100172317e-01 9.769968163589152210e-01 9.798898587416516870e-01 9.720012857851069166e-01 9.429607119394111114e-01 9.065092060711766875e-01 8.596041693802586314e-01 7.977666251552584242e-01 7.359201961624789456e-01 6.691443736998751168e-01 5.961026586563819007e-01 5.297919719243803227e-01 4.578083894347387273e-01 3.932706882343924848e-01 3.295945854266341679e-01 2.744803910123984059e-01 2.229696034220229883e-01 1.824894488850010710e-01 1.435622359278501681e-01 1.107661216402485438e-01 8.691166950923423506e-02 6.496522628894517426e-02 4.768329155366483191e-02 3.596322936016167759e-02 2.610974864409972007e-02 1.879081254898938569e-02 1.239534984202658383e-02 8.681924289039069306e-03 5.650465903707218782e-03 3.770218323107495280e-03 2.746137500918704143e-03 1.886938764621718268e-03 1.032817807643029821e-03 7.473725338430870857e-04 5.015216523200518141e-04 3.192096057777205065e-04 1.966878288738553712e-04 1.402902753428647738e-04 8.895971040310675609e-05 3.021057425639488153e-05 1.892062688257538911e-05 1.290712569457541646e-05
0.000000000000000000e+00 0.000000000000000000e+00 0.000000000000000000e+00 0.000000000000000000e+00 0.000000000000000000e+00 0.000000000000000000e+00 0.000000000000000000e+00 0.000000000000000000e+00 0.000000000000000000e+00 0.000000000000000000e+00 0.000000000000000000e+00 0.000000000000000000e+00 0.000000000000000000e+00 0.000000000000000000e+00 0.000000000000000000e+00 0.000000000000000000e+00 0.000000000000000000e+00 6.760878808606375778e-06 0.000000000000000000e+00 1.135560608307395689e-06 7.102344507908959890e-06 2.657054571871061237e-05 1.129569759802035937e-05 3.805519935515882607e-05 6.478269609468287565e-05 1.659335211467628411e-04 2.234648298415458354e-04 3.484651118078790953e-04 4.857237347095869767e-04 8.856104891519568948e-04 1.374053370735335957e-03 2.095151962480760414e-03 3.046502597967851861e-03 4.905306159376767762e-03 7.031315747761133182e-03 1.078761930613366879e-02 1.461611968900867857e-02 2.054786921821316614e-02 2.877102948141394001e-02 3.930036400084795101e-02 5.255860970572185514e-02 6.905362819517479878e-02 9.068695262898805731e-02 1.188526230391483834e-01 1.506673119258906401e-01 1.863413344755305012e-01 2.335896484183960231e-01 2.828649968911854384e-01 3.392365904060392623e-01 4.025293866161606116e-01 4.736085612128986266e-01 5.429229329109629409e-01 6.121523784313009919e-01 6.858732393334294741e-01 7.576342197083614227e-01 8.204702779180066408e-01 8.760989982883411464e-01 9.284269842640745507e-01 9.700408277694112513e-01 9.917347445826819596e-01 1.001183692303823092e+00 1.012649132561556531e+00 9.903672698394335727e-01 9.607412889969345615e-01 9.255374762405570443e-01 8.681711211376749171e-01 8.086386160286785918e-01 7.432128772138600903e-01 6.710395567658455906e-01 5.953006684434440920e-01 5.207720434042903968e-01 4.525248461413207690e-01 3.855746497624936708e-01 3.231153731073304614e-01 2.684823242698803902e-01 2.166893668654678029e-01 1.731968267756496538e-01 1.363639261384368695e-01 1.048815218050754144e-01 8.001739654297788940e-02 6.140580281162775350e-02 4.452511142634505564e-02 3.242198111190282978e-02 2.369214557233477458e-02 1.700795921169245481e-02 1.126282395248829303e-02 7.564370160672740685e-03 5.228469827279548163e-03 3.157613328215120967e-03 2.375076451661889149e-03 1.447143163095446997e-03 1.087079783690514303e-03 5.079332168712185919e-04 3.205962093315311450e-04 2.793623372885072498e-04 1.890991490363966949e-04 8.928808891091838493e-05 7.706436715280003081e-05 7.067134866686082833e-06 4.401446768510843688e-05
0.000000000000000000e+00 0.000000000000000000e+00 0.000000000000000000e+00 0.000000000000000000e+00 0.000000000000000000e+00 0.000000000000000000e+00 0.000000000000000000e+00 0.000000000000000000e+00 0.000000000000000000e+00 0.000000000000000000e+00 0.000000000000000000e+00 0.000000000000000000e+00 0.000000000000000000e+00 0.000000000000000000e+00 0.000000000000000000e+00 0.000000000000000000e+00 0.000000000000000000e+00 0.000000000000000000e+00 3.380439404303187889e-06 4.241854214280022451e-06 2.837090525835382592e-06 2.649587203112337686e-05 3.368450624288775696e-05 2.492101181386174538e-05 7.285561430345861237e-05 8.689603318525546333e-05 1.886245605653070383e-04 3.035518830695618049e-04 4.018388288279552806e-04 6.695659490846542954e-04 9.439313859474605809e-04 1.500926648949854874e-03 2.596951479690028271e-03 3.522451695297696382e-03 5.532476859044357931e-03 8.020793441902200616e-03 1.175766906691149555e-02 1.690740979824408019e-02 2.317764168309631792e-02 3.211105297140513792e-02 4.500329719465816225e-02 5.842752290733117110e-02 7.868416403182404428e-02 1.023008636243074171e-01 1.295951386812434769e-01 1.656140436705370589e-01 2.041243877553706176e-01 2.548442758056648771e-01 3.073821704987595993e-01 3.653062403999317032e-01 4.301669007307305503e-01 5.008021092585218659e-01 5.744693630802152340e-01 6.511650486435436314e-01 7.237631949287087751e-01 7.956558521853706045e-01 8.601312322417546952e-01 9.267779589668687645e-01 9.723998355086025391e-01 1.006352707872541385e+00 1.032935875301546957e+00 1.044459204881172054e+00 1.041314554743706600e+00 1.023681648413452328e+00 9.892984350814175709e-01 9.449207991992827349e-01 8.843624720706093623e-01 8.241926272394991537e-01 7.478382582237950160e-01 6.704476753696864133e-01 5.956320031442502438e-01 5.221098088511005875e-01 4.449900431139975354e-01 3.808444398021536004e-01 3.142255528355181182e-01 2.581430150182024708e-01 2.083290825600482010e-01 1.637919324701447299e-01 1.285865115293632344e-01 9.969796780389447721e-02 7.389705626072633204e-02 5.510813682413890496e-02 4.118306081029640686e-02 2.917745182775260612e-02 2.111579616579375637e-02 1.462761537398309802e-02 1.022325990491973653e-02 6.684476669604663343e-03 4.347797388582588449e-03 2.848326730213884134e-03 2.216489787511140806e-03 1.162411197110068198e-03 7.415803243830301327e-04 5.029453912773221508e-04 3.157401413463140029e-04 2.704280666433310650e-04 1.406181505130228498e-04 6.568722523769036589e-05 4.769934171299371504e-05 3.646459162601880047e-05
0.000000000000000000e+00 0.000000000000000000e+00 0.000000000000000000e+00 0.000000000000000000e+00 0.000000000000000000e+00 0.000000000000000000e+00 0.000000000000000000e+00 0.000000000000000000e+00 0.000000000000000000e+00 0.000000000000000000e+00 0.000000000000000000e+00 0.000000000000000000e+00 0.000000000000000000e+00 0.000000000000000000e+00 0.000000000000000000e+00 0.000000000000000000e+00 0.000000000000000000e+00 0.000000000000000000e+00 2.826039142320077370e-07 2.830835924174841411e-07 7.622817536344585891e-06 1.183764854999370157e-05 1.804873464974078822e-05 5.795140376484137325e-05 2.397254185414036693e-05 6.961605705812835582e-05 1.275488015264135248e-04 1.537156342972068957e-04 3.565804891833601652e-04 4.163935882346551953e-04 7.222247942081126216e-04 1.355809276888489054e-03 1.666559429519412191e-03 2.837994650652541327e-03 4.163624470256022808e-03 6.136437261837375361e-03 1.003715829174761306e-02 1.325879174055577189e-02 1.933552995504721553e-02 2.748198411066679961e-02 3.615529393061276547e-02 4.872691482198653751e-02 6.596275839073111047e-02 8.632932829864198299e-02 1.131312390382106237e-01 1.443418032725351241e-01 1.801415451180814198e-01 2.243497521536184369e-01 2.737000066388856623e-01 3.318693633834665091e-01 3.972198825666021227e-01 4.639713824528457486e-01 5.373303957092572247e-01 6.167402833947768226e-01 6.895648769375208875e-01 7.691371952360386288e-01 8.405294063346104849e-01 9.056793342173464767e-01 9.641363501379631717e-01 1.013815723976126737e+00 1.047988615648024258e+00 1.077570099160872319e+00 1.083401031875335541e+00 1.077783713064450977e+00 1.060242835780710102e+00 1.016751393324407227e+00 9.685154802568219923e-01 9.083284475215972487e-01 8.344456567871725294e-01 7.589040782835865251e-01 6.767606653782961557e-01 5.979564506245300670e-01 5.194726035448159474e-01 4.410543313309335800e-01 3.701042292483870400e-01 3.031205603121044367e-01 2.481856209074235209e-01 1.971336696336783711e-01 1.552891504440051806e-01 1.201062294290525662e-01 9.134710687924890715e-02 6.810069031446934484e-02 4.991590136976552933e-02 3.656233477289598521e-02 2.631865960663281809e-02 1.828197405290149166e-02 1.216154356829789347e-02 8.805368896037377158e-03 6.000184655605107081e-03 3.595992025683506649e-03 2.605934240895155241e-03 1.596717452323773807e-03 9.670615560461944026e-04 7.584226459371236915e-04 4.669098886281996142e-04 2.238075975586740856e-04 1.749209314844767766e-04 1.061162486393330928e-04 4.336958914954846666e-05 3.531784445963406311e-05
0.000000000000000000e+00 0.000000000000000000e+00 0.000000000000000000e+00 0.000000000000000000e+00 0.000000000000000000e+00 0.000000000000000000e+00 0.000000000000000000e+00 0.000000000000000000e+00 0.000000000000000000e+00 0.000000000000000000e+00 0.000000000000000000e+00 0.000000000000000000e+00 0.000000000000000000e+00 0.000000000000000000e+00 0.000000000000000000e+00 0.000000000000000000e+00 0.000000000000000000e+00 0.000000000000000000e+00 0.000000000000000000e+00 0.000000000000000000e+00 0.000000000000000000e+00 1.047581851868341686e-05 7.315368343900809716e-06 2.243153895858490711e-05 2.827277918759127956e-05 5.528430820065820592e-05 7.311079883888194845e-05 1.627180034421013229e-04 1.715085882962117249e-04 3.656249686873063072e-04 6.272690615899424163e-04 1.069399433947847014e-03 1.454447479726936115e-03 2.447009704924554916e-03 3.646606882686063717e-03 4.729731574685898735e-03 7.244187679676385508e-03 1.095425634808035176e-02 1.513042380131374674e-02 2.189430741813710654e-02 3.046292211737218827e-02 4.065282043974611376e-02 5.598223379031631863e-02 7.408217210525205876e-02 9.531139537651926730e-02 1.261783931067285147e-01 1.575062209981546446e-01 1.995591465375175511e-01 2.429601058764868926e-01 2.971173314662957088e-01 3.587938189424656477e-01 4.269361108094842927e-01 4.967156600734084493e-01 5.740225152019999832e-01 6.570901647181972560e-01 7.340325945206350733e-01 8.120972379715123424e-01 8.900591256880341362e-01 9.575917413535042222e-01 1.018808754444356701e+00 1.067229535524747641e+00 1.109821359614695524e+00 1.127052192116635654e+00 1.135868838052083607e+00 1.123324690410778981e+00 1.100695110327567061e+00 1.053146368415430301e+00 9.983932768314869310e-01 9.255505400229615542e-01 8.540678413348409270e-01 7.689595645051583439e-01 6.826267178591352014e-01 5.968868132980115204e-01 5.122298483812375292e-01 4.293619500335131844e-01 3.529460895084476912e-01 2.896343176097814220e-01 2.296415259077190518e-01 1.833049354391058372e-01 1.409413965281149095e-01 1.064664841867345862e-01 8.037540484921461281e-02 5.890902073799895305e-02 4.325927417196544916e-02 3.081420287577284894e-02 2.175962929882838820e-02 1.451160873617588117e-02 1.051067453684879568e-02 6.950476620838282396e-03 5.038970251051240815e-03 3.065342699898748312e-03 1.976612271506797067e-03 1.120078202356042125e-03 8.546712256851773503e-04 5.445385369387084574e-04 4.217943556752862277e-04 2.607270395332119219e-04 1.647492092681399848e-04 1.312166164169097831e-04 4.346029482959466478e-05
0.000000000000000000e+00 0.000000000000000000e+00 0.000000000000000000e+00 0.000000000000000000e+00 0.000000000000000000e+00 0.000000000000000000e+00 0.000000000000000000e+00 0.000000000000000000e+00 0.000000000000000000e+00 0.000000000000000000e+00 0.000000000000000000e+00 0.000000000000000000e+00 0.000000000000000000e+00 0.000000000000000000e+00 0.000000000000000000e+00 0.000000000000000000e+00 0.000000000000000000e+00 5.691864089491440626e-07 1.403908947554828995e-06 0.000000000000000000e+00 3.103425079218901087e-06 1.232316621883521015e-05 1.129328566026832311e-06 1.893022494006194848e-05 1.387545073548939201e-05 3.302813752104107330e-05 3.074635616139532530e-05 5.151162916053441662e-05 1.870233511675177822e-04 2.692168296967783147e-04 5.299116229589594714e-04 6.786622180145880602e-04 1.134160123711921075e-03 1.744975131723736908e-03 2.398886481840587209e-03 3.931184333331958283e-03 5.553462934711170772e-03 8.119118033906018439e-03 1.185582110386718298e-02 1.746578338550845710e-02 2.390878011769118419e-02 3.374155974537543234e-02 4.503094655601911495e-02 6.004859799374075158e-02 7.960861985121352180e-02 1.065075579023182228e-01 1.357583602174936566e-01 1.709413149337395965e-01 2.149892656361686860e-01 2.631217191096354435e-01 3.216405340232350585e-01 3.839699416848363356e-01 4.560455042124214042e-01 5.357175323208235307e-01 6.106171913683403618e-01 6.959804019038121625e-01 7.807299937114978716e-01 8.632385321374196341e-01 9.387493111812292845e-01 1.008807297376974832e+00 1.068562088668742582e+00 1.125025000873318026e+00 1.160225547311626526e+00 1.181397432660682423e+00 1.182955712182508723e+00 1.165405207152614420e+00 1.130995525304584914e+00 1.078520323109286583e+00 1.024027368454970777e+00 9.460794170941119186e-01 8.603223277047905571e-01 7.717475441546295389e-01 6.758517309368966552e-01 5.842259030836197686e-01 4.921121476144847962e-01 4.100086401425712679e-01 3.304481183113380238e-01 2.666512511404582897e-01 2.086064684201684727e-01 1.598748951056614132e-01 1.210975017320032598e-01 9.186510048045196108e-02 6.754573917880772604e-02 4.857934136719313511e-02 3.555210932786822403e-02 2.473154472406115245e-02 1.801667725316463686e-02 1.291012148910006783e-02 8.374912587540856226e-03 5.426851855058071120e-03 3.764920134749138222e-03 2.585578040659813458e-03 1.805017181602621302e-03 9.294891221381018555e-04 6.135347095484276064e-04 4.764410486597785458e-04 3.279812594398681647e-04 2.476157979400407769e-04 8.033710030035737519e-05 5.914910185583974054e-05
0.000000000000000000e+00 0.000000000000000000e+00 0.000000000000000000e+00 0.000000000000000000e+00 0.000000000000000000e+00 0.000000000000000000e+00 0.000000000000000000e+00 0.000000000000000000e+00 0.000000000000000000e+00 0.000000000000000000e+00 0.000000000000000000e+00 0.000000000000000000e+00 0.000000000000000000e+00 0.000000000000000000e+00 0.000000000000000000e+00 0.000000000000000000e+00 0.000000000000000000e+00 0.000000000000000000e+00 0.000000000000000000e+00 5.691864089491389804e-07 1.964051104632508773e-06 4.489521097503282141e-06 2.260928254122669035e-06 5.916906302653584427e-06 6.179047510705840409e-06 1.068675374401499823e-05 1.442554551597633955e-05 8.811246265054390554e-05 8.930586074775878050e-05 1.363645718056946828e-04 3.755784013779962707e-04 5.087715693265240603e-04 7.650795757064356465e-04 1.270777195595412757e-03 1.967375774722183914e-03 2.731889483465497603e-03 4.242553472626427180e-03 6.370924104871972249e-03 9.727436606629358620e-03 1.341437964987578398e-02 1.878002719850611901e-02 2.729296019637317272e-02 3.620411046350046486e-02 5.038558868412829073e-02 6.605386934368913388e-02 8.785708512585801988e-02 1.133397082941521999e-01 1.468774093077291620e-01 1.842167533262807633e-01 2.304061957371557612e-01 2.856254561740324549e-01 3.470976741527320164e-01 4.125418830739433496e-01 4.927644604462095290e-01 5.652988894544912490e-01 6.514373838355217439e-01 7.425715448561256427e-01 8.265119568214461809e-01 9.146527977703585721e-01 9.971333264567376897e-01 1.072657866849644037e+00 1.129516138963934768e+00 1.180164682730155956e+00 1.212872702962133564e+00 1.232677519386053300e+00 1.228050569302034489e+00 1.201224199029613082e+00 1.161963230133387537e+00 1.107869710532864094e+00 1.031090055517355664e+00 9.487509192001034597e-01 8.586665943568414505e-01 7.537814297591886037e-01 6.523277024367882815e-01 5.518780290339823091e-01 4.575502181367884780e-01 3.689300691127120335e-01 2.941474773703546819e-01 2.296410355704004425e-01 1.776890743275919282e-01 1.339022328388547733e-01 9.967681342782717946e-02 7.199390300665012288e-02 5.262919590758703692e-02 3.798318218912927202e-02 2.646139002732429690e-02 1.863208927275401827e-02 1.352010428137087952e-02 9.295246550201483396e-03 5.884608098696644113e-03 4.105494987223751863e-03 2.794430785873553823e-03 2.035097543434168359e-03 1.129598310799755610e-03 7.714605516672703132e-04 5.052467624457360976e-04 3.774350731149834896e-04 1.774752791967945263e-04 1.702444652424556497e-04 4.608495878981017470e-05
0.000000000000000000e+00 0.000000000000000000e+00 0.000000000000000000e+00 0.000000000000000000e+00 0.000000000000000000e+00 0.000000000000000000e+00 0.000000000000000000e+00 0.000000000000000000e+00 0.000000000000000000e+00 0.000000000000000000e+00 0.000000000000000000e+00 0.000000000000000000e+00 0.000000000000000000e+00 0.000000000000000000e+00 0.000000000000000000e+00 0.000000000000000000e+00 0.000000000000000000e+00 0.000000000000000000e+00 0.000000000000000000e+00 0.000000000000000000e+00 1.403908947554835136e-06 2.807817895109670272e-06 2.808182245505221624e-06 0.000000000000000000e+00 2.799533090371791574e-06 1.412086782783022109e-05 2.930411755716581389e-05 3.123887666502743834e-05 1.638537113973576802e-04 1.983049158721965279e-04 3.085076871299643835e-04 3.245604006887568556e-04 6.617403963134725620e-04 8.670197762559809498e-04 1.465103188888443233e-03 2.093648573925436292e-03 3.331699465795152915e-03 4.789889915938029714e-03 6.886285086846219254e-03 1.061266686168325056e-02 1.471290931171231019e-02 2.068696709678920914e-02 2.921714257363836748e-02 4.001084077651542725e-02 5.477627669705597419e-02 7.210206399951959999e-02 9.511956340435204216e-02 1.236315493655562731e-01 1.570819357782510528e-01 1.983273940333600271e-01 2.462227239541538992e-01 3.077463124172407638e-01 3.676336749037714680e-01 4.444424473756119487e-01 5.199399641457862487e-01 6.047289670929271166e-01 6.983954888382796211e-01 7.873284394653106144e-01 8.791629030581763482e-01 9.672468473707788172e-01 1.045924044888795645e+00 1.125803370249892854e+00 1.187862841040860484e+00 1.238658539617316867e+00 1.264453152123805824e+00 1.279996961947058809e+00 1.265448436007676092e+00 1.233768013004401531e+00 1.188931574367871002e+00 1.120902841001779837e+00 1.031743458679041714e+00 9.341793072965888234e-01 8.227967356653685949e-01 7.190388368593301216e-01 6.007763255566090921e-01 4.943712466064369981e-01 3.943941696358515547e-01 3.090625717728563426e-01 2.389979620856128029e-01 1.792325491276008931e-01 1.351806647403011319e-01 9.859841486659878806e-02 7.169690262516989487e-02 5.223244503170035996e-02 3.777664003884916022e-02 2.739587234448266628e-02 1.945357608593573789e-02 1.359493626975094571e-02 9.590593219651640314e-03 6.093534593641444438e-03 4.031950809866104157e-03 2.900138934268075251e-03 1.996407986109567222e-03 1.413367427342733258e-03 9.827895880046310685e-04 6.743248839142500792e-04 3.919820821077883168e-04 2.572140484672584397e-04 1.406888509000211844e-04 7.387258883213299596e-05
0.000000000000000000e+00 0.000000000000000000e+00 0.000000000000000000e+00 0.000000000000000000e+00 0.000000000000000000e+00 0.000000000000000000e+00 0.000000000000000000e+00 0.000000000000000000e+00 0.000000000000000000e+00 0.000000000000000000e+00 0.000000000000000000e+00 0.000000000000000000e+00 0.000000000000000000e+00 0.000000000000000000e+00 0.000000000000000000e+00 0.000000000000000000e+00 0.000000000000000000e+00 0.000000000000000000e+00 0.000000000000000000e+00 0.000000000000000000e+00 0.000000000000000000e+00 4.489521097503321104e-06 3.085612149948486392e-06 1.070296051697703830e-05 2.311249400755561483e-05 1.830866935584688773e-05 2.020090483473093137e-05 1.584985498512002421e-04 6.818783155611632656e-05 1.299680548344366330e-04 1.773828968243708326e-04 3.046397919775851787e-04 4.516878283464452969e-04 6.816954479636215579e-04 1.138626699963050850e-03 1.682022824555948507e-03 2.316419580498370410e-03 3.459520708107167736e-03 5.333133831687820493e-03 7.816621729795995496e-03 1.092561439803334603e-02 1.657240424700670567e-02 2.340635134086990060e-02 3.112406058787006713e-02 4.224215360969967720e-02 5.933532126298134146e-02 7.688956560890737590e-02 1.026847309595603219e-01 1.307759030180052906e-01 1.689517175725663845e-01 2.121866170669885754e-01 2.643525089019495011e-01 3.242085413026154495e-01 3.922603818682692811e-01 4.657445423226894143e-01 5.507697045873913844e-01 6.350746046644053511e-01 7.320225310306957001e-01 8.314782305607770763e-01 9.256994639483944187e-01 1.008725744085561704e+00 1.094403194270124224e+00 1.173704919950453229e+00 1.234657755712321503e+00 1.280139552407377090e+00 1.297907960233859459e+00 1.307672066713427617e+00 1.288190874943436537e+00 1.249487723012535856e+00 1.183041082386564247e+00 1.102076326401421724e+00 9.988338661759086357e-01 8.848185577060991847e-01 7.535367315549423850e-01 6.252453412543970135e-01 5.043325816239166981e-01 3.942680347638541916e-01 3.024659595457187544e-01 2.293150755057939416e-01 1.685975243529083956e-01 1.234642414927711596e-01 8.860463375166002797e-02 6.389584379601948028e-02 4.653465541823872953e-02 3.345409781128425020e-02 2.354486604734079558e-02 1.688015353916719197e-02 1.224659304371280601e-02 8.947155488550809221e-03 5.783082398437653683e-03 4.110924864237099595e-03 2.814434797047001523e-03 1.868170008881895380e-03 1.383834090151557028e-03 8.736860230783911234e-04 5.285156751050851340e-04 5.130354964994150507e-04 2.664720403961851687e-04 2.119504032803778981e-04 1.169995714915288056e-04
0.000000000000000000e+00 0.000000000000000000e+00 0.000000000000000000e+00 0.000000000000000000e+00 0.000000000000000000e+00 0.000000000000000000e+00 0.000000000000000000e+00 0.000000000000000000e+00 0.000000000000000000e+00 0.000000000000000000e+00 0.000000000000000000e+00 0.000000000000000000e+00 0.000000000000000000e+00 0.000000000000000000e+00 0.000000000000000000e+00 0.000000000000000000e+00 0.000000000000000000e+00 0.000000000000000000e+00 0.000000000000000000e+00 0.000000000000000000e+00 0.000000000000000000e+00 0.000000000000000000e+00 3.085612149948486392e-06 6.171224299896972783e-06 6.759381964862561852e-06 1.542806074974243069e-05 1.322328183018425469e-05 2.116676977527548782e-05 3.245249004973291680e-05 5.923965232656957857e-05 1.225927161615474449e-04 1.354368667066827773e-04 2.347083362126837277e-04 5.378088476173819611e-04 7.250376932533913153e-04 1.066832550594733415e-03 1.725704999895846022e-03 2.596743083668444883e-03 3.932347622761342594e-03 5.633214529112568966e-03 8.070130424014193560e-03 1.191152454265411234e-02 1.718656454477814066e-02 2.436051574239097434e-02 3.424317250316564337e-02 4.610273914940536677e-02 6.173099615048116551e-02 8.123675320892585761e-02 1.087673120358293860e-01 1.395660816596229203e-01 1.795690032637587141e-01 2.233948286949127005e-01 2.789264713051275990e-01 3.419060116227202184e-01 4.122701164367501558e-01 4.915488284550729725e-01 5.753733604918920275e-01 6.677547630014905033e-01 7.657299970259484612e-01 8.608275410201393640e-01 9.625494280212961717e-01 1.054310313677483402e+00 1.139696549509008117e+00 1.211115240365507661e+00 1.271633729515792233e+00 1.307821548501912012e+00 1.324111721337655423e+00 1.319144960622301355e+00 1.283179963205941521e+00 1.224188102326666527e+00 1.138986588232616892e+00 1.029811873978517145e+00 9.004743957091565498e-01 7.591955842394975118e-01 6.161223304194197725e-01 4.831486866925616686e-01 3.666480846269704053e-01 2.700804018753583668e-01 1.925214503080759643e-01 1.377018848483278213e-01 9.793898305869475074e-02 6.865630753601911773e-02 4.921557549661543379e-02 3.535298642627628801e-02 2.502818739026984804e-02 1.816284747725515139e-02 1.289814039196416143e-02 9.235620736645674955e-03 6.796846160438125943e-03 4.428416540475735470e-03 3.254218694407447904e-03 2.380690454275609727e-03 1.505320840145703319e-03 1.326481058787918992e-03 7.614318643538387421e-04 5.994358284242726990e-04 4.496757680870067239e-04 3.048614522487965925e-04 1.852096268051855088e-04 5.512520822419489011e-05
0.000000000000000000e+00 0.000000000000000000e+00 0.000000000000000000e+00 0.000000000000000000e+00 0.000000000000000000e+00 0.000000000000000000e+00 0.000000000000000000e+00 0.000000000000000000e+00 0.000000000000000000e+00 0.000000000000000000e+00 0.000000000000000000e+00 0.000000000000000000e+00 0.000000000000000000e+00 0.000000000000000000e+00 0.000000000000000000e+00 0.000000000000000000e+00 0.000000000000000000e+00 0.000000000000000000e+00 0.000000000000000000e+00 0.000000000000000000e+00 0.000000000000000000e+00 0.000000000000000000e+00 0.000000000000000000e+00 9.256836449845296121e-06 5.622345061676845844e-07 0.000000000000000000e+00 7.563625358178679663e-06 2.077090127850159113e-05 2.334136876795010811e-05 2.339113922919790699e-05 8.759248999094519541e-05 2.000409813103971337e-04 1.828241327773662739e-04 3.533161717887186161e-04 4.304123163593271610e-04 9.157814475201197634e-04 1.286572875478154097e-03 1.984708519501783997e-03 2.824120299425385370e-03 4.319412089947943095e-03 6.163363009898221827e-03 8.921346307941637604e-03 1.332950204148781494e-02 1.867728343383581041e-02 2.510343614114935243e-02 3.562737646691752080e-02 4.924874290617691636e-02 6.527713575352009356e-02 8.657397748020866091e-02 1.133631085435276020e-01 1.470694238924147856e-01 1.866067690007017221e-01 2.344093651337196826e-01 2.901788780019414760e-01 3.553960389802422459e-01 4.307747230247339632e-01 5.105171059750278628e-01 6.009915940442622784e-01 6.919236848451436606e-01 7.981519646517868383e-01 8.965879203546764931e-01 9.892416795512916083e-01 1.086550018724866007e+00 1.168012062550497498e+00 1.233780481078890157e+00 1.279359344934496212e+00 1.309789695519555153e+00 1.319968068825330354e+00 1.289823924114924303e+00 1.236003321640106289e+00 1.149536870837247760e+00 1.030937713089197905e+00 8.885308476941851108e-01 7.274991692722407866e-01 5.703949220883985927e-01 4.242760858021409898e-01 3.035527229953054462e-01 2.097509069744102894e-01 1.429328316173354985e-01 9.806891521773279663e-02 6.573546372971982021e-02 4.500517289150744032e-02 3.091142023806546860e-02 2.196018735079028478e-02 1.555486308979761936e-02 1.116795761765985127e-02 8.383004707691295646e-03 5.969027104629564574e-03 4.289401660136618090e-03 3.106864734838852074e-03 2.340601170914635622e-03 1.797066765469754364e-03 1.238066790097321242e-03 8.407494516750246491e-04 7.566576563169471765e-04 5.636750623646979595e-04 3.832641507932820174e-04 2.847747649424033729e-04 1.680414570623871642e-04 8.186798660300109959e-05
0.000000000000000000e+00 0.000000000000000000e+00 0.000000000000000000e+00 0.000000000000000000e+00 0.000000000000000000e+00 0.000000000000000000e+00 0.000000000000000000e+00 0.000000000000000000e+00 0.000000000000000000e+00 0.000000000000000000e+00 0.000000000000000000e+00 0.000000000000000000e+00 0.000000000000000000e+00 0.000000000000000000e+00 0.000000000000000000e+00 0.000000000000000000e+00 0.000000000000000000e+00 0.000000000000000000e+00 0.000000000000000000e+00 0.000000000000000000e+00 0.000000000000000000e+00 0.000000000000000000e+00 0.000000000000000000e+00 9.256836449845460445e-06 0.000000000000000000e+00 7.548311530340148430e-06 6.171224299896972783e-06 1.124065083017039206e-05 2.328349375366262417e-05 1.917357356348869696e-05 2.619648311072939422e-05 1.186783471669201483e-04 1.091145835713293885e-04 1.717522802880099020e-04 2.583313214091701566e-04 4.832697036322133508e-04 8.681933970141025424e-04 1.303980272777835632e-03 1.871564706936744860e-03 3.003719258801760151e-03 4.558087209034580173e-03 6.360762681419863084e-03 9.792345820400040479e-03 1.368063823690546764e-02 1.961402787551870877e-02 2.724153042625014967e-02 3.697817574121594481e-02 4.994883224564035384e-02 6.668291613226433323e-02 8.885927283768814411e-02 1.168221363591402245e-01 1.522811428989128413e-01 1.919388502783279660e-01 2.401552719603390063e-01 2.969972164804126069e-01 3.654469548152151082e-01 4.361592341741791223e-01 5.190084514708905861e-01 6.105041927915604294e-01 7.097309231879512792e-01 8.064435839284398444e-01 9.041526001060652407e-01 1.000266767544485402e+00 1.091601186043462013e+00 1.166389573603724639e+00 1.226483426526867593e+00 1.261431053355993148e+00 1.275534382498004327e+00 1.254248384442562703e+00 1.205833638068346536e+00 1.116101654281215882e+00 9.944922763799999288e-01 8.329266591179806944e-01 6.562730239058456316e-01 4.832433942222493783e-01 3.342117760396829951e-01 2.169415501035156235e-01 1.406254125728498561e-01 8.994743865393936555e-02 5.617053602533065432e-02 3.654994576484216912e-02 2.430088860884459939e-02 1.631066374601098171e-02 1.089106076668679667e-02 8.098908449737759335e-03 5.671319378914085191e-03 4.151051822298993006e-03 3.133715642393833899e-03 2.256977032655385195e-03 1.650994132372489735e-03 1.436633990472400372e-03 1.069341625528084103e-03 7.255903140187305303e-04 6.948895627106645980e-04 3.948966591804798894e-04 4.306083108423614208e-04 2.878081713430580345e-04 1.811551119775212863e-04 1.948213722246057899e-04 1.597261258107906406e-04
0.000000000000000000e+00 0.000000000000000000e+00 0.000000000000000000e+00 0.000000000000000000e+00 0.000000000000000000e+00 0.000000000000000000e+00 0.000000000000000000e+00 0.000000000000000000e+00 0.000000000000000000e+00 0.000000000000000000e+00 0.000000000000000000e+00 0.000000000000000000e+00 0.000000000000000000e+00 0.000000000000000000e+00 0.000000000000000000e+00 0.000000000000000000e+00 0.000000000000000000e+00 0.000000000000000000e+00 0.000000000000000000e+00 0.000000000000000000e+00 0.000000000000000000e+00 0.000000000000000000e+00 0.000000000000000000e+00 0.000000000000000000e+00 0.000000000000000000e+00 0.000000000000000000e+00 0.000000000000000000e+00 0.000000000000000000e+00 6.190295033066436107e-06 1.183073489924947719e-05 2.179399519739537834e-05 8.866760929053018930e-05 9.624383213163994078e-05 1.167200061294311578e-04 2.161649026013892725e-04 1.835105218667974260e-04 6.029390535020130769e-04 8.651053669879494885e-04 1.289268171021357981e-03 1.961994267226049773e-03 3.034308892042563398e-03 4.498167929670408328e-03 6.747088399243941770e-03 9.187634896428324011e-03 1.400248427444973284e-02 1.930602913675268095e-02 2.768723664993582093e-02 3.803200068228847902e-02 5.142897150975433290e-02 6.777953542319829772e-02 9.207329919471712865e-02 1.186475518137580093e-01 1.525102286114530248e-01 1.924083601107164643e-01 2.428355547664032554e-01 3.031621691823697118e-01 3.682454802410758399e-01 4.426940341378820531e-01 5.251907281105526737e-01 6.161744610384417564e-01 7.082635206120276861e-01 8.021246041192834353e-01 9.036178725799618450e-01 9.932138300045295631e-01 1.072967188740169053e+00 1.137730230586129432e+00 1.181029018300182809e+00 1.207916282342433423e+00 1.200268694202712316e+00 1.144322092583149209e+00 1.052859868116483133e+00 9.177172982779114863e-01 7.464550166245907947e-01 5.564007408778587349e-01 3.799033175328163647e-01 2.402124700833852267e-01 1.406888486618871892e-01 8.069054891676022412e-02 4.582764362882374432e-02 2.775974862027275752e-02 1.654124544356926421e-02 1.036553420505278988e-02 6.822337298645883563e-03 4.427811420943700282e-03 3.141075744182966669e-03 2.159659156520989283e-03 1.702138169109140278e-03 1.175694847574883239e-03 9.665141906362454197e-04 8.200952429307362514e-04 5.598282958464523241e-04 6.136160853344405650e-04 3.661504503897992230e-04 3.674497467373906163e-04 2.664408453721437103e-04 2.690671435875031654e-04 1.432563853355364541e-04 1.314630078268257606e-04 1.005262289094016939e-04 9.574539486190895669e-05
0.000000000000000000e+00 0.000000000000000000e+00 0.000000000000000000e+00 0.000000000000000000e+00 0.000000000000000000e+00 0.000000000000000000e+00 0.000000000000000000e+00 0.000000000000000000e+00 0.000000000000000000e+00 0.000000000000000000e+00 0.000000000000000000e+00 0.000000000000000000e+00 0.000000000000000000e+00 0.000000000000000000e+00 0.000000000000000000e+00 0.000000000000000000e+00 0.000000000000000000e+00 0.000000000000000000e+00 0.000000000000000000e+00 0.000000000000000000e+00 0.000000000000000000e+00 0.000000000000000000e+00 0.000000000000000000e+00 0.000000000000000000e+00 0.000000000000000000e+00 5.595987640426181589e-06 2.796454550054403144e-06 0.000000000000000000e+00 5.682845119961101727e-07 1.123013646275281978e-05 5.344119143453783383e-06 1.808329968854669356e-05 5.153297816410087933e-05 9.255481199395973664e-05 6.234062005028896149e-05 2.345707799735660389e-04 3.575350245284613726e-04 6.697940909736949718e-04 8.251799112269944626e-04 1.224500721713461674e-03 1.915129175757603573e-03 3.215649516583098458e-03 4.285585664384565334e-03 6.554642635199104533e-03 9.655005676781595533e-03 1.391391035713569931e-02 1.957092995873745134e-02 2.723912777794213272e-02 3.720285398934836812e-02 5.058185889907013816e-02 6.850521734044785760e-02 9.049074459433374684e-02 1.199576843192961401e-01 1.511372908248540536e-01 1.928799870327181365e-01 2.425477649109885891e-01 2.990618564086897635e-01 3.652472413680891150e-01 4.386808332985035475e-01 5.203964336885188446e-01 6.031865109457080765e-01 6.943530357147187360e-01 7.868700594545368077e-01 8.776632760205879125e-01 9.548285365040820594e-01 1.022716792956517962e+00 1.077357331320708989e+00 1.108617814735253670e+00 1.098505055343985681e+00 1.051301616129933336e+00 9.592144665905713019e-01 8.179358709474443545e-01 6.373478494151022522e-01 4.527718560382831825e-01 2.802444792973128873e-01 1.572694515726731079e-01 8.130707730929591370e-02 4.107646087253259692e-02 1.971346449402942499e-02 1.020624389446290678e-02 6.235277596367567315e-03 3.265058857793827225e-03 2.293884881870004045e-03 1.472558222073198052e-03 9.417633263678702044e-04 7.877207690003143817e-04 4.606153138623320597e-04 3.336854598345163989e-04 3.338272735801623499e-04 2.471758243304446475e-04 1.952676644927979434e-04 1.686136277868096180e-04 1.204204175554563053e-04 1.690065935110223393e-04 1.225512128342890513e-04 1.279548997082178684e-04 7.411771699409782364e-05 9.896013648587746498e-05 4.145732898230857812e-05 3.395695262585826109e-05
0.000000000000000000e+00 0.000000000000000000e+00 0.000000000000000000e+00 0.000000000000000000e+00 0.000000000000000000e+00 0.000000000000000000e+00 0.000000000000000000e+00 0.000000000000000000e+00 0.000000000000000000e+00 0.000000000000000000e+00 0.000000000000000000e+00 0.000000000000000000e+00 0.000000000000000000e+00 0.000000000000000000e+00 0.000000000000000000e+00 0.000000000000000000e+00 0.000000000000000000e+00 0.000000000000000000e+00 0.000000000000000000e+00 0.000000000000000000e+00 0.000000000000000000e+00 0.000000000000000000e+00 0.000000000000000000e+00 0.000000000000000000e+00 0.000000000000000000e+00 0.000000000000000000e+00 0.000000000000000000e+00 2.796454550054403144e-06 5.682845119961101727e-07 1.127651922521956885e-05 1.556051049314389499e-05 1.916001545646271175e-05 1.443605336759473707e-05 3.905914766250899017e-05 5.565584996775174817e-05 1.028812049172371431e-04 2.477959306018134725e-04 2.802583315140403123e-04 5.163756200737175395e-04 8.688434010733576875e-04 1.441417477863006068e-03 2.141060589210744183e-03 3.174196765532528650e-03 4.819715543379715812e-03 6.548401250161167524e-03 9.385728007114348473e-03 1.389408759701810624e-02 1.923645908173195196e-02 2.659897650144745634e-02 3.653647085366109465e-02 4.928940821164054520e-02 6.714111171812107981e-02 8.900992200997780157e-02 1.142614987232018903e-01 1.453140049986816618e-01 1.860436100833444129e-01 2.367157184756706056e-01 2.890431909139118960e-01 3.524506409496819259e-01 4.254643688394722512e-01 4.959090247644664107e-01 5.788153309204765451e-01 6.670673634330689383e-01 7.453186231764500347e-01 8.225284849337698434e-01 8.877366283139951353e-01 9.461114499571074976e-01 9.705726035368698046e-01 9.721548062524318912e-01 9.335209945400585463e-01 8.435036738057397621e-01 7.076679509571487392e-01 5.323721667520350254e-01 3.529003765190164010e-01 2.016905873701376195e-01 9.862097101673877875e-02 4.398533066244562917e-02 1.777732886968731718e-02 7.261669868804719249e-03 3.226067515669107672e-03 1.557909390844531986e-03 8.084953656405061573e-04 5.291885298866169955e-04 3.397893443744633623e-04 2.257721283847316442e-04 1.512092131474758743e-04 1.055190737132750847e-04 6.396081493581565181e-05 4.138532741393535075e-05 7.872478893072367442e-05 4.343842272865205034e-05 6.262894125880808947e-05 8.406812683323190076e-05 8.107880602621185138e-05 3.309840476853954147e-05 3.383581087963628169e-05 6.056365715958028211e-05 4.116780474833821329e-05 3.851125430670599445e-05 5.421324357553151382e-05
0.000000000000000000e+00 0.000000000000000000e+00 0.000000000000000000e+00 0.000000000000000000e+00 0.000000000000000000e+00 0.000000000000000000e+00 0.000000000000000000e+00 0.000000000000000000e+00 0.000000000000000000e+00 0.000000000000000000e+00 0.000000000000000000e+00 0.000000000000000000e+00 0.000000000000000000e+00 0.000000000000000000e+00 0.000000000000000000e+00 0.000000000000000000e+00 0.000000000000000000e+00 0.000000000000000000e+00 0.000000000000000000e+00 0.000000000000000000e+00 0.000000000000000000e+00 0.000000000000000000e+00 0.000000000000000000e+00 0.000000000000000000e+00 0.000000000000000000e+00 0.000000000000000000e+00 0.000000000000000000e+00 0.000000000000000000e+00 0.000000000000000000e+00 3.364739062050468530e-06 2.548883270309321551e-06 9.874440963097922411e-06 3.430864787950518928e-05 3.359406118634186543e-05 4.082425692691695764e-05 6.903848206062734936e-05 1.358307302138395416e-04 1.686661290817028605e-04 2.543769380125998365e-04 4.285387360349984212e-04 8.687652471116066432e-04 1.337633775302764011e-03 2.054397941457711176e-03 2.875286586250204966e-03 4.256056405929044099e-03 6.214154320788438726e-03 9.127842138042513778e-03 1.331011358682036155e-02 1.751973584475016374e-02 2.502070182785427060e-02 3.482960834121329868e-02 4.715632264976936383e-02 6.457833489233053004e-02 8.338845494993489538e-02 1.092442898838128923e-01 1.399880607510574360e-01 1.784639893475701566e-01 2.202053528876808941e-01 2.728764586369158418e-01 3.314715540465063004e-01 3.938950538365625365e-01 4.649606104057944500e-01 5.368094240875453949e-01 6.111717628545756398e-01 6.806210590587915554e-01 7.451072414601745963e-01 7.933536999272403634e-01 8.258626804439087588e-01 8.272881337997914919e-01 7.982570482444293347e-01 7.235224546943306301e-01 5.945407603185003387e-01 4.391475800442602440e-01 2.772555275491618842e-01 1.474313673739856556e-01 6.626357375736477429e-02 2.486931234654126896e-02 8.372945455148163643e-03 2.596048796762911396e-03 8.619620154975380115e-04 3.056155368777983697e-04 1.757842348676148412e-04 8.556740012085467788e-05 8.185388776769281802e-05 4.082968377123026788e-05 3.647726320200688453e-05 2.915059188289127775e-05 1.388976081380763874e-05 1.576056600105261107e-05 2.009172996858670386e-05 6.236489112251128140e-06 3.364113836985215520e-05 1.020430278930126222e-05 5.646315267627021276e-06 8.763809476081952895e-06 8.503398967199553274e-06 1.017711593864410793e-05 3.532338091153670840e-05 7.288629992310535337e-06 2.520861610675676138e-05
0.000000000000000000e+00 0.000000000000000000e+00 0.000000000000000000e+00 0.000000000000000000e+00 0.000000000000000000e+00 0.000000000000000000e+00 0.000000000000000000e+00 0.000000000000000000e+00 0.000000000000000000e+00 0.000000000000000000e+00 0.000000000000000000e+00 0.000000000000000000e+00 0.000000000000000000e+00 0.000000000000000000e+00 0.000000000000000000e+00 0.000000000000000000e+00 0.000000000000000000e+00 0.000000000000000000e+00 0.000000000000000000e+00 0.000000000000000000e+00 0.000000000000000000e+00 0.000000000000000000e+00 0.000000000000000000e+00 0.000000000000000000e+00 0.000000000000000000e+00 0.000000000000000000e+00 0.000000000000000000e+00 6.190295033066436107e-06 0.000000000000000000e+00 3.940679751424061271e-06 1.699108195310231048e-06 1.626171188810218395e-05 1.015330581878511355e-05 3.099808274273180514e-06 3.362002937194903256e-05 4.432140339786336296e-05 8.140836814293675276e-05 1.000218523880827483e-04 1.954731470120703947e-04 3.629697478836988594e-04 4.643540371386191043e-04 7.250560309513578690e-04 1.047178822706547373e-03 1.696462760090511725e-03 2.873223987139001019e-03 3.582851906409961155e-03 5.916907781505769716e-03 8.184885946985279506e-03 1.212712420336859234e-02 1.605491637575279934e-02 2.386891829463938172e-02 3.232601873935740666e-02 4.475678300428867495e-02 5.939303814342568322e-02 7.687730192635013060e-02 9.776371575766462652e-02 1.277544481382235919e-01 1.625468025189160948e-01 2.038057996697300867e-01 2.474620300793637651e-01 2.991449174320955917e-01 3.591029215309060052e-01 4.150539408994035617e-01 4.775317803112753001e-01 5.389952074555913741e-01 5.948947438486749117e-01 6.395230419107768016e-01 6.715889933767876796e-01 6.790756756575609954e-01 6.527987860369744988e-01 5.947299029555060956e-01 4.945348348986335352e-01 3.607780333150469310e-01 2.235302009167837167e-01 1.172466116054875218e-01 4.860503210423356563e-02 1.735016995062020617e-02 5.066273466289747743e-03 1.481084921899205979e-03 3.232098427936247399e-04 6.120891239011994544e-05 3.531120006154119401e-05 1.302272981296436310e-05 1.467581635502046970e-05 2.818386512787568455e-06 0.000000000000000000e+00 4.784316090960551251e-06 0.000000000000000000e+00 0.000000000000000000e+00 8.476702841941515361e-06 0.000000000000000000e+00 2.821101989290060813e-06 3.146136443473463037e-05 4.823536965711106825e-06 0.000000000000000000e+00 0.000000000000000000e+00 7.337547325125867495e-06 1.559544551896529225e-05 1.662501539681933541e-05 2.546923596858768761e-06
0.000000000000000000e+00 0.000000000000000000e+00 0.000000000000000000e+00 0.000000000000000000e+00 0.000000000000000000e+00 0.000000000000000000e+00 0.000000000000000000e+00 0.000000000000000000e+00 0.000000000000000000e+00 0.000000000000000000e+00 0.000000000000000000e+00 0.000000000000000000e+00 0.000000000000000000e+00 0.000000000000000000e+00 0.000000000000000000e+00 0.000000000000000000e+00 0.000000000000000000e+00 0.000000000000000000e+00 0.000000000000000000e+00 0.000000000000000000e+00 0.000000000000000000e+00 0.000000000000000000e+00 0.000000000000000000e+00 0.000000000000000000e+00 0.000000000000000000e+00 0.000000000000000000e+00 0.000000000000000000e+00 0.000000000000000000e+00 0.000000000000000000e+00 0.000000000000000000e+00 4.751856980285746133e-06 4.751856980285746133e-06 4.751856980285746133e-06 6.214038952756152221e-06 3.450849855542670129e-05 8.751360708819760136e-06 3.527095952975607853e-05 4.566222242229997660e-05 1.041984256908004341e-04 1.887318430568649932e-04 3.011483048960559368e-04 3.957589499655309495e-04 6.054734858532219476e-04 1.100792663084044880e-03 1.459871744528579802e-03 2.322100475082061917e-03 3.675734612305352200e-03 5.766187454639464839e-03 7.443632129555725029e-03 1.101032310021514589e-02 1.534146348459901679e-02 2.073982603563756175e-02 2.962118126557295589e-02 3.909262831799654309e-02 5.349159986967254310e-02 6.902121228970727052e-02 8.925282397712212823e-02 1.144904913172967720e-01 1.451588936144433961e-01 1.820311391121910150e-01 2.167847537622853427e-01 2.613351607659356590e-01 3.116459211731160139e-01 3.576261115215691455e-01 4.105833273941109085e-01 4.615865326141553870e-01 4.979650389665351007e-01 5.238607054702009158e-01 5.344332735974596238e-01 5.194247743344437840e-01 4.749809299820237363e-01 3.923808508918322224e-01 2.929281325067189523e-01 1.862756030343524771e-01 9.802864707469234606e-02 4.309170313580837353e-02 1.594925012247157617e-02 4.679623014146473865e-03 1.093678786684988474e-03 2.863053453688653330e-04 7.647848665877902572e-05 5.091611210714472600e-06 1.975340606261147120e-06 2.821358956915400342e-07 1.970572524165276132e-06 1.413421131520480769e-06 0.000000000000000000e+00 0.000000000000000000e+00 0.000000000000000000e+00 0.000000000000000000e+00 4.782650933737900121e-06 0.000000000000000000e+00 0.000000000000000000e+00 0.000000000000000000e+00 0.000000000000000000e+00 2.800497543394773891e-07 0.000000000000000000e+00 0.000000000000000000e+00 0.000000000000000000e+00 2.843247247803323101e-07
0.000000000000000000e+00 0.000000000000000000e+00 0.000000000000000000e+00 0.000000000000000000e+00 0.000000000000000000e+00 0.000000000000000000e+00 0.000000000000000000e+00 0.000000000000000000e+00 0.000000000000000000e+00 0.000000000000000000e+00 0.000000000000000000e+00 0.000000000000000000e+00 0.000000000000000000e+00 0.000000000000000000e+00 0.000000000000000000e+00 0.000000000000000000e+00 0.000000000000000000e+00 0.000000000000000000e+00 0.000000000000000000e+00 0.000000000000000000e+00 0.000000000000000000e+00 0.000000000000000000e+00 0.000000000000000000e+00 0.000000000000000000e+00 0.000000000000000000e+00 0.000000000000000000e+00 0.000000000000000000e+00 0.000000000000000000e+00 0.000000000000000000e+00 0.000000000000000000e+00 0.000000000000000000e+00 6.214038952756152221e-06 1.702017031421347030e-06 1.096589593304189835e-05 3.712964959607251379e-06 1.405668579842954223e-05 2.258560180078180631e-05 2.705001425589654957e-05 4.352796044486946059e-05 6.938525101146526233e-05 1.422733994392464611e-04 1.946574020995595576e-04 3.789876471530576052e-04 5.268491958982152081e-04 9.902792234738157836e-04 1.308048462459878575e-03 2.315665747045241810e-03 2.971053880094079187e-03 4.679380249202093334e-03 6.668034535904332830e-03 9.863817274325704931e-03 1.349821570177493595e-02 1.788508956918516066e-02 2.532688247991811414e-02 3.364096112233214142e-02 4.573304156531237535e-02 5.969842374337099022e-02 7.727415921475919158e-02 9.755791162484409029e-02 1.220417237149949569e-01 1.517496559633207676e-01 1.817217813367484058e-01 2.228142326812327934e-01 2.562551041313896327e-01 2.931571092539849155e-01 3.354587947548989812e-01 3.680130129113350357e-01 3.883641324207744994e-01 3.998429202368504187e-01 3.964972999644456042e-01 3.663629790753576421e-01 3.097993601445302447e-01 2.354258480120595409e-01 1.564882489722880521e-01 8.825293728368284463e-02 4.198958444219406949e-02 1.648284502755838904e-02 5.790713545978677483e-03 1.793652582552460011e-03 5.949338142573246157e-04 8.814817484810491793e-05 3.179450112686428310e-05 9.285190569483282738e-06 0.000000000000000000e+00 0.000000000000000000e+00 0.000000000000000000e+00 0.000000000000000000e+00 0.000000000000000000e+00 0.000000000000000000e+00 0.000000000000000000e+00 0.000000000000000000e+00 0.000000000000000000e+00 0.000000000000000000e+00 0.000000000000000000e+00 0.000000000000000000e+00 0.000000000000000000e+00 0.000000000000000000e+00 0.000000000000000000e+00 0.000000000000000000e+00 0.000000000000000000e+00
0.000000000000000000e+00 0.000000000000000000e+00 0.000000000000000000e+00 0.000000000000000000e+00 0.000000000000000000e+00 0.000000000000000000e+00 0.000000000000000000e+00 0.000000000000000000e+00 0.000000000000000000e+00 0.000000000000000000e+00 0.000000000000000000e+00 0.000000000000000000e+00 0.000000000000000000e+00 0.000000000000000000e+00 0.000000000000000000e+00 0.000000000000000000e+00 0.000000000000000000e+00 0.000000000000000000e+00 0.000000000000000000e+00 0.000000000000000000e+00 0.000000000000000000e+00 0.000000000000000000e+00 0.000000000000000000e+00 0.000000000000000000e+00 0.000000000000000000e+00 0.000000000000000000e+00 0.000000000000000000e+00 0.000000000000000000e+00 0.000000000000000000e+00 4.751856980285767309e-06 0.000000000000000000e+00 0.000000000000000000e+00 0.000000000000000000e+00 1.423812272487594594e-06 0.000000000000000000e+00 1.423812272487594594e-06 1.694709910890667811e-05 3.090012205362267705e-06 3.410449465904417146e-05 1.029453040924410722e-04 7.939873672653917770e-05 9.252967464149309607e-05 2.010410847339995496e-04 3.782679243669333680e-04 5.488772645439635818e-04 8.461038452551561916e-04 1.083062626137735497e-03 1.768250092645457135e-03 2.884767521056790483e-03 3.627252994824168870e-03 5.612351589848738227e-03 7.377471231748740019e-03 1.060610374831564423e-02 1.452224388649412702e-02 2.130767666257003812e-02 2.792235970632378494e-02 3.697703016623719169e-02 4.982432090569199196e-02 6.232895694641005235e-02 7.826972304369883560e-02 9.895573117793178552e-02 1.217534475424411622e-01 1.462233483704997727e-01 1.738916065979811965e-01 2.000967606724559922e-01 2.315447724566715992e-01 2.564546815712197003e-01 2.742382244400397018e-01 2.883848183583162528e-01 2.828819019583971861e-01 2.668569953600860023e-01 2.361304201234314115e-01 1.845565472057133227e-01 1.294957106977261962e-01 7.828923780031861457e-02 4.190343013066587935e-02 1.886814119171184925e-02 7.467615183524563965e-03 2.736401401360837211e-03 8.739013767707875906e-04 3.016400990417691897e-04 4.192258424018922326e-05 3.655520891203337944e-06 0.000000000000000000e+00 0.000000000000000000e+00 0.000000000000000000e+00 0.000000000000000000e+00 0.000000000000000000e+00 0.000000000000000000e+00 0.000000000000000000e+00 0.000000000000000000e+00 0.000000000000000000e+00 0.000000000000000000e+00 0.000000000000000000e+00 0.000000000000000000e+00 0.000000000000000000e+00 0.000000000000000000e+00 0.000000000000000000e+00 0.000000000000000000e+00 0.000000000000000000e+00
0.000000000000000000e+00 0.000000000000000000e+00 0.000000000000000000e+00 0.000000000000000000e+00 0.000000000000000000e+00 0.000000000000000000e+00 0.000000000000000000e+00 0.000000000000000000e+00 0.000000000000000000e+00 0.000000000000000000e+00 0.000000000000000000e+00 0.000000000000000000e+00 0.000000000000000000e+00 0.000000000000000000e+00 0.000000000000000000e+00 0.000000000000000000e+00 0.000000000000000000e+00 0.000000000000000000e+00 0.000000000000000000e+00 0.000000000000000000e+00 0.000000000000000000e+00 0.000000000000000000e+00 0.000000000000000000e+00 0.000000000000000000e+00 0.000000000000000000e+00 0.000000000000000000e+00 0.000000000000000000e+00 0.000000000000000000e+00 0.000000000000000000e+00 0.000000000000000000e+00 0.000000000000000000e+00 0.000000000000000000e+00 0.000000000000000000e+00 0.000000000000000000e+00 0.000000000000000000e+00 0.000000000000000000e+00 1.152496439921543596e-05 0.000000000000000000e+00 2.210925501334981062e-05 4.688349430361840044e-05 7.280698697684512158e-05 3.704900780760109327e-05 1.222311985199691156e-04 1.621589730375691671e-04 2.965868835285288179e-04 4.403999413620233896e-04 5.011978851474128234e-04 1.146079291726635838e-03 1.674192473723973588e-03 2.027264482206614891e-03 3.016823187884360921e-03 4.088571402379983545e-03 6.130119195206090721e-03 8.696753115207307011e-03 1.229726849894935067e-02 1.618800629904900562e-02 2.187458909128801171e-02 2.899770977667141814e-02 3.819452730968199428e-02 4.758034043132584184e-02 6.240550284532363212e-02 7.612886655911610401e-02 9.382368289260835381e-02 1.129639598094056979e-01 1.312322561478947436e-01 1.515997350867437088e-01 1.695339999792583041e-01 1.865717842384330694e-01 1.950496560580018690e-01 1.958863646989055796e-01 1.856295547489929809e-01 1.648122057035027455e-01 1.382411440263515146e-01 1.021600561766690674e-01 6.815770322975803208e-02 3.918207102541019365e-02 2.017407691546901916e-02 9.251820322530086849e-03 4.015923272078178799e-03 1.481569320558833889e-03 4.820425917954033893e-04 1.844237654980415480e-04 9.784119004427492745e-05 1.217116859577640410e-05 0.000000000000000000e+00 1.014318833692041456e-05 0.000000000000000000e+00 0.000000000000000000e+00 0.000000000000000000e+00 0.000000000000000000e+00 0.000000000000000000e+00 0.000000000000000000e+00 0.000000000000000000e+00 0.000000000000000000e+00 0.000000000000000000e+00 0.000000000000000000e+00 0.000000000000000000e+00 0.000000000000000000e+00 0.000000000000000000e+00 0.000000000000000000e+00
0.000000000000000000e+00 0.000000000000000000e+00 0.000000000000000000e+00 0.000000000000000000e+00 0.000000000000000000e+00 0.000000000000000000e+00 0.000000000000000000e+00 0.000000000000000000e+00 0.000000000000000000e+00 0.000000000000000000e+00 0.000000000000000000e+00 0.000000000000000000e+00 0.000000000000000000e+00 0.000000000000000000e+00 0.000000000000000000e+00 0.000000000000000000e+00 0.000000000000000000e+00 0.000000000000000000e+00 0.000000000000000000e+00 0.000000000000000000e+00 0.000000000000000000e+00 0.000000000000000000e+00 0.000000000000000000e+00 0.000000000000000000e+00 0.000000000000000000e+00 0.000000000000000000e+00 0.000000000000000000e+00 0.000000000000000000e+00 0.000000000000000000e+00 0.000000000000000000e+00 0.000000000000000000e+00 0.000000000000000000e+00 0.000000000000000000e+00 0.000000000000000000e+00 0.000000000000000000e+00 0.000000000000000000e+00 0.000000000000000000e+00 8.777807807586087609e-06 1.943270324518860386e-05 1.136428976734383060e-05 1.299471584749207348e-05 3.303621489709814306e-05 5.770904793992875258e-05 8.439689604215172797e-05 1.241347025200047356e-04 3.067586241570383022e-04 3.656724680587549402e-04 3.995147066109645210e-04 7.575432536313293254e-04 1.032337289130039063e-03 1.635345236619787203e-03 2.657667694992542958e-03 3.422796702100709687e-03 4.796132209499618868e-03 6.507698159035490634e-03 9.103691926627540884e-03 1.195767583796928865e-02 1.603584817220497089e-02 2.189684082243429850e-02 2.826660682866197205e-02 3.623392214059618227e-02 4.468411282333539791e-02 5.641030242502094449e-02 6.960515717265612634e-02 8.073854104033581502e-02 9.228959183995971705e-02 1.053125287126505244e-01 1.189006181678928520e-01 1.232906077233738157e-01 1.277113290149440861e-01 1.229570440730935743e-01 1.145943361890282147e-01 9.661662537549081664e-02 7.447841540987235054e-02 5.402626673829416526e-02 3.412770545728118637e-02 1.917989226111078971e-02 1.008966759839842291e-02 4.789518093441343626e-03 2.184418225171176012e-03 8.346128172851615150e-04 3.174496771398136515e-04 1.248842979431330209e-04 4.455501513438976343e-05 1.098525548611391087e-05 5.063576357711947070e-06 4.239240476479986335e-06 2.838502890194708854e-07 0.000000000000000000e+00 0.000000000000000000e+00 0.000000000000000000e+00 0.000000000000000000e+00 0.000000000000000000e+00 0.000000000000000000e+00 0.000000000000000000e+00 0.000000000000000000e+00 0.000000000000000000e+00 0.000000000000000000e+00 0.000000000000000000e+00 0.000000000000000000e+00
0.000000000000000000e+00 0.000000000000000000e+00 0.000000000000000000e+00 0.000000000000000000e+00 0.000000000000000000e+00 0.000000000000000000e+00 0.000000000000000000e+00 0.000000000000000000e+00 0.000000000000000000e+00 0.000000000000000000e+00 0.000000000000000000e+00 0.000000000000000000e+00 0.000000000000000000e+00 0.000000000000000000e+00 0.000000000000000000e+00 0.000000000000000000e+00 0.000000000000000000e+00 0.000000000000000000e+00 0.000000000000000000e+00 0.000000000000000000e+00 0.000000000000000000e+00 0.000000000000000000e+00 0.000000000000000000e+00 0.000000000000000000e+00 0.000000000000000000e+00 0.000000000000000000e+00 0.000000000000000000e+00 0.000000000000000000e+00 0.000000000000000000e+00 0.000000000000000000e+00 0.000000000000000000e+00 0.000000000000000000e+00 0.000000000000000000e+00 0.000000000000000000e+00 0.000000000000000000e+00 0.000000000000000000e+00 2.849472687270024062e-07 7.364101677178601536e-06 6.548427340523608160e-06 9.908702159130124157e-06 7.387642330568584661e-06 3.950822298763756620e-05 1.016920130617409434e-05 5.943256290130267364e-05 8.143394363943397155e-05 4.593574407716088140e-05 1.314531624649259423e-04 1.518453902475206394e-04 3.729015589392477227e-04 5.512571906181473356e-04 7.765347818352158742e-04 1.108939766182776487e-03 1.560357112073797788e-03 2.363667450292792054e-03 3.333101125598329686e-03 4.601185775427267359e-03 6.607079119170247532e-03 8.893508589694733638e-03 1.187918390994852601e-02 1.534243903118276756e-02 1.989779827500682760e-02 2.547541369806092040e-02 3.075340064376817784e-02 3.958908373630158628e-02 4.704430327980212156e-02 5.539819740251384489e-02 6.170470083485153634e-02 6.986160886866880915e-02 7.386370137597092489e-02 7.713092551424406695e-02 7.772607428206722291e-02 7.338385347433713790e-02 6.326323280609359723e-02 5.198998455874045965e-02 3.998809786679746736e-02 2.735858138551464785e-02 1.747393092813749951e-02 1.010659695694091607e-02 5.232322388205129689e-03 2.503310361551610175e-03 1.163385997122091346e-03 4.110517822119527675e-04 1.749209658867461941e-04 1.628873162730657754e-04 2.514809253287414166e-05 1.327241284028421869e-05 1.964638954615591212e-06 0.000000000000000000e+00 2.818893492690100532e-07 0.000000000000000000e+00 0.000000000000000000e+00 0.000000000000000000e+00 0.000000000000000000e+00 0.000000000000000000e+00 0.000000000000000000e+00 0.000000000000000000e+00 0.000000000000000000e+00 0.000000000000000000e+00 0.000000000000000000e+00 0.000000000000000000e+00
0.000000000000000000e+00 0.000000000000000000e+00 0.000000000000000000e+00 0.000000000000000000e+00 0.000000000000000000e+00 0.000000000000000000e+00 0.000000000000000000e+00 0.000000000000000000e+00 0.000000000000000000e+00 0.000000000000000000e+00 0.000000000000000000e+00 0.000000000000000000e+00 0.000000000000000000e+00 0.000000000000000000e+00 0.000000000000000000e+00 0.000000000000000000e+00 0.000000000000000000e+00 0.000000000000000000e+00 0.000000000000000000e+00 0.000000000000000000e+00 0.000000000000000000e+00 0.000000000000000000e+00 0.000000000000000000e+00 0.000000000000000000e+00 0.000000000000000000e+00 0.000000000000000000e+00 0.000000000000000000e+00 0.000000000000000000e+00 0.000000000000000000e+00 0.000000000000000000e+00 0.000000000000000000e+00 0.000000000000000000e+00 0.000000000000000000e+00 0.000000000000000000e+00 0.000000000000000000e+00 0.000000000000000000e+00 0.000000000000000000e+00 0.000000000000000000e+00 0.000000000000000000e+00 1.129013393747179723e-06 6.805884821742522024e-06 2.271013594830596610e-06 4.248789025857056081e-06 2.374868100037171517e-05 2.094753601296121421e-05 2.183711103052885782e-05 6.075765389952109970e-05 1.449004822549679458e-04 2.319526741653065924e-04 1.933623205241254259e-04 3.468124167108357588e-04 6.581407756542550017e-04 7.510794565265399700e-04 9.547121612978793801e-04 1.472848404078253839e-03 2.453667178604196190e-03 3.350130098318456449e-03 4.328003026193998765e-03 6.151423857773705844e-03 8.336506843026973354e-03 1.064123053924528189e-02 1.392320123801819159e-02 1.630281433128343699e-02 2.127042671851430214e-02 2.521296389409133365e-02 2.888750126951534353e-02 3.406135848703285840e-02 3.852862845081949511e-02 4.282650154265281450e-02 4.361920789318572689e-02 4.509143508717793070e-02 4.384202245593449981e-02 3.977753780258738020e-02 3.381274272992592506e-02 2.675815906942463282e-02 1.945015827699469665e-02 1.429390960355783613e-02 8.770334153324448045e-03 5.379701916253345519e-03 2.504923242725620464e-03 1.400977356898571976e-03 6.538398875781178000e-04 3.145078464564363585e-04 1.732554125150991269e-04 5.467709842228424386e-05 4.785142910467600632e-05 8.998570779171467953e-06 0.000000000000000000e+00 6.697316482082830177e-06 0.000000000000000000e+00 0.000000000000000000e+00 0.000000000000000000e+00 0.000000000000000000e+00 0.000000000000000000e+00 0.000000000000000000e+00 0.000000000000000000e+00 0.000000000000000000e+00 0.000000000000000000e+00 0.000000000000000000e+00 0.000000000000000000e+00
0.000000000000000000e+00 0.000000000000000000e+00 0.000000000000000000e+00 0.000000000000000000e+00 0.000000000000000000e+00 0.000000000000000000e+00 0.000000000000000000e+00 0.000000000000000000e+00 0.000000000000000000e+00 0.000000000000000000e+00 0.000000000000000000e+00 0.000000000000000000e+00 0.000000000000000000e+00 0.000000000000000000e+00 0.000000000000000000e+00 0.000000000000000000e+00 0.000000000000000000e+00 0.000000000000000000e+00 0.000000000000000000e+00 0.000000000000000000e+00 0.000000000000000000e+00 0.000000000000000000e+00 0.000000000000000000e+00 0.000000000000000000e+00 0.000000000000000000e+00 0.000000000000000000e+00 0.000000000000000000e+00 0.000000000000000000e+00 0.000000000000000000e+00 0.000000000000000000e+00 0.000000000000000000e+00 0.000000000000000000e+00 0.000000000000000000e+00 0.000000000000000000e+00 0.000000000000000000e+00 0.000000000000000000e+00 0.000000000000000000e+00 0.000000000000000000e+00 0.000000000000000000e+00 0.000000000000000000e+00 1.696472417188391115e-06 5.668551135158304013e-07 5.668551135158304013e-07 0.000000000000000000e+00 1.134314136957076840e-06 5.369737549231893231e-06 3.833556381295661339e-05 7.526270851491646721e-05 7.562287686172025289e-05 1.248195690371389679e-04 1.746427459442982731e-04 2.311652608712676488e-04 4.171327813070809529e-04 5.386004807056057192e-04 7.749388398921142713e-04 1.190901073034166674e-03 1.524553878082092820e-03 2.158348588865777358e-03 3.076357457299406725e-03 3.892288863780970620e-03 5.027827173119079306e-03 6.290953290467748114e-03 8.280433503192068112e-03 1.013158450046373719e-02 1.260103092935086627e-02 1.460208944231493160e-02 1.760999674135005702e-02 2.011689174602608945e-02 2.126153934412172361e-02 2.298670293215968746e-02 2.458334339469208860e-02 2.392057861868624943e-02 2.304269804784676856e-02 1.982717344567775861e-02 1.726353828971822005e-02 1.337455435212188404e-02 9.901638926979311819e-03 6.509054081328947278e-03 4.078870338677929516e-03 2.587283517672411565e-03 1.336802251666991716e-03 7.646358011473527224e-04 4.058147829512397044e-04 1.276875551270905892e-04 6.216147165539177518e-05 4.858837389745033033e-05 5.676174768880409350e-06 4.477829931669316941e-06 4.531289311964020064e-06 1.698079516287880996e-06 0.000000000000000000e+00 0.000000000000000000e+00 0.000000000000000000e+00 6.441335731738952998e-06 0.000000000000000000e+00 0.000000000000000000e+00 0.000000000000000000e+00 0.000000000000000000e+00 0.000000000000000000e+00 0.000000000000000000e+00
0.000000000000000000e+00 0.000000000000000000e+00 0.000000000000000000e+00 0.000000000000000000e+00 0.000000000000000000e+00 0.000000000000000000e+00 0.000000000000000000e+00 0.000000000000000000e+00 0.000000000000000000e+00 0.000000000000000000e+00 0.000000000000000000e+00 0.000000000000000000e+00 0.000000000000000000e+00 0.000000000000000000e+00 0.000000000000000000e+00 0.000000000000000000e+00 0.000000000000000000e+00 0.000000000000000000e+00 0.000000000000000000e+00 0.000000000000000000e+00 0.000000000000000000e+00 0.000000000000000000e+00 0.000000000000000000e+00 0.000000000000000000e+00 0.000000000000000000e+00 0.000000000000000000e+00 0.000000000000000000e+00 0.000000000000000000e+00 0.000000000000000000e+00 0.000000000000000000e+00 0.000000000000000000e+00 0.000000000000000000e+00 0.000000000000000000e+00 0.000000000000000000e+00 0.000000000000000000e+00 0.000000000000000000e+00 0.000000000000000000e+00 0.000000000000000000e+00 0.000000000000000000e+00 0.000000000000000000e+00 0.000000000000000000e+00 0.000000000000000000e+00 1.986066326103593356e-06 0.000000000000000000e+00 0.000000000000000000e+00 5.640308429481652578e-06 5.394353964417155097e-06 1.243219605849676963e-05 3.749854046015985376e-05 3.528373621573053755e-05 4.940842252080263216e-05 9.565665596690772527e-05 5.911690538463392435e-05 1.849640872498164480e-04 2.681253685827316357e-04 4.345457685326033822e-04 5.856893906150152911e-04 8.669364330656033520e-04 1.237307277691753913e-03 1.585054267061156413e-03 2.090765078991587648e-03 2.700445312590856514e-03 3.649758624106320785e-03 4.462942728496417828e-03 6.008133420289225000e-03 7.092147297231127766e-03 8.315389144358220977e-03 9.524836467170639046e-03 1.087689856820098916e-02 1.080535491512032813e-02 1.200926906877846680e-02 1.184767855333887857e-02 1.220123695016821219e-02 1.068393043993937606e-02 9.343072545116359179e-03 7.847231304401456817e-03 5.839772890212721265e-03 4.338381506214007005e-03 2.964065119782228943e-03 1.879753010239074195e-03 1.344477664001027511e-03 7.680439272661445564e-04 4.239936653683490180e-04 1.885648749951991589e-04 6.507796695285521585e-05 2.854682360105910465e-05 1.914436580382439067e-05 2.006530144101960502e-05 2.814681873220063839e-07 0.000000000000000000e+00 0.000000000000000000e+00 0.000000000000000000e+00 0.000000000000000000e+00 0.000000000000000000e+00 0.000000000000000000e+00 0.000000000000000000e+00 0.000000000000000000e+00 0.000000000000000000e+00 0.000000000000000000e+00 0.000000000000000000e+00
0.000000000000000000e+00 0.000000000000000000e+00 0.000000000000000000e+00 0.000000000000000000e+00 0.000000000000000000e+00 0.000000000000000000e+00 0.000000000000000000e+00 0.000000000000000000e+00 0.000000000000000000e+00 0.000000000000000000e+00 0.000000000000000000e+00 0.000000000000000000e+00 0.000000000000000000e+00 0.000000000000000000e+00 0.000000000000000000e+00 0.000000000000000000e+00 0.000000000000000000e+00 0.000000000000000000e+00 0.000000000000000000e+00 0.000000000000000000e+00 0.000000000000000000e+00 0.000000000000000000e+00 0.000000000000000000e+00 0.000000000000000000e+00 0.000000000000000000e+00 0.000000000000000000e+00 0.000000000000000000e+00 0.000000000000000000e+00 0.000000000000000000e+00 0.000000000000000000e+00 0.000000000000000000e+00 0.000000000000000000e+00 0.000000000000000000e+00 0.000000000000000000e+00 0.000000000000000000e+00 0.000000000000000000e+00 0.000000000000000000e+00 0.000000000000000000e+00 0.000000000000000000e+00 0.000000000000000000e+00 0.000000000000000000e+00 0.000000000000000000e+00 1.134314136957096957e-06 0.000000000000000000e+00 0.000000000000000000e+00 3.132386999472694597e-06 4.505994292524605385e-06 0.000000000000000000e+00 1.153074468338615806e-05 1.660233373201341385e-05 1.664185763134268497e-05 2.646177350112681012e-05 5.208162789502718937e-05 4.080433901339595987e-05 9.774635460917518992e-05 1.835132993311937321e-04 3.171334768844252740e-04 3.926680103234627761e-04 4.901603094068181015e-04 6.732265231168946045e-04 8.458995137691820371e-04 1.132891124616392095e-03 1.885750676695270621e-03 2.192820855172211963e-03 2.557468622588729076e-03 2.846433138219142938e-03 3.697215919475282594e-03 4.212094983466000905e-03 4.941795873263484656e-03 5.586696282091789534e-03 5.896862711848272279e-03 5.555432278852024709e-03 5.819140033926932000e-03 5.657037089263960115e-03 4.680433897438093793e-03 3.959654427887976738e-03 3.229291119451076653e-03 2.332343062983044304e-03 1.932931797021918661e-03 1.446957323704948714e-03 9.051424927404500605e-04 6.481632875592705520e-04 3.507943003088726886e-04 1.545458569620213290e-04 8.136038460675670088e-05 6.060525267113488294e-05 5.505199491180114304e-05 1.069312065296827905e-05 0.000000000000000000e+00 1.979127013259237271e-06 0.000000000000000000e+00 0.000000000000000000e+00 0.000000000000000000e+00 0.000000000000000000e+00 0.000000000000000000e+00 0.000000000000000000e+00 0.000000000000000000e+00 0.000000000000000000e+00 0.000000000000000000e+00 0.000000000000000000e+00
0.000000000000000000e+00 0.000000000000000000e+00 0.000000000000000000e+00 0.000000000000000000e+00 0.000000000000000000e+00 0.000000000000000000e+00 0.000000000000000000e+00 0.000000000000000000e+00 0.000000000000000000e+00 0.000000000000000000e+00 0.000000000000000000e+00 0.000000000000000000e+00 0.000000000000000000e+00 0.000000000000000000e+00 0.000000000000000000e+00 0.000000000000000000e+00 0.000000000000000000e+00 0.000000000000000000e+00 0.000000000000000000e+00 0.000000000000000000e+00 0.000000000000000000e+00 0.000000000000000000e+00 0.000000000000000000e+00 0.000000000000000000e+00 0.000000000000000000e+00 0.000000000000000000e+00 0.000000000000000000e+00 0.000000000000000000e+00 0.000000000000000000e+00 0.000000000000000000e+00 0.000000000000000000e+00 0.000000000000000000e+00 0.000000000000000000e+00 0.000000000000000000e+00 0.000000000000000000e+00 0.000000000000000000e+00 0.000000000000000000e+00 0.000000000000000000e+00 0.000000000000000000e+00 0.000000000000000000e+00 0.000000000000000000e+00 0.000000000000000000e+00 0.000000000000000000e+00 0.000000000000000000e+00 0.000000000000000000e+00 0.000000000000000000e+00 0.000000000000000000e+00 1.131236615725371289e-06 0.000000000000000000e+00 1.135039708876510730e-06 1.399321853646673932e-05 2.813324078669352981e-07 2.223229068209336889e-05 2.052305743035523716e-05 3.027235602620377197e-05 3.752206647871603678e-05 1.323209304271317501e-04 1.855459471431069858e-04 1.986235628022936593e-04 2.919964965605325344e-04 2.953243183345250476e-04 4.296275462729256286e-04 6.189977559772711626e-04 9.557610508111025714e-04 9.933440395420893923e-04 1.187337445843647055e-03 1.481833244915100895e-03 1.659713923624681889e-03 2.081475196538135758e-03 2.224882633685020764e-03 2.182389719614932170e-03 2.446541791521943034e-03 2.665126381925874040e-03 2.426659651917979950e-03 2.205448516856514662e-03 1.858390499368290337e-03 1.726725052357654805e-03 1.452540254523284604e-03 1.029115530231122398e-03 6.791673093710765517e-04 6.284541732570999347e-04 3.633206815308319165e-04 2.201393369869993684e-04 1.103305015094031475e-04 9.785268559648400120e-05 4.091976073460515764e-05 6.781887383400965808e-06 1.189443134776396982e-05 1.679428740837922717e-06 0.000000000000000000e+00 0.000000000000000000e+00 0.000000000000000000e+00 0.000000000000000000e+00 9.009890070102551652e-06 0.000000000000000000e+00 0.000000000000000000e+00 0.000000000000000000e+00 0.000000000000000000e+00 0.000000000000000000e+00 0.000000000000000000e+00
0.000000000000000000e+00 0.000000000000000000e+00 0.000000000000000000e+00 0.000000000000000000e+00 0.000000000000000000e+00 0.000000000000000000e+00 0.000000000000000000e+00 0.000000000000000000e+00 0.000000000000000000e+00 0.000000000000000000e+00 0.000000000000000000e+00 0.000000000000000000e+00 0.000000000000000000e+00 0.000000000000000000e+00 0.000000000000000000e+00 0.000000000000000000e+00 0.000000000000000000e+00 0.000000000000000000e+00 0.000000000000000000e+00 0.000000000000000000e+00 0.000000000000000000e+00 0.000000000000000000e+00 0.000000000000000000e+00 0.000000000000000000e+00 0.000000000000000000e+00 0.000000000000000000e+00 0.000000000000000000e+00 0.000000000000000000e+00 0.000000000000000000e+00 0.000000000000000000e+00 0.000000000000000000e+00 0.000000000000000000e+00 0.000000000000000000e+00 0.000000000000000000e+00 0.000000000000000000e+00 0.000000000000000000e+00 0.000000000000000000e+00 0.000000000000000000e+00 0.000000000000000000e+00 0.000000000000000000e+00 0.000000000000000000e+00 0.000000000000000000e+00 0.000000000000000000e+00 0.000000000000000000e+00 0.000000000000000000e+00 0.000000000000000000e+00 0.000000000000000000e+00 8.429700469033788415e-07 7.311702031972138101e-06 0.000000000000000000e+00 5.638286644502317981e-07 0.000000000000000000e+00 7.321536411207585075e-06 1.131707600000078711e-06 1.358399581086181508e-05 1.204732415437790883e-05 3.074478472697768252e-05 5.107593243972441269e-05 3.185493406225690661e-05 6.547389734577144802e-05 1.155568862904444939e-04 1.575129028717648521e-04 3.217506677183537404e-04 2.781517711549554039e-04 3.638728645505933897e-04 3.990481078642126706e-04 6.069950677907279312e-04 6.191270518521095438e-04 6.346223376734158638e-04 7.798553478493451194e-04 1.017960779481210743e-03 9.222149953084771059e-04 1.072381981990179348e-03 8.910918813618609862e-04 8.793030583602434030e-04 9.837675271176229627e-04 9.348772517816217840e-04 6.092019874038175336e-04 5.595695784353136399e-04 4.091001374475988989e-04 3.613939838926521391e-04 2.522278394675940669e-04 1.520817454888338685e-04 8.288353258535182289e-05 8.053015821161346396e-05 4.655298880171528206e-05 1.266570817083779723e-05 3.524532576707509147e-05 1.495684440232319518e-05 0.000000000000000000e+00 0.000000000000000000e+00 0.000000000000000000e+00 0.000000000000000000e+00 0.000000000000000000e+00 0.000000000000000000e+00 0.000000000000000000e+00 0.000000000000000000e+00 0.000000000000000000e+00 0.000000000000000000e+00 0.000000000000000000e+00
