2.399900000000000000e+05 5.479018365285264736e+02
3.577330000000000000e+05 3.898433884990145089e+02
4.764340000000000000e+05 3.253037788196659221e+02
5.944430000000000000e+05 2.881211287147223175e+02
7.146300000000000000e+05 2.494579789274085613e+02
8.345000000000000000e+05 2.317568811614265485e+02
9.507160000000000000e+05 2.128877087081704929e+02
1.069507000000000000e+06 1.996439674766694452e+02
1.185918000000000000e+06 1.850752264991790241e+02
1.307489000000000000e+06 1.788650302514211887e+02
1.427853000000000000e+06 1.728829863727170562e+02
1.545218000000000000e+06 1.675082545254957438e+02
1.662763000000000000e+06 1.610909756392382803e+02
1.782320000000000000e+06 1.532112413948617018e+02
1.898483000000000000e+06 1.471669680703867016e+02
2.018398000000000000e+06 1.432434041088792753e+02
2.140412000000000000e+06 1.370017730813115406e+02
2.259755000000000000e+06 1.326080648134569913e+02
2.377413000000000000e+06 1.304169261135420470e+02
2.494794000000000000e+06 1.265493333100629343e+02
2.612482000000000000e+06 1.245441994176950260e+02
2.730109000000000000e+06 1.241449876743319436e+02
2.846573000000000000e+06 1.222155484968165808e+02
2.963736000000000000e+06 1.193643464733633408e+02
3.082554000000000000e+06 1.164891095389491511e+02
3.197962000000000000e+06 1.152317355512308978e+02
3.316620000000000000e+06 1.137641425971260531e+02
3.437687000000000000e+06 1.114818596528474330e+02
3.556988000000000000e+06 1.106902891203836816e+02
3.676465000000000000e+06 1.107543222349454481e+02
3.793977000000000000e+06 1.069995954388003128e+02
3.913774000000000000e+06 1.025288980851181719e+02
4.035411000000000000e+06 9.959119250922128685e+01
4.153488000000000000e+06 1.006771066209696386e+02
4.269486000000000000e+06 9.787549297644092405e+01
4.387101000000000000e+06 9.678783864390467784e+01
4.506124000000000000e+06 9.519863765856027271e+01
4.623787000000000000e+06 9.507992971092960488e+01
4.741389000000000000e+06 9.394771483352511154e+01
4.862328000000000000e+06 9.298618981081735058e+01
4.979855000000000000e+06 9.137185124116824397e+01
5.093849000000000000e+06 9.036998748644747081e+01
5.212681000000000000e+06 8.864145059981017027e+01
5.332805000000000000e+06 8.739720458256870472e+01
5.450220000000000000e+06 8.602140688051059669e+01
5.570636000000000000e+06 8.517167174066125312e+01
5.691213000000000000e+06 8.451369975734863260e+01
5.811694000000000000e+06 8.411504243056819519e+01
5.928929000000000000e+06 8.330268818417894749e+01
6.044780000000000000e+06 8.209418591053304226e+01
6.164986000000000000e+06 8.198192738774704935e+01
6.285929000000000000e+06 8.064532239271520098e+01
6.402915000000000000e+06 7.955984084165031334e+01
6.520951000000000000e+06 7.927395909072875213e+01
6.639978000000000000e+06 7.796340448579643123e+01
6.756904000000000000e+06 7.714407106563730565e+01
6.875271000000000000e+06 7.564950363306276415e+01
6.990441000000000000e+06 7.475858052885058669e+01
7.109349000000000000e+06 7.404228259192512951e+01
7.226643000000000000e+06 7.345439171557949010e+01
7.343241000000000000e+06 7.337468823554853259e+01
7.462260000000000000e+06 7.346255648393012905e+01
7.578634000000000000e+06 7.185690531197367648e+01
7.696250000000000000e+06 7.182977341002784044e+01
7.814904000000000000e+06 7.134674645046172259e+01
7.932122000000000000e+06 7.061948016220699742e+01
8.048201000000000000e+06 6.991932922462096656e+01
8.168194000000000000e+06 6.961221027268253181e+01
8.288377000000000000e+06 7.013556066603719330e+01
8.408333000000000000e+06 6.931947239544548722e+01
8.525585000000000000e+06 6.917954391795436209e+01
8.644400000000000000e+06 6.939551330344538371e+01
8.763348000000000000e+06 6.876552344351289037e+01
8.883149000000000000e+06 6.818373901827729355e+01
8.999832000000000000e+06 6.807843871946823811e+01
9.116416000000000000e+06 6.739279244610489172e+01
9.233031000000000000e+06 6.693711693349914071e+01
9.352171000000000000e+06 6.604197756310318823e+01
9.472444000000000000e+06 6.562369660015582440e+01
9.592738000000000000e+06 6.514454727700636738e+01
9.706907000000000000e+06 6.402123587519282921e+01
9.825245000000000000e+06 6.420141309543041075e+01
9.946080000000000000e+06 6.427794923253793513e+01
1.006179400000000000e+07 6.426616816227881657e+01
1.017931400000000000e+07 6.385621046852904215e+01
1.029792400000000000e+07 6.375622047534560011e+01
1.042028200000000000e+07 6.308466710055279947e+01
1.053399700000000000e+07 6.380446502939300046e+01
1.065435700000000000e+07 6.349306737543641077e+01
1.077346600000000000e+07 6.359605115322309388e+01
1.089535400000000000e+07 6.337836389636150614e+01
1.101205800000000000e+07 6.326269095061179826e+01
1.112707000000000000e+07 6.288572744668258707e+01
1.124558500000000000e+07 6.245800452214685805e+01
1.136234200000000000e+07 6.236889517739149369e+01
1.148205000000000000e+07 6.191373430616003048e+01
1.160249400000000000e+07 6.101058570900274702e+01
1.172087600000000000e+07 6.064773414126760542e+01
1.183843700000000000e+07 6.010160681163480234e+01
1.195887500000000000e+07 5.984829495927635890e+01
1.207694000000000000e+07 5.904711637908535948e+01
1.219468600000000000e+07 5.920840924601476729e+01
1.231363900000000000e+07 5.870590239360610951e+01
1.243428200000000000e+07 5.847376810395636682e+01
1.255185200000000000e+07 5.851756134664994136e+01
1.267332600000000000e+07 5.839137711053030699e+01
1.279598500000000000e+07 5.797856552834445409e+01
1.291304000000000000e+07 5.780590338523886373e+01
1.303214200000000000e+07 5.725718205113539483e+01
1.315311000000000000e+07 5.713758737419339440e+01
1.327026600000000000e+07 5.668014296280503572e+01
1.338909900000000000e+07 5.617710718465772857e+01
1.350656200000000000e+07 5.587012334315946305e+01
1.362121400000000000e+07 5.526220163111258898e+01
1.373864000000000000e+07 5.492050625357641991e+01
1.385698700000000000e+07 5.497086775639655087e+01
1.397509900000000000e+07 5.479836318347501134e+01
1.409485300000000000e+07 5.401821899008071171e+01
1.421249900000000000e+07 5.359009174427764322e+01
1.432838200000000000e+07 5.332624343062542493e+01
1.444640800000000000e+07 5.291241750342334882e+01
1.456196100000000000e+07 5.255146510791524150e+01
1.467930200000000000e+07 5.224901249242807921e+01
1.479565900000000000e+07 5.219745833838743465e+01
1.491172500000000000e+07 5.230021400926929687e+01
1.502798900000000000e+07 5.263842080190146788e+01
1.514299300000000000e+07 5.235043784706326164e+01
1.526226000000000000e+07 5.232315308404033516e+01
1.537895400000000000e+07 5.183582763643573088e+01
1.549787800000000000e+07 5.165711625495225690e+01
1.561576800000000000e+07 5.143016719230200806e+01
1.573649700000000000e+07 5.116417382427416527e+01
1.585444000000000000e+07 5.105437512792683208e+01
1.597223500000000000e+07 5.127907386612203311e+01
1.609090000000000000e+07 5.135185486747875672e+01
1.620756100000000000e+07 5.113846020451597951e+01
1.632489800000000000e+07 5.066295511134920559e+01
1.644443500000000000e+07 5.053640519923958863e+01
1.655994400000000000e+07 5.017922548679175065e+01
1.668130900000000000e+07 4.981852550878721786e+01
1.679921200000000000e+07 4.971563490106534999e+01
1.691681600000000000e+07 4.934877748265898845e+01
1.703508400000000000e+07 4.889544741592678179e+01
1.715480700000000000e+07 4.871353108664362708e+01
1.727317900000000000e+07 4.829144293320006653e+01
1.739529000000000000e+07 4.821654036728794779e+01
1.751588100000000000e+07 4.794190694636875349e+01
1.763235500000000000e+07 4.788168289067036199e+01
1.775159500000000000e+07 4.766344127264671471e+01
1.787373800000000000e+07 4.743786267036595916e+01
1.799675000000000000e+07 4.720549561604594402e+01
1.811398500000000000e+07 4.715674010587763121e+01
1.823317800000000000e+07 4.710210874091529831e+01
1.835086700000000000e+07 4.688957800579446200e+01
1.846843000000000000e+07 4.681681429140039086e+01
1.858988200000000000e+07 4.671634044104448691e+01
1.870627300000000000e+07 4.633927020822519438e+01
1.882573800000000000e+07 4.590398013034621272e+01
1.894364700000000000e+07 4.598897737560938737e+01
1.906761100000000000e+07 4.570487896229438007e+01
1.918395500000000000e+07 4.537077231328656524e+01
1.930168200000000000e+07 4.532275195054248229e+01
1.942028500000000000e+07 4.506270011756264893e+01
1.953819400000000000e+07 4.507181995390975970e+01
1.965884300000000000e+07 4.518257949822655917e+01
1.977755900000000000e+07 4.489083953614336053e+01
1.989540500000000000e+07 4.475541007155398177e+01
2.001173500000000000e+07 4.496787561113033149e+01
2.012964200000000000e+07 4.469220122895684710e+01
2.024841300000000000e+07 4.455732391779211099e+01
2.036693900000000000e+07 4.470749272781271344e+01
2.048440100000000000e+07 4.445194111372060775e+01
2.060283700000000000e+07 4.417399949202294351e+01
2.072098800000000000e+07 4.383073322040468867e+01
2.083876700000000000e+07 4.369977086643343966e+01
2.096025000000000000e+07 4.346933697522113249e+01
2.108108900000000000e+07 4.318823199604298679e+01
2.119664300000000000e+07 4.293084458662171699e+01
2.131414500000000000e+07 4.259867981711705198e+01
2.143419600000000000e+07 4.210162031602877875e+01
2.155144500000000000e+07 4.178368170611899757e+01
2.167003900000000000e+07 4.160791726759003950e+01
2.178957700000000000e+07 4.142443585179366750e+01
2.190921300000000000e+07 4.130058069015280608e+01
2.202898400000000000e+07 4.117134687897861056e+01
2.215037900000000000e+07 4.122547552894890543e+01
2.226616100000000000e+07 4.088162797705947327e+01
2.238214900000000000e+07 4.056794652642867760e+01
2.250015500000000000e+07 4.057500323003034737e+01
2.261454800000000000e+07 4.045703809071143553e+01
2.273569700000000000e+07 4.040453934571506522e+01
2.285676100000000000e+07 4.042168282191799733e+01
2.297179500000000000e+07 4.022953442976218241e+01
2.308751700000000000e+07 4.000074469028056967e+01
2.320794900000000000e+07 3.995704535859009354e+01
2.332503700000000000e+07 3.980830075567953230e+01
2.344314100000000000e+07 3.974572943906182587e+01
2.356393700000000000e+07 3.970700398065064007e+01
2.368421000000000000e+07 3.965717331705936033e+01
2.380026200000000000e+07 3.944867960531764339e+01
2.392052300000000000e+07 3.928550319898678822e+01
2.403704300000000000e+07 3.926480837251668277e+01
2.415422400000000000e+07 3.920471431688791597e+01
2.427243000000000000e+07 3.899131877681359981e+01
2.438889900000000000e+07 3.893701572754510210e+01
2.450669300000000000e+07 3.906299452294589969e+01
2.462542200000000000e+07 3.891915572808102297e+01
2.474558500000000000e+07 3.895842955986388745e+01
2.486667700000000000e+07 3.879283811318114772e+01
2.498665900000000000e+07 3.905636316351508697e+01
2.510455800000000000e+07 3.904107885064934180e+01
2.522422100000000000e+07 3.898089761774065920e+01
2.534408300000000000e+07 3.908156817007241557e+01
2.546387800000000000e+07 3.894178096545625323e+01
2.558353100000000000e+07 3.899462690537929888e+01
2.569936400000000000e+07 3.889810740301748382e+01
2.582049400000000000e+07 3.880914729475147595e+01
2.593791600000000000e+07 3.882054096628831275e+01
2.605607500000000000e+07 3.862247209444891638e+01
2.617523700000000000e+07 3.847248206846142438e+01
2.629216000000000000e+07 3.834672943688676838e+01
2.641230000000000000e+07 3.806280747460186831e+01
2.653248000000000000e+07 3.793747896116041574e+01
2.665172500000000000e+07 3.789890029930563742e+01
2.676770200000000000e+07 3.794209595742338337e+01
2.688686500000000000e+07 3.803415190519908862e+01
2.700825500000000000e+07 3.784755044967744197e+01
2.712711600000000000e+07 3.777491339602098464e+01
2.724475000000000000e+07 3.746481020759082270e+01
2.736011200000000000e+07 3.705100849587029188e+01
2.747805600000000000e+07 3.708196945747833695e+01
2.759685500000000000e+07 3.701037276942368237e+01
2.771377100000000000e+07 3.682756045687298752e+01
2.783142800000000000e+07 3.673660387616006773e+01
2.795028100000000000e+07 3.668191644802756457e+01
2.806795400000000000e+07 3.656503707015679083e+01
2.818340400000000000e+07 3.650088446182476076e+01
2.830161200000000000e+07 3.639393903647809481e+01
2.842125700000000000e+07 3.623091975868327808e+01
2.853998400000000000e+07 3.618698032013437427e+01
2.865555300000000000e+07 3.620843086584136472e+01
2.877379500000000000e+07 3.621168190762210060e+01
2.889143600000000000e+07 3.602159359745729716e+01
2.900811100000000000e+07 3.594170343642774412e+01
2.912638900000000000e+07 3.578318004214249726e+01
2.924359000000000000e+07 3.567108270091751621e+01
2.936205500000000000e+07 3.562357447035799396e+01
2.948180100000000000e+07 3.558402273645790359e+01
2.960217700000000000e+07 3.546243901122058872e+01
2.971889900000000000e+07 3.542578002614212807e+01
2.983795000000000000e+07 3.540272879955987406e+01
2.996168400000000000e+07 3.548987574110565646e+01
3.008000900000000000e+07 3.533668928664957321e+01
3.019646100000000000e+07 3.509281101337886355e+01
3.031563700000000000e+07 3.518679044170082904e+01
3.043261700000000000e+07 3.514697241323630550e+01
3.054859000000000000e+07 3.502160190556458019e+01
3.066865000000000000e+07 3.511888572698525479e+01
3.078772300000000000e+07 3.496773905851194542e+01
3.090434700000000000e+07 3.493309495997834091e+01
3.102379400000000000e+07 3.476473645016140779e+01
3.114054800000000000e+07 3.467860806091178461e+01
3.125819200000000000e+07 3.462299159053422670e+01
3.137686000000000000e+07 3.498483790040386054e+01
3.149428300000000000e+07 3.492846783272960920e+01
3.161166900000000000e+07 3.477291810639766112e+01
3.172908100000000000e+07 3.491042763434300156e+01
3.184923600000000000e+07 3.474515306507428392e+01
3.196843200000000000e+07 3.496081044706584606e+01
3.208298900000000000e+07 3.461887680081139251e+01
3.220079900000000000e+07 3.452306630540778798e+01
3.232189700000000000e+07 3.455149387066200006e+01
3.244161900000000000e+07 3.462471046748879644e+01
3.255848000000000000e+07 3.454536897225924719e+01
3.267791300000000000e+07 3.443290830597571528e+01
3.279469900000000000e+07 3.424851225161923196e+01
3.291346300000000000e+07 3.407709525603177525e+01
3.303079500000000000e+07 3.425230138030659077e+01
3.314835000000000000e+07 3.436014974921872778e+01
3.326562000000000000e+07 3.413185591606161751e+01
3.338267600000000000e+07 3.420035658894715880e+01
3.350156400000000000e+07 3.417266952698450666e+01
3.362095200000000000e+07 3.396965121206229554e+01
3.373665000000000000e+07 3.377916249067737198e+01
3.385297500000000000e+07 3.389594530569296893e+01
3.397314900000000000e+07 3.384141964687658088e+01
3.409097800000000000e+07 3.379111087359571997e+01
3.421041800000000000e+07 3.371846575924381995e+01
3.433120500000000000e+07 3.348557751228867119e+01
3.444902700000000000e+07 3.341126535798650110e+01
3.456989000000000000e+07 3.345781630083835267e+01
3.468962200000000000e+07 3.320577997144100380e+01
3.480874800000000000e+07 3.310151942429015293e+01
3.492574300000000000e+07 3.321439501976223596e+01
3.504553000000000000e+07 3.319558312151361434e+01
3.516323300000000000e+07 3.313938448326388198e+01
3.528426500000000000e+07 3.300144884478852703e+01
3.540275800000000000e+07 3.287391857934580486e+01
3.552142500000000000e+07 3.287126813833459238e+01
3.564036300000000000e+07 3.292347935729009833e+01
3.575540600000000000e+07 3.282128670609425569e+01
3.587498100000000000e+07 3.282760023019447004e+01
3.599167400000000000e+07 3.273646039956663145e+01
3.610621400000000000e+07 3.276376758537310252e+01
3.622413500000000000e+07 3.289356581034762428e+01
3.634065300000000000e+07 3.279236276527871752e+01
3.645832500000000000e+07 3.278400758779255852e+01
3.657869100000000000e+07 3.278736000112296267e+01
3.669700000000000000e+07 3.294148818057772843e+01
3.681225000000000000e+07 3.288857377096110213e+01
3.692788400000000000e+07 3.287011218793809064e+01
3.704573200000000000e+07 3.281125617616880419e+01
3.716703200000000000e+07 3.271818698000369352e+01
3.728245900000000000e+07 3.282760121870106218e+01
3.739976300000000000e+07 3.296979208964053498e+01
3.751631400000000000e+07 3.295047969132830445e+01
3.763785600000000000e+07 3.277494795548470563e+01
3.775518600000000000e+07 3.254827451537902050e+01
3.787430600000000000e+07 3.260154987971086626e+01
3.799205300000000000e+07 3.241888135041291008e+01
3.811340000000000000e+07 3.233937282857617390e+01
3.823291600000000000e+07 3.234674819563625903e+01
3.835131400000000000e+07 3.230054992404075165e+01
3.847185000000000000e+07 3.235590802005336997e+01
3.859063000000000000e+07 3.243179638485597849e+01
3.870988100000000000e+07 3.247713203188554587e+01
3.882829900000000000e+07 3.246378031586669977e+01
3.894533900000000000e+07 3.255877950217063699e+01
3.906767900000000000e+07 3.264363268388807882e+01
3.918700400000000000e+07 3.270520794021239652e+01
3.930131200000000000e+07 3.265827658201854433e+01
3.941855100000000000e+07 3.267775764948904538e+01
3.953691300000000000e+07 3.260309951921875182e+01
3.965410200000000000e+07 3.260676884280863419e+01
3.977459800000000000e+07 3.260651400538675659e+01
3.989516700000000000e+07 3.252708339575842444e+01
4.001475400000000000e+07 3.247237132294004880e+01
4.013068100000000000e+07 3.225095524290095028e+01
4.025011400000000000e+07 3.212078532988580548e+01
4.036730400000000000e+07 3.203748003267312328e+01
4.048250400000000000e+07 3.205024995610052230e+01
4.060033800000000000e+07 3.203309858479073569e+01
4.071988800000000000e+07 3.204849532993495842e+01
4.083903800000000000e+07 3.204888981131903591e+01
4.095884900000000000e+07 3.211390214643123642e+01
4.107960500000000000e+07 3.215285768718135984e+01
4.119457200000000000e+07 3.224662946736439295e+01
4.131437300000000000e+07 3.221053415458619895e+01
4.142949900000000000e+07 3.212892072648483577e+01
4.155138600000000000e+07 3.202865158576960170e+01
4.167153300000000000e+07 3.220437847932551279e+01
4.179192200000000000e+07 3.218315510122534562e+01
4.190879200000000000e+07 3.201740882418289402e+01
4.202342200000000000e+07 3.205224192209191614e+01
4.214266500000000000e+07 3.224375955411596095e+01
4.225820900000000000e+07 3.217000661211852730e+01
4.237716700000000000e+07 3.202712466551589188e+01
4.249233100000000000e+07 3.180587919025658294e+01
4.260974300000000000e+07 3.179313287978931157e+01
4.273069600000000000e+07 3.178124299428516508e+01
4.284727600000000000e+07 3.171496508305829565e+01
4.296780700000000000e+07 3.163885415985308569e+01
4.308630900000000000e+07 3.158030699564928057e+01
4.320398000000000000e+07 3.166398233828760667e+01
4.332305300000000000e+07 3.156873051192138391e+01
4.343991400000000000e+07 3.136667217784850692e+01
4.356095500000000000e+07 3.132383530151149387e+01
4.367982300000000000e+07 3.125283014121751535e+01
4.379883600000000000e+07 3.123749764542919038e+01
4.391570100000000000e+07 3.105108800074730269e+01
4.403472800000000000e+07 3.087720635090151688e+01
4.415317900000000000e+07 3.087564274096017058e+01
4.427015500000000000e+07 3.086862663791835359e+01
4.438986900000000000e+07 3.061086771097313175e+01
4.450876600000000000e+07 3.058881556719033057e+01
4.462686500000000000e+07 3.052986362600474024e+01
4.474605600000000000e+07 3.039559385027314420e+01
4.486276500000000000e+07 3.035355720921431555e+01
4.497993100000000000e+07 3.020065706661948823e+01
4.510048300000000000e+07 3.013980728926976838e+01
4.522017900000000000e+07 3.022619889980548891e+01
4.533693100000000000e+07 3.031010142009843733e+01
4.545493700000000000e+07 3.024048286260197216e+01
4.557160800000000000e+07 3.018938559925795317e+01
4.568941800000000000e+07 3.023812966248681633e+01
4.580809900000000000e+07 3.003545460085423713e+01
4.592810700000000000e+07 3.006719972008624708e+01
4.604769300000000000e+07 3.007403980027390134e+01
4.616559800000000000e+07 2.992073962241506990e+01
4.628330700000000000e+07 2.993066760456629538e+01
4.640218700000000000e+07 2.996015357577463689e+01
4.651948200000000000e+07 2.976379059807802463e+01
4.663393000000000000e+07 2.974283615351588494e+01
4.675510700000000000e+07 2.983010578913923894e+01
4.687350900000000000e+07 2.969713424339859031e+01
4.699121700000000000e+07 2.962921025106725992e+01
4.710899100000000000e+07 2.960624399071930313e+01
4.723229100000000000e+07 2.945487852722528643e+01
4.735220500000000000e+07 2.941933207901535852e+01
4.747422500000000000e+07 2.931687633797410797e+01
4.759024700000000000e+07 2.923483054716640339e+01
4.770455700000000000e+07 2.927506348094859234e+01
4.782020600000000000e+07 2.933288022996170596e+01
4.793906200000000000e+07 2.935470846507653420e+01
4.805658700000000000e+07 2.931622638990208074e+01
4.817804000000000000e+07 2.920905341096250751e+01
4.829714600000000000e+07 2.906410582024646416e+01
4.841476400000000000e+07 2.899316906040632702e+01
4.853248800000000000e+07 2.908977527812588448e+01
4.865000000000000000e+07 2.904899282011614048e+01
4.876489300000000000e+07 2.912911319327684012e+01
4.888304600000000000e+07 2.919946211875753406e+01
4.900179300000000000e+07 2.923407160694466000e+01
4.912219600000000000e+07 2.914830706310357300e+01
4.923728200000000000e+07 2.899344928159619883e+01
4.935469000000000000e+07 2.890784719061377572e+01
4.947307000000000000e+07 2.882139708718892734e+01
4.958877200000000000e+07 2.878879056844927220e+01
4.970587500000000000e+07 2.867353294207775960e+01
4.982498500000000000e+07 2.868569182002584483e+01
4.994288800000000000e+07 2.861318193794902598e+01
5.006293200000000000e+07 2.851325539528464503e+01
5.018074200000000000e+07 2.844378911533674881e+01
5.030038100000000000e+07 2.849578594312786706e+01
5.041881500000000000e+07 2.848452708953258750e+01
5.053557300000000000e+07 2.848404414889327896e+01
5.065232200000000000e+07 2.832529144746017380e+01
5.077235600000000000e+07 2.826162181564379594e+01
5.089118900000000000e+07 2.819313735064957527e+01
5.100707000000000000e+07 2.814103341561765248e+01
5.112428900000000000e+07 2.798527304464244381e+01
5.124039100000000000e+07 2.790388166123717184e+01
5.136234300000000000e+07 2.794451324413196147e+01
5.147980800000000000e+07 2.783687133771453048e+01
5.159416100000000000e+07 2.776185557284517458e+01
5.171105800000000000e+07 2.767208581809798318e+01
5.182771900000000000e+07 2.759294576340723637e+01
5.194869000000000000e+07 2.763549925499690829e+01
5.206845800000000000e+07 2.750477260920077427e+01
5.218646200000000000e+07 2.749193111420679259e+01
5.230483200000000000e+07 2.756074515538226422e+01
5.242339900000000000e+07 2.756114697582469475e+01
5.254127700000000000e+07 2.749513423973866821e+01
5.266210600000000000e+07 2.742276193896051595e+01
5.278317500000000000e+07 2.754034390240727248e+01
5.289779000000000000e+07 2.751464138508652724e+01
5.301502400000000000e+07 2.748223082486009261e+01
5.313290300000000000e+07 2.760552001018673707e+01
5.325041100000000000e+07 2.746407928906068463e+01
5.336562000000000000e+07 2.738133071841198785e+01
5.348758700000000000e+07 2.730041101939938741e+01
5.361163600000000000e+07 2.733610685587771272e+01
5.372735700000000000e+07 2.732359595133448593e+01
5.384695500000000000e+07 2.716512367608228118e+01
5.396871800000000000e+07 2.720981744637638755e+01
5.409012900000000000e+07 2.718492516478108456e+01
5.420811600000000000e+07 2.723384242073958816e+01
5.432750700000000000e+07 2.713821817091674760e+01
5.444915300000000000e+07 2.708819399618596435e+01
5.456979700000000000e+07 2.708798789446585786e+01
5.469018500000000000e+07 2.704268707257420346e+01
5.481024400000000000e+07 2.697463577108830890e+01
5.493022500000000000e+07 2.689385030930327147e+01
5.504852300000000000e+07 2.681490021455487849e+01
5.517008300000000000e+07 2.678725001982026299e+01
5.529078500000000000e+07 2.684011196881837336e+01
5.540724300000000000e+07 2.690981303906067978e+01
5.552325500000000000e+07 2.689702602208706494e+01
5.564496500000000000e+07 2.692859772001387952e+01
5.576439300000000000e+07 2.700028636806472804e+01
5.588228900000000000e+07 2.702014137918013503e+01
5.600279300000000000e+07 2.702327808930917641e+01
5.612418100000000000e+07 2.694009051801960908e+01
5.624310300000000000e+07 2.689221661666165630e+01
5.635932200000000000e+07 2.674983888979893720e+01
5.647791700000000000e+07 2.676409700821938031e+01
5.659759600000000000e+07 2.682756809192232339e+01
5.671696500000000000e+07 2.685312110860250812e+01
5.683688700000000000e+07 2.684071338114052452e+01
5.695428100000000000e+07 2.687794302290533466e+01
5.707256500000000000e+07 2.682755963047931047e+01
5.718724700000000000e+07 2.675140002370492454e+01
5.730198200000000000e+07 2.679317225859284335e+01
5.742066700000000000e+07 2.685429482032791171e+01
5.754144600000000000e+07 2.692631940855201478e+01
5.765785600000000000e+07 2.692417439451659789e+01
5.777789900000000000e+07 2.675292878022493070e+01
5.789885300000000000e+07 2.662817999209733699e+01
5.801757500000000000e+07 2.658434873307264112e+01
5.813305600000000000e+07 2.655517725557947983e+01
5.824915800000000000e+07 2.653875246549062084e+01
5.836889700000000000e+07 2.654478074933241061e+01
5.848896700000000000e+07 2.660828343460224232e+01
5.860535100000000000e+07 2.657928397146852362e+01
5.872410800000000000e+07 2.653772167709421126e+01
5.884126600000000000e+07 2.665577400350442616e+01
5.895866300000000000e+07 2.659526858163365404e+01
5.907570300000000000e+07 2.654683407133712336e+01
5.919271700000000000e+07 2.650867106641305426e+01
5.931441700000000000e+07 2.645856461997058418e+01
5.943199300000000000e+07 2.641583772289121512e+01
5.954929200000000000e+07 2.652056523466145066e+01
5.966435500000000000e+07 2.647602074033276409e+01
5.978379200000000000e+07 2.641276685610170460e+01
5.990147000000000000e+07 2.638470258481516950e+01
6.002165400000000000e+07 2.638119462710231389e+01
6.014114400000000000e+07 2.640924752620921723e+01
6.026005100000000000e+07 2.627620631191328471e+01
6.037790500000000000e+07 2.614787564356006300e+01
6.049735600000000000e+07 2.614345713382297376e+01
6.061640600000000000e+07 2.608275331721319290e+01
6.073231700000000000e+07 2.599285827880483879e+01
6.084671400000000000e+07 2.592414408174166951e+01
6.096587900000000000e+07 2.582972699420149709e+01
6.108605600000000000e+07 2.578262579177872738e+01
6.120749800000000000e+07 2.572533713531474220e+01
6.132358900000000000e+07 2.584909775600399229e+01
6.144143200000000000e+07 2.584667218146095635e+01
6.156246200000000000e+07 2.588230381879343867e+01
6.167998300000000000e+07 2.584118448957700664e+01
6.179992300000000000e+07 2.590946937245006154e+01
6.192005600000000000e+07 2.593812003098923924e+01
6.204156300000000000e+07 2.593866488156485417e+01
6.215570100000000000e+07 2.592248314748122695e+01
6.227481000000000000e+07 2.594279327911633359e+01
6.239145200000000000e+07 2.583769214087896060e+01
6.250867300000000000e+07 2.574698571533847513e+01
6.262703700000000000e+07 2.572046136718396525e+01
6.274651800000000000e+07 2.564223544818223033e+01
6.286380900000000000e+07 2.561130556211239195e+01
6.298265300000000000e+07 2.560796898854017201e+01
6.310107000000000000e+07 2.554412369651258885e+01
6.322001500000000000e+07 2.551228330818029377e+01
6.333590200000000000e+07 2.545818250108640513e+01
6.345203300000000000e+07 2.552675341917194629e+01
6.357034700000000000e+07 2.563223453446092748e+01
6.368989800000000000e+07 2.557683148249589777e+01
6.380894900000000000e+07 2.552391921512176509e+01
6.392938700000000000e+07 2.551318148034665967e+01
6.404924000000000000e+07 2.559602367938868284e+01
6.417169700000000000e+07 2.549963166467308540e+01
6.429363600000000000e+07 2.552924282383356314e+01
6.441165000000000000e+07 2.551146780745556697e+01
6.453233700000000000e+07 2.550799532514643531e+01
6.465034900000000000e+07 2.544432955465468993e+01
6.477185700000000000e+07 2.534049377214755339e+01
6.488993500000000000e+07 2.523468105991915067e+01
6.500716800000000000e+07 2.521408967845608728e+01
6.512354800000000000e+07 2.518851920602235950e+01
6.524384800000000000e+07 2.512747087019695869e+01
6.536626800000000000e+07 2.506741551100287424e+01
6.548520800000000000e+07 2.502658841313574101e+01
6.560124800000000000e+07 2.503439569180095958e+01
6.571854000000000000e+07 2.506201753304107527e+01
6.583367700000000000e+07 2.512737743492298748e+01
6.595406700000000000e+07 2.516103940285404050e+01
6.606966400000000000e+07 2.513499901279412185e+01
6.618803500000000000e+07 2.507578152144660066e+01
6.630409500000000000e+07 2.503925209434615695e+01
6.642101300000000000e+07 2.505961389917446525e+01
6.654036600000000000e+07 2.489411485838049387e+01
6.665909300000000000e+07 2.488207362179445425e+01
6.677553500000000000e+07 2.485206561042105733e+01
6.689386100000000000e+07 2.481048982094285194e+01
6.701199400000000000e+07 2.476279847180088822e+01
6.713177300000000000e+07 2.469846100830874747e+01
6.725157200000000000e+07 2.463774289545372653e+01
6.736981800000000000e+07 2.460232494139537707e+01
6.748793500000000000e+07 2.463773587452750036e+01
6.760736300000000000e+07 2.457772506298691795e+01
6.772590600000000000e+07 2.457295025053349846e+01
6.784326400000000000e+07 2.449988467603620990e+01
6.796402700000000000e+07 2.453854753112228337e+01
6.808181300000000000e+07 2.460728279500903426e+01
6.819576700000000000e+07 2.454553930964922870e+01
6.831205900000000000e+07 2.451705632886061181e+01
6.843103400000000000e+07 2.452235564333632212e+01
6.855105500000000000e+07 2.456597234926458739e+01
6.866821400000000000e+07 2.447048243493739150e+01
6.878610000000000000e+07 2.446721902336523158e+01
6.890636900000000000e+07 2.449597478242764836e+01
6.902651000000000000e+07 2.449363983632414232e+01
6.914309100000000000e+07 2.443873402650411464e+01
6.925883000000000000e+07 2.431252798784070634e+01
6.938013900000000000e+07 2.435072163379403065e+01
6.949594600000000000e+07 2.438466625841881807e+01
6.961315600000000000e+07 2.433258331125138696e+01
6.973256400000000000e+07 2.442311245048841073e+01
6.985620100000000000e+07 2.443493540266062070e+01
6.997474900000000000e+07 2.451982419350332520e+01
7.009260800000000000e+07 2.433693841473853681e+01
7.021035100000000000e+07 2.437706378269077945e+01
7.032995600000000000e+07 2.443787551137009828e+01
7.044561500000000000e+07 2.445690037507664272e+01
7.056871800000000000e+07 2.447551744776477989e+01
7.068758500000000000e+07 2.453016262967289762e+01
7.080421800000000000e+07 2.453123715566295360e+01
7.092278700000000000e+07 2.460071818084180961e+01
7.104292100000000000e+07 2.463598313857853128e+01
7.116340500000000000e+07 2.466275348091305730e+01
7.128194600000000000e+07 2.465110856879572054e+01
7.140047100000000000e+07 2.465651544832956077e+01
7.151732700000000000e+07 2.462749137828680546e+01
7.163790200000000000e+07 2.461122749278591826e+01
7.175437200000000000e+07 2.462060729542081461e+01
7.187257800000000000e+07 2.459792833229282749e+01
7.199170800000000000e+07 2.467848436883845409e+01
7.210749400000000000e+07 2.478486856301623931e+01
7.222591400000000000e+07 2.476570879338513365e+01
7.234778600000000000e+07 2.474825791768698835e+01
7.246804800000000000e+07 2.480884301563300554e+01
7.258910700000000000e+07 2.478883889601820201e+01
7.270591100000000000e+07 2.484960518535216067e+01
7.282876400000000000e+07 2.477416167759611909e+01
7.294589900000000000e+07 2.478168861335001694e+01
7.306057600000000000e+07 2.480661844719779907e+01
7.317773100000000000e+07 2.482100250263606966e+01
7.329915700000000000e+07 2.476429632989848528e+01
7.341694300000000000e+07 2.489819646189475577e+01
7.353679900000000000e+07 2.493833538950263318e+01
7.365864600000000000e+07 2.499812453364566522e+01
7.377706800000000000e+07 2.499376260724870491e+01
7.389381000000000000e+07 2.493101061466911261e+01
7.400988100000000000e+07 2.491673632996534238e+01
7.412755600000000000e+07 2.486971873395356170e+01
7.424538700000000000e+07 2.478016732381504283e+01
7.436504200000000000e+07 2.479369087810206551e+01
7.448410300000000000e+07 2.484981496394534872e+01
7.459907800000000000e+07 2.487759195884885344e+01
7.471771100000000000e+07 2.482943933822840421e+01
7.483442700000000000e+07 2.475751176619315075e+01
7.495516800000000000e+07 2.474419548723250273e+01
7.507749000000000000e+07 2.472788306628420685e+01
7.519186400000000000e+07 2.471145221056443120e+01
7.530964400000000000e+07 2.466806176050681998e+01
7.542832700000000000e+07 2.468663157509047323e+01
7.554656600000000000e+07 2.476780944966917275e+01
7.566541900000000000e+07 2.466135600513962345e+01
7.578605000000000000e+07 2.458614026712047007e+01
7.590538400000000000e+07 2.461754232127574582e+01
7.602229500000000000e+07 2.454207912535615677e+01
7.614554600000000000e+07 2.451669376221410346e+01
7.626541500000000000e+07 2.446389483028369938e+01
7.638493300000000000e+07 2.438766101735444991e+01
7.650194900000000000e+07 2.428750742228287507e+01
7.661959800000000000e+07 2.419513995270584772e+01
7.673654000000000000e+07 2.422890186549405200e+01
7.685857600000000000e+07 2.422829871260078960e+01
7.697662900000000000e+07 2.419699639194472240e+01
7.709550600000000000e+07 2.426561814394730021e+01
7.721672000000000000e+07 2.419991102037481312e+01
7.733636400000000000e+07 2.421303584350267712e+01
7.745623400000000000e+07 2.416241055848467312e+01
7.757515500000000000e+07 2.415523246693610915e+01
7.769408600000000000e+07 2.403720153817990735e+01
7.781189400000000000e+07 2.397115576486826072e+01
7.792923200000000000e+07 2.398726340112560607e+01
7.805191100000000000e+07 2.389463459536670342e+01
7.816946000000000000e+07 2.394079352629853474e+01
7.828755200000000000e+07 2.387361870201406333e+01
7.840971700000000000e+07 2.371596526108725911e+01
7.852854100000000000e+07 2.369346421630508104e+01
7.864467600000000000e+07 2.374788496633633983e+01
7.876452000000000000e+07 2.375702030114397800e+01
7.888329800000000000e+07 2.364337048004986741e+01
7.900152800000000000e+07 2.357985468979399712e+01
7.912381900000000000e+07 2.366712402388809267e+01
7.924146100000000000e+07 2.356300494854507832e+01
7.935587300000000000e+07 2.345689902882113032e+01
7.947560100000000000e+07 2.341785501542230463e+01
7.959436700000000000e+07 2.347952278154762951e+01
7.971218700000000000e+07 2.345222104305867816e+01
7.983167700000000000e+07 2.344842805865870616e+01
7.994834600000000000e+07 2.335759241851055990e+01
8.006743200000000000e+07 2.332513482815129890e+01
8.018650800000000000e+07 2.324413295968156490e+01
8.030587700000000000e+07 2.330480713046146235e+01
8.042665100000000000e+07 2.336138234471830089e+01
8.054391800000000000e+07 2.335328847792854035e+01
8.065933000000000000e+07 2.338652495275335141e+01
8.077849400000000000e+07 2.334416327491389964e+01
8.089781600000000000e+07 2.329553970759830506e+01
8.102041100000000000e+07 2.333566125937885616e+01
8.113709100000000000e+07 2.332294054916867765e+01
8.125523700000000000e+07 2.328266113350150945e+01
8.137327500000000000e+07 2.332421685772574094e+01
8.149188400000000000e+07 2.339784276274194141e+01
8.161291100000000000e+07 2.339761970854303641e+01
8.173281000000000000e+07 2.344521923108102968e+01
8.185176800000000000e+07 2.338317043862433309e+01
8.196714100000000000e+07 2.326702230229591351e+01
8.208563100000000000e+07 2.318147069555314488e+01
8.220555100000000000e+07 2.319816900306931728e+01
8.232375900000000000e+07 2.309237974326490317e+01
8.243931400000000000e+07 2.317446632116989136e+01
8.255867600000000000e+07 2.310738448799627065e+01
8.267995900000000000e+07 2.314489418165316437e+01
8.280067200000000000e+07 2.314723931970611304e+01
8.291894400000000000e+07 2.314341421154886547e+01
8.303732700000000000e+07 2.313086896458153063e+01
8.315535400000000000e+07 2.315478573910764482e+01
8.327329500000000000e+07 2.318888820709770826e+01
8.339068000000000000e+07 2.314499474302090931e+01
8.351130100000000000e+07 2.318195470188014085e+01
8.362596200000000000e+07 2.317073537026285734e+01
8.374298800000000000e+07 2.308155082790583634e+01
8.386006000000000000e+07 2.310895883293901676e+01
8.398185500000000000e+07 2.308467564541122030e+01
8.410637500000000000e+07 2.314141289683561098e+01
8.422161600000000000e+07 2.307554433281304895e+01
8.434021500000000000e+07 2.314054089806194270e+01
8.445917000000000000e+07 2.309763181004631605e+01
8.457623300000000000e+07 2.318573220470488749e+01
8.469701200000000000e+07 2.317689098129044822e+01
8.481525100000000000e+07 2.321719582486012712e+01
8.493452000000000000e+07 2.318381871819459761e+01
8.505438700000000000e+07 2.311558364653858533e+01
8.517575300000000000e+07 2.307986893817406582e+01
8.529658000000000000e+07 2.296807963779547279e+01
8.541704200000000000e+07 2.297546852312742161e+01
8.553667800000000000e+07 2.299145006060802388e+01
8.565621100000000000e+07 2.304988801730383940e+01
8.577288500000000000e+07 2.296173202401384827e+01
8.589464800000000000e+07 2.294681429289826013e+01
8.600882900000000000e+07 2.289026173243961182e+01
8.612853800000000000e+07 2.280034775521530221e+01
8.624689100000000000e+07 2.273172280033299941e+01
8.636406600000000000e+07 2.262144676546117594e+01
8.648190700000000000e+07 2.259628898402451114e+01
8.660395500000000000e+07 2.257645790879637815e+01
8.672173400000000000e+07 2.259133226751977475e+01
8.684032900000000000e+07 2.252721877277446794e+01
8.695844400000000000e+07 2.252017680197403848e+01
8.707846000000000000e+07 2.240459432351688918e+01
8.719665300000000000e+07 2.240181740918899322e+01
8.731381800000000000e+07 2.237557768356324672e+01
8.743462200000000000e+07 2.228275739792552557e+01
8.755241500000000000e+07 2.223899732322227507e+01
8.767088200000000000e+07 2.216447148904400066e+01
8.778902700000000000e+07 2.223501823091677920e+01
8.790935000000000000e+07 2.213022184488386301e+01
8.802554800000000000e+07 2.210478177696311164e+01
8.814616200000000000e+07 2.198921640616888951e+01
8.826490500000000000e+07 2.201342099519097673e+01
8.838210200000000000e+07 2.205821934499533654e+01
8.850531400000000000e+07 2.203423468613779335e+01
8.862531100000000000e+07 2.197470521934430110e+01
8.874529600000000000e+07 2.191320201504729326e+01
8.886050800000000000e+07 2.187857408397801606e+01
8.897635000000000000e+07 2.179690111370290140e+01
8.909619400000000000e+07 2.170311825723167942e+01
8.921384100000000000e+07 2.160483903817375051e+01
8.933273000000000000e+07 2.158657313565927183e+01
8.944777100000000000e+07 2.161364604537388701e+01
8.956526300000000000e+07 2.154175918520702382e+01
8.968470000000000000e+07 2.153359403184304810e+01
8.980302700000000000e+07 2.145231081059826650e+01
8.992399700000000000e+07 2.145745318256180312e+01
9.004324700000000000e+07 2.145379646036257526e+01
9.015944700000000000e+07 2.145319936056692001e+01
9.027777800000000000e+07 2.135083117136808895e+01
9.039664400000000000e+07 2.138647253806391291e+01
9.051976500000000000e+07 2.142505133474774937e+01
9.063922300000000000e+07 2.132770779889336410e+01
9.076021600000000000e+07 2.120885970017775435e+01
9.087921100000000000e+07 2.111345851430538545e+01
9.099772800000000000e+07 2.117454673806309629e+01
9.111619200000000000e+07 2.119362089341208488e+01
9.123416900000000000e+07 2.115884042433066270e+01
9.135387100000000000e+07 2.108935097651579582e+01
9.147658700000000000e+07 2.108526856638613367e+01
9.159463600000000000e+07 2.108341023227710309e+01
9.171137400000000000e+07 2.110807109198889364e+01
9.183020500000000000e+07 2.111495579644026321e+01
9.195047000000000000e+07 2.104934661653749828e+01
9.206877000000000000e+07 2.108367782411247049e+01
9.218573000000000000e+07 2.105486850847709590e+01
9.230640900000000000e+07 2.100675234163442084e+01
9.242586400000000000e+07 2.100213915546814292e+01
9.254261200000000000e+07 2.095936613203491916e+01
9.266282300000000000e+07 2.096488244094688369e+01
9.278359000000000000e+07 2.095463909545285830e+01
9.290124400000000000e+07 2.099927251805069162e+01
9.302066600000000000e+07 2.101259610684067169e+01
9.313977600000000000e+07 2.091422041849499536e+01
9.325999800000000000e+07 2.096462070025735258e+01
9.337981800000000000e+07 2.096897169636181602e+01
9.350039900000000000e+07 2.103311323233532804e+01
9.361712400000000000e+07 2.106183314466416689e+01
9.373577900000000000e+07 2.103443812700820104e+01
9.385366500000000000e+07 2.095032010108234743e+01
9.397291500000000000e+07 2.094244615835366830e+01
9.409142600000000000e+07 2.099334797205108671e+01
9.421175300000000000e+07 2.102825398460718986e+01
9.432900300000000000e+07 2.106251772171067671e+01
9.444675900000000000e+07 2.104781827395840921e+01
9.456670100000000000e+07 2.108922306452488371e+01
9.468653000000000000e+07 2.102332344018344656e+01
9.480449900000000000e+07 2.103979374769236443e+01
9.492278400000000000e+07 2.109760282100967288e+01
9.504166200000000000e+07 2.112829602064763179e+01
9.515787900000000000e+07 2.122601471377118543e+01
9.527853100000000000e+07 2.122495664209638377e+01
9.539802300000000000e+07 2.124110828406824680e+01
9.551448200000000000e+07 2.123448086426973447e+01
9.562994500000000000e+07 2.121104671758422455e+01
9.574875700000000000e+07 2.117045129904166956e+01
9.586873900000000000e+07 2.121219569794163107e+01
9.598846000000000000e+07 2.123276345274918242e+01
9.610496400000000000e+07 2.119923412828188702e+01
9.622418900000000000e+07 2.117988972268904391e+01
9.634247400000000000e+07 2.121335782338829645e+01
9.646281600000000000e+07 2.116991468628496520e+01
9.658080500000000000e+07 2.122581098329457205e+01
9.669905400000000000e+07 2.123814154884677663e+01
9.681565800000000000e+07 2.116816117743906389e+01
9.693233200000000000e+07 2.114221204267685295e+01
9.705226300000000000e+07 2.114252600531960269e+01
9.717043500000000000e+07 2.119502145826616868e+01
9.729037300000000000e+07 2.118725485260951302e+01
9.740782300000000000e+07 2.116591547283711350e+01
9.752411300000000000e+07 2.116565248142180167e+01
9.763979700000000000e+07 2.119450589009678154e+01
9.775915000000000000e+07 2.118511859133585062e+01
9.787669200000000000e+07 2.113992085936056853e+01
9.799439300000000000e+07 2.106131559795791119e+01
9.811292300000000000e+07 2.109631491149081484e+01
9.823096900000000000e+07 2.106551613233126830e+01
9.834932600000000000e+07 2.101941429704512743e+01
9.846917900000000000e+07 2.095303088731337127e+01
9.858908200000000000e+07 2.095892782932579834e+01
9.870777000000000000e+07 2.103560563572846576e+01
9.882445700000000000e+07 2.104929031688503827e+01
9.894186800000000000e+07 2.112098938569715756e+01
9.906026200000000000e+07 2.115042223175512959e+01
9.917871700000000000e+07 2.119207209712569195e+01
9.929464700000000000e+07 2.117300205542414915e+01
9.941481700000000000e+07 2.113542847995376661e+01
9.953509500000000000e+07 2.110174304770509934e+01
9.965492300000000000e+07 2.103801664315187026e+01
9.977144200000000000e+07 2.105407180144834456e+01
9.989133900000000000e+07 2.107905032573858506e+01
1.000122040000000000e+08 2.104790373471002951e+01
1.001354050000000000e+08 2.112746474711630285e+01
1.002533210000000000e+08 2.104727406660960298e+01
1.003736490000000000e+08 2.104091798195325325e+01
1.004922620000000000e+08 2.100998497387737629e+01
1.006128830000000000e+08 2.098688188962858447e+01
1.007336230000000000e+08 2.082698919438957930e+01
1.008508900000000000e+08 2.079564230809008762e+01
1.009689050000000000e+08 2.071862764535778467e+01
1.010873710000000000e+08 2.064245436057730387e+01
1.012047480000000000e+08 2.065857178449372000e+01
1.013245780000000000e+08 2.060339440908244768e+01
1.014389420000000000e+08 2.058197681683484959e+01
1.015578150000000000e+08 2.060487423432519094e+01
1.016758120000000000e+08 2.060624318295555923e+01
1.017920870000000000e+08 2.062882622202794636e+01
1.019148680000000000e+08 2.066586016195128295e+01
1.020346620000000000e+08 2.063433948614570568e+01
1.021511990000000000e+08 2.057505272585546408e+01
1.022654880000000000e+08 2.061932593279066239e+01
1.023836190000000000e+08 2.066683255259550833e+01
1.025037410000000000e+08 2.062140263168448584e+01
1.026218390000000000e+08 2.061000597388578370e+01
1.027417110000000000e+08 2.058590708506589806e+01
1.028567760000000000e+08 2.060215204436841674e+01
1.029723520000000000e+08 2.063880370289490429e+01
1.030890700000000000e+08 2.062311748569519665e+01
1.032072130000000000e+08 2.060136083483286029e+01
1.033246890000000000e+08 2.058422362558670571e+01
1.034418950000000000e+08 2.052177233297756587e+01
1.035595160000000000e+08 2.053712727366109903e+01
1.036780910000000000e+08 2.051268366159951739e+01
1.037953890000000000e+08 2.048875584274316353e+01
1.039133750000000000e+08 2.046068288556036663e+01
1.040318830000000000e+08 2.039276639277052183e+01
1.041483060000000000e+08 2.039749505070974323e+01
1.042644760000000000e+08 2.038285406199597816e+01
1.043805050000000000e+08 2.041086518432692287e+01
1.044976920000000000e+08 2.035501884807760575e+01
1.046159540000000000e+08 2.034867105262114606e+01
1.047337480000000000e+08 2.036029478452273267e+01
1.048488320000000000e+08 2.035134782278148080e+01
1.049666820000000000e+08 2.031601208141442072e+01
1.050847520000000000e+08 2.034554809614002124e+01
1.052042340000000000e+08 2.033059598537365531e+01
1.053234500000000000e+08 2.032380633900034184e+01
1.054433720000000000e+08 2.030991755121157638e+01
1.055614430000000000e+08 2.034618448195119100e+01
1.056792810000000000e+08 2.033109611822684570e+01
1.057978780000000000e+08 2.028017264260174102e+01
1.059141410000000000e+08 2.025325027970666625e+01
1.060320220000000000e+08 2.023978940812397909e+01
1.061491410000000000e+08 2.021309746377283290e+01
1.062639390000000000e+08 2.014784305980253620e+01
1.063844660000000000e+08 2.009865638120815134e+01
1.065021200000000000e+08 2.011870880668960027e+01
1.066241390000000000e+08 2.015712627796444423e+01
1.067464610000000000e+08 2.009899272183816876e+01
1.068606770000000000e+08 2.017993632157904571e+01
1.069790500000000000e+08 2.013035175820507305e+01
1.070982750000000000e+08 2.014524832167603208e+01
1.072151480000000000e+08 2.012680808402327415e+01
1.073324420000000000e+08 2.013991291928523708e+01
1.074529610000000000e+08 2.012375498159574505e+01
1.075737250000000000e+08 2.013987441660987798e+01
1.076896420000000000e+08 2.014570200222497931e+01
1.078082260000000000e+08 2.012429205217125272e+01
1.079264670000000000e+08 2.015407937520850723e+01
1.080455750000000000e+08 2.015056733471234196e+01
1.081634430000000000e+08 2.019783939311656340e+01
1.082803330000000000e+08 2.017056653617408202e+01
1.083983680000000000e+08 2.015223599367192975e+01
1.085146660000000000e+08 2.022088261731302339e+01
1.086366190000000000e+08 2.024152351597950883e+01
1.087549190000000000e+08 2.017784412730125254e+01
1.088731210000000000e+08 2.015893916943125319e+01
1.089943290000000000e+08 2.012332210059352278e+01
1.091111730000000000e+08 2.015655704006917404e+01
1.092262510000000000e+08 2.010783444965444744e+01
1.093453760000000000e+08 2.006392749299233103e+01
1.094676120000000000e+08 2.005033649260231243e+01
1.095856760000000000e+08 2.006021417199188761e+01
1.097032200000000000e+08 1.997163545606852608e+01
1.098208170000000000e+08 1.991762986123255530e+01
1.099376010000000000e+08 1.988921511958125521e+01
1.100568470000000000e+08 1.984167685116794644e+01
1.101757250000000000e+08 1.983844227490963874e+01
1.102970660000000000e+08 1.988050331322009256e+01
1.104142210000000000e+08 1.986658502180461028e+01
1.105333840000000000e+08 1.980332343264711881e+01
1.106514690000000000e+08 1.978510447007676376e+01
1.107707970000000000e+08 1.968412781599984740e+01
1.108889620000000000e+08 1.966287637191843629e+01
1.110081260000000000e+08 1.968614554905231984e+01
1.111297610000000000e+08 1.974574207289825267e+01
1.112454300000000000e+08 1.971677828985752612e+01
1.113637100000000000e+08 1.966956292548022489e+01
1.114812490000000000e+08 1.973090102725862494e+01
1.115989800000000000e+08 1.969667447188702880e+01
1.117184860000000000e+08 1.961244186786308319e+01
1.118357330000000000e+08 1.960997651386588458e+01
1.119515680000000000e+08 1.963733529056419158e+01
1.120702770000000000e+08 1.966604068346276080e+01
1.121868630000000000e+08 1.965226122433461597e+01
1.123034960000000000e+08 1.962295872214648540e+01
1.124217960000000000e+08 1.963307123900995066e+01
1.125387680000000000e+08 1.959781602139618428e+01
1.126598440000000000e+08 1.954125526641296773e+01
1.127772190000000000e+08 1.957396212838417071e+01
1.128952710000000000e+08 1.956565848255234030e+01
1.130162610000000000e+08 1.955488540229125860e+01
1.131397760000000000e+08 1.954631237565626733e+01
1.132567660000000000e+08 1.952593141375097474e+01
1.133764310000000000e+08 1.951458597370746162e+01
1.134940240000000000e+08 1.944857042782102496e+01
1.136146480000000000e+08 1.940004609979463979e+01
1.137322050000000000e+08 1.937482829265015027e+01
1.138525680000000000e+08 1.932173572083780755e+01
1.139692010000000000e+08 1.932326530984645530e+01
1.140891240000000000e+08 1.928698604997400068e+01
1.142070630000000000e+08 1.920203999609794465e+01
1.143232480000000000e+08 1.918632776313685184e+01
1.144444270000000000e+08 1.923637776286978252e+01
1.145624560000000000e+08 1.921669211028367386e+01
1.146820390000000000e+08 1.919309961978839496e+01
1.148007060000000000e+08 1.922056309482529812e+01
1.149207730000000000e+08 1.921347551561853706e+01
1.150388280000000000e+08 1.910116059624950324e+01
1.151560610000000000e+08 1.907695913607092919e+01
1.152727370000000000e+08 1.902724003908141626e+01
1.153893980000000000e+08 1.900621447440018486e+01
1.155092950000000000e+08 1.900885503465812576e+01
1.156264800000000000e+08 1.900557194097275726e+01
1.157438770000000000e+08 1.897398738660656647e+01
1.158626640000000000e+08 1.895587732261321534e+01
1.159811890000000000e+08 1.896436812261185523e+01
1.160985910000000000e+08 1.890607837493587695e+01
1.162180230000000000e+08 1.890917143279373036e+01
1.163385780000000000e+08 1.888399554390566593e+01
1.164558570000000000e+08 1.890493282017525445e+01
1.165723190000000000e+08 1.889491427858049732e+01
1.166904340000000000e+08 1.884706294994123965e+01
1.168089000000000000e+08 1.881607549970621918e+01
1.169288450000000000e+08 1.880447511937210336e+01
1.170439200000000000e+08 1.877487487491792706e+01
1.171622310000000000e+08 1.880200320733517927e+01
1.172799280000000000e+08 1.879176631580303791e+01
1.173958670000000000e+08 1.878446474412581324e+01
1.175141770000000000e+08 1.881724404034577702e+01
1.176326500000000000e+08 1.881529172816654238e+01
1.177500900000000000e+08 1.873401443171059455e+01
1.178678600000000000e+08 1.870936003717235963e+01
1.179908770000000000e+08 1.872769395982884433e+01
1.181085540000000000e+08 1.877445982157566107e+01
1.182241650000000000e+08 1.878080549242007891e+01
1.183433420000000000e+08 1.877353909257970699e+01
1.184615220000000000e+08 1.877737437111379393e+01
1.185791780000000000e+08 1.881913487624001036e+01
1.186984660000000000e+08 1.879547389525981771e+01
1.188178930000000000e+08 1.878374369980777914e+01
1.189346090000000000e+08 1.875896870050886278e+01
1.190533000000000000e+08 1.872926403026700015e+01
1.191751000000000000e+08 1.868415595679079289e+01
1.192934010000000000e+08 1.862814088497920650e+01
1.194100500000000000e+08 1.857462494474825121e+01
1.195278490000000000e+08 1.856876900960282839e+01
1.196479940000000000e+08 1.855505957170212739e+01
1.197622640000000000e+08 1.848047589243411437e+01
1.198820720000000000e+08 1.847771225049612553e+01
1.199990500000000000e+08 1.843718941022429902e+01
1.201176690000000000e+08 1.839009910048890362e+01
1.202350740000000000e+08 1.835681455410178842e+01
1.203550880000000000e+08 1.837992893988970167e+01
1.204725340000000000e+08 1.840793930182560345e+01
1.205909950000000000e+08 1.838951940304565014e+01
1.207061980000000000e+08 1.838803592100712336e+01
1.208209210000000000e+08 1.835498742492723423e+01
1.209390230000000000e+08 1.840095529677078190e+01
1.210547770000000000e+08 1.833718067883898328e+01
1.211720320000000000e+08 1.836319931947912920e+01
1.212924420000000000e+08 1.838245154567108486e+01
1.214067370000000000e+08 1.839981797694498411e+01
1.215265470000000000e+08 1.841182757088096622e+01
1.216441240000000000e+08 1.841096317121330017e+01
1.217603230000000000e+08 1.844099016615479769e+01
1.218778680000000000e+08 1.846549686441770532e+01
1.219954210000000000e+08 1.846943550742581408e+01
1.221149930000000000e+08 1.846711798619341494e+01
1.222313730000000000e+08 1.848581182300417325e+01
1.223469840000000000e+08 1.845480252857455739e+01
1.224641410000000000e+08 1.847947795744584099e+01
1.225836920000000000e+08 1.850325381874742803e+01
1.227010590000000000e+08 1.848382008611323712e+01
1.228197770000000000e+08 1.851079941003669305e+01
1.229387040000000000e+08 1.852482225177215369e+01
1.230554410000000000e+08 1.855691304918347129e+01
1.231784250000000000e+08 1.852469095773326302e+01
1.232992700000000000e+08 1.852805170589052963e+01
1.234196250000000000e+08 1.846383063895683918e+01
1.235375240000000000e+08 1.839795841494442641e+01
1.236524730000000000e+08 1.833219612811048549e+01
1.237691220000000000e+08 1.833253552912600526e+01
1.238809970000000000e+08 1.834659037286691330e+01
1.239999130000000000e+08 1.830511676967569556e+01
1.241155200000000000e+08 1.827831587845389194e+01
1.242357490000000000e+08 1.820127334999478208e+01
1.243598920000000000e+08 1.820582431768226783e+01
1.244772490000000000e+08 1.817893423655778307e+01
1.245934660000000000e+08 1.819580845796098245e+01
1.247133100000000000e+08 1.814059817891704895e+01
1.248298720000000000e+08 1.815027495404763869e+01
1.249483370000000000e+08 1.813185418572822627e+01
1.250685450000000000e+08 1.813421274659636495e+01
1.251858560000000000e+08 1.816375955809338549e+01
1.253075810000000000e+08 1.814439318558079606e+01
1.254263520000000000e+08 1.814405471347373933e+01
1.255429010000000000e+08 1.815723487307845829e+01
1.256617710000000000e+08 1.812012515528147105e+01
1.257793250000000000e+08 1.811297290556024819e+01
1.259003400000000000e+08 1.809434553850295657e+01
1.260199760000000000e+08 1.806729790570782512e+01
1.261386650000000000e+08 1.809795586188164762e+01
1.262540510000000000e+08 1.810562114771566655e+01
1.263704920000000000e+08 1.810216835131449287e+01
1.264919050000000000e+08 1.806768544724292624e+01
1.266093400000000000e+08 1.805035493136724511e+01
1.267273210000000000e+08 1.805250147433060093e+01
1.268439430000000000e+08 1.805243337204253962e+01
1.269636700000000000e+08 1.801366350612912015e+01
1.270811280000000000e+08 1.800005943135363751e+01
1.271967620000000000e+08 1.800945302753501664e+01
1.273139820000000000e+08 1.798105272252288955e+01
1.274301720000000000e+08 1.797036781194283250e+01
1.275468300000000000e+08 1.799096401390772826e+01
1.276661700000000000e+08 1.805773456698426216e+01
1.277838300000000000e+08 1.804238807938242317e+01
1.279001500000000000e+08 1.805134588199717172e+01
1.280157680000000000e+08 1.807556158516095834e+01
1.281302290000000000e+08 1.805199668721692774e+01
1.282496090000000000e+08 1.806915831705456554e+01
1.283648760000000000e+08 1.806696823265954777e+01
1.284813400000000000e+08 1.810811692766809600e+01
1.286014850000000000e+08 1.808858417821089759e+01
1.287221060000000000e+08 1.811451214417404643e+01
1.288374700000000000e+08 1.815841236188512298e+01
1.289553280000000000e+08 1.816241138306805070e+01
1.290712170000000000e+08 1.813447998934292471e+01
1.291890990000000000e+08 1.807384271693195998e+01
1.293100130000000000e+08 1.805244566865628997e+01
1.294290760000000000e+08 1.800358904873625576e+01
1.295487670000000000e+08 1.797183533516472309e+01
1.296676480000000000e+08 1.794323145125743224e+01
1.297856760000000000e+08 1.786846390711348320e+01
1.299060050000000000e+08 1.778719281164006460e+01
1.300253680000000000e+08 1.775066691582528122e+01
1.301447660000000000e+08 1.772879768746659224e+01
1.302663080000000000e+08 1.770156429308011781e+01
1.303871260000000000e+08 1.769433859905549866e+01
1.305071090000000000e+08 1.770858308689164673e+01
1.306258900000000000e+08 1.771187315878373525e+01
1.307415290000000000e+08 1.768234311016889038e+01
1.308641330000000000e+08 1.765559011866723793e+01
1.309786450000000000e+08 1.765692771778383729e+01
1.310983210000000000e+08 1.765679358679676625e+01
1.312174380000000000e+08 1.758420293168184756e+01
1.313349010000000000e+08 1.761454701084078778e+01
1.314534270000000000e+08 1.760207391133983279e+01
1.315694810000000000e+08 1.759873936894732083e+01
1.316910530000000000e+08 1.759756530235218008e+01
1.318119880000000000e+08 1.758625373624392552e+01
1.319283630000000000e+08 1.754944631049765036e+01
1.320454950000000000e+08 1.754301180187359677e+01
1.321633550000000000e+08 1.754242847642512970e+01
1.322825870000000000e+08 1.751031391316687902e+01
1.324023350000000000e+08 1.749968765562666206e+01
1.325223380000000000e+08 1.744955037833033984e+01
1.326400100000000000e+08 1.744547105734821812e+01
1.327592660000000000e+08 1.741000327716053064e+01
1.328773640000000000e+08 1.743694589058457822e+01
1.329971030000000000e+08 1.741030149780351977e+01
1.331138890000000000e+08 1.744003439860320626e+01
1.332319840000000000e+08 1.748548652293730044e+01
1.333508580000000000e+08 1.745021653044115340e+01
1.334688180000000000e+08 1.745998426533572356e+01
1.335880570000000000e+08 1.744556772379858245e+01
1.337048360000000000e+08 1.741978669751430786e+01
1.338207320000000000e+08 1.742019653322842032e+01
1.339358430000000000e+08 1.742339888810242243e+01
1.340561980000000000e+08 1.745182313442787958e+01
1.341755530000000000e+08 1.744073896195540385e+01
1.342944820000000000e+08 1.744349330009639232e+01
1.344146890000000000e+08 1.747899904198325416e+01
1.345333570000000000e+08 1.748825364425085027e+01
1.346516690000000000e+08 1.747171125063072594e+01
1.347709710000000000e+08 1.745276503216506470e+01
1.348915530000000000e+08 1.744886915035955610e+01
1.350099600000000000e+08 1.743047568521896196e+01
1.351259420000000000e+08 1.744570142297646242e+01
1.352442330000000000e+08 1.744575155673090450e+01
1.353603080000000000e+08 1.747607907300110952e+01
1.354789650000000000e+08 1.752841107430973366e+01
1.355977200000000000e+08 1.756387809613933371e+01
1.357174730000000000e+08 1.754886333734548032e+01
1.358332550000000000e+08 1.751557194450499821e+01
1.359525010000000000e+08 1.755944712999677293e+01
1.360704220000000000e+08 1.753930750979493425e+01
1.361862200000000000e+08 1.758493328981445103e+01
1.363079520000000000e+08 1.758407459213094270e+01
1.364268990000000000e+08 1.760998545816267580e+01
1.365480360000000000e+08 1.758946416657747136e+01
1.366656720000000000e+08 1.758216861608011072e+01
1.367850990000000000e+08 1.752380242132864652e+01
1.369068810000000000e+08 1.745788317764267106e+01
1.370248830000000000e+08 1.745756880808770006e+01
1.371448760000000000e+08 1.747768090464982649e+01
1.372658930000000000e+08 1.747817064987744828e+01
1.373836980000000000e+08 1.746171938924899081e+01
1.375003280000000000e+08 1.744409061287857909e+01
1.376212800000000000e+08 1.746523845412014708e+01
1.377376390000000000e+08 1.744867074265619422e+01
1.378554670000000000e+08 1.745447599573809683e+01
1.379757350000000000e+08 1.746703673322451777e+01
1.380912670000000000e+08 1.749485772782920634e+01
1.382062380000000000e+08 1.744363338570848043e+01
1.383237540000000000e+08 1.747063380297844404e+01
1.384434210000000000e+08 1.746970632626957709e+01
1.385656850000000000e+08 1.749052143079709509e+01
1.386829160000000000e+08 1.747989059828568870e+01
1.388009900000000000e+08 1.748451979767194686e+01
1.389205910000000000e+08 1.754884800207281614e+01
1.390408790000000000e+08 1.751943693036242422e+01
1.391601380000000000e+08 1.753648896443626626e+01
1.392767300000000000e+08 1.750963636455761119e+01
1.393988270000000000e+08 1.749212146267426959e+01
1.395197100000000000e+08 1.747902525768362381e+01
1.396381050000000000e+08 1.744924328552489712e+01
1.397532760000000000e+08 1.738108136088120048e+01
1.398732680000000000e+08 1.736671635156590909e+01
1.399937790000000000e+08 1.734508717745889683e+01
1.401113620000000000e+08 1.731381496026921951e+01
1.402287670000000000e+08 1.730187786047315868e+01
1.403505580000000000e+08 1.726465098066114834e+01
1.404712250000000000e+08 1.724998116244040602e+01
1.405878490000000000e+08 1.731547813565110872e+01
1.407063530000000000e+08 1.726479309191909550e+01
1.408248860000000000e+08 1.724885970632600873e+01
1.409437970000000000e+08 1.727656565208150141e+01
1.410649380000000000e+08 1.725757763571166592e+01
1.411819720000000000e+08 1.719107118326036954e+01
1.413005010000000000e+08 1.724880793486252983e+01
1.414179470000000000e+08 1.725559243791433062e+01
1.415387860000000000e+08 1.719704533081959497e+01
1.416556420000000000e+08 1.718344039331257278e+01
1.417728160000000000e+08 1.716408671441645595e+01
1.418924220000000000e+08 1.716547232653445221e+01
1.420120810000000000e+08 1.716582634505581950e+01
1.421314880000000000e+08 1.715813496516992132e+01
1.422493350000000000e+08 1.713182810125127631e+01
1.423693440000000000e+08 1.714628091396705400e+01
1.424868350000000000e+08 1.710130506641607084e+01
1.426011280000000000e+08 1.715950025496046649e+01
1.427190350000000000e+08 1.720693982577015646e+01
1.428391440000000000e+08 1.723723306271726585e+01
1.429590570000000000e+08 1.727018168608555726e+01
1.430773150000000000e+08 1.724434618354889537e+01
1.431943060000000000e+08 1.725502293104320373e+01
1.433114260000000000e+08 1.720638473149058356e+01
1.434333640000000000e+08 1.713004459189181006e+01
1.435522170000000000e+08 1.716268020221006196e+01
1.436686780000000000e+08 1.713062284222808884e+01
1.437887520000000000e+08 1.713681666520400526e+01
1.439091910000000000e+08 1.714821551554387469e+01
1.440320280000000000e+08 1.720107713562882523e+01
1.441483680000000000e+08 1.715456612341697351e+01
1.442667560000000000e+08 1.712675907366207895e+01
1.443870020000000000e+08 1.712987347542002681e+01
1.445041700000000000e+08 1.714472105974455474e+01
1.446225010000000000e+08 1.707953998884946500e+01
1.447382330000000000e+08 1.710144919348320158e+01
1.448586780000000000e+08 1.705681592590348572e+01
1.449797720000000000e+08 1.708815203434258834e+01
1.450983710000000000e+08 1.707366098306330215e+01
1.452188420000000000e+08 1.706963724247967562e+01
1.453347370000000000e+08 1.705261247875311881e+01
1.454532550000000000e+08 1.703566041233626294e+01
1.455712340000000000e+08 1.701180560428283073e+01
1.456911570000000000e+08 1.701792957330644640e+01
1.458077120000000000e+08 1.701408002393202068e+01
1.459256660000000000e+08 1.704196796967987027e+01
1.460426920000000000e+08 1.703257127777497004e+01
1.461598800000000000e+08 1.702065540484604611e+01
1.462792220000000000e+08 1.702939223810287928e+01
1.463936240000000000e+08 1.702190561909985789e+01
1.465140930000000000e+08 1.702428201116855178e+01
1.466332340000000000e+08 1.701194891378051821e+01
1.467532900000000000e+08 1.697381292409879450e+01
1.468726180000000000e+08 1.702619392634976592e+01
1.469907870000000000e+08 1.701989236599796840e+01
1.471083140000000000e+08 1.701569533325881167e+01
1.472258470000000000e+08 1.698818011229571567e+01
1.473442560000000000e+08 1.695805929645016263e+01
1.474607670000000000e+08 1.688997049623095137e+01
1.475805490000000000e+08 1.684109778387080425e+01
1.476996040000000000e+08 1.680290503137720037e+01
1.478201210000000000e+08 1.678585876012030553e+01
1.479373040000000000e+08 1.678110105009997000e+01
1.480580590000000000e+08 1.679593339160357601e+01
1.481731270000000000e+08 1.683478323007050648e+01
1.482933950000000000e+08 1.677496842349156836e+01
1.484116490000000000e+08 1.674723644220233254e+01
1.485321950000000000e+08 1.676868408658115328e+01
1.486495050000000000e+08 1.673384163116572765e+01
1.487654040000000000e+08 1.675570040572240771e+01
1.488827920000000000e+08 1.670008305874103982e+01
1.489993410000000000e+08 1.669673011027659015e+01
1.491172730000000000e+08 1.664438127767633446e+01
1.492325630000000000e+08 1.663034273543755859e+01
1.493553480000000000e+08 1.663728027149463173e+01
1.494770310000000000e+08 1.664365600371653287e+01
1.495959430000000000e+08 1.661545615897020411e+01
1.497140960000000000e+08 1.661284911016746335e+01
1.498331350000000000e+08 1.664883468785862419e+01
1.499514270000000000e+08 1.663016480008752040e+01
1.500709890000000000e+08 1.661631714369450918e+01
1.501895220000000000e+08 1.664653623858022513e+01
1.503070580000000000e+08 1.664668736733116816e+01
1.504266190000000000e+08 1.670216108074698624e+01
1.505458700000000000e+08 1.672984939620668143e+01
1.506650690000000000e+08 1.677245588117606800e+01
1.507857900000000000e+08 1.678465656093103320e+01
1.509052590000000000e+08 1.678314792936857103e+01
1.510262600000000000e+08 1.679969569423809617e+01
1.511441670000000000e+08 1.676524550972470351e+01
1.512642370000000000e+08 1.679205533225009361e+01
1.513815810000000000e+08 1.682428125026643073e+01
1.514982060000000000e+08 1.682210721968258227e+01
1.516177180000000000e+08 1.683203136140121714e+01
1.517321570000000000e+08 1.683826335017158726e+01
1.518485900000000000e+08 1.682059042946576710e+01
1.519690820000000000e+08 1.680087140837505899e+01
1.520857210000000000e+08 1.680553026060111677e+01
1.522056920000000000e+08 1.681959360637726064e+01
1.523258450000000000e+08 1.678847600145343222e+01
1.524394130000000000e+08 1.678720821258708185e+01
1.525596740000000000e+08 1.674607838566681650e+01
1.526770220000000000e+08 1.669110951195989756e+01
1.527959540000000000e+08 1.671133980379692474e+01
1.529184160000000000e+08 1.670457479854473704e+01
1.530379110000000000e+08 1.666225370542646900e+01
1.531554990000000000e+08 1.661808584126387700e+01
1.532760530000000000e+08 1.663389399885115338e+01
1.533951140000000000e+08 1.664371133021434090e+01
1.535156300000000000e+08 1.665853750159108060e+01
1.536339410000000000e+08 1.666488076603764767e+01
1.537536190000000000e+08 1.665398737671215912e+01
1.538738800000000000e+08 1.669318646576840948e+01
1.539930970000000000e+08 1.667408974280523992e+01
1.541125960000000000e+08 1.665604913581367086e+01
1.542266860000000000e+08 1.668649577928997019e+01
1.543454390000000000e+08 1.666450319515181278e+01
1.544638710000000000e+08 1.664466958173590783e+01
1.545828590000000000e+08 1.664819490201496421e+01
1.547033130000000000e+08 1.664258206980494137e+01
1.548229810000000000e+08 1.661743062873046028e+01
1.549423730000000000e+08 1.663570637735524116e+01
1.550604860000000000e+08 1.664704248920716623e+01
1.551793500000000000e+08 1.661784938570740522e+01
1.552986540000000000e+08 1.661249022009783971e+01
1.554175830000000000e+08 1.659739674408493926e+01
1.555362990000000000e+08 1.659649358757626558e+01
1.556533850000000000e+08 1.660545422426751472e+01
1.557723110000000000e+08 1.660330656335887056e+01
1.558925390000000000e+08 1.658545576152632250e+01
1.560093370000000000e+08 1.657878510504097491e+01
1.561270880000000000e+08 1.658807463161091533e+01
1.562448530000000000e+08 1.659490478871269303e+01
1.563608450000000000e+08 1.659405723743336836e+01
1.564793070000000000e+08 1.661636404903190112e+01
1.565987610000000000e+08 1.663749083217655667e+01
1.567184310000000000e+08 1.663081686631592149e+01
1.568328610000000000e+08 1.664192752969615441e+01
1.569511740000000000e+08 1.667651141457911024e+01
1.570714530000000000e+08 1.667741743288556222e+01
1.571872860000000000e+08 1.660039282231993951e+01
1.573044260000000000e+08 1.653839512494071329e+01
1.574218650000000000e+08 1.653184574075532609e+01
1.575386700000000000e+08 1.657116042367235664e+01
1.576586130000000000e+08 1.652475823380686748e+01
1.577761750000000000e+08 1.653837117293256753e+01
1.578917380000000000e+08 1.653704312892442374e+01
1.580134420000000000e+08 1.656243799468172995e+01
1.581312860000000000e+08 1.654773229250377042e+01
1.582493100000000000e+08 1.653886456957381768e+01
1.583691760000000000e+08 1.651718871046549708e+01
1.584873450000000000e+08 1.649915157858354675e+01
1.586047060000000000e+08 1.653833611345890020e+01
1.587233770000000000e+08 1.654726497227507664e+01
1.588433010000000000e+08 1.654563486989544785e+01
1.589613930000000000e+08 1.652938844694378062e+01
1.590771840000000000e+08 1.652605051885534593e+01
1.591943120000000000e+08 1.652785415189590879e+01
1.593147950000000000e+08 1.654628339337610399e+01
1.594325200000000000e+08 1.653226365536166043e+01
1.595510700000000000e+08 1.650208660585686360e+01
1.596715380000000000e+08 1.648689068049798578e+01
1.597883950000000000e+08 1.651466983790265175e+01
1.599066720000000000e+08 1.653407182025103950e+01
1.600222690000000000e+08 1.653082155733063630e+01
1.601444730000000000e+08 1.651155677354775619e+01
1.602604520000000000e+08 1.646637250611009051e+01
1.603800700000000000e+08 1.646499574790367149e+01
1.604967760000000000e+08 1.645634954866427790e+01
1.606175980000000000e+08 1.648470964003636396e+01
1.607357280000000000e+08 1.650217338620080909e+01
1.608555610000000000e+08 1.648309389224639787e+01
1.609721310000000000e+08 1.645572386007206944e+01
1.610915840000000000e+08 1.650057828576156638e+01
1.612095190000000000e+08 1.651576139062264659e+01
1.613268210000000000e+08 1.649737451017354317e+01
1.614466220000000000e+08 1.645561532042059483e+01
1.615690160000000000e+08 1.640904839168794638e+01
1.616864860000000000e+08 1.644226218003403517e+01
1.618034260000000000e+08 1.644469521016905134e+01
1.619231480000000000e+08 1.646066200216721498e+01
1.620454430000000000e+08 1.645755352908921409e+01
1.621619310000000000e+08 1.643878604419832001e+01
1.622787590000000000e+08 1.646966815949465257e+01
1.623994540000000000e+08 1.640512548564546691e+01
1.625172230000000000e+08 1.638916629298324779e+01
1.626378140000000000e+08 1.637113586407328114e+01
1.627551970000000000e+08 1.634656093197947513e+01
1.628726000000000000e+08 1.632974184786487371e+01
1.629930260000000000e+08 1.626670073665159322e+01
1.631108150000000000e+08 1.628162306207960341e+01
1.632276030000000000e+08 1.625009032097010575e+01
1.633461530000000000e+08 1.620743256758780859e+01
1.634645400000000000e+08 1.624617168658699740e+01
1.635830810000000000e+08 1.617691316468519958e+01
1.637017640000000000e+08 1.617700034915849017e+01
1.638207100000000000e+08 1.615193921458965320e+01
1.639401010000000000e+08 1.613510780628595143e+01
1.640596710000000000e+08 1.615001070929926286e+01
1.641771380000000000e+08 1.612402268323018717e+01
1.642963380000000000e+08 1.609807309552499532e+01
1.644160330000000000e+08 1.604233638404842566e+01
1.645358180000000000e+08 1.604299749665486630e+01
1.646514170000000000e+08 1.605737675967166567e+01
1.647693090000000000e+08 1.604115339220529890e+01
1.648878480000000000e+08 1.602341416276396302e+01
1.650068890000000000e+08 1.598726318545061886e+01
1.651248520000000000e+08 1.596014933057286633e+01
1.652438810000000000e+08 1.596092925565363174e+01
1.653614780000000000e+08 1.593324399530536439e+01
1.654777540000000000e+08 1.590689634353939397e+01
1.655929940000000000e+08 1.590682046989155296e+01
1.657108410000000000e+08 1.593229443521405742e+01
1.658292940000000000e+08 1.595328897098527321e+01
1.659485480000000000e+08 1.594534577488700933e+01
1.660682130000000000e+08 1.596068434312832274e+01
1.661872530000000000e+08 1.597328417369028841e+01
1.663073390000000000e+08 1.596041161080512438e+01
1.664250210000000000e+08 1.597354857427888497e+01
1.665413680000000000e+08 1.597809910902103603e+01
1.666621240000000000e+08 1.594514059365950231e+01
1.667824110000000000e+08 1.593766936816842517e+01
1.669021070000000000e+08 1.590634972804208402e+01
1.670205700000000000e+08 1.588386194214657365e+01
1.671398930000000000e+08 1.586809080147379980e+01
1.672592400000000000e+08 1.588508795205938107e+01
1.673762000000000000e+08 1.584998490032894658e+01
1.674946910000000000e+08 1.585290155744961638e+01
1.676158800000000000e+08 1.582394477990151138e+01
1.677362490000000000e+08 1.582871840926333107e+01
1.678528930000000000e+08 1.577561403021966591e+01
1.679741080000000000e+08 1.582992768945550210e+01
1.680938360000000000e+08 1.583401549898129623e+01
1.682131930000000000e+08 1.584057443802675813e+01
1.683311820000000000e+08 1.584113857764242539e+01
1.684498670000000000e+08 1.586635804254311211e+01
1.685662290000000000e+08 1.584407992292572231e+01
1.686851790000000000e+08 1.582172638876245330e+01
1.688027660000000000e+08 1.582438768905052306e+01
1.689234120000000000e+08 1.579791931115838466e+01
1.690451580000000000e+08 1.581630365045653797e+01
1.691643850000000000e+08 1.582160768459423394e+01
1.692853410000000000e+08 1.582653897241075036e+01
1.694018290000000000e+08 1.581741653858993857e+01
1.695179440000000000e+08 1.585059250434141376e+01
1.696360840000000000e+08 1.585301650082038272e+01
1.697521850000000000e+08 1.583947171710856239e+01
1.698748640000000000e+08 1.580780505652083079e+01
1.699935340000000000e+08 1.581210698045598129e+01
1.701146200000000000e+08 1.583508958415276169e+01
1.702318530000000000e+08 1.581057225217829831e+01
1.703520810000000000e+08 1.581635415323107807e+01
1.704751160000000000e+08 1.579078724352413943e+01
1.705951970000000000e+08 1.579081371711004955e+01
1.707141620000000000e+08 1.580539931154928723e+01
1.708320750000000000e+08 1.580803364072696482e+01
1.709481130000000000e+08 1.580398672889289102e+01
1.710664490000000000e+08 1.576992093591993793e+01
1.711859880000000000e+08 1.575244824501991125e+01
1.713055120000000000e+08 1.571947403444200120e+01
1.714224430000000000e+08 1.567287255634032306e+01
1.715389510000000000e+08 1.564488525431742794e+01
1.716565930000000000e+08 1.568131788119688963e+01
1.717766420000000000e+08 1.567015197905448787e+01
1.718923460000000000e+08 1.569085080330734705e+01
1.720106790000000000e+08 1.570360353591512492e+01
1.721281280000000000e+08 1.572341841089586190e+01
1.722452050000000000e+08 1.570608918332921533e+01
1.723655530000000000e+08 1.570415065926647102e+01
1.724832730000000000e+08 1.567357247165376322e+01
1.726037010000000000e+08 1.564557813636454497e+01
1.727228280000000000e+08 1.561319520340693856e+01
1.728430830000000000e+08 1.563777493876706259e+01
1.729631290000000000e+08 1.562255358110772008e+01
1.730829370000000000e+08 1.566915890037883585e+01
1.732024010000000000e+08 1.569568187665802128e+01
1.733199210000000000e+08 1.569944092057478180e+01
1.734369690000000000e+08 1.567631779773825862e+01
1.735537280000000000e+08 1.569280101257153248e+01
1.736736510000000000e+08 1.565208307779493424e+01
1.737929030000000000e+08 1.567207321687616428e+01
1.739103990000000000e+08 1.566028490196292999e+01
1.740274570000000000e+08 1.564456119115210164e+01
1.741465200000000000e+08 1.564323312562298440e+01
1.742662800000000000e+08 1.560741370150337382e+01
1.743878270000000000e+08 1.557786079713673999e+01
1.745054360000000000e+08 1.556643914102168225e+01
1.746235380000000000e+08 1.557871504142168639e+01
1.747428840000000000e+08 1.560654117131116614e+01
1.748592050000000000e+08 1.560386479031758711e+01
1.749784410000000000e+08 1.560408416889671201e+01
1.750955470000000000e+08 1.561402446798392063e+01
1.752168090000000000e+08 1.563782749674975214e+01
1.753346140000000000e+08 1.561116572825333648e+01
1.754533490000000000e+08 1.561454646400350832e+01
1.755737730000000000e+08 1.561610045975401917e+01
1.756919790000000000e+08 1.564155113392025243e+01
1.758086330000000000e+08 1.561864815014550878e+01
1.759283350000000000e+08 1.556750577905032529e+01
1.760486060000000000e+08 1.554776607454215487e+01
1.761644850000000000e+08 1.554369748243628102e+01
1.762805330000000000e+08 1.555480350823341773e+01
1.764007340000000000e+08 1.554965838136541834e+01
1.765183590000000000e+08 1.556722992593288168e+01
1.766400560000000000e+08 1.557908266030167077e+01
1.767607200000000000e+08 1.553792680520130531e+01
1.768785390000000000e+08 1.552575153731458713e+01
1.769972040000000000e+08 1.552813688152015636e+01
1.771167000000000000e+08 1.553858037576793549e+01
1.772312650000000000e+08 1.553655538542331271e+01
1.773515670000000000e+08 1.553052259592822715e+01
1.774695640000000000e+08 1.558229887891732623e+01
1.775880320000000000e+08 1.554792841866965425e+01
1.777050490000000000e+08 1.550427122569334060e+01
1.778211140000000000e+08 1.553309833851563582e+01
1.779383830000000000e+08 1.558318190228098388e+01
1.780552330000000000e+08 1.558641999109577725e+01
1.781741370000000000e+08 1.560228185587678240e+01
1.782926130000000000e+08 1.559257739095013839e+01
1.784130450000000000e+08 1.556952917758821187e+01
1.785312890000000000e+08 1.555015098206379420e+01
1.786504580000000000e+08 1.552143462201501656e+01
1.787687850000000000e+08 1.554021517373324990e+01
1.788874640000000000e+08 1.555888979066239308e+01
1.790063700000000000e+08 1.557591297890084370e+01
1.791256830000000000e+08 1.555196062280858982e+01
1.792467870000000000e+08 1.557404350825718353e+01
1.793637030000000000e+08 1.559548053820499725e+01
1.794794140000000000e+08 1.561580429353690391e+01
1.795966670000000000e+08 1.563476200553845707e+01
1.797155530000000000e+08 1.564211056532287003e+01
1.798327510000000000e+08 1.562699401887360295e+01
1.799502700000000000e+08 1.564403109002053682e+01
1.800678120000000000e+08 1.560665394645396198e+01
1.801871820000000000e+08 1.560482527732215274e+01
1.803052550000000000e+08 1.562780941587840822e+01
1.804227350000000000e+08 1.560359066003232975e+01
1.805429580000000000e+08 1.555605241728845556e+01
1.806614750000000000e+08 1.551613626882934405e+01
1.807791740000000000e+08 1.552496538768489742e+01
1.808990750000000000e+08 1.548039672200333783e+01
1.810169280000000000e+08 1.540848405390406484e+01
1.811347890000000000e+08 1.538847489439263327e+01
1.812508290000000000e+08 1.537779744328067544e+01
1.813706720000000000e+08 1.536685835614135343e+01
1.814892780000000000e+08 1.538391663826896405e+01
1.816064950000000000e+08 1.537565178563674628e+01
1.817230590000000000e+08 1.540655576179718800e+01
1.818422520000000000e+08 1.542475167802821012e+01
1.819602390000000000e+08 1.540520969484768976e+01
1.820776600000000000e+08 1.542918595407162208e+01
1.821955100000000000e+08 1.544044173792062757e+01
1.823143520000000000e+08 1.545247463374199626e+01
1.824298210000000000e+08 1.544577527215287738e+01
1.825450660000000000e+08 1.543420113365838020e+01
1.826605260000000000e+08 1.543637013767555111e+01
1.827809020000000000e+08 1.540782755743031274e+01
1.828992120000000000e+08 1.541349040759066114e+01
1.830185860000000000e+08 1.538245985454174658e+01
1.831331330000000000e+08 1.536719112168425916e+01
1.832519870000000000e+08 1.532766197817323217e+01
1.833717490000000000e+08 1.529778630333633060e+01
1.834899500000000000e+08 1.526902638524695455e+01
1.836103390000000000e+08 1.525874283849502966e+01
1.837291550000000000e+08 1.526177166659079454e+01
1.838473240000000000e+08 1.524115354458685623e+01
1.839628530000000000e+08 1.524880990977037953e+01
1.840787540000000000e+08 1.525075286709378730e+01
1.841989090000000000e+08 1.522534896260731507e+01
1.843137620000000000e+08 1.523148050047324809e+01
1.844333170000000000e+08 1.523922552887024473e+01
1.845516680000000000e+08 1.528173315550269074e+01
1.846719280000000000e+08 1.528316874028029027e+01
1.847890340000000000e+08 1.530126518588542872e+01
1.849066730000000000e+08 1.528477751194229306e+01
1.850268290000000000e+08 1.526743136595584716e+01
1.851443130000000000e+08 1.526631222520194875e+01
1.852629450000000000e+08 1.522104397596002734e+01
1.853816640000000000e+08 1.517832701593723499e+01
1.855003420000000000e+08 1.521793686702212511e+01
1.856174050000000000e+08 1.520796405057181566e+01
1.857361370000000000e+08 1.517139984727067414e+01
1.858543080000000000e+08 1.516545836592661800e+01
1.859722500000000000e+08 1.512681982813942838e+01
1.860910090000000000e+08 1.511256855304917934e+01
1.862092360000000000e+08 1.511673733065882708e+01
1.863289880000000000e+08 1.512713717120260881e+01
1.864493460000000000e+08 1.511239675021875684e+01
1.865679980000000000e+08 1.512271853986237424e+01
1.866877560000000000e+08 1.512863229270155863e+01
1.868087400000000000e+08 1.510411861262809907e+01
1.869280340000000000e+08 1.504437628981752617e+01
1.870469170000000000e+08 1.498864047880092265e+01
1.871633900000000000e+08 1.497013758259855720e+01
1.872833510000000000e+08 1.494882220939333983e+01
1.874033900000000000e+08 1.494322721902381979e+01
1.875194870000000000e+08 1.493508574001973699e+01
1.876378320000000000e+08 1.493094448617745229e+01
1.877559180000000000e+08 1.491290256242738188e+01
1.878727300000000000e+08 1.490608522768075161e+01
1.879899190000000000e+08 1.488414562809239783e+01
1.881102770000000000e+08 1.485649797753729828e+01
1.882273240000000000e+08 1.482747389118790160e+01
1.883433770000000000e+08 1.482607139854906109e+01
1.884629860000000000e+08 1.482382254823591339e+01
1.885816830000000000e+08 1.481013775835550383e+01
1.886991070000000000e+08 1.483339932428307861e+01
1.888198070000000000e+08 1.483434461317850150e+01
1.889374040000000000e+08 1.483598754349890747e+01
1.890556050000000000e+08 1.481755786752046156e+01
1.891706600000000000e+08 1.479698628543822991e+01
1.892903500000000000e+08 1.479746343169002287e+01
1.894100280000000000e+08 1.484132277749171536e+01
1.895269810000000000e+08 1.484852365997473811e+01
1.896449990000000000e+08 1.482603012144329391e+01
1.897634680000000000e+08 1.479811838183106687e+01
1.898829710000000000e+08 1.481905143674446812e+01
1.900016610000000000e+08 1.479734341778292261e+01
1.901159480000000000e+08 1.482561152165294338e+01
1.902347330000000000e+08 1.481024490095079926e+01
1.903544130000000000e+08 1.478414139960478835e+01
1.904722260000000000e+08 1.475442584242760979e+01
1.905920710000000000e+08 1.476628151830534996e+01
1.907100330000000000e+08 1.476443865433323488e+01
1.908292170000000000e+08 1.477400057767528274e+01
1.909459460000000000e+08 1.478745708407773840e+01
1.910624710000000000e+08 1.479473417926555001e+01
1.911789240000000000e+08 1.479678720512436918e+01
1.912960960000000000e+08 1.478022367373468882e+01
1.914139140000000000e+08 1.475091733713869857e+01
1.915308610000000000e+08 1.472120865250451338e+01
1.916473260000000000e+08 1.475077842270689388e+01
1.917623300000000000e+08 1.475010528728110692e+01
1.918791970000000000e+08 1.471885662496603508e+01
1.919963950000000000e+08 1.471776958197517970e+01
1.921119940000000000e+08 1.469936247254935502e+01
1.922295530000000000e+08 1.466911354460026295e+01
1.923472430000000000e+08 1.467377909575495920e+01
1.924654160000000000e+08 1.462017105994146426e+01
1.925858850000000000e+08 1.459448827936361859e+01
1.927022860000000000e+08 1.461450749393393878e+01
1.928204230000000000e+08 1.461133074931082909e+01
1.929392900000000000e+08 1.461843272795024440e+01
1.930581510000000000e+08 1.463388878622597211e+01
1.931756070000000000e+08 1.460746405447324925e+01
1.932947540000000000e+08 1.458140349507112532e+01
1.934103470000000000e+08 1.459489996038566062e+01
1.935278600000000000e+08 1.460865882700119300e+01
1.936486930000000000e+08 1.458329853261081333e+01
1.937656060000000000e+08 1.457428611571103261e+01
1.938834320000000000e+08 1.456062066343558747e+01
1.940004880000000000e+08 1.456597812529151170e+01
1.941175000000000000e+08 1.457825499984396700e+01
1.942362760000000000e+08 1.456331517256214703e+01
1.943569790000000000e+08 1.456359279753180758e+01
1.944750570000000000e+08 1.455474851778056511e+01
1.945962690000000000e+08 1.451720955875448027e+01
1.947153330000000000e+08 1.452943588376860973e+01
1.948331830000000000e+08 1.451985864197366638e+01
1.949531080000000000e+08 1.451697283144270045e+01
1.950687610000000000e+08 1.449777123316400740e+01
1.951881330000000000e+08 1.448284622671206101e+01
1.953045960000000000e+08 1.447750346622379070e+01
1.954252010000000000e+08 1.447375378645711486e+01
1.955417220000000000e+08 1.447203682467918640e+01
1.956607930000000000e+08 1.444842645796270020e+01
1.957826890000000000e+08 1.445578574704188846e+01
1.959022880000000000e+08 1.444634331071693190e+01
1.960206540000000000e+08 1.442677325983195225e+01
1.961395160000000000e+08 1.439376313311304934e+01
1.962612440000000000e+08 1.442167648873436470e+01
1.963837090000000000e+08 1.441060841228322076e+01
1.965002450000000000e+08 1.442559833804847358e+01
1.966203380000000000e+08 1.442018060590017114e+01
1.967405580000000000e+08 1.442766791879167343e+01
1.968594260000000000e+08 1.441747556827669108e+01
1.969777240000000000e+08 1.440817645163714822e+01
1.970963250000000000e+08 1.438561162625356360e+01
1.972121890000000000e+08 1.435809824891975417e+01
1.973291900000000000e+08 1.432850167621083770e+01
1.974484310000000000e+08 1.431147882184461295e+01
1.975649060000000000e+08 1.427563652065727773e+01
1.976862540000000000e+08 1.425649504222689501e+01
1.978050730000000000e+08 1.424498425069979035e+01
1.979201230000000000e+08 1.424938501982310690e+01
1.980386630000000000e+08 1.423220856596032746e+01
1.981589470000000000e+08 1.422298955829663569e+01
1.982768420000000000e+08 1.420357868120947487e+01
1.983976530000000000e+08 1.421068963862219192e+01
1.985138420000000000e+08 1.421572318375727839e+01
1.986345820000000000e+08 1.421160114558744603e+01
1.987514200000000000e+08 1.421219738303080149e+01
1.988732260000000000e+08 1.421042889551884159e+01
1.989945410000000000e+08 1.420342954441850303e+01
1.991117200000000000e+08 1.418776417631907094e+01
1.992316050000000000e+08 1.419253445604591768e+01
1.993509070000000000e+08 1.419723198190446567e+01
1.994666720000000000e+08 1.419419314353907424e+01
1.995836990000000000e+08 1.416029301602366886e+01
1.997012930000000000e+08 1.413574161558100251e+01
1.998234630000000000e+08 1.416129630139550066e+01
1.999412050000000000e+08 1.414458799907136388e+01
2.000576810000000000e+08 1.411280086647719045e+01
2.001724390000000000e+08 1.409387533311528884e+01
2.002905230000000000e+08 1.408184567709575319e+01
2.004089420000000000e+08 1.408031292906254883e+01
2.005283120000000000e+08 1.408346122287617774e+01
2.006468120000000000e+08 1.404962645438551583e+01
2.007636210000000000e+08 1.403264466840708913e+01
2.008798070000000000e+08 1.402463215886272074e+01
2.010000440000000000e+08 1.403696147701540653e+01
2.011168990000000000e+08 1.403449926079846755e+01
2.012323430000000000e+08 1.404571615365599335e+01
2.013521210000000000e+08 1.405302289148203165e+01
2.014654900000000000e+08 1.405518372331138011e+01
2.015871110000000000e+08 1.405709771162249666e+01
2.017063800000000000e+08 1.406031337589176999e+01
2.018218770000000000e+08 1.406241207117917824e+01
2.019418890000000000e+08 1.406324796259318965e+01
2.020594220000000000e+08 1.405899085292046458e+01
2.021748270000000000e+08 1.404956306318846160e+01
2.022916590000000000e+08 1.405314842476136761e+01
2.024124700000000000e+08 1.402624248472798563e+01
2.025301650000000000e+08 1.401914970164424723e+01
2.026480970000000000e+08 1.403296304197868416e+01
2.027641620000000000e+08 1.399633155887410041e+01
2.028821920000000000e+08 1.398610132101549830e+01
2.030029660000000000e+08 1.397325784112434199e+01
2.031192360000000000e+08 1.398662701421772070e+01
2.032415970000000000e+08 1.397944410017943717e+01
2.033584720000000000e+08 1.400705184943798187e+01
2.034793340000000000e+08 1.400034844886205576e+01
2.035979100000000000e+08 1.399362258905337342e+01
2.037190870000000000e+08 1.400498750939418535e+01
2.038403780000000000e+08 1.397744978895616974e+01
2.039579920000000000e+08 1.396686852799636647e+01
2.040772160000000000e+08 1.397516557208548171e+01
2.041972150000000000e+08 1.396919154779427963e+01
2.043152630000000000e+08 1.396596530350258547e+01
2.044362570000000000e+08 1.397935110741075881e+01
2.045575760000000000e+08 1.398725150418793284e+01
2.046771580000000000e+08 1.400093829501932241e+01
2.047942410000000000e+08 1.400192464666814551e+01
2.049128410000000000e+08 1.401258951684436660e+01
2.050327800000000000e+08 1.401156848551205769e+01
2.051499770000000000e+08 1.402896007366400433e+01
2.052678980000000000e+08 1.400823879228330782e+01
2.053865750000000000e+08 1.399069942566076641e+01
2.055055350000000000e+08 1.399139829702903981e+01
2.056239740000000000e+08 1.398295544376601107e+01
2.057393440000000000e+08 1.396596530541821757e+01
2.058593920000000000e+08 1.396502140977412765e+01
2.059740270000000000e+08 1.398473563279148202e+01
2.060926910000000000e+08 1.397767034130249009e+01
2.062115050000000000e+08 1.397420325068244473e+01
2.063304260000000000e+08 1.396723368971481349e+01
2.064467430000000000e+08 1.397438788336866011e+01
2.065669190000000000e+08 1.395819498465798247e+01
2.066846410000000000e+08 1.394566797852935736e+01
2.068019270000000000e+08 1.392390185169676897e+01
2.069178640000000000e+08 1.392591995679896755e+01
2.070364700000000000e+08 1.392904416727923689e+01
2.071525990000000000e+08 1.393507767379778883e+01
2.072734090000000000e+08 1.392110368121599251e+01
2.073915590000000000e+08 1.393678926133628693e+01
2.075087960000000000e+08 1.395395027654838138e+01
2.076255760000000000e+08 1.395857780409565052e+01
2.077408320000000000e+08 1.395987792112522641e+01
2.078584390000000000e+08 1.397064924807712494e+01
2.079780180000000000e+08 1.394792410634926938e+01
2.080980810000000000e+08 1.393683564710442546e+01
2.082155620000000000e+08 1.396779703307952225e+01
2.083365350000000000e+08 1.397579550279159477e+01
2.084535220000000000e+08 1.397139605508522031e+01
2.085717710000000000e+08 1.397610280190178855e+01
2.086875580000000000e+08 1.396793695990279893e+01
2.088048800000000000e+08 1.397991366550864356e+01
2.089234910000000000e+08 1.401126214172335693e+01
2.090402400000000000e+08 1.397725271936831604e+01
2.091579520000000000e+08 1.397207902849321393e+01
2.092748990000000000e+08 1.394842808236612441e+01
2.093918550000000000e+08 1.395255068252868291e+01
2.095101780000000000e+08 1.393583647395453085e+01
2.096305300000000000e+08 1.394239281684930276e+01
2.097449680000000000e+08 1.395104888442682523e+01
2.098647450000000000e+08 1.394077834125295823e+01
2.099818610000000000e+08 1.393041268872956984e+01
2.100995420000000000e+08 1.392510666281530085e+01
2.102190320000000000e+08 1.393772754123911284e+01
2.103352630000000000e+08 1.393835985772271435e+01
2.104545880000000000e+08 1.392784862284507952e+01
2.105722220000000000e+08 1.392897017565961448e+01
2.106912750000000000e+08 1.393600375644236600e+01
2.108109250000000000e+08 1.393889512638891759e+01
2.109307360000000000e+08 1.393028972873243632e+01
2.110497660000000000e+08 1.393635393292693969e+01
2.111652790000000000e+08 1.393054615213520719e+01
2.112832560000000000e+08 1.393059924380864523e+01
2.114033610000000000e+08 1.391968428002232727e+01
2.115236600000000000e+08 1.391601340348119464e+01
2.116397380000000000e+08 1.388948969815975865e+01
2.117586050000000000e+08 1.387679995584090697e+01
2.118795720000000000e+08 1.385846504613382280e+01
2.120008130000000000e+08 1.385513203077293198e+01
2.121155910000000000e+08 1.388358733204790063e+01
2.122318320000000000e+08 1.389126078145192267e+01
2.123521030000000000e+08 1.388468798215093258e+01
2.124695860000000000e+08 1.386996077766400681e+01
2.125891660000000000e+08 1.388459623078051131e+01
2.127055870000000000e+08 1.388310390384870630e+01
2.128259630000000000e+08 1.387785053312494554e+01
2.129455870000000000e+08 1.384843161948876400e+01
2.130629110000000000e+08 1.385445419947371093e+01
2.131835180000000000e+08 1.384288634725703027e+01
2.133007620000000000e+08 1.385865552402147571e+01
2.134228710000000000e+08 1.383654165761697108e+01
2.135405730000000000e+08 1.382795710527467392e+01
2.136576630000000000e+08 1.381097808976580410e+01
2.137811110000000000e+08 1.379941263252170103e+01
2.138990820000000000e+08 1.378180827029530242e+01
2.140169470000000000e+08 1.378946238508933497e+01
2.141366340000000000e+08 1.377699466927161964e+01
2.142573990000000000e+08 1.377537447457223685e+01
2.143743590000000000e+08 1.377080372568745759e+01
2.144932800000000000e+08 1.376839802903244880e+01
2.146113300000000000e+08 1.375537794084817378e+01
2.147278080000000000e+08 1.374973247377301711e+01
2.148462480000000000e+08 1.371343995054749598e+01
2.149637560000000000e+08 1.372327398705237123e+01
2.150843140000000000e+08 1.373999021064964055e+01
2.152025830000000000e+08 1.373551247065968361e+01
2.153191990000000000e+08 1.374350291443269789e+01
2.154357000000000000e+08 1.371302837440568645e+01
2.155543540000000000e+08 1.370462168405270731e+01
2.156696010000000000e+08 1.368966794794309294e+01
2.157882980000000000e+08 1.367404705907568108e+01
2.159074700000000000e+08 1.366380305292798170e+01
2.160240200000000000e+08 1.364916722908801461e+01
2.161402410000000000e+08 1.365200011149730663e+01
2.162589860000000000e+08 1.363618804540444174e+01
2.163752630000000000e+08 1.362764647918643668e+01
2.164945600000000000e+08 1.363836002003421655e+01
2.166126310000000000e+08 1.363346878359154779e+01
2.167288610000000000e+08 1.363054735214427637e+01
2.168476030000000000e+08 1.361857443803752510e+01
2.169683430000000000e+08 1.360798048426792484e+01
2.170855190000000000e+08 1.359394883596714720e+01
2.172029640000000000e+08 1.360386847821771106e+01
2.173217330000000000e+08 1.359695504423161339e+01
2.174425880000000000e+08 1.360916808607303174e+01
2.175593540000000000e+08 1.361569265557239738e+01
2.176779420000000000e+08 1.360970594157453206e+01
2.177952950000000000e+08 1.361194036213227321e+01
2.179158020000000000e+08 1.361401250457596035e+01
2.180354390000000000e+08 1.360956228323761685e+01
2.181527690000000000e+08 1.359603604686564005e+01
2.182737950000000000e+08 1.357808768373553754e+01
2.183948100000000000e+08 1.355520873594021758e+01
2.185133690000000000e+08 1.355685308614484086e+01
2.186307800000000000e+08 1.356294707835245816e+01
2.187479690000000000e+08 1.357164733213218888e+01
2.188678310000000000e+08 1.358517064471428881e+01
2.189878950000000000e+08 1.357249082737854629e+01
2.191040860000000000e+08 1.353739145102279195e+01
2.192251990000000000e+08 1.355630379565893229e+01
2.193420400000000000e+08 1.353139670524366345e+01
2.194597970000000000e+08 1.354665616647331916e+01
2.195810360000000000e+08 1.353166994368272213e+01
2.196999140000000000e+08 1.354727499784735834e+01
2.198180830000000000e+08 1.353077931726426897e+01
2.199362540000000000e+08 1.353928595156268422e+01
2.200531390000000000e+08 1.353909946874192549e+01
2.201721850000000000e+08 1.351115924007041613e+01
2.202914040000000000e+08 1.348833400001936766e+01
2.204104510000000000e+08 1.350387104862669752e+01
2.205287890000000000e+08 1.350733878217357642e+01
2.206481580000000000e+08 1.349391114261355007e+01
2.207672310000000000e+08 1.350816702919095036e+01
2.208852590000000000e+08 1.351389683887787285e+01
2.210072720000000000e+08 1.350908747276494104e+01
2.211263430000000000e+08 1.353078454877918269e+01
2.212436130000000000e+08 1.352690072159838230e+01
2.213611500000000000e+08 1.352410985156926415e+01
2.214807390000000000e+08 1.351623573917810006e+01
2.215983430000000000e+08 1.353372175539715982e+01
2.217154190000000000e+08 1.351120817497985271e+01
2.218349760000000000e+08 1.355042952436670767e+01
2.219533720000000000e+08 1.353463611400405142e+01
2.220711770000000000e+08 1.353575234628710788e+01
2.221906940000000000e+08 1.352620805697224426e+01
2.223070990000000000e+08 1.354898345666823722e+01
2.224302700000000000e+08 1.354294627766825521e+01
2.225489840000000000e+08 1.354070249251107327e+01
2.226691930000000000e+08 1.353946162097685679e+01
2.227850180000000000e+08 1.351976271490423009e+01
2.229063520000000000e+08 1.349954490783890471e+01
2.230217520000000000e+08 1.351530286473136400e+01
2.231384280000000000e+08 1.351777520752180095e+01
2.232567780000000000e+08 1.352315642884808611e+01
2.233749060000000000e+08 1.350745102082722049e+01
2.234911290000000000e+08 1.350629502911485957e+01
2.236127910000000000e+08 1.351437101222322212e+01
2.237275250000000000e+08 1.351078738542138424e+01
2.238441280000000000e+08 1.350791142975944048e+01
2.239637430000000000e+08 1.351512848919615628e+01
2.240823000000000000e+08 1.352418869785730138e+01
2.241993240000000000e+08 1.354246560849612635e+01
2.243158390000000000e+08 1.356060755545947316e+01
2.244322600000000000e+08 1.353248701753512506e+01
2.245504920000000000e+08 1.353953569493747722e+01
2.246660050000000000e+08 1.352115208420218551e+01
2.247834410000000000e+08 1.354406570711461200e+01
2.249022850000000000e+08 1.355234394747552784e+01
2.250192880000000000e+08 1.354431696756213732e+01
2.251336320000000000e+08 1.353834266500533801e+01
2.252516780000000000e+08 1.352505497790504663e+01
2.253710290000000000e+08 1.350326974358796583e+01
2.254885390000000000e+08 1.346809788667205510e+01
2.256094430000000000e+08 1.345757912724111627e+01
2.257290420000000000e+08 1.345408987635871512e+01
2.258459150000000000e+08 1.344578942215110651e+01
2.259668130000000000e+08 1.343733672840061288e+01
2.260866160000000000e+08 1.342591126106801269e+01
2.262063620000000000e+08 1.342746117576671061e+01
2.263229510000000000e+08 1.342926624770644572e+01
2.264407900000000000e+08 1.341218475246759212e+01
2.265597700000000000e+08 1.340921291613341815e+01
2.266799500000000000e+08 1.338746146145135718e+01
2.268008400000000000e+08 1.338661770986520949e+01
2.269191340000000000e+08 1.334894850170142178e+01
2.270344490000000000e+08 1.334331212189607996e+01
2.271534210000000000e+08 1.334125733233204691e+01
2.272710420000000000e+08 1.331649232177483633e+01
2.273899220000000000e+08 1.330997710762449948e+01
2.275055410000000000e+08 1.329571725090256784e+01
2.276224980000000000e+08 1.328535734287076941e+01
2.277400510000000000e+08 1.331160128823955802e+01
2.278573690000000000e+08 1.330761665857501974e+01
2.279767670000000000e+08 1.331269064473823072e+01
2.280974270000000000e+08 1.329804705260133346e+01
2.282118960000000000e+08 1.328879048569557320e+01
2.283311640000000000e+08 1.327166919270598555e+01
2.284499670000000000e+08 1.323897720059850336e+01
2.285645360000000000e+08 1.323994004211269271e+01
2.286842590000000000e+08 1.323868533393281055e+01
2.288018910000000000e+08 1.322583765949605805e+01
2.289204350000000000e+08 1.323517646423075611e+01
2.290369000000000000e+08 1.326318581456440882e+01
2.291515760000000000e+08 1.326337674130423849e+01
2.292665200000000000e+08 1.325168679583126874e+01
2.293838660000000000e+08 1.325738052366810393e+01
2.294988950000000000e+08 1.326795175237889701e+01
2.296204860000000000e+08 1.329353919777854642e+01
2.297401830000000000e+08 1.329185828226418309e+01
2.298577660000000000e+08 1.327968939137425508e+01
2.299763550000000000e+08 1.328434323225724611e+01
2.300952660000000000e+08 1.328375734479544334e+01
2.302121170000000000e+08 1.329538777869587385e+01
2.303290010000000000e+08 1.329463073799716000e+01
2.304505430000000000e+08 1.331410039648925547e+01
2.305669160000000000e+08 1.330764131760254010e+01
2.306892870000000000e+08 1.333461524612378213e+01
2.308083770000000000e+08 1.333508075108160007e+01
2.309286930000000000e+08 1.334126973676970707e+01
2.310446760000000000e+08 1.333595779431746209e+01
2.311631300000000000e+08 1.330167126189082261e+01
2.312785620000000000e+08 1.329967093155872071e+01
2.313960240000000000e+08 1.328705046327224970e+01
2.315154180000000000e+08 1.327260691616211830e+01
2.316339260000000000e+08 1.326953860495897430e+01
2.317506580000000000e+08 1.327008316794031195e+01
2.318691840000000000e+08 1.327505907368784399e+01
2.319857030000000000e+08 1.326982045555540068e+01
2.321049160000000000e+08 1.325125730130363344e+01
2.322257150000000000e+08 1.322764176519000223e+01
2.323456670000000000e+08 1.322554597072245386e+01
2.324656560000000000e+08 1.322353114402877949e+01
2.325853100000000000e+08 1.319946371573779231e+01
2.327041960000000000e+08 1.321415473687241970e+01
2.328235150000000000e+08 1.321144828088633538e+01
2.329387610000000000e+08 1.319885075580399558e+01
2.330549790000000000e+08 1.319846396938638655e+01
2.331700600000000000e+08 1.321109171439715624e+01
2.332875040000000000e+08 1.320547791044604047e+01
2.334062480000000000e+08 1.319002708353331066e+01
2.335266300000000000e+08 1.318393975124505246e+01
2.336429760000000000e+08 1.317354229743803096e+01
2.337651160000000000e+08 1.317254342208326179e+01
2.338846420000000000e+08 1.315821887070685214e+01
2.340051460000000000e+08 1.316575314198782110e+01
2.341234750000000000e+08 1.315405066569419290e+01
2.342427120000000000e+08 1.317064977721423347e+01
2.343592220000000000e+08 1.316809263843646427e+01
2.344791890000000000e+08 1.317266101143404278e+01
2.345958960000000000e+08 1.315679460496326847e+01
2.347115810000000000e+08 1.314944507423608933e+01
2.348283740000000000e+08 1.314678527772730199e+01
2.349475950000000000e+08 1.314875710389205032e+01
2.350632280000000000e+08 1.315701452199893495e+01
2.351834360000000000e+08 1.316878445037260192e+01
2.353018060000000000e+08 1.314182267374498103e+01
2.354224300000000000e+08 1.315214348021309476e+01
2.355403990000000000e+08 1.315053379081275509e+01
2.356582620000000000e+08 1.314105410596210177e+01
2.357754230000000000e+08 1.315342349416578216e+01
2.358980820000000000e+08 1.315612579739590160e+01
2.360164100000000000e+08 1.316649236695526426e+01
2.361358050000000000e+08 1.315464801430837483e+01
2.362562700000000000e+08 1.314653211737359939e+01
2.363753580000000000e+08 1.312789242309279558e+01
2.364919140000000000e+08 1.311309939442449846e+01
2.366101710000000000e+08 1.310977925221184393e+01
2.367284450000000000e+08 1.309821239298941364e+01
2.368451030000000000e+08 1.311448013933938128e+01
2.369650280000000000e+08 1.309773284110181280e+01
2.370863350000000000e+08 1.309499431154969251e+01
2.372076200000000000e+08 1.308604610525750545e+01
2.373292710000000000e+08 1.309370978771451277e+01
2.374488850000000000e+08 1.309165003878284139e+01
2.375704770000000000e+08 1.310174475341115752e+01
2.376872560000000000e+08 1.310194242985309288e+01
2.378055710000000000e+08 1.309220233936137667e+01
2.379240410000000000e+08 1.309723167563030621e+01
2.380418260000000000e+08 1.310241585867424874e+01
2.381598510000000000e+08 1.310432664565869665e+01
2.382819690000000000e+08 1.310410257846996629e+01
2.384030070000000000e+08 1.311654507314471729e+01
2.385222320000000000e+08 1.310297280606719461e+01
2.386431190000000000e+08 1.308194534205766146e+01
2.387627130000000000e+08 1.305977231905553992e+01
2.388812800000000000e+08 1.304119912775561119e+01
2.389977200000000000e+08 1.303012650929880678e+01
2.391158900000000000e+08 1.303456009800886584e+01
2.392318990000000000e+08 1.302189862909040308e+01
2.393494170000000000e+08 1.301186875022714950e+01
2.394662840000000000e+08 1.299723333066841491e+01
2.395865720000000000e+08 1.299205362946841902e+01
2.397048820000000000e+08 1.298987284873859949e+01
2.398233060000000000e+08 1.298643405872022782e+01
2.399400850000000000e+08 1.299136848941872557e+01
2.400583640000000000e+08 1.299053360406286117e+01
2.401771300000000000e+08 1.296954865154113179e+01
2.402965070000000000e+08 1.295027184566307099e+01
2.404158020000000000e+08 1.295891955296653641e+01
2.405339050000000000e+08 1.296481095230510228e+01
2.406525390000000000e+08 1.295815257492925987e+01
2.407720290000000000e+08 1.295507174911310777e+01
2.408910630000000000e+08 1.294102883575063423e+01
2.410102160000000000e+08 1.295230752311637978e+01
2.411271270000000000e+08 1.295779613967751409e+01
2.412432850000000000e+08 1.295174791161283778e+01
2.413651830000000000e+08 1.294744533306474921e+01
2.414814640000000000e+08 1.295112481306349572e+01
2.416011690000000000e+08 1.293709444685066501e+01
2.417176190000000000e+08 1.292534965523126189e+01
2.418392580000000000e+08 1.292439941613028687e+01
2.419570790000000000e+08 1.293497615831511105e+01
2.420803260000000000e+08 1.294219557076304739e+01
2.421996080000000000e+08 1.293779840717642315e+01
2.423149050000000000e+08 1.291660125871831077e+01
2.424339280000000000e+08 1.290868221380305414e+01
2.425525530000000000e+08 1.290803072444779431e+01
2.426704590000000000e+08 1.288898456983582363e+01
2.427897750000000000e+08 1.288189510291461737e+01
2.429078080000000000e+08 1.286994978604212569e+01
2.430258290000000000e+08 1.286305901036727661e+01
2.431453800000000000e+08 1.285975148068132157e+01
2.432641330000000000e+08 1.287441924530034143e+01
2.433811370000000000e+08 1.287190125406152497e+01
2.435000620000000000e+08 1.286969165683687955e+01
2.436202870000000000e+08 1.287590339556736296e+01
2.437406320000000000e+08 1.287685514839389356e+01
2.438573120000000000e+08 1.287776302637294812e+01
2.439762650000000000e+08 1.287885521882771656e+01
2.440924610000000000e+08 1.288092142046774669e+01
2.442116400000000000e+08 1.287526769861718101e+01
2.443301140000000000e+08 1.285807852505664073e+01
2.444494570000000000e+08 1.283810425062261906e+01
2.445698610000000000e+08 1.283707201336162029e+01
2.446887360000000000e+08 1.282509907061140808e+01
2.448067020000000000e+08 1.282113480333533140e+01
2.449219930000000000e+08 1.280959373343375418e+01
2.450398640000000000e+08 1.282128037657188457e+01
2.451552380000000000e+08 1.282975122684444891e+01
2.452730280000000000e+08 1.282066782759944523e+01
2.453965040000000000e+08 1.282641077378220018e+01
2.455159740000000000e+08 1.282272835448661219e+01
2.456373050000000000e+08 1.283179976102008624e+01
2.457538180000000000e+08 1.284079686772054885e+01
2.458737670000000000e+08 1.283670051899615494e+01
2.459891150000000000e+08 1.284138650642290536e+01
2.461078400000000000e+08 1.281729561998135836e+01
2.462234450000000000e+08 1.279074928758159935e+01
2.463418610000000000e+08 1.278146947557875279e+01
2.464598360000000000e+08 1.279578391283386907e+01
2.465757900000000000e+08 1.280150414047055030e+01
2.466930230000000000e+08 1.279398495019016480e+01
2.468090850000000000e+08 1.280629515767903293e+01
2.469292970000000000e+08 1.282128273560855725e+01
2.470507370000000000e+08 1.282801372218806435e+01
2.471686820000000000e+08 1.280044368432407609e+01
2.472847490000000000e+08 1.280355174926850914e+01
2.474027230000000000e+08 1.281221137213279349e+01
2.475189900000000000e+08 1.280703689752169971e+01
2.476392320000000000e+08 1.280379803838651398e+01
2.477590350000000000e+08 1.279386200817548946e+01
2.478783280000000000e+08 1.281072182572208540e+01
2.479952780000000000e+08 1.281675261785298225e+01
2.481141470000000000e+08 1.282708545088356544e+01
2.482330520000000000e+08 1.284517044166510402e+01
2.483509010000000000e+08 1.286154449898563890e+01
2.484674670000000000e+08 1.286204050925618425e+01
2.485843690000000000e+08 1.285308789270236041e+01
2.487034120000000000e+08 1.286229859540636156e+01
2.488217180000000000e+08 1.287250769825953256e+01
2.489401470000000000e+08 1.287694887307149649e+01
2.490592940000000000e+08 1.287042199965138067e+01
2.491778500000000000e+08 1.285555844638782119e+01
2.492980260000000000e+08 1.284779985333732633e+01
2.494179790000000000e+08 1.283238130885815664e+01
2.495350700000000000e+08 1.283788649139074600e+01
2.496498990000000000e+08 1.282344604502902286e+01
2.497670820000000000e+08 1.281899586433236138e+01
2.498853500000000000e+08 1.281035782116666866e+01
2.500038780000000000e+08 1.282499540315536457e+01
2.501187880000000000e+08 1.283501302895774465e+01
2.502355570000000000e+08 1.283643846329263027e+01
2.503572050000000000e+08 1.282208546403389704e+01
2.504760050000000000e+08 1.282995548749672565e+01
2.505997890000000000e+08 1.280525197753709143e+01
2.507178250000000000e+08 1.279289015482239478e+01
2.508387360000000000e+08 1.278240927384476144e+01
2.509584890000000000e+08 1.279902130401144333e+01
2.510770650000000000e+08 1.279110586245084846e+01
2.511990200000000000e+08 1.281175548105654727e+01
2.513145980000000000e+08 1.282545228151619021e+01
2.514318760000000000e+08 1.284719255310546338e+01
2.515521760000000000e+08 1.283881034845950708e+01
2.516688790000000000e+08 1.283343668971645180e+01
2.517893450000000000e+08 1.283063676216972482e+01
2.519062590000000000e+08 1.283625743602999592e+01
2.520245750000000000e+08 1.283849531992275672e+01
2.521440550000000000e+08 1.286000686854411335e+01
2.522643300000000000e+08 1.286209625033232662e+01
2.523840960000000000e+08 1.283499487961645791e+01
2.525026830000000000e+08 1.283836552267929854e+01
2.526227770000000000e+08 1.284257947652666587e+01
2.527403630000000000e+08 1.286873410915874949e+01
2.528614140000000000e+08 1.287555913160861287e+01
2.529825360000000000e+08 1.288467055612426471e+01
2.530993080000000000e+08 1.288355402466587485e+01
2.532173260000000000e+08 1.288885610533759518e+01
2.533379570000000000e+08 1.288506317582921845e+01
2.534542060000000000e+08 1.288189618348995857e+01
2.535707910000000000e+08 1.287182552872963015e+01
2.536890710000000000e+08 1.285117511132040669e+01
2.538080240000000000e+08 1.285079456281508037e+01
2.539275200000000000e+08 1.284440257406002139e+01
2.540465720000000000e+08 1.285211283179081221e+01
2.541647060000000000e+08 1.283987554125368291e+01
2.542810940000000000e+08 1.284806273667375187e+01
2.543988470000000000e+08 1.285757241085049429e+01
2.545171360000000000e+08 1.284787450086592564e+01
2.546345270000000000e+08 1.284565238905756068e+01
2.547520780000000000e+08 1.285784148896291157e+01
2.548687180000000000e+08 1.283257419682061773e+01
2.549916960000000000e+08 1.282402839165914799e+01
2.551072920000000000e+08 1.281472805778288482e+01
2.552282630000000000e+08 1.281246739008226676e+01
2.553454150000000000e+08 1.280091791955135072e+01
2.554649020000000000e+08 1.281482874681509188e+01
2.555859940000000000e+08 1.281242478984585453e+01
2.557037260000000000e+08 1.283595775402059225e+01
2.558191090000000000e+08 1.282883173032539226e+01
2.559399800000000000e+08 1.281901365422690731e+01
2.560613860000000000e+08 1.281178880825184940e+01
2.561801070000000000e+08 1.280998844222679622e+01
2.563025520000000000e+08 1.279452177974862082e+01
2.564217180000000000e+08 1.279664493057684638e+01
2.565433310000000000e+08 1.279901689191385294e+01
2.566651170000000000e+08 1.278451472865546634e+01
2.567865500000000000e+08 1.277342826062128722e+01
2.569031990000000000e+08 1.278182805977918335e+01
2.570202330000000000e+08 1.280314419343139143e+01
2.571367500000000000e+08 1.280342807090878132e+01
2.572527450000000000e+08 1.280896455734878536e+01
2.573720510000000000e+08 1.281633102046121664e+01
2.574861530000000000e+08 1.280672315384559212e+01
2.576040790000000000e+08 1.278326338652104788e+01
2.577233160000000000e+08 1.278060982026974912e+01
2.578355610000000000e+08 1.275577280961196003e+01
2.579537600000000000e+08 1.274660689468780106e+01
2.580705420000000000e+08 1.275469102325489068e+01
2.581879640000000000e+08 1.274504232942483029e+01
2.583056690000000000e+08 1.274717139049878512e+01
2.584233880000000000e+08 1.275861207116066787e+01
2.585424930000000000e+08 1.274120141503261294e+01
2.586586450000000000e+08 1.273054446559400432e+01
2.587770620000000000e+08 1.272107365767537246e+01
2.588991040000000000e+08 1.271322990541862552e+01
2.590131920000000000e+08 1.271025442351009538e+01
2.591323580000000000e+08 1.272102335871279521e+01
2.592517720000000000e+08 1.271468400309940705e+01
2.593732050000000000e+08 1.269521020598851990e+01
2.594936980000000000e+08 1.268706772550738116e+01
2.596134320000000000e+08 1.267259539970165960e+01
2.597318030000000000e+08 1.269691642640193230e+01
2.598516890000000000e+08 1.268749369086321721e+01
2.599699490000000000e+08 1.268615346982675796e+01
2.600867000000000000e+08 1.271384058239204862e+01
2.602058260000000000e+08 1.270784830135068866e+01
2.603257940000000000e+08 1.270852211351607508e+01
2.604445040000000000e+08 1.272303320711008823e+01
2.605645090000000000e+08 1.269565734908421462e+01
2.606796430000000000e+08 1.268273161105353886e+01
2.608003650000000000e+08 1.267191253981125598e+01
2.609179550000000000e+08 1.267551913055472568e+01
2.610389700000000000e+08 1.266350865907286050e+01
2.611557220000000000e+08 1.265651670826957087e+01
2.612758220000000000e+08 1.265909675615044705e+01
2.613960090000000000e+08 1.265005326108911099e+01
2.615161760000000000e+08 1.264306036214418150e+01
2.616339020000000000e+08 1.265913786645365668e+01
2.617520780000000000e+08 1.265141355861728556e+01
2.618693220000000000e+08 1.263412995091783131e+01
2.619828640000000000e+08 1.265071109770397939e+01
2.621009040000000000e+08 1.263353627376374178e+01
2.622188030000000000e+08 1.263446860750269707e+01
2.623405020000000000e+08 1.261587663991347164e+01
2.624574720000000000e+08 1.257783071137857966e+01
2.625750820000000000e+08 1.259160830419591903e+01
2.626924850000000000e+08 1.257680509045091988e+01
2.628102830000000000e+08 1.259067741389528194e+01
2.629304430000000000e+08 1.257682160275154715e+01
2.630491020000000000e+08 1.257451521281307194e+01
2.631684040000000000e+08 1.257380632276893628e+01
2.632866870000000000e+08 1.260141417434338074e+01
2.634045590000000000e+08 1.259714593581253439e+01
2.635237360000000000e+08 1.260576246198768402e+01
2.636426830000000000e+08 1.261030095028591447e+01
2.637618380000000000e+08 1.260967119573494166e+01
2.638778400000000000e+08 1.259496118703896883e+01
2.639952010000000000e+08 1.257229180630410958e+01
2.641135050000000000e+08 1.257207782243299476e+01
2.642322310000000000e+08 1.255486851625187406e+01
2.643532520000000000e+08 1.253111012259309653e+01
2.644732110000000000e+08 1.253135009479810869e+01
2.645887570000000000e+08 1.253301989117447057e+01
2.647072470000000000e+08 1.251141669880308349e+01
2.648285050000000000e+08 1.250789792057462613e+01
2.649490840000000000e+08 1.251210866642447606e+01
2.650691820000000000e+08 1.250257036208609485e+01
2.651861640000000000e+08 1.249310842980692016e+01
2.653033160000000000e+08 1.247107740178560853e+01
2.654272380000000000e+08 1.246812772059213614e+01
2.655466400000000000e+08 1.247578694499201291e+01
2.656615780000000000e+08 1.247863594794292297e+01
2.657810460000000000e+08 1.248017956984606691e+01
2.658994440000000000e+08 1.247779130642433643e+01
2.660201220000000000e+08 1.246892906238742427e+01
2.661385200000000000e+08 1.247453261368593580e+01
2.662570140000000000e+08 1.246492179342595463e+01
2.663750910000000000e+08 1.247978363220984122e+01
2.664958040000000000e+08 1.248639812274906546e+01
2.666136750000000000e+08 1.247781731018964635e+01
2.667300450000000000e+08 1.247277318883969599e+01
2.668482190000000000e+08 1.247361161172565858e+01
2.669660670000000000e+08 1.247954867914647537e+01
2.670836660000000000e+08 1.248488674536585918e+01
2.672031190000000000e+08 1.247131774704153706e+01
2.673217000000000000e+08 1.244758008485116996e+01
2.674408690000000000e+08 1.245407169319276441e+01
2.675576820000000000e+08 1.243365957612543937e+01
2.676796320000000000e+08 1.242980766567782247e+01
2.677975530000000000e+08 1.241052259993837481e+01
2.679149250000000000e+08 1.240502207088746189e+01
2.680314110000000000e+08 1.240729149759021865e+01
2.681504620000000000e+08 1.240470778340645452e+01
2.682686520000000000e+08 1.240107478343262670e+01
2.683885510000000000e+08 1.239477034675343958e+01
2.685042990000000000e+08 1.239051591362808225e+01
2.686241250000000000e+08 1.238056506700377568e+01
2.687415940000000000e+08 1.238325115139878640e+01
2.688604850000000000e+08 1.237201742105604474e+01
2.689781080000000000e+08 1.235878811270991307e+01
2.690968190000000000e+08 1.236190093705642745e+01
2.692137520000000000e+08 1.235382569051852997e+01
2.693310040000000000e+08 1.235834029579750215e+01
2.694519130000000000e+08 1.235624432279323948e+01
2.695699950000000000e+08 1.236402490548792876e+01
2.696853310000000000e+08 1.235673614129883013e+01
2.698052430000000000e+08 1.235479178600427375e+01
2.699261380000000000e+08 1.235059797098720580e+01
2.700439350000000000e+08 1.234033640983473923e+01
2.701604670000000000e+08 1.235881052655687640e+01
2.702814550000000000e+08 1.234965985987165205e+01
2.703989700000000000e+08 1.234324905903038960e+01
2.705205530000000000e+08 1.234218209071431538e+01
2.706384710000000000e+08 1.232896705781883995e+01
2.707577840000000000e+08 1.231113375231039520e+01
2.708745040000000000e+08 1.230888737500574415e+01
2.709964670000000000e+08 1.229629121395939961e+01
2.711123270000000000e+08 1.230924757701684413e+01
2.712323600000000000e+08 1.230539405867965286e+01
2.713525800000000000e+08 1.228958328078117468e+01
2.714732230000000000e+08 1.231052145986340918e+01
2.715897170000000000e+08 1.229289889559212590e+01
2.717100220000000000e+08 1.229028511578072980e+01
2.718276030000000000e+08 1.227166689836799307e+01
2.719468550000000000e+08 1.226016336382993899e+01
2.720652760000000000e+08 1.225286373324410327e+01
2.721837580000000000e+08 1.225576523773690418e+01
2.723019620000000000e+08 1.225971494679351181e+01
2.724179990000000000e+08 1.226121886060004584e+01
2.725378900000000000e+08 1.227515725887301734e+01
2.726573790000000000e+08 1.229929859508698442e+01
2.727757420000000000e+08 1.229773335869800022e+01
2.728930170000000000e+08 1.227839226466567801e+01
2.730102150000000000e+08 1.225392337502549189e+01
2.731279250000000000e+08 1.225428091466907787e+01
2.732462440000000000e+08 1.225632500087921528e+01
2.733658860000000000e+08 1.225793573304128792e+01
2.734832000000000000e+08 1.225944704913123928e+01
2.736039870000000000e+08 1.227076620140733709e+01
2.737215380000000000e+08 1.225754228782905919e+01
2.738401280000000000e+08 1.224561559774800834e+01
2.739557050000000000e+08 1.226167497102461823e+01
2.740757180000000000e+08 1.225208316863383118e+01
2.741952970000000000e+08 1.224805576254431116e+01
2.743142060000000000e+08 1.224087108319693229e+01
2.744318670000000000e+08 1.225307626676974948e+01
2.745491430000000000e+08 1.224285323723653995e+01
2.746691960000000000e+08 1.225230992835511934e+01
2.747848250000000000e+08 1.223998544053589654e+01
2.749024530000000000e+08 1.222972204276210206e+01
2.750204920000000000e+08 1.221992381159150654e+01
2.751395080000000000e+08 1.221909640482595805e+01
2.752607700000000000e+08 1.222628423319511981e+01
2.753828140000000000e+08 1.221113066229169775e+01
2.754998800000000000e+08 1.221469906694897034e+01
2.756177650000000000e+08 1.221381451535692442e+01
2.757390440000000000e+08 1.221304546628611298e+01
2.758584490000000000e+08 1.222674268837806189e+01
2.759729500000000000e+08 1.222468049409944157e+01
2.760932910000000000e+08 1.224056320754535498e+01
2.762112350000000000e+08 1.224811564268748398e+01
2.763321400000000000e+08 1.224136834621011971e+01
2.764514170000000000e+08 1.222775923848501556e+01
2.765701480000000000e+08 1.222921435007329016e+01
2.766897480000000000e+08 1.224623037772534317e+01
2.768089920000000000e+08 1.224512066816372702e+01
2.769260500000000000e+08 1.223109905484809623e+01
2.770453690000000000e+08 1.223843737557768030e+01
2.771620680000000000e+08 1.222731982376508064e+01
2.772824390000000000e+08 1.223199711320711458e+01
2.773997460000000000e+08 1.223970885155593358e+01
2.775165750000000000e+08 1.223786003572603676e+01
2.776362510000000000e+08 1.222692982086560676e+01
2.777562840000000000e+08 1.223619768696691779e+01
2.778730780000000000e+08 1.222809925817250054e+01
2.779917510000000000e+08 1.221539238143376060e+01
2.781112030000000000e+08 1.219835230550169847e+01
2.782308810000000000e+08 1.219960414945107630e+01
2.783472890000000000e+08 1.218360461315494270e+01
2.784672460000000000e+08 1.217870498143052949e+01
2.785868390000000000e+08 1.217175375502995216e+01
2.787075890000000000e+08 1.217622499315887374e+01
2.788226870000000000e+08 1.216538666643960553e+01
2.789418460000000000e+08 1.216768250356640735e+01
2.790614480000000000e+08 1.215633799997821995e+01
2.791827090000000000e+08 1.217544301272435980e+01
2.793056230000000000e+08 1.216506625575156519e+01
2.794223800000000000e+08 1.216944950918795243e+01
2.795413420000000000e+08 1.217054903867339455e+01
2.796599090000000000e+08 1.217270140330920825e+01
2.797819100000000000e+08 1.216622679765079695e+01
2.799034220000000000e+08 1.218216811712457748e+01
2.800243620000000000e+08 1.218537088224960385e+01
2.801412210000000000e+08 1.217151554400050451e+01
2.802636580000000000e+08 1.216575979164351828e+01
2.803847120000000000e+08 1.215411139229307480e+01
2.805019880000000000e+08 1.215241686113742858e+01
2.806170010000000000e+08 1.214861881747588690e+01
2.807364240000000000e+08 1.214825270645130750e+01
2.808543640000000000e+08 1.212432402287621080e+01
2.809716140000000000e+08 1.212065068955656955e+01
2.810908640000000000e+08 1.214805415798656618e+01
2.812114350000000000e+08 1.214822731818867041e+01
2.813304960000000000e+08 1.214879880457051620e+01
2.814515750000000000e+08 1.213183935358133780e+01
2.815723470000000000e+08 1.212715647813082853e+01
2.816908270000000000e+08 1.211796313864937602e+01
2.818095680000000000e+08 1.210522725075560579e+01
2.819297570000000000e+08 1.211344643326722981e+01
2.820487360000000000e+08 1.210763050111159167e+01
2.821668510000000000e+08 1.209292976367675188e+01
2.822877470000000000e+08 1.210918569946792900e+01
2.824029600000000000e+08 1.210164623070639323e+01
2.825217780000000000e+08 1.208461345545057242e+01
2.826414680000000000e+08 1.208340528059317975e+01
2.827635200000000000e+08 1.209060208921022905e+01
2.828824370000000000e+08 1.208474863282551048e+01
2.830002560000000000e+08 1.206582934874392521e+01
2.831149880000000000e+08 1.205820045021924081e+01
2.832322720000000000e+08 1.207423444095396725e+01
2.833512530000000000e+08 1.206290122114646657e+01
2.834702160000000000e+08 1.207508809461450028e+01
2.835854280000000000e+08 1.206860270991462158e+01
2.837039510000000000e+08 1.205866124276945861e+01
2.838207570000000000e+08 1.206936142828219616e+01
2.839411510000000000e+08 1.208503297504950780e+01
2.840572120000000000e+08 1.208003219917988957e+01
2.841746970000000000e+08 1.206812331455826737e+01
2.842917260000000000e+08 1.205526328085958809e+01
2.844118020000000000e+08 1.205630460398892900e+01
2.845324270000000000e+08 1.207780797611332346e+01
2.846539240000000000e+08 1.208643609009743614e+01
2.847742920000000000e+08 1.208643430485507686e+01
2.848933440000000000e+08 1.208070818276029001e+01
2.850125430000000000e+08 1.208500960299927840e+01
2.851311880000000000e+08 1.208640462721432662e+01
2.852494920000000000e+08 1.208734696834166300e+01
2.853679420000000000e+08 1.208257256734776064e+01
2.854860890000000000e+08 1.209971532243985770e+01
2.856059620000000000e+08 1.211370691243704911e+01
2.857262570000000000e+08 1.211042930284751939e+01
2.858475300000000000e+08 1.210099831825613670e+01
2.859648540000000000e+08 1.209916505669018782e+01
2.860836140000000000e+08 1.209116428830706802e+01
2.862012000000000000e+08 1.207840774904526882e+01
2.863198180000000000e+08 1.207050333419545574e+01
2.864423510000000000e+08 1.207804871385289225e+01
2.865601300000000000e+08 1.207202632291372879e+01
2.866791350000000000e+08 1.207039190102342729e+01
2.867981270000000000e+08 1.205841095645938843e+01
2.869146310000000000e+08 1.204727723043522758e+01
2.870332650000000000e+08 1.204122868764533472e+01
2.871520340000000000e+08 1.205103117664118528e+01
2.872730610000000000e+08 1.204057740440403812e+01
2.873900020000000000e+08 1.205225802220472886e+01
2.875078550000000000e+08 1.205279127894123903e+01
2.876290420000000000e+08 1.206347769675840276e+01
2.877478800000000000e+08 1.206766817095111044e+01
2.878651340000000000e+08 1.205928601485927132e+01
2.879848420000000000e+08 1.207047969162598200e+01
2.881047850000000000e+08 1.207941697247302315e+01
2.882188520000000000e+08 1.206843122323152606e+01
2.883371120000000000e+08 1.207405575287723565e+01
2.884555600000000000e+08 1.207171101992070206e+01
2.885761330000000000e+08 1.207162442928477830e+01
2.886944440000000000e+08 1.208495388025190387e+01
2.888096070000000000e+08 1.209037800200835200e+01
2.889285040000000000e+08 1.210743686631775873e+01
2.890479510000000000e+08 1.211610252103771579e+01
2.891674470000000000e+08 1.210538411365468292e+01
2.892877950000000000e+08 1.210672384669481083e+01
2.894060960000000000e+08 1.208207134449007114e+01
2.895227930000000000e+08 1.209696420126782002e+01
2.896420000000000000e+08 1.208484530495442399e+01
2.897601400000000000e+08 1.207690112530564086e+01
2.898766770000000000e+08 1.207164444922831414e+01
2.899987480000000000e+08 1.205913167020103849e+01
2.901168290000000000e+08 1.207538621007459945e+01
2.902355640000000000e+08 1.206890888125830408e+01
2.903544790000000000e+08 1.208533381685447949e+01
2.904722560000000000e+08 1.208524575929938827e+01
2.905899890000000000e+08 1.207174148820647730e+01
2.907115080000000000e+08 1.205245343054350649e+01
2.908269960000000000e+08 1.205123376576130489e+01
2.909445530000000000e+08 1.205155461037925058e+01
2.910653710000000000e+08 1.204357929467383315e+01
2.911841850000000000e+08 1.204698500187128118e+01
2.913049440000000000e+08 1.205054622539810083e+01
2.914262930000000000e+08 1.204412218447882310e+01
2.915435620000000000e+08 1.204724695504127929e+01
2.916601130000000000e+08 1.205638523034784804e+01
2.917796540000000000e+08 1.206423109699779062e+01
2.918988130000000000e+08 1.205557293111325912e+01
2.920174200000000000e+08 1.204612951444746649e+01
2.921383010000000000e+08 1.204739732950981512e+01
2.922548040000000000e+08 1.203131122763582539e+01
2.923702470000000000e+08 1.204699206972163772e+01
2.924909380000000000e+08 1.205028030375680714e+01
2.926094970000000000e+08 1.204852037395900766e+01
2.927237830000000000e+08 1.204720130888527763e+01
2.928407200000000000e+08 1.204554668483518221e+01
2.929602740000000000e+08 1.204378314932234240e+01
2.930781950000000000e+08 1.204696680319794666e+01
2.931972900000000000e+08 1.203602145284038549e+01
2.933151460000000000e+08 1.203084430281199069e+01
2.934345050000000000e+08 1.203534631208472838e+01
2.935502760000000000e+08 1.202064889010702053e+01
2.936677210000000000e+08 1.203896058806725833e+01
2.937904680000000000e+08 1.205359897228359500e+01
2.939096320000000000e+08 1.205529908229530278e+01
2.940289120000000000e+08 1.206333482151537240e+01
2.941452010000000000e+08 1.207343808608456115e+01
2.942632710000000000e+08 1.209227231146148362e+01
2.943856490000000000e+08 1.210916292024961294e+01
2.945043100000000000e+08 1.211357595033444845e+01
2.946227170000000000e+08 1.211813437682193317e+01
2.947441980000000000e+08 1.212052849736865667e+01
2.948623650000000000e+08 1.212511873343927427e+01
2.949799130000000000e+08 1.212697359820618814e+01
2.950962280000000000e+08 1.212653064778315581e+01
2.952160440000000000e+08 1.214880009950682194e+01
2.953359140000000000e+08 1.213642471171935000e+01
2.954551010000000000e+08 1.214672560425348635e+01
2.955740970000000000e+08 1.214163952201329444e+01
2.956934840000000000e+08 1.213087231059992632e+01
2.958132040000000000e+08 1.213597493010713890e+01
2.959297500000000000e+08 1.215225719340170940e+01
2.960504240000000000e+08 1.215445438448895743e+01
2.961669620000000000e+08 1.215566811577562589e+01
2.962854730000000000e+08 1.215792352412142385e+01
2.964043860000000000e+08 1.214385033207394571e+01
2.965242840000000000e+08 1.212947562658725431e+01
2.966406820000000000e+08 1.213004013687618254e+01
2.967599510000000000e+08 1.213419330789641926e+01
2.968782380000000000e+08 1.211745314372682181e+01
2.969967070000000000e+08 1.210189084491684852e+01
2.971142610000000000e+08 1.208018586087140811e+01
2.972302690000000000e+08 1.206114265684981035e+01
2.973485370000000000e+08 1.205611071779544474e+01
2.974676700000000000e+08 1.204732112267178756e+01
2.975862570000000000e+08 1.203730269560133870e+01
2.977023730000000000e+08 1.204135705522933364e+01
2.978231140000000000e+08 1.203981928555730541e+01
2.979426840000000000e+08 1.201161754042174046e+01
2.980601290000000000e+08 1.201522805310434450e+01
2.981781660000000000e+08 1.201634016506654845e+01
2.982962250000000000e+08 1.202954363549625327e+01
2.984148590000000000e+08 1.202111352520252296e+01
2.985339490000000000e+08 1.202240395613650392e+01
2.986514280000000000e+08 1.201384893595224490e+01
2.987730010000000000e+08 1.200218792515059363e+01
2.988906030000000000e+08 1.201899468205292543e+01
2.990083640000000000e+08 1.202795589388564323e+01
2.991291530000000000e+08 1.203395884656313441e+01
2.992445370000000000e+08 1.201612530766361964e+01
2.993642700000000000e+08 1.199990801835284948e+01
2.994806460000000000e+08 1.200458161335718543e+01
2.996022760000000000e+08 1.201280227815248480e+01
2.997199220000000000e+08 1.201071737491144731e+01
2.998376230000000000e+08 1.199549446788521756e+01
2.999554220000000000e+08 1.199288862869426886e+01
3.000735480000000000e+08 1.199959825411612613e+01
3.001940000000000000e+08 1.197414899436619251e+01
3.003142190000000000e+08 1.198858377229879402e+01
3.004320250000000000e+08 1.197785577776637922e+01
3.005479110000000000e+08 1.197468635118395142e+01
3.006654270000000000e+08 1.197062427260481954e+01
3.007795410000000000e+08 1.198716295220664030e+01
3.008991060000000000e+08 1.197333524306462493e+01
3.010180420000000000e+08 1.198192929134388152e+01
3.011386960000000000e+08 1.197678864656975506e+01
3.012556580000000000e+08 1.196599161415461587e+01
3.013720610000000000e+08 1.197374371203438237e+01
3.014904960000000000e+08 1.196718815731799879e+01
3.016081080000000000e+08 1.196485936194956956e+01
3.017273480000000000e+08 1.195571899151888218e+01
3.018465290000000000e+08 1.196152785883253955e+01
3.019669590000000000e+08 1.195222841352287624e+01
3.020870600000000000e+08 1.196081226513029705e+01
3.022022950000000000e+08 1.195968896581694452e+01
3.023194230000000000e+08 1.194369256988688122e+01
3.024380750000000000e+08 1.196289392718240663e+01
3.025545690000000000e+08 1.195578341358421604e+01
3.026695440000000000e+08 1.196374357015780454e+01
3.027890760000000000e+08 1.195039679185575032e+01
3.029080440000000000e+08 1.193498266461986290e+01
3.030245960000000000e+08 1.193349937998157628e+01
3.031423170000000000e+08 1.194487397135787710e+01
3.032602250000000000e+08 1.193552925221508154e+01
3.033800950000000000e+08 1.193901937662841561e+01
3.034981600000000000e+08 1.194237961303049644e+01
3.036174240000000000e+08 1.194778476548139601e+01
3.037358990000000000e+08 1.194935259045429632e+01
3.038558280000000000e+08 1.195402966906595665e+01
3.039765990000000000e+08 1.195041355736529987e+01
3.040971830000000000e+08 1.191252236128675612e+01
3.042167020000000000e+08 1.193284513862137608e+01
3.043345300000000000e+08 1.193970261013998879e+01
3.044557370000000000e+08 1.193922828663939839e+01
3.045764280000000000e+08 1.191591457918300279e+01
3.046943220000000000e+08 1.192763899701923336e+01
3.048131830000000000e+08 1.192714748831268778e+01
3.049324330000000000e+08 1.193025043006894492e+01
3.050505140000000000e+08 1.191764523647983154e+01
3.051659540000000000e+08 1.190289826335331647e+01
3.052874120000000000e+08 1.192184263087206908e+01
3.054116940000000000e+08 1.192992095125596919e+01
3.055329030000000000e+08 1.193943096204408327e+01
3.056491190000000000e+08 1.193053963554559438e+01
3.057656910000000000e+08 1.192606333139186603e+01
3.058850750000000000e+08 1.192503077689839230e+01
3.060024680000000000e+08 1.190865953492813567e+01
3.061186140000000000e+08 1.190919187044355176e+01
3.062351070000000000e+08 1.189995693920843145e+01
3.063550350000000000e+08 1.191831677326806549e+01
3.064771040000000000e+08 1.192641728862162154e+01
3.065962060000000000e+08 1.190641811373387071e+01
3.067148630000000000e+08 1.189290829209440048e+01
3.068354180000000000e+08 1.188546987975574432e+01
3.069536110000000000e+08 1.188440613537408019e+01
3.070707400000000000e+08 1.187003828498958669e+01
3.071886290000000000e+08 1.185198494534006208e+01
3.073044440000000000e+08 1.182774747207402832e+01
3.074199640000000000e+08 1.182862136909325557e+01
3.075343110000000000e+08 1.182624119772787097e+01
3.076523830000000000e+08 1.182197896170181473e+01
3.077715480000000000e+08 1.182908071633229241e+01
3.078921050000000000e+08 1.184311389093438649e+01
3.080118800000000000e+08 1.185241052875222501e+01
3.081311110000000000e+08 1.183920162490978889e+01
3.082496170000000000e+08 1.184095313464107591e+01
3.083709170000000000e+08 1.183753682325311729e+01
3.084910650000000000e+08 1.181571230434123265e+01
3.086097520000000000e+08 1.180561831207119106e+01
3.087255850000000000e+08 1.180520997184245324e+01
3.088447710000000000e+08 1.180973954751492627e+01
3.089648170000000000e+08 1.180870437161879671e+01
3.090822320000000000e+08 1.179910315213025740e+01
3.092003590000000000e+08 1.179470122303174229e+01
3.093214800000000000e+08 1.176892575829752552e+01
3.094369220000000000e+08 1.175560028716383876e+01
3.095571840000000000e+08 1.176788972997918137e+01
3.096753220000000000e+08 1.176087312478416713e+01
3.097919230000000000e+08 1.175291410949107274e+01
3.099097380000000000e+08 1.173981889654165478e+01
3.100300820000000000e+08 1.174289917208252554e+01
3.101451480000000000e+08 1.173754351284223674e+01
3.102627770000000000e+08 1.173037952250879101e+01
3.103817940000000000e+08 1.170717749731589130e+01
3.104980440000000000e+08 1.170850343938606031e+01
3.106141540000000000e+08 1.169220054003883824e+01
3.107312890000000000e+08 1.170471279216464922e+01
3.108472290000000000e+08 1.170597120319204976e+01
3.109665640000000000e+08 1.168866207815886504e+01
3.110843420000000000e+08 1.168175988340108340e+01
3.112018840000000000e+08 1.168447391871239738e+01
3.113196100000000000e+08 1.167210497477539022e+01
3.114400220000000000e+08 1.166573670618177694e+01
3.115564920000000000e+08 1.166232156438638512e+01
3.116790880000000000e+08 1.166942107704090503e+01
3.117983710000000000e+08 1.167648070510478142e+01
3.119163580000000000e+08 1.167746123950234605e+01
3.120328780000000000e+08 1.166512107530251008e+01
3.121552040000000000e+08 1.165908463284931074e+01
3.122703300000000000e+08 1.165738920508174203e+01
3.123892780000000000e+08 1.164150045626654517e+01
3.125056020000000000e+08 1.164372138006054236e+01
3.126237990000000000e+08 1.164353014481852000e+01
3.127419550000000000e+08 1.164118977897418539e+01
3.128583340000000000e+08 1.164416141250148762e+01
3.129810630000000000e+08 1.165235498373097833e+01
3.131013860000000000e+08 1.165115709478075701e+01
3.132202220000000000e+08 1.163519055380983325e+01
3.133408360000000000e+08 1.162892600727653658e+01
3.134611400000000000e+08 1.161923934533479219e+01
3.135800440000000000e+08 1.162422569129752148e+01
3.136990780000000000e+08 1.159291469347139802e+01
3.138190990000000000e+08 1.160010468846748033e+01
3.139393310000000000e+08 1.159009685402877921e+01
3.140567750000000000e+08 1.160022323894074070e+01
3.141734610000000000e+08 1.158919034831568240e+01
3.142895070000000000e+08 1.158659980261716171e+01
3.144101020000000000e+08 1.158744256652912696e+01
3.145290210000000000e+08 1.157612904865242065e+01
3.146504980000000000e+08 1.159109786626282990e+01
3.147675530000000000e+08 1.159047796986534884e+01
3.148841920000000000e+08 1.158329172384939199e+01
3.150035900000000000e+08 1.160271131692569391e+01
3.151230950000000000e+08 1.161584372778724017e+01
3.152415090000000000e+08 1.164603961791779696e+01
3.153598320000000000e+08 1.163782469752010229e+01
3.154795920000000000e+08 1.162502034945792850e+01
3.155972810000000000e+08 1.162176965361776659e+01
3.157150830000000000e+08 1.160755389161815465e+01
3.158317150000000000e+08 1.160835472760261666e+01
3.159530670000000000e+08 1.163339898258866967e+01
3.160708190000000000e+08 1.161462886156164132e+01
3.161910780000000000e+08 1.161903661526688936e+01
3.163060800000000000e+08 1.160099700777243292e+01
3.164262610000000000e+08 1.159924790204017420e+01
3.165468140000000000e+08 1.159247270719075118e+01
3.166659130000000000e+08 1.158638369802409684e+01
3.167863250000000000e+08 1.158695222664670510e+01
3.169052710000000000e+08 1.159686225302126417e+01
3.170239990000000000e+08 1.157839217009689037e+01
3.171391410000000000e+08 1.158172272066143726e+01
3.172533160000000000e+08 1.158120895316557153e+01
3.173753890000000000e+08 1.156446364947362859e+01
3.174956650000000000e+08 1.156189115324526639e+01
3.176163190000000000e+08 1.154182627740466138e+01
3.177331350000000000e+08 1.152427025220461587e+01
3.178525720000000000e+08 1.151788880405472071e+01
3.179674790000000000e+08 1.151806941752784574e+01
3.180866930000000000e+08 1.150584713252233193e+01
3.182038810000000000e+08 1.149755599782063875e+01
3.183236720000000000e+08 1.149094277374286932e+01
3.184409360000000000e+08 1.149339291912510497e+01
3.185610910000000000e+08 1.147631823970068510e+01
3.186803800000000000e+08 1.148524514385248274e+01
3.187991600000000000e+08 1.147539148632119499e+01
3.189185180000000000e+08 1.145115514068838003e+01
3.190367420000000000e+08 1.144356680175723007e+01
3.191547780000000000e+08 1.144272531008486027e+01
3.192723070000000000e+08 1.143011153501191579e+01
3.193909720000000000e+08 1.144055790548570251e+01
3.195094030000000000e+08 1.143781425295742871e+01
3.196277390000000000e+08 1.143557338160512593e+01
3.197447610000000000e+08 1.144421758540833522e+01
3.198653600000000000e+08 1.144213071838923135e+01
3.199807470000000000e+08 1.142884646446614028e+01
3.200980500000000000e+08 1.142044299153328346e+01
3.202157560000000000e+08 1.143063516689200831e+01
3.203373440000000000e+08 1.142179460915365929e+01
3.204548240000000000e+08 1.142541454997154560e+01
3.205752390000000000e+08 1.143774869014864670e+01
3.206932960000000000e+08 1.143472296997266291e+01
3.208086290000000000e+08 1.143776058889588043e+01
3.209251680000000000e+08 1.143537524542699657e+01
3.210393860000000000e+08 1.142397362396112470e+01
3.211546770000000000e+08 1.141891106965679370e+01
3.212732060000000000e+08 1.141385931404653320e+01
3.213918460000000000e+08 1.140806111746559814e+01
3.215092540000000000e+08 1.139777715149496906e+01
3.216271390000000000e+08 1.138638875011604235e+01
3.217481590000000000e+08 1.138711694423106380e+01
3.218657050000000000e+08 1.138672025611234595e+01
3.219853990000000000e+08 1.139231363634543825e+01
3.221026520000000000e+08 1.138261248758653643e+01
3.222220230000000000e+08 1.137498120104372390e+01
3.223396280000000000e+08 1.136899478435882216e+01
3.224564060000000000e+08 1.136151580410899697e+01
3.225753640000000000e+08 1.135999697428226796e+01
3.226958070000000000e+08 1.136914449289591467e+01
3.228141360000000000e+08 1.136054293653378799e+01
3.229343560000000000e+08 1.134238079375753117e+01
3.230506530000000000e+08 1.134915419622458721e+01
3.231716980000000000e+08 1.135829149984658670e+01
3.232903850000000000e+08 1.135489789315418463e+01
3.234089520000000000e+08 1.134478674932782916e+01
3.235296990000000000e+08 1.134817230053258008e+01
3.236483140000000000e+08 1.135600757368739089e+01
3.237700080000000000e+08 1.135472108359101284e+01
3.238884740000000000e+08 1.135722094389296366e+01
3.240072360000000000e+08 1.134442417322297203e+01
3.241237740000000000e+08 1.134400862113365704e+01
3.242456810000000000e+08 1.133302122394676914e+01
3.243638070000000000e+08 1.133406742148427604e+01
3.244802120000000000e+08 1.133021374812256710e+01
3.245995200000000000e+08 1.133818887181981516e+01
3.247173070000000000e+08 1.135628823039519730e+01
3.248373940000000000e+08 1.136973937604265039e+01
3.249532020000000000e+08 1.137357447004105637e+01
3.250696060000000000e+08 1.137826244499993678e+01
3.251893010000000000e+08 1.138167287938673056e+01
3.253068010000000000e+08 1.138811995786496567e+01
3.254249030000000000e+08 1.139113600304649410e+01
3.255455470000000000e+08 1.139365377115538891e+01
3.256658310000000000e+08 1.139469836166488825e+01
3.257804340000000000e+08 1.138579659968610969e+01
3.258980290000000000e+08 1.138197443367416994e+01
3.260135000000000000e+08 1.137159170873641933e+01
3.261315070000000000e+08 1.138354269840937150e+01
3.262510380000000000e+08 1.138994768563431315e+01
3.263725530000000000e+08 1.137687503938229128e+01
3.264939670000000000e+08 1.137360101496168063e+01
3.266154560000000000e+08 1.137376341118542555e+01
3.267369290000000000e+08 1.137337127294637895e+01
3.268543410000000000e+08 1.138774729829160037e+01
3.269781990000000000e+08 1.138270498483022308e+01
3.270969390000000000e+08 1.138795230671127001e+01
3.272162630000000000e+08 1.137455455986565056e+01
3.273324940000000000e+08 1.135975364143988031e+01
3.274500270000000000e+08 1.136113134115618983e+01
3.275651970000000000e+08 1.136035916587757555e+01
3.276837540000000000e+08 1.135301924244104654e+01
3.278035870000000000e+08 1.136321132024134961e+01
3.279218210000000000e+08 1.135141804277744093e+01
3.280411890000000000e+08 1.135319094398425399e+01
3.281578290000000000e+08 1.134141330203938125e+01
3.282791570000000000e+08 1.134815054173932580e+01
3.283971820000000000e+08 1.134889097780565770e+01
3.285168690000000000e+08 1.135208819641683142e+01
3.286364200000000000e+08 1.134430155830808218e+01
3.287575990000000000e+08 1.134315715869259122e+01
3.288759960000000000e+08 1.132587465456043319e+01
3.289949980000000000e+08 1.133271934309434492e+01
3.291130130000000000e+08 1.134755193930860173e+01
3.292311540000000000e+08 1.133831779594975053e+01
3.293507460000000000e+08 1.133043814835816221e+01
3.294722320000000000e+08 1.133602343278341706e+01
3.295876920000000000e+08 1.133653070354115577e+01
3.297091290000000000e+08 1.132976102825845643e+01
3.298286460000000000e+08 1.130909326102502632e+01
3.299449490000000000e+08 1.130559498824795739e+01
3.300630630000000000e+08 1.130474949845562449e+01
3.301810100000000000e+08 1.129592973507398845e+01
3.302976780000000000e+08 1.129518543462499380e+01
3.304141830000000000e+08 1.128969893163828964e+01
3.305371850000000000e+08 1.128680759148748969e+01
3.306586740000000000e+08 1.129442199790400636e+01
3.307800730000000000e+08 1.129153615430884727e+01
3.308970540000000000e+08 1.129730528657161592e+01
3.310159820000000000e+08 1.129503895810531588e+01
3.311371540000000000e+08 1.130287058834474401e+01
3.312565850000000000e+08 1.132733659234700774e+01
3.313750110000000000e+08 1.132099257569152151e+01
3.314935030000000000e+08 1.132589591746948265e+01
3.316101720000000000e+08 1.132352857259153289e+01
3.317265490000000000e+08 1.132853871766107368e+01
3.318414180000000000e+08 1.133399546750158038e+01
3.319598940000000000e+08 1.133192983577172441e+01
3.320794030000000000e+08 1.132495818103960694e+01
3.321992580000000000e+08 1.132577316747792473e+01
3.323158760000000000e+08 1.132433209709294886e+01
3.324318100000000000e+08 1.131505995868082337e+01
3.325517030000000000e+08 1.130269924920610691e+01
3.326689220000000000e+08 1.130718061884291537e+01
3.327850860000000000e+08 1.130783556656958311e+01
3.329029720000000000e+08 1.130946262467158903e+01
3.330212110000000000e+08 1.130132168441932450e+01
3.331422620000000000e+08 1.128390840647825044e+01
3.332602390000000000e+08 1.129305813830401561e+01
3.333775470000000000e+08 1.128708377524642614e+01
3.334954030000000000e+08 1.127703094394402505e+01
3.336146830000000000e+08 1.127026812532264088e+01
3.337318980000000000e+08 1.126607346728126835e+01
3.338482600000000000e+08 1.127019690235062299e+01
3.339655470000000000e+08 1.124951094245525240e+01
3.340829100000000000e+08 1.124395007080044273e+01
3.342049980000000000e+08 1.124119704405431719e+01
3.343247860000000000e+08 1.124752583598669631e+01
3.344416750000000000e+08 1.125363182277872376e+01
3.345596090000000000e+08 1.126058665853456375e+01
3.346797830000000000e+08 1.127288010170367549e+01
3.347977720000000000e+08 1.127486791233909535e+01
3.349181290000000000e+08 1.128592381182803983e+01
3.350369780000000000e+08 1.127433003995722771e+01
3.351573890000000000e+08 1.126953403218102068e+01
3.352756050000000000e+08 1.126746439750844786e+01
3.353925800000000000e+08 1.127176921155139766e+01
3.355102500000000000e+08 1.125815181455282499e+01
3.356265990000000000e+08 1.125668689810920675e+01
3.357456480000000000e+08 1.125663409621078515e+01
3.358624060000000000e+08 1.125590899137846534e+01
3.359786370000000000e+08 1.125979219835439160e+01
3.360960260000000000e+08 1.125949215147493021e+01
3.362138860000000000e+08 1.126019256557833792e+01
3.363322310000000000e+08 1.125920109305302930e+01
3.364479430000000000e+08 1.126783179614744768e+01
3.365673720000000000e+08 1.125484807175445034e+01
3.366861380000000000e+08 1.124752233225642506e+01
3.368019640000000000e+08 1.123638256285712345e+01
3.369168940000000000e+08 1.125428605220646361e+01
3.370340390000000000e+08 1.124616127644361363e+01
3.371524260000000000e+08 1.122687787169252083e+01
3.372703460000000000e+08 1.123004318240912625e+01
3.373899780000000000e+08 1.121393513202087000e+01
3.375097180000000000e+08 1.121481591089975893e+01
3.376268840000000000e+08 1.120794937798881996e+01
3.377457820000000000e+08 1.120906911103597103e+01
3.378617610000000000e+08 1.121186004435644890e+01
3.379808860000000000e+08 1.121981698332191968e+01
3.380980050000000000e+08 1.121335232985689068e+01
3.382150140000000000e+08 1.122866925392671433e+01
3.383298410000000000e+08 1.121753578236085502e+01
3.384493610000000000e+08 1.119499022676653510e+01
3.385673830000000000e+08 1.120419364657488259e+01
3.386841000000000000e+08 1.119040201590559391e+01
3.388039070000000000e+08 1.119952805525099393e+01
3.389211450000000000e+08 1.119841876813698356e+01
3.390406290000000000e+08 1.118958102162491208e+01
3.391597660000000000e+08 1.119468168164480737e+01
3.392770330000000000e+08 1.119693190012882589e+01
3.393920490000000000e+08 1.118945985513755836e+01
3.395089720000000000e+08 1.118284291003696396e+01
3.396290680000000000e+08 1.117738600790984904e+01
3.397503970000000000e+08 1.119023380753675134e+01
3.398692110000000000e+08 1.118794545497236648e+01
3.399895750000000000e+08 1.118861542225297079e+01
3.401065080000000000e+08 1.118882087548799653e+01
3.402238700000000000e+08 1.118196825805083527e+01
3.403454060000000000e+08 1.118758306300809302e+01
3.404616170000000000e+08 1.119080889395694633e+01
3.405827470000000000e+08 1.118790547430395677e+01
3.407003790000000000e+08 1.119036679372902299e+01
3.408190770000000000e+08 1.117737929086498028e+01
3.409334020000000000e+08 1.116497824528449101e+01
3.410562850000000000e+08 1.115653488108094749e+01
3.411757310000000000e+08 1.114459217968099836e+01
3.412947210000000000e+08 1.113771925991825640e+01
3.414116950000000000e+08 1.112505635004660576e+01
3.415301620000000000e+08 1.112316973368679207e+01
3.416476310000000000e+08 1.112557205802458071e+01
3.417664480000000000e+08 1.113077874649458110e+01
3.418865640000000000e+08 1.113407912290539770e+01
3.420025070000000000e+08 1.115184686445292783e+01
3.421197050000000000e+08 1.114182667741437882e+01
3.422374490000000000e+08 1.114739287279748403e+01
3.423575400000000000e+08 1.114035238656794036e+01
3.424759180000000000e+08 1.115034024336182483e+01
3.425958910000000000e+08 1.113308449553165680e+01
3.427131760000000000e+08 1.111766627889718073e+01
3.428327620000000000e+08 1.111808912347873601e+01
3.429522020000000000e+08 1.110741856294286656e+01
3.430702960000000000e+08 1.110338724539819211e+01
3.431881210000000000e+08 1.109299145283360311e+01
3.433095520000000000e+08 1.109575361411294381e+01
3.434273000000000000e+08 1.108784614078697928e+01
3.435440220000000000e+08 1.108588794097146213e+01
3.436631690000000000e+08 1.108294228620704303e+01
3.437806780000000000e+08 1.107846119494643311e+01
3.439038810000000000e+08 1.105838350368329515e+01
3.440256610000000000e+08 1.106864125297671819e+01
3.441447690000000000e+08 1.107124480425910562e+01
3.442648380000000000e+08 1.105273091393852880e+01
3.443831280000000000e+08 1.104363340688763984e+01
3.445011190000000000e+08 1.105394753400609531e+01
3.446203580000000000e+08 1.104504222884656528e+01
3.447430360000000000e+08 1.103398924631178168e+01
3.448630800000000000e+08 1.103754246959991114e+01
3.449801550000000000e+08 1.103479582926140878e+01
3.450981340000000000e+08 1.101712412363498217e+01
3.452143780000000000e+08 1.103503979544619895e+01
3.453351990000000000e+08 1.104241534308459727e+01
3.454552810000000000e+08 1.105247904721228025e+01
3.455726820000000000e+08 1.105682240084355605e+01
3.456857100000000000e+08 1.105488050682668444e+01
3.458082260000000000e+08 1.105015759045081225e+01
3.459273420000000000e+08 1.106137585754458819e+01
3.460441810000000000e+08 1.104583220881529293e+01
3.461625740000000000e+08 1.104034538227424989e+01
3.462811260000000000e+08 1.106449985616758802e+01
3.463991230000000000e+08 1.106410357568421965e+01
3.465163820000000000e+08 1.106288038601121393e+01
3.466342580000000000e+08 1.106521296179829683e+01
3.467494230000000000e+08 1.106072258888434590e+01
3.468647560000000000e+08 1.105601847961804118e+01
3.469821080000000000e+08 1.104295639624281122e+01
3.470987970000000000e+08 1.104928303945204604e+01
3.472146820000000000e+08 1.103931989453307594e+01
3.473295820000000000e+08 1.104421687538384589e+01
3.474469120000000000e+08 1.104899444700349243e+01
3.475619980000000000e+08 1.105620342042367099e+01
3.476810890000000000e+08 1.105097623835238707e+01
3.477994890000000000e+08 1.105558654918664807e+01
3.479181940000000000e+08 1.105050137445906522e+01
3.480356520000000000e+08 1.105160533677157986e+01
3.481565500000000000e+08 1.105193946547613137e+01
3.482752960000000000e+08 1.104880019913946398e+01
3.483958500000000000e+08 1.104594528898767081e+01
3.485120070000000000e+08 1.105626277003039526e+01
3.486306730000000000e+08 1.104740178168845866e+01
3.487492900000000000e+08 1.104831513682941413e+01
3.488668990000000000e+08 1.103913477249076003e+01
3.489855700000000000e+08 1.103392175271332043e+01
3.491049350000000000e+08 1.103700960697590538e+01
3.492257670000000000e+08 1.104203973322823273e+01
3.493435010000000000e+08 1.103485701983654899e+01
3.494642140000000000e+08 1.102904502775395734e+01
3.495830290000000000e+08 1.101856572937802170e+01
3.497004500000000000e+08 1.102058312644162186e+01
3.498160170000000000e+08 1.101623243803087249e+01
3.499346820000000000e+08 1.102000612524691547e+01
3.500532520000000000e+08 1.102986287628680451e+01
3.501711790000000000e+08 1.102321862006664155e+01
3.502896670000000000e+08 1.102174391604182979e+01
3.504078770000000000e+08 1.103076221548889890e+01
3.505246800000000000e+08 1.102456219821941552e+01
3.506413390000000000e+08 1.103788698989418648e+01
3.507596430000000000e+08 1.102945163922171190e+01
3.508797490000000000e+08 1.101248364664657409e+01
3.509954760000000000e+08 1.100646518866679990e+01
3.511135460000000000e+08 1.100652813693637100e+01
3.512341030000000000e+08 1.099631370508596895e+01
3.513520270000000000e+08 1.098290349827720469e+01
3.514702530000000000e+08 1.098150117534096992e+01
3.515910830000000000e+08 1.097043103754528381e+01
3.517080330000000000e+08 1.098618722094194311e+01
3.518288070000000000e+08 1.098369134203647235e+01
3.519462450000000000e+08 1.098615878966214687e+01
3.520661120000000000e+08 1.098280578996839729e+01
3.521829070000000000e+08 1.098518038184561618e+01
3.523007010000000000e+08 1.097552709142801497e+01
3.524183560000000000e+08 1.096203711247691004e+01
3.525365180000000000e+08 1.096649848668772265e+01
3.526569110000000000e+08 1.096169622594715065e+01
3.527768420000000000e+08 1.096440874546994237e+01
3.528931660000000000e+08 1.096200328132043822e+01
3.530107350000000000e+08 1.096301488912789779e+01
3.531262400000000000e+08 1.095846173815810332e+01
3.532452080000000000e+08 1.095719755904218573e+01
3.533658430000000000e+08 1.095653392904033474e+01
3.534811030000000000e+08 1.096589896524905683e+01
3.536006060000000000e+08 1.096501766985051596e+01
3.537205160000000000e+08 1.096323818590902555e+01
3.538382310000000000e+08 1.096993851675739862e+01
3.539572850000000000e+08 1.097551960294481788e+01
3.540780020000000000e+08 1.096871143445400421e+01
3.541961530000000000e+08 1.096846146189588822e+01
3.543147360000000000e+08 1.096580957711675985e+01
3.544329220000000000e+08 1.097082206980552499e+01
3.545503900000000000e+08 1.097405106745941339e+01
3.546656360000000000e+08 1.097648378583721929e+01
3.547845250000000000e+08 1.096829822157522827e+01
3.549028320000000000e+08 1.096760123066559167e+01
3.550218100000000000e+08 1.096645136849157609e+01
3.551397040000000000e+08 1.096015758339767920e+01
3.552582620000000000e+08 1.096526192691167267e+01
3.553800500000000000e+08 1.096036460600842410e+01
3.555002350000000000e+08 1.096296309673695468e+01
3.556231810000000000e+08 1.096895797950055496e+01
3.557423470000000000e+08 1.095819895253128351e+01
3.558633930000000000e+08 1.095297139155069566e+01
3.559808830000000000e+08 1.095496297966048260e+01
3.560990010000000000e+08 1.094835677275750463e+01
3.562191880000000000e+08 1.094906584476503220e+01
3.563373150000000000e+08 1.094017257043457825e+01
3.564557110000000000e+08 1.093309120140249213e+01
3.565721660000000000e+08 1.092811657522617530e+01
3.566901930000000000e+08 1.093632880134761365e+01
3.568057170000000000e+08 1.093900694571414967e+01
3.569284270000000000e+08 1.093609415476814561e+01
3.570467900000000000e+08 1.095774049523613947e+01
3.571673000000000000e+08 1.097345947153772627e+01
3.572850880000000000e+08 1.097066843084433607e+01
3.574064520000000000e+08 1.097275508203008876e+01
3.575291100000000000e+08 1.097284880631834625e+01
3.576458180000000000e+08 1.096589906417662164e+01
3.577665490000000000e+08 1.095648161036542234e+01
3.578817430000000000e+08 1.093451120325761750e+01
3.580012310000000000e+08 1.092688841112440734e+01
3.581232750000000000e+08 1.091467886626320549e+01
3.582424060000000000e+08 1.089968641143149597e+01
3.583596780000000000e+08 1.091003797122808550e+01
3.584742880000000000e+08 1.090578409391553372e+01
3.585943610000000000e+08 1.089961434993384159e+01
3.587105690000000000e+08 1.090227569960167742e+01
3.588283480000000000e+08 1.091044377675420840e+01
3.589471190000000000e+08 1.089942941873765392e+01
3.590669420000000000e+08 1.090783481106448072e+01
3.591858800000000000e+08 1.091763702990076901e+01
3.593057250000000000e+08 1.090891265338718696e+01
3.594241450000000000e+08 1.089468049097359881e+01
3.595415560000000000e+08 1.090109158117898858e+01
3.596589890000000000e+08 1.089260486783157411e+01
3.597780310000000000e+08 1.089441164057517675e+01
3.598938110000000000e+08 1.088770141304764572e+01
3.600115320000000000e+08 1.089670704004971924e+01
3.601273170000000000e+08 1.090715699069634503e+01
3.602437350000000000e+08 1.091916904172009950e+01
3.603596740000000000e+08 1.090854233252782635e+01
3.604796310000000000e+08 1.091341893046758571e+01
3.605973880000000000e+08 1.091222456399052554e+01
3.607151190000000000e+08 1.090466237530580429e+01
3.608314550000000000e+08 1.089861461872802550e+01
3.609483840000000000e+08 1.090106626461175665e+01
3.610632760000000000e+08 1.090797021198566341e+01
3.611810550000000000e+08 1.090967176842655562e+01
3.613005750000000000e+08 1.091624196322570128e+01
3.614144610000000000e+08 1.091810854081625415e+01
3.615317490000000000e+08 1.091618047919972767e+01
3.616523930000000000e+08 1.090357498454843821e+01
3.617694840000000000e+08 1.090332224962682162e+01
3.618851000000000000e+08 1.090156241442860363e+01
3.620043710000000000e+08 1.089582046536528992e+01
3.621250330000000000e+08 1.090026132591146535e+01
3.622421460000000000e+08 1.090197434061593462e+01
3.623584190000000000e+08 1.089835530343937720e+01
3.624736390000000000e+08 1.089421677308316028e+01
3.625933410000000000e+08 1.089093329450667191e+01
3.627119130000000000e+08 1.088233258553268712e+01
3.628309080000000000e+08 1.087601784899677249e+01
3.629470870000000000e+08 1.086108245406677320e+01
3.630666690000000000e+08 1.086806189488511087e+01
3.631851720000000000e+08 1.087432302488107005e+01
3.633023310000000000e+08 1.087679205316741893e+01
3.634204000000000000e+08 1.088787099066671082e+01
3.635388830000000000e+08 1.089136928473128840e+01
3.636610750000000000e+08 1.090433156716404461e+01
3.637829470000000000e+08 1.089814245064017051e+01
3.639028340000000000e+08 1.089791747996190985e+01
3.640197310000000000e+08 1.088624893451482478e+01
3.641370940000000000e+08 1.088468029208210019e+01
3.642574630000000000e+08 1.088794496170991088e+01
3.643787570000000000e+08 1.089393193603158849e+01
3.644953480000000000e+08 1.088293836452319496e+01
3.646118280000000000e+08 1.087379147708206162e+01
3.647325480000000000e+08 1.086101009243646054e+01
3.648481160000000000e+08 1.086463458936292881e+01
3.649685170000000000e+08 1.087192004687614677e+01
3.650841360000000000e+08 1.085498237531104948e+01
3.652023160000000000e+08 1.084987400461610818e+01
3.653191420000000000e+08 1.084135764383002076e+01
3.654364390000000000e+08 1.084173539080554960e+01
3.655539670000000000e+08 1.083609077095469253e+01
3.656683880000000000e+08 1.084755241147940552e+01
3.657853380000000000e+08 1.083894821248255802e+01
3.658994240000000000e+08 1.085176932122945637e+01
3.660203450000000000e+08 1.086819794041071319e+01
3.661388090000000000e+08 1.087178981693174507e+01
3.662577460000000000e+08 1.087801871283203958e+01
3.663746020000000000e+08 1.088019399438116785e+01
3.664972520000000000e+08 1.087751529540229534e+01
3.666160710000000000e+08 1.086256256048647373e+01
3.667333680000000000e+08 1.084424195220007547e+01
3.668533490000000000e+08 1.085280968742608287e+01
3.669697480000000000e+08 1.086037539361482374e+01
3.670874090000000000e+08 1.087903195034108350e+01
3.672062780000000000e+08 1.088727404063208937e+01
3.673245760000000000e+08 1.089859253199594491e+01
3.674436520000000000e+08 1.091092987287875715e+01
3.675623530000000000e+08 1.089686626324686181e+01
3.676810600000000000e+08 1.089927386434615464e+01
3.677963790000000000e+08 1.089370314195439349e+01
3.679129830000000000e+08 1.089079012930480062e+01
3.680344850000000000e+08 1.088035473252425334e+01
3.681528490000000000e+08 1.087781477550082165e+01
3.682716110000000000e+08 1.088388957025102499e+01
3.683929720000000000e+08 1.088418462059555480e+01
3.685126570000000000e+08 1.087440143717581442e+01
3.686305060000000000e+08 1.087666958406999385e+01
3.687491100000000000e+08 1.087252253761611342e+01
3.688676070000000000e+08 1.085282011629856669e+01
3.689856500000000000e+08 1.084443687387933331e+01
3.691045870000000000e+08 1.083963591129858628e+01
3.692216930000000000e+08 1.085171135087690431e+01
3.693363050000000000e+08 1.085110919543216568e+01
3.694527250000000000e+08 1.083495290509430475e+01
3.695727290000000000e+08 1.083673870355914914e+01
3.696868700000000000e+08 1.082956009104647244e+01
3.698043820000000000e+08 1.082583987914680890e+01
3.699223960000000000e+08 1.082373357263061031e+01
3.700372290000000000e+08 1.083108603489819011e+01
3.701604860000000000e+08 1.082596085346069259e+01
3.702796690000000000e+08 1.082294607703926914e+01
3.703990530000000000e+08 1.081894033334061334e+01
3.705165730000000000e+08 1.081614100306082449e+01
3.706345120000000000e+08 1.080837435651950962e+01
3.707524050000000000e+08 1.082615519542387261e+01
3.708699620000000000e+08 1.081361519992219300e+01
3.709877510000000000e+08 1.081992878259810098e+01
3.711037830000000000e+08 1.081365530034937095e+01
3.712215500000000000e+08 1.082468700070086598e+01
3.713416970000000000e+08 1.082834310847590764e+01
3.714590160000000000e+08 1.084196286731049419e+01
3.715760670000000000e+08 1.083793232700994302e+01
3.716955740000000000e+08 1.083322730448469073e+01
3.718159220000000000e+08 1.082777705359696618e+01
3.719363350000000000e+08 1.083066426138539562e+01
3.720544670000000000e+08 1.082927284942947921e+01
3.721721380000000000e+08 1.083439507278943914e+01
3.722903080000000000e+08 1.082755319609742450e+01
3.724110550000000000e+08 1.081651001480430985e+01
3.725322780000000000e+08 1.079986631702863598e+01
3.726527170000000000e+08 1.077673874236289464e+01
3.727713220000000000e+08 1.077616354018057265e+01
3.728917670000000000e+08 1.077669471195579654e+01
3.730102810000000000e+08 1.079204870008952355e+01
3.731274790000000000e+08 1.078412520772806360e+01
3.732441350000000000e+08 1.078202606505068673e+01
3.733630340000000000e+08 1.078334919451354779e+01
3.734830380000000000e+08 1.079048926336018255e+01
3.736041920000000000e+08 1.079443467211290830e+01
3.737192050000000000e+08 1.079208692581289064e+01
3.738374840000000000e+08 1.078547570895994312e+01
3.739571330000000000e+08 1.077992383152979272e+01
3.740766620000000000e+08 1.077851251039050418e+01
3.741945690000000000e+08 1.079419220208975716e+01
3.743138720000000000e+08 1.078852753650436647e+01
3.744344890000000000e+08 1.078935469551869275e+01
3.745524360000000000e+08 1.076599638512933055e+01
3.746706220000000000e+08 1.077061983255185318e+01
3.747888380000000000e+08 1.077037060776476274e+01
3.749065960000000000e+08 1.077284187760609235e+01
3.750292960000000000e+08 1.077157032218481625e+01
3.751492650000000000e+08 1.077319224350658189e+01
3.752659490000000000e+08 1.078334076844300604e+01
3.753858120000000000e+08 1.077744638888797191e+01
3.755025580000000000e+08 1.076114215972290111e+01
3.756228740000000000e+08 1.077033713403596238e+01
3.757411180000000000e+08 1.077177911141849265e+01
3.758599660000000000e+08 1.077299048948201765e+01
3.759777260000000000e+08 1.077326819245902634e+01
3.760987640000000000e+08 1.076464752692968396e+01
3.762170190000000000e+08 1.075511003157665790e+01
3.763313670000000000e+08 1.075772399565104109e+01
3.764503250000000000e+08 1.076175065839210987e+01
3.765684390000000000e+08 1.077929129877832715e+01
3.766867210000000000e+08 1.076156122235329526e+01
3.768072570000000000e+08 1.074471804912535688e+01
3.769284320000000000e+08 1.075123648787553243e+01
3.770484500000000000e+08 1.075481849503072063e+01
3.771690520000000000e+08 1.075809949214370320e+01
3.772890440000000000e+08 1.075031123013969214e+01
3.774046480000000000e+08 1.076348386559764236e+01
3.775213330000000000e+08 1.076207261798511006e+01
3.776390420000000000e+08 1.075725793021659626e+01
3.777566040000000000e+08 1.076003763831001869e+01
3.778723020000000000e+08 1.077913274886358508e+01
3.779900350000000000e+08 1.078559690354683553e+01
3.781075000000000000e+08 1.078284941466541547e+01
3.782240510000000000e+08 1.077604335594329577e+01
3.783434800000000000e+08 1.078112033021558069e+01
3.784589510000000000e+08 1.077766539797616829e+01
3.785780380000000000e+08 1.077038418702972322e+01
3.786941300000000000e+08 1.077768233450490065e+01
3.788139760000000000e+08 1.078059973921562786e+01
3.789310770000000000e+08 1.076771223486558071e+01
3.790495570000000000e+08 1.076779777144255412e+01
3.791670540000000000e+08 1.077295027090814550e+01
3.792831600000000000e+08 1.076671375788767016e+01
3.794012080000000000e+08 1.077533310071198969e+01
3.795208210000000000e+08 1.076102563649252453e+01
3.796392020000000000e+08 1.075130356512371854e+01
3.797572490000000000e+08 1.073460456689175402e+01
3.798768640000000000e+08 1.073155612135354531e+01
3.799947770000000000e+08 1.071844342727986366e+01
3.801146770000000000e+08 1.071752475528218262e+01
3.802292150000000000e+08 1.070149839653010559e+01
3.803479340000000000e+08 1.069111259385262791e+01
3.804651540000000000e+08 1.068394440094036568e+01
3.805833250000000000e+08 1.067368335071959784e+01
3.807010810000000000e+08 1.068231629886208367e+01
3.808190650000000000e+08 1.069485845478983066e+01
3.809385890000000000e+08 1.069692662307402564e+01
3.810577790000000000e+08 1.068378220723823624e+01
3.811768160000000000e+08 1.067347723266999893e+01
3.812932600000000000e+08 1.067627510818897463e+01
3.814112870000000000e+08 1.067818465936236905e+01
3.815276700000000000e+08 1.067417084251012582e+01
3.816443360000000000e+08 1.068090417971220774e+01
3.817606310000000000e+08 1.069133159068258365e+01
3.818805790000000000e+08 1.069610840295919907e+01
3.820017710000000000e+08 1.069262273063270285e+01
3.821175230000000000e+08 1.070873896072354192e+01
3.822373690000000000e+08 1.070717500124336397e+01
3.823581950000000000e+08 1.070971516605405327e+01
3.824804220000000000e+08 1.069488681467754887e+01
3.825955700000000000e+08 1.068481376186613119e+01
3.827148310000000000e+08 1.068137467602145385e+01
3.828336590000000000e+08 1.067448065587797501e+01
3.829502100000000000e+08 1.067828327162870927e+01
3.830678940000000000e+08 1.067759480765145597e+01
3.831886500000000000e+08 1.067567905764191494e+01
3.833043480000000000e+08 1.066568851825831565e+01
3.834231050000000000e+08 1.067201606691722837e+01
3.835378340000000000e+08 1.066315526329950991e+01
3.836557610000000000e+08 1.067221034235203447e+01
3.837703050000000000e+08 1.067056578958354152e+01
3.838896740000000000e+08 1.067155882300849257e+01
3.840121770000000000e+08 1.067067971813296268e+01
3.841301480000000000e+08 1.066451549546312627e+01
3.842466300000000000e+08 1.065621905598921160e+01
3.843671660000000000e+08 1.063913093335242621e+01
3.844863520000000000e+08 1.063741968897568313e+01
3.846068010000000000e+08 1.063222684742049040e+01
3.847271200000000000e+08 1.062284365872044667e+01
3.848450770000000000e+08 1.062028800722199406e+01
3.849635420000000000e+08 1.062000859471355696e+01
3.850793010000000000e+08 1.062771196585067202e+01
3.851977700000000000e+08 1.061911660304621030e+01
3.853191000000000000e+08 1.060512784803311526e+01
3.854389260000000000e+08 1.058899271583357660e+01
3.855563480000000000e+08 1.059798784973625274e+01
3.856716310000000000e+08 1.060149599508855722e+01
3.857891010000000000e+08 1.060885262201922785e+01
3.859078240000000000e+08 1.061306380906237656e+01
3.860254700000000000e+08 1.060129186641398391e+01
3.861452310000000000e+08 1.060259165771334722e+01
3.862629590000000000e+08 1.059322951531911094e+01
3.863762120000000000e+08 1.059040397236360675e+01
3.864948250000000000e+08 1.058770709800611343e+01
3.866087810000000000e+08 1.058251506381331986e+01
3.867304230000000000e+08 1.058881627253158442e+01
3.868505880000000000e+08 1.057980366771290726e+01
3.869715540000000000e+08 1.059374066572237005e+01
3.870876350000000000e+08 1.059713386397573665e+01
3.872100900000000000e+08 1.058485036713260108e+01
3.873265160000000000e+08 1.059091489186426571e+01
3.874452000000000000e+08 1.058401145270898169e+01
3.875645560000000000e+08 1.057963583476796821e+01
3.876835770000000000e+08 1.057673855373567129e+01
3.878027450000000000e+08 1.058650613139133689e+01
3.879171980000000000e+08 1.059834602556643546e+01
3.880357990000000000e+08 1.059256592319867174e+01
3.881538090000000000e+08 1.058261722955588979e+01
3.882715440000000000e+08 1.058024924318305082e+01
3.883901010000000000e+08 1.057872502438174855e+01
3.885097640000000000e+08 1.056209713796035565e+01
3.886286570000000000e+08 1.056070031060866299e+01
3.887465010000000000e+08 1.055756330484641836e+01
3.888652830000000000e+08 1.056005080018200992e+01
3.889817620000000000e+08 1.055908285526929014e+01
3.890998700000000000e+08 1.055784424099878827e+01
3.892177630000000000e+08 1.054843097191613133e+01
3.893358550000000000e+08 1.054055409285074596e+01
3.894558800000000000e+08 1.053301152878881553e+01
3.895741600000000000e+08 1.053565554137749594e+01
3.896948830000000000e+08 1.053982328398892676e+01
3.898148270000000000e+08 1.053491916098200143e+01
3.899333060000000000e+08 1.054708294767569754e+01
3.900506920000000000e+08 1.054351291351523123e+01
3.901664260000000000e+08 1.054131621373174355e+01
3.902858030000000000e+08 1.053523797503019388e+01
3.904037710000000000e+08 1.054051835052195152e+01
3.905234480000000000e+08 1.054370927186946538e+01
3.906446740000000000e+08 1.054323105209860501e+01
3.907627520000000000e+08 1.054504708360328458e+01
3.908818740000000000e+08 1.053654796661017912e+01
3.910007470000000000e+08 1.052761566294745599e+01
3.911176750000000000e+08 1.054583726776262864e+01
3.912348770000000000e+08 1.054516962323474338e+01
3.913527380000000000e+08 1.054659357425226851e+01
3.914714770000000000e+08 1.053635939949277400e+01
3.915899060000000000e+08 1.054856094986993398e+01
3.917069380000000000e+08 1.054462949981787290e+01
3.918250320000000000e+08 1.054668566155382692e+01
3.919440450000000000e+08 1.054062575077432484e+01
3.920616150000000000e+08 1.054176035622921681e+01
3.921844510000000000e+08 1.053726092058198915e+01
3.922991420000000000e+08 1.053406143380129478e+01
3.924161510000000000e+08 1.052429853357957334e+01
3.925336460000000000e+08 1.050795632767754384e+01
3.926501730000000000e+08 1.051598468314025858e+01
3.927697600000000000e+08 1.052093249201474734e+01
3.928894430000000000e+08 1.052150299336694594e+01
3.930095480000000000e+08 1.051626883483891284e+01
3.931282600000000000e+08 1.051755963660272108e+01
3.932446400000000000e+08 1.049820896698977890e+01
3.933622720000000000e+08 1.050932596480453007e+01
3.934799910000000000e+08 1.050920559094405249e+01
3.935989400000000000e+08 1.051000225368451524e+01
3.937161920000000000e+08 1.050747161896829240e+01
3.938331690000000000e+08 1.050701724638068946e+01
3.939510730000000000e+08 1.051811331381694004e+01
3.940683790000000000e+08 1.051534459977400182e+01
3.941862370000000000e+08 1.051393463214598256e+01
3.943030860000000000e+08 1.051183100909119794e+01
3.944207300000000000e+08 1.049654581710357348e+01
3.945380320000000000e+08 1.049880943916307174e+01
3.946560310000000000e+08 1.050648203698328054e+01
3.947748640000000000e+08 1.051289985849189534e+01
3.948922400000000000e+08 1.050983019995504186e+01
3.950119590000000000e+08 1.051281260544563523e+01
3.951282260000000000e+08 1.051059413746686388e+01
3.952488690000000000e+08 1.050908147110733282e+01
3.953678630000000000e+08 1.050945188101565186e+01
3.954883040000000000e+08 1.051588616584622393e+01
3.956051550000000000e+08 1.051689718578470156e+01
3.957234970000000000e+08 1.050625652743403471e+01
3.958441300000000000e+08 1.050358998368741759e+01
3.959643500000000000e+08 1.049899331493548971e+01
3.960800570000000000e+08 1.049376754558280922e+01
3.961993030000000000e+08 1.050225562444460259e+01
3.963201790000000000e+08 1.049999267375592460e+01
3.964391060000000000e+08 1.049995361945411254e+01
3.965585440000000000e+08 1.050076752044241246e+01
3.966785210000000000e+08 1.049705435061027714e+01
3.967976980000000000e+08 1.050281109814866376e+01
3.969153900000000000e+08 1.050407077099481334e+01
3.970324880000000000e+08 1.050370672889759227e+01
3.971519730000000000e+08 1.049340354775973339e+01
3.972690930000000000e+08 1.048704484098788647e+01
3.973882210000000000e+08 1.048780786528893572e+01
3.975092780000000000e+08 1.051292918965781453e+01
3.976265050000000000e+08 1.052163588988234366e+01
3.977452030000000000e+08 1.052231020653159987e+01
3.978661350000000000e+08 1.051757953449052785e+01
3.979885760000000000e+08 1.050080685757439625e+01
3.981088160000000000e+08 1.051342609256206551e+01
3.982261300000000000e+08 1.051009681371628446e+01
3.983431510000000000e+08 1.050771213683826488e+01
3.984617160000000000e+08 1.050432516285882123e+01
3.985798490000000000e+08 1.052278777602401760e+01
3.986964240000000000e+08 1.051823382517827277e+01
3.988158560000000000e+08 1.050716619823472975e+01
3.989326380000000000e+08 1.050459242682879690e+01
3.990532690000000000e+08 1.051273585219860962e+01
3.991699230000000000e+08 1.051300591642536020e+01
3.992868440000000000e+08 1.052688126946998359e+01
3.994027430000000000e+08 1.052983465682937414e+01
3.995228560000000000e+08 1.051390692594134535e+01
3.996400320000000000e+08 1.050682682571379800e+01
3.997596580000000000e+08 1.050466713443700328e+01
3.998797850000000000e+08 1.050430163163276909e+01
3.999957730000000000e+08 1.048923876276472811e+01
4.001156220000000000e+08 1.049347796875183469e+01
4.002336620000000000e+08 1.049191055566751096e+01
4.003548330000000000e+08 1.048818618808720515e+01
4.004729050000000000e+08 1.048470088750116247e+01
4.005906790000000000e+08 1.048513441250761424e+01
4.007085000000000000e+08 1.048510792855726770e+01
4.008279230000000000e+08 1.048407590917308596e+01
4.009464270000000000e+08 1.047738520437908960e+01
4.010661580000000000e+08 1.047564379454676065e+01
4.011858490000000000e+08 1.048430400044604660e+01
4.013015140000000000e+08 1.048548610644921375e+01
4.014179080000000000e+08 1.048617807699075755e+01
4.015378990000000000e+08 1.048128937308394093e+01
4.016553320000000000e+08 1.047919480395938940e+01
4.017768420000000000e+08 1.047676222771135457e+01
4.018943980000000000e+08 1.047978877866940195e+01
4.020152080000000000e+08 1.046490799210735112e+01
4.021352640000000000e+08 1.047208364784965973e+01
4.022554000000000000e+08 1.045857093176365638e+01
4.023756670000000000e+08 1.044976826664345992e+01
4.024969030000000000e+08 1.045217717413868996e+01
4.026139190000000000e+08 1.044699983834951418e+01
4.027299060000000000e+08 1.044826117824575462e+01
4.028499270000000000e+08 1.043793420871345567e+01
4.029685410000000000e+08 1.044113120822288643e+01
4.030852340000000000e+08 1.042981168284513238e+01
4.032053270000000000e+08 1.043238774305744165e+01
4.033243230000000000e+08 1.043005764197858909e+01
4.034427960000000000e+08 1.042604217378619325e+01
4.035576320000000000e+08 1.043211541016771449e+01
4.036738490000000000e+08 1.041791106855320947e+01
4.037941240000000000e+08 1.041970250711603541e+01
4.039130530000000000e+08 1.042677796490169051e+01
4.040299930000000000e+08 1.042405007214205526e+01
4.041479340000000000e+08 1.042241094080317687e+01
4.042680940000000000e+08 1.042157617917146695e+01
4.043880680000000000e+08 1.041581080230557710e+01
4.045050620000000000e+08 1.042218704756301406e+01
4.046225260000000000e+08 1.041949070176353409e+01
4.047399980000000000e+08 1.040861087260135953e+01
4.048518820000000000e+08 1.040438187062717823e+01
4.049695450000000000e+08 1.040337096498887703e+01
4.050864240000000000e+08 1.040781848863939985e+01
4.052050830000000000e+08 1.039582556428262272e+01
4.053249480000000000e+08 1.038990411495585953e+01
4.054456640000000000e+08 1.039122576771017847e+01
4.055650450000000000e+08 1.037994923113537205e+01
4.056849710000000000e+08 1.037402817159239987e+01
4.058036410000000000e+08 1.036921243445001650e+01
4.059236960000000000e+08 1.037567327555814245e+01
4.060413530000000000e+08 1.038251707557253312e+01
4.061612400000000000e+08 1.037026803776395845e+01
4.062820640000000000e+08 1.037621359206030647e+01
4.063958950000000000e+08 1.037087190110976564e+01
4.065164040000000000e+08 1.035895867319187680e+01
4.066369900000000000e+08 1.034593876897233677e+01
4.067545320000000000e+08 1.035466906132740128e+01
4.068727730000000000e+08 1.035909996866535820e+01
4.069932960000000000e+08 1.035755652018844586e+01
4.071107460000000000e+08 1.035859349650527861e+01
4.072268150000000000e+08 1.036199854910494444e+01
4.073467600000000000e+08 1.035623772837292123e+01
4.074649570000000000e+08 1.033774126569790397e+01
4.075881470000000000e+08 1.033761713569596807e+01
4.077059440000000000e+08 1.034209361060931087e+01
4.078229960000000000e+08 1.034866710740018370e+01
4.079418820000000000e+08 1.034851616241406802e+01
4.080594290000000000e+08 1.035411634683573467e+01
4.081772220000000000e+08 1.033496049254301674e+01
4.082958090000000000e+08 1.032986216240100141e+01
4.084163000000000000e+08 1.032727497985677445e+01
4.085381310000000000e+08 1.032240073072222586e+01
4.086587070000000000e+08 1.031963585600225564e+01
4.087798620000000000e+08 1.032008978294763324e+01
4.088985250000000000e+08 1.030744666839317070e+01
4.090187990000000000e+08 1.030857905868674962e+01
4.091380230000000000e+08 1.031527985086353283e+01
4.092573700000000000e+08 1.030622370231146334e+01
4.093761270000000000e+08 1.029899920982538397e+01
4.094939310000000000e+08 1.029856672834019449e+01
4.096136800000000000e+08 1.030483165719223848e+01
4.097318200000000000e+08 1.029966151827076182e+01
4.098512030000000000e+08 1.029577478631881426e+01
4.099683100000000000e+08 1.029694261305577996e+01
4.100867540000000000e+08 1.030416588053750715e+01
4.102071650000000000e+08 1.031105033925304859e+01
4.103249190000000000e+08 1.031053953609934482e+01
4.104429540000000000e+08 1.031007386658850855e+01
4.105632400000000000e+08 1.030390506281627871e+01
4.106812390000000000e+08 1.029827954790294875e+01
4.107995660000000000e+08 1.029738908841735068e+01
4.109148620000000000e+08 1.029238361414662783e+01
4.110304850000000000e+08 1.028926390110581401e+01
4.111493460000000000e+08 1.028300603990679107e+01
4.112704640000000000e+08 1.027356276382549005e+01
4.113866620000000000e+08 1.027074907894814615e+01
4.115023700000000000e+08 1.027601268049215300e+01
4.116164710000000000e+08 1.026766351029110780e+01
4.117367520000000000e+08 1.025285264090557824e+01
4.118540770000000000e+08 1.023913769489576175e+01
4.119718250000000000e+08 1.022838674468557052e+01
4.120930730000000000e+08 1.021050996733244709e+01
4.122133100000000000e+08 1.021130153283965925e+01
4.123327500000000000e+08 1.021491719747349336e+01
4.124525780000000000e+08 1.020617670490854323e+01
4.125723160000000000e+08 1.020969261319257804e+01
4.126886340000000000e+08 1.020919524317815075e+01
4.128059600000000000e+08 1.020803439779643540e+01
4.129205350000000000e+08 1.020471813890088164e+01
4.130379060000000000e+08 1.020549212814169593e+01
4.131576330000000000e+08 1.020117043872863505e+01
4.132793790000000000e+08 1.019837071723601163e+01
4.134034860000000000e+08 1.019545609196485891e+01
4.135219160000000000e+08 1.019905951474226136e+01
4.136419140000000000e+08 1.019636522814428758e+01
4.137596940000000000e+08 1.019972089253826297e+01
4.138762860000000000e+08 1.019750961706246528e+01
4.139955820000000000e+08 1.019795211076209540e+01
4.141146290000000000e+08 1.019907219092235806e+01
4.142334170000000000e+08 1.019869615084309977e+01
4.143509170000000000e+08 1.019887079880413516e+01
4.144675100000000000e+08 1.020241219957914680e+01
4.145863100000000000e+08 1.020805016501690865e+01
4.147039110000000000e+08 1.020104862937965606e+01
4.148206230000000000e+08 1.019629291413928485e+01
4.149389620000000000e+08 1.019014324459596921e+01
4.150563780000000000e+08 1.018389509680163485e+01
4.151807310000000000e+08 1.018311427009652270e+01
4.152989740000000000e+08 1.018321839293115616e+01
4.154181380000000000e+08 1.018575290726532678e+01
4.155357100000000000e+08 1.018230944330407972e+01
4.156548830000000000e+08 1.019128562020361706e+01
4.157777330000000000e+08 1.018813216363460761e+01
4.158965950000000000e+08 1.019460014056626029e+01
4.160159340000000000e+08 1.018563083394136903e+01
4.161330890000000000e+08 1.018914870684077556e+01
4.162505850000000000e+08 1.018792390447806540e+01
4.163698000000000000e+08 1.019619081657688398e+01
4.164864140000000000e+08 1.020062165042957503e+01
4.166057180000000000e+08 1.020382030299015064e+01
4.167268190000000000e+08 1.020337344865232332e+01
4.168443980000000000e+08 1.020479045993551637e+01
4.169634660000000000e+08 1.020152671865120020e+01
4.170833370000000000e+08 1.019356679364652685e+01
4.171989180000000000e+08 1.018727907466736582e+01
4.173174450000000000e+08 1.018742184464624323e+01
4.174342050000000000e+08 1.018724072389482771e+01
4.175534630000000000e+08 1.018932526706969632e+01
4.176706760000000000e+08 1.019069542600851541e+01
4.177899530000000000e+08 1.018164711907259523e+01
4.179131380000000000e+08 1.018749461440737036e+01
4.180290490000000000e+08 1.018999200365161428e+01
4.181482950000000000e+08 1.017767767652489219e+01
4.182686760000000000e+08 1.017809354875752170e+01
4.183837760000000000e+08 1.017562474709617071e+01
4.185043040000000000e+08 1.017607722584457797e+01
4.186220050000000000e+08 1.017612552502608381e+01
4.187403930000000000e+08 1.018571682394761879e+01
4.188576850000000000e+08 1.018850636764547168e+01
4.189783150000000000e+08 1.019102892972452068e+01
4.190988860000000000e+08 1.019546172195575373e+01
4.192187170000000000e+08 1.020180308366232147e+01
4.193426240000000000e+08 1.019485489791499155e+01
4.194585350000000000e+08 1.019691156561473377e+01
4.195768470000000000e+08 1.019481407275507223e+01
4.196900810000000000e+08 1.018287325771922625e+01
4.198075840000000000e+08 1.017304226241598109e+01
4.199289570000000000e+08 1.017740424129617693e+01
4.200485570000000000e+08 1.018289841977377108e+01
4.201665000000000000e+08 1.018871886416229700e+01
4.202861080000000000e+08 1.018792876615331622e+01
4.204040450000000000e+08 1.017676159581555950e+01
4.205246620000000000e+08 1.017994272925166221e+01
4.206424920000000000e+08 1.018831870302027376e+01
4.207614430000000000e+08 1.019416822677491652e+01
4.208807840000000000e+08 1.019296517676672664e+01
4.209982500000000000e+08 1.018997189813517323e+01
4.211159260000000000e+08 1.019088967094121934e+01
4.212372960000000000e+08 1.019386186968294972e+01
4.213562170000000000e+08 1.019001795986101300e+01
4.214741170000000000e+08 1.018509003024970028e+01
4.215929400000000000e+08 1.018923471555097926e+01
4.217092880000000000e+08 1.019243783640130374e+01
4.218283500000000000e+08 1.018484461976647992e+01
4.219464140000000000e+08 1.018427155393137795e+01
4.220625520000000000e+08 1.018112270572970424e+01
4.221778750000000000e+08 1.017655255301306383e+01
4.222959400000000000e+08 1.018018467945842609e+01
4.224150320000000000e+08 1.018431588516495445e+01
4.225351680000000000e+08 1.018913370938326146e+01
4.226540240000000000e+08 1.018659603674109526e+01
4.227708620000000000e+08 1.018840873473810404e+01
4.228907740000000000e+08 1.018562516457587996e+01
4.230105600000000000e+08 1.018357950281569657e+01
4.231292310000000000e+08 1.017659386239913033e+01
4.232502110000000000e+08 1.016424192997579468e+01
4.233711220000000000e+08 1.016520820444534401e+01
4.234918070000000000e+08 1.015684656053726620e+01
4.236087440000000000e+08 1.017025538433397003e+01
4.237259190000000000e+08 1.017282358598061798e+01
4.238463130000000000e+08 1.018003881815013933e+01
4.239629930000000000e+08 1.018079001237078707e+01
4.240810370000000000e+08 1.017599018220995077e+01
4.242026000000000000e+08 1.017967431930812161e+01
4.243244950000000000e+08 1.016826762632620174e+01
4.244430340000000000e+08 1.017373328290103807e+01
4.245649100000000000e+08 1.017576542918961024e+01
4.246843050000000000e+08 1.017143293099971757e+01
4.248044440000000000e+08 1.016899723992688820e+01
4.249200710000000000e+08 1.017066690132593187e+01
4.250388080000000000e+08 1.017308721915600422e+01
4.251562660000000000e+08 1.017223828643379946e+01
4.252740760000000000e+08 1.017229409115274130e+01
4.253924450000000000e+08 1.016538854317806084e+01
4.255120110000000000e+08 1.016237844479766927e+01
4.256303650000000000e+08 1.015774373115155527e+01
4.257458640000000000e+08 1.017113739304655695e+01
4.258659910000000000e+08 1.017317879203376307e+01
4.259842680000000000e+08 1.016256411428654438e+01
4.261025070000000000e+08 1.017124374063663872e+01
4.262207700000000000e+08 1.017619074189505035e+01
4.263391180000000000e+08 1.017673986126293961e+01
4.264599690000000000e+08 1.017942249034168611e+01
4.265781140000000000e+08 1.017734291660971380e+01
4.266938720000000000e+08 1.017578384484023424e+01
4.268112770000000000e+08 1.016861859097936005e+01
4.269311080000000000e+08 1.016163884667070860e+01
4.270480130000000000e+08 1.015859282929490881e+01
4.271666000000000000e+08 1.016800546725873389e+01
4.272831500000000000e+08 1.016101451119856591e+01
4.274023600000000000e+08 1.015399512720171238e+01
4.275208090000000000e+08 1.015422933695716345e+01
4.276390870000000000e+08 1.015479118103226064e+01
4.277571310000000000e+08 1.016285132733724161e+01
4.278751930000000000e+08 1.016094695425078243e+01
4.279911680000000000e+08 1.016428838552372760e+01
4.281085710000000000e+08 1.016901151746572829e+01
4.282252070000000000e+08 1.016458940701938118e+01
4.283438470000000000e+08 1.016394385866288097e+01
4.284631360000000000e+08 1.016542447062516707e+01
4.285797570000000000e+08 1.016194177360942419e+01
4.286954290000000000e+08 1.016230240011131514e+01
4.288153480000000000e+08 1.016319186207980785e+01
4.289325470000000000e+08 1.015413362705869105e+01
4.290475440000000000e+08 1.014613665868964887e+01
4.291641540000000000e+08 1.014408347332796190e+01
4.292805170000000000e+08 1.014189479346294220e+01
4.293997380000000000e+08 1.013732720035599577e+01
4.295188700000000000e+08 1.014231917316752529e+01
4.296365200000000000e+08 1.013482267152660299e+01
4.297523720000000000e+08 1.013796158452358931e+01
4.298722960000000000e+08 1.013149165707849519e+01
4.299852230000000000e+08 1.012196296815810648e+01
4.301006840000000000e+08 1.013023347735277291e+01
4.302185180000000000e+08 1.013717566931980940e+01
4.303381360000000000e+08 1.013765842122316663e+01
4.304539620000000000e+08 1.013026296014804473e+01
4.305722590000000000e+08 1.013358405260527917e+01
4.306866230000000000e+08 1.013012688455346222e+01
4.308063240000000000e+08 1.012544960604781252e+01
4.309227800000000000e+08 1.012073501339247628e+01
4.310431510000000000e+08 1.011401724336460184e+01
4.311603500000000000e+08 1.010299018296343476e+01
4.312816740000000000e+08 1.010492675190366896e+01
4.314012370000000000e+08 1.010795989335728073e+01
4.315206970000000000e+08 1.011508354191540882e+01
4.316375540000000000e+08 1.011781112702752594e+01
4.317557210000000000e+08 1.011440680270110271e+01
4.318755200000000000e+08 1.011720535448469427e+01
4.319921130000000000e+08 1.010762662555721292e+01
4.321123280000000000e+08 1.011564142593770477e+01
4.322313870000000000e+08 1.012506388876838059e+01
4.323501370000000000e+08 1.012327758871059302e+01
4.324684740000000000e+08 1.013031974892849618e+01
4.325878380000000000e+08 1.012854008590967858e+01
4.327079430000000000e+08 1.012125365651098008e+01
4.328247520000000000e+08 1.011182863461920256e+01
4.329415440000000000e+08 1.011383518295916950e+01
4.330624380000000000e+08 1.010576091127366816e+01
4.331817260000000000e+08 1.010260997612087230e+01
4.333005850000000000e+08 1.010198653685567294e+01
4.334188700000000000e+08 1.010072585118390798e+01
4.335367220000000000e+08 1.009394610367493961e+01
4.336571400000000000e+08 1.009544005380728393e+01
4.337755890000000000e+08 1.009281258320729613e+01
4.338955740000000000e+08 1.008980324457465017e+01
4.340152330000000000e+08 1.008481383524438790e+01
4.341320410000000000e+08 1.008079757991698067e+01
4.342484750000000000e+08 1.007471462479256985e+01
4.343660620000000000e+08 1.007480690514496935e+01
4.344853410000000000e+08 1.007037466392632119e+01
4.346049540000000000e+08 1.006867310377073821e+01
4.347224940000000000e+08 1.006692312802537970e+01
4.348399650000000000e+08 1.006541496063316998e+01
4.349594730000000000e+08 1.007306429147369542e+01
4.350774250000000000e+08 1.006886233390978802e+01
4.351957670000000000e+08 1.006487763438293825e+01
4.353150100000000000e+08 1.005974825998774946e+01
4.354329910000000000e+08 1.005172311720890832e+01
4.355553650000000000e+08 1.005610160077597470e+01
4.356727140000000000e+08 1.005211952675708531e+01
4.357947510000000000e+08 1.004781965485539708e+01
4.359100950000000000e+08 1.004475169808232238e+01
4.360266950000000000e+08 1.004635301306023898e+01
4.361436840000000000e+08 1.005380124877330417e+01
4.362612580000000000e+08 1.004620542753851531e+01
4.363771320000000000e+08 1.004764875720647233e+01
4.364912190000000000e+08 1.004800173866027002e+01
4.366102710000000000e+08 1.004912105099193198e+01
4.367284280000000000e+08 1.005289514446031873e+01
4.368471040000000000e+08 1.004558126287004782e+01
4.369672680000000000e+08 1.004278499870384067e+01
4.370860290000000000e+08 1.004866641395603466e+01
4.372065160000000000e+08 1.004193971171827826e+01
4.373241330000000000e+08 1.004856472464079964e+01
4.374423070000000000e+08 1.003930198960580356e+01
4.375606030000000000e+08 1.004740252322442018e+01
4.376784750000000000e+08 1.004316052275904703e+01
4.377955620000000000e+08 1.004100851494515645e+01
4.379148760000000000e+08 1.004705718882182808e+01
4.380339830000000000e+08 1.003523819270818329e+01
4.381514690000000000e+08 1.003429002078377863e+01
4.382673030000000000e+08 1.004624524693306498e+01
4.383865150000000000e+08 1.004310593481093683e+01
4.385062630000000000e+08 1.004792089352917017e+01
4.386275140000000000e+08 1.003779333034478682e+01
4.387472680000000000e+08 1.002940459797463113e+01
4.388712370000000000e+08 1.001896265660239926e+01
4.389876840000000000e+08 1.002097706060991733e+01
4.391047200000000000e+08 1.002265004173285767e+01
4.392241470000000000e+08 1.002170386174625882e+01
4.393393040000000000e+08 1.002606774756883468e+01
4.394572210000000000e+08 1.001656159463262341e+01
4.395764260000000000e+08 1.001199725134491558e+01
4.396933230000000000e+08 1.001380511479376523e+01
4.398093210000000000e+08 1.000698950100044904e+01
4.399292070000000000e+08 1.000763073262631409e+01
4.400486960000000000e+08 1.000641896190197322e+01
4.401691970000000000e+08 1.001608410736135113e+01
4.402875750000000000e+08 1.001334821485940907e+01
4.404059130000000000e+08 1.001948459002575831e+01
4.405206830000000000e+08 1.002537819733413116e+01
4.406413970000000000e+08 1.002436673377752463e+01
4.407606610000000000e+08 1.002260784116282366e+01
4.408797180000000000e+08 1.002003268367333888e+01
4.409980430000000000e+08 1.001708229349291379e+01
4.411178740000000000e+08 1.001010676991957737e+01
4.412362090000000000e+08 1.000569737250954283e+01
4.413559890000000000e+08 1.000430258035558850e+01
4.414748680000000000e+08 1.001749064324023308e+01
4.415921750000000000e+08 1.000754130107831408e+01
4.417069170000000000e+08 1.000843200911509356e+01
4.418231820000000000e+08 1.000808874149383598e+01
4.419433100000000000e+08 1.001558036244674099e+01
4.420609890000000000e+08 1.001733391429720932e+01
4.421809960000000000e+08 1.002199874937689650e+01
4.422987500000000000e+08 1.001511296273930895e+01
4.424152350000000000e+08 1.000597849603488321e+01
4.425354140000000000e+08 1.000812361314138599e+01
4.426541140000000000e+08 1.000588250874331919e+01
4.427741960000000000e+08 1.000893704194854195e+01
4.428915560000000000e+08 1.001310716228119269e+01
4.430105960000000000e+08 1.002145874280488513e+01
4.431327250000000000e+08 1.002578177215834820e+01
4.432518350000000000e+08 1.002985902904607229e+01
4.433690480000000000e+08 1.001909668117398233e+01
4.434893840000000000e+08 1.001584018727279712e+01
4.436051670000000000e+08 1.001955101048499053e+01
4.437237230000000000e+08 1.002071796636602130e+01
4.438416990000000000e+08 1.002133998113315094e+01
4.439612380000000000e+08 1.001746022115590584e+01
4.440806660000000000e+08 1.000848037806897928e+01
4.441969490000000000e+08 1.000200771576355407e+01
4.443154920000000000e+08 1.000003279732843531e+01
4.444340840000000000e+08 1.000688376453128470e+01
4.445516370000000000e+08 1.000714300401053514e+01
4.446696690000000000e+08 1.000693243436584901e+01
4.447900120000000000e+08 9.995220535347776547e+00
4.449090490000000000e+08 9.980522315146531653e+00
4.450247170000000000e+08 9.983484010211798321e+00
4.451428750000000000e+08 9.977231655384457554e+00
4.452615710000000000e+08 9.976109012683444632e+00
4.453813920000000000e+08 9.976088441178644572e+00
4.455004670000000000e+08 9.970922864794900420e+00
4.456166340000000000e+08 9.979411679406256397e+00
4.457353970000000000e+08 9.983943104564675153e+00
4.458512150000000000e+08 9.985512869421128812e+00
4.459703860000000000e+08 9.975045547709934013e+00
4.460924730000000000e+08 9.978500210039861429e+00
4.462116130000000000e+08 9.970699804531337307e+00
4.463282220000000000e+08 9.968076627462993500e+00
4.464460600000000000e+08 9.969953308491733779e+00
4.465624410000000000e+08 9.972231528684794455e+00
4.466803370000000000e+08 9.969443677182914243e+00
4.467980480000000000e+08 9.977595681420693197e+00
4.469168190000000000e+08 9.980689837669499909e+00
4.470355550000000000e+08 9.986719505343090830e+00
4.471550410000000000e+08 9.979045177780259124e+00
4.472749690000000000e+08 9.971861613960919968e+00
4.473944300000000000e+08 9.973088051656317177e+00
4.475110640000000000e+08 9.976124263448181040e+00
4.476300890000000000e+08 9.980819204894892493e+00
4.477491110000000000e+08 9.977975375807321967e+00
4.478685670000000000e+08 9.972220312626467020e+00
4.479856260000000000e+08 9.964781928690257473e+00
4.481043860000000000e+08 9.960717174064235735e+00
4.482202940000000000e+08 9.970001358633425070e+00
4.483413040000000000e+08 9.963605219300449178e+00
4.484627720000000000e+08 9.961605568160969426e+00
4.485796020000000000e+08 9.957717156456626029e+00
4.486953660000000000e+08 9.948862734969738497e+00
4.488138250000000000e+08 9.951115579078571471e+00
4.489313000000000000e+08 9.947583947900801249e+00
4.490494680000000000e+08 9.943366530215588028e+00
4.491688690000000000e+08 9.940649025631580926e+00
4.492894810000000000e+08 9.937703687830550692e+00
4.494065920000000000e+08 9.936475702769657303e+00
4.495255260000000000e+08 9.932748284036359010e+00
4.496461660000000000e+08 9.943267838942674075e+00
4.497654650000000000e+08 9.941982596987886112e+00
4.498862530000000000e+08 9.934249456396035072e+00
4.500008590000000000e+08 9.935824266225159462e+00
4.501221720000000000e+08 9.929420556940039333e+00
4.502393390000000000e+08 9.924515619912819275e+00
4.503580340000000000e+08 9.923644503855470589e+00
4.504757710000000000e+08 9.919916401207469647e+00
4.505937990000000000e+08 9.907340466323663719e+00
4.507099240000000000e+08 9.916650198584871845e+00
4.508290780000000000e+08 9.917887811018687216e+00
4.509492010000000000e+08 9.918089144805172452e+00
4.510651010000000000e+08 9.921446738944084132e+00
4.511869300000000000e+08 9.911342919719999145e+00
4.513031050000000000e+08 9.902018418081969031e+00
4.514193550000000000e+08 9.899596722116877245e+00
4.515395720000000000e+08 9.900183852092460768e+00
4.516592710000000000e+08 9.906583173593810798e+00
4.517787810000000000e+08 9.902959335826214016e+00
4.518983050000000000e+08 9.898836534219132233e+00
4.520159010000000000e+08 9.891865829372219920e+00
4.521366820000000000e+08 9.881534021211015428e+00
4.522536100000000000e+08 9.883991343608087732e+00
4.523714950000000000e+08 9.885240136954587697e+00
4.524929660000000000e+08 9.879223654966125423e+00
4.526112270000000000e+08 9.885168230429645320e+00
4.527318900000000000e+08 9.887174272477794901e+00
4.528482700000000000e+08 9.887038070851827953e+00
4.529672970000000000e+08 9.884309130163567048e+00
4.530855310000000000e+08 9.892145624403763549e+00
4.532047680000000000e+08 9.893286503373177609e+00
4.533243250000000000e+08 9.894714034714207074e+00
4.534436950000000000e+08 9.894931498282868887e+00
4.535618510000000000e+08 9.893417475291014895e+00
4.536815930000000000e+08 9.894975517982647517e+00
4.538010140000000000e+08 9.908395293281996530e+00
4.539222690000000000e+08 9.902036543325031914e+00
4.540394910000000000e+08 9.900397088108242372e+00
4.541589250000000000e+08 9.895165056523243408e+00
4.542767640000000000e+08 9.900532149072232002e+00
4.543944320000000000e+08 9.894254332193339607e+00
4.545106630000000000e+08 9.887688654372968955e+00
4.546294000000000000e+08 9.891978470474944274e+00
4.547456620000000000e+08 9.883010741908519137e+00
4.548666070000000000e+08 9.887864213040161943e+00
4.549812390000000000e+08 9.885964686325106499e+00
4.550991140000000000e+08 9.885409839308001878e+00
4.552172150000000000e+08 9.887364435642185256e+00
4.553351890000000000e+08 9.890888851425037487e+00
4.554551670000000000e+08 9.888302230976773188e+00
4.555742740000000000e+08 9.887870355450681714e+00
4.556933200000000000e+08 9.888733438026932276e+00
4.558104490000000000e+08 9.895371757458885753e+00
4.559280370000000000e+08 9.891553402839651454e+00
4.560454820000000000e+08 9.897369620403029700e+00
4.561623880000000000e+08 9.884336522949581649e+00
4.562811800000000000e+08 9.879591288980213548e+00
4.564022380000000000e+08 9.882099169830285135e+00
4.565214910000000000e+08 9.886531419842761181e+00
4.566403620000000000e+08 9.887788856224119627e+00
4.567591980000000000e+08 9.891805499506610033e+00
4.568785720000000000e+08 9.898183436326013052e+00
4.569983940000000000e+08 9.902507216068467955e+00
4.571189300000000000e+08 9.899305753521343121e+00
4.572398410000000000e+08 9.908060356461884766e+00
4.573588400000000000e+08 9.909000437696422026e+00
4.574802480000000000e+08 9.924272297836331802e+00
4.576019860000000000e+08 9.917678019307032855e+00
4.577190990000000000e+08 9.911000220412086392e+00
4.578386810000000000e+08 9.907222916921565314e+00
4.579577700000000000e+08 9.902698027358253441e+00
4.580782130000000000e+08 9.896210517823492481e+00
4.581981490000000000e+08 9.891025453315990035e+00
4.583139460000000000e+08 9.877138378803920205e+00
4.584310310000000000e+08 9.880886738081565923e+00
4.585486790000000000e+08 9.875905572038377045e+00
4.586673240000000000e+08 9.873626781912179240e+00
4.587868820000000000e+08 9.864896022715370805e+00
4.589038880000000000e+08 9.865380422209335975e+00
4.590250850000000000e+08 9.876628834445545735e+00
4.591431010000000000e+08 9.861019827847277597e+00
4.592601120000000000e+08 9.863397228475102807e+00
4.593789700000000000e+08 9.867530795688839618e+00
4.594982470000000000e+08 9.871632774961602408e+00
4.596168000000000000e+08 9.870719412383941460e+00
4.597357870000000000e+08 9.875230491392381182e+00
4.598515550000000000e+08 9.865235388517952231e+00
4.599675040000000000e+08 9.865000202409053287e+00
4.600862460000000000e+08 9.865291755028382070e+00
4.602073330000000000e+08 9.863912954628061058e+00
4.603269590000000000e+08 9.869311800002215307e+00
4.604462560000000000e+08 9.863355523031012595e+00
4.605671810000000000e+08 9.845994051476768760e+00
4.606856810000000000e+08 9.842210476104973793e+00
4.608063360000000000e+08 9.838709018128509953e+00
4.609262440000000000e+08 9.820942980460042548e+00
4.610423120000000000e+08 9.817370168846423439e+00
4.611624690000000000e+08 9.814850995849765170e+00
4.612822900000000000e+08 9.820977604705191766e+00
4.613981680000000000e+08 9.813345643157360243e+00
4.615183660000000000e+08 9.810888153089756258e+00
4.616360830000000000e+08 9.811884235877615268e+00
4.617555720000000000e+08 9.810607503967363030e+00
4.618762890000000000e+08 9.807313373299898274e+00
4.619933020000000000e+08 9.799495864999554939e+00
4.621144380000000000e+08 9.797974497026929797e+00
4.622341230000000000e+08 9.799486057391522564e+00
4.623541530000000000e+08 9.796775092771421001e+00
4.624740230000000000e+08 9.789878910082109087e+00
4.625930910000000000e+08 9.782741303277248335e+00
4.627098620000000000e+08 9.794108952209485963e+00
4.628262180000000000e+08 9.797002202498676482e+00
4.629434890000000000e+08 9.793673869799208731e+00
4.630603990000000000e+08 9.791006252240100238e+00
4.631768290000000000e+08 9.784732645618790414e+00
4.632953380000000000e+08 9.786273234918485997e+00
4.634126850000000000e+08 9.787129941947110723e+00
4.635292850000000000e+08 9.787608785335331518e+00
4.636480810000000000e+08 9.778060230888780069e+00
4.637698360000000000e+08 9.766018864346285966e+00
4.638891660000000000e+08 9.759959991877918739e+00
4.640048800000000000e+08 9.757467591845816912e+00
4.641236610000000000e+08 9.742726450956434192e+00
4.642433940000000000e+08 9.740098170897727670e+00
4.643604900000000000e+08 9.745744045033845282e+00
4.644780410000000000e+08 9.728181783085570800e+00
4.645996340000000000e+08 9.724133246721400781e+00
4.647171790000000000e+08 9.726785202337206115e+00
4.648343310000000000e+08 9.719267411223334818e+00
4.649538240000000000e+08 9.720332736004444030e+00
4.650724960000000000e+08 9.721298414281768885e+00
4.651930710000000000e+08 9.721803498558800882e+00
4.653107460000000000e+08 9.727878419466977178e+00
4.654278000000000000e+08 9.732169463784602570e+00
4.655465810000000000e+08 9.725658125181320557e+00
4.656650760000000000e+08 9.731848770429463613e+00
4.657856000000000000e+08 9.732591667198612129e+00
4.659033270000000000e+08 9.722883970736551973e+00
4.660223400000000000e+08 9.721528084549943216e+00
4.661391480000000000e+08 9.723876151522802047e+00
4.662559110000000000e+08 9.717300807396751949e+00
4.663718200000000000e+08 9.729712764320350260e+00
4.664882480000000000e+08 9.726281155487829011e+00
4.666037900000000000e+08 9.719232589034438874e+00
4.667193890000000000e+08 9.704903556945774667e+00
4.668380860000000000e+08 9.718789081195666313e+00
4.669561680000000000e+08 9.734129881142743912e+00
4.670762840000000000e+08 9.733765661216441600e+00
4.671965540000000000e+08 9.734629204754940091e+00
4.673149880000000000e+08 9.727137394503872159e+00
4.674302400000000000e+08 9.726151352202885292e+00
4.675460310000000000e+08 9.718445083072678514e+00
4.676623780000000000e+08 9.716190451388380112e+00
4.677816280000000000e+08 9.724920430985356745e+00
4.678998170000000000e+08 9.720491252690074191e+00
4.680169670000000000e+08 9.726406261691092681e+00
4.681363720000000000e+08 9.734289058722623622e+00
4.682562250000000000e+08 9.728787192982881749e+00
4.683741520000000000e+08 9.722248915404071212e+00
4.684943330000000000e+08 9.724265786736339123e+00
4.686137030000000000e+08 9.722474568257059246e+00
4.687328810000000000e+08 9.735439713383865268e+00
4.688520410000000000e+08 9.735359803588933048e+00
4.689682230000000000e+08 9.731315939050471542e+00
4.690880490000000000e+08 9.727271924873342357e+00
4.692062000000000000e+08 9.728019987153260217e+00
4.693245750000000000e+08 9.729128997210503726e+00
4.694458660000000000e+08 9.722329544983351113e+00
4.695601600000000000e+08 9.721845558350546312e+00
4.696773710000000000e+08 9.721279865223134919e+00
4.697954130000000000e+08 9.716906461333447709e+00
4.699148580000000000e+08 9.721922782204133640e+00
4.700317040000000000e+08 9.715276166874833308e+00
4.701513600000000000e+08 9.716946440699006260e+00
4.702693120000000000e+08 9.725352827064428496e+00
4.703878750000000000e+08 9.733988064138840102e+00
4.705092020000000000e+08 9.736236198255232566e+00
4.706253920000000000e+08 9.735917625312948687e+00
4.707432940000000000e+08 9.735925436948164702e+00
4.708643840000000000e+08 9.735692120948419515e+00
4.709846480000000000e+08 9.748049718152623555e+00
4.711020440000000000e+08 9.735031383773769420e+00
4.712216310000000000e+08 9.730396862366248456e+00
4.713392840000000000e+08 9.735838351765043086e+00
4.714605960000000000e+08 9.736721922022365305e+00
4.715819400000000000e+08 9.741355167958831274e+00
4.717020090000000000e+08 9.742313007919586099e+00
4.718230460000000000e+08 9.750807247552144119e+00
4.719459240000000000e+08 9.740532982500830883e+00
4.720634690000000000e+08 9.734631140000800542e+00
4.721825280000000000e+08 9.732226512997895540e+00
4.723021380000000000e+08 9.723088194650342686e+00
4.724207020000000000e+08 9.720966695921649858e+00
4.725407190000000000e+08 9.717892438948533496e+00
4.726602250000000000e+08 9.719911099596872717e+00
4.727776010000000000e+08 9.718237721482067215e+00
4.728960930000000000e+08 9.725128233688705492e+00
4.730121120000000000e+08 9.721109974346074267e+00
4.731324120000000000e+08 9.711414551601523115e+00
4.732526680000000000e+08 9.718867411447261517e+00
4.733719390000000000e+08 9.720334924572354041e+00
4.734892800000000000e+08 9.719478782041463205e+00
4.736058200000000000e+08 9.731059764678304802e+00
4.737240600000000000e+08 9.733346873944409339e+00
4.738426010000000000e+08 9.733895518513008938e+00
4.739594420000000000e+08 9.738938052972732962e+00
4.740764790000000000e+08 9.734495510985855304e+00
4.741954050000000000e+08 9.716980831928276885e+00
4.743142220000000000e+08 9.715197639039331534e+00
4.744322770000000000e+08 9.719526411283919032e+00
4.745488120000000000e+08 9.719079387036309470e+00
4.746639830000000000e+08 9.716791669415874466e+00
4.747816470000000000e+08 9.711919448659909193e+00
4.749011030000000000e+08 9.710411153466241174e+00
4.750203600000000000e+08 9.711018014681421562e+00
4.751424500000000000e+08 9.713573447823087292e+00
4.752599870000000000e+08 9.712793160007835880e+00
4.753799910000000000e+08 9.719882430540000229e+00
4.755001790000000000e+08 9.716230782617506279e+00
4.756185780000000000e+08 9.717643582364688726e+00
4.757386140000000000e+08 9.720814638356534587e+00
4.758593410000000000e+08 9.718114820702556500e+00
4.759818000000000000e+08 9.710908834227312880e+00
4.761009980000000000e+08 9.701781786959225329e+00
4.762178740000000000e+08 9.698094256818272640e+00
4.763393180000000000e+08 9.704774720913720287e+00
4.764586800000000000e+08 9.706900690431551126e+00
4.765802130000000000e+08 9.709209519769880004e+00
4.766994510000000000e+08 9.696305305118569251e+00
4.768176400000000000e+08 9.694166133264047858e+00
4.769373050000000000e+08 9.693958740088646664e+00
4.770577390000000000e+08 9.689895597480607137e+00
4.771713830000000000e+08 9.685777155344327483e+00
4.772914680000000000e+08 9.683903703939934715e+00
4.774127410000000000e+08 9.684843727985271045e+00
4.775340230000000000e+08 9.686350411700178853e+00
4.776547390000000000e+08 9.683179161717749395e+00
4.777729850000000000e+08 9.685922532527708739e+00
4.778927670000000000e+08 9.682152123815322753e+00
4.780066420000000000e+08 9.683328989382982144e+00
4.781236290000000000e+08 9.678140179833189194e+00
4.782417400000000000e+08 9.677809423480711715e+00
4.783613230000000000e+08 9.682347699960962117e+00
4.784804820000000000e+08 9.681543088940001596e+00
4.785962010000000000e+08 9.688196531999253125e+00
4.787147460000000000e+08 9.683096465092358329e+00
4.788352170000000000e+08 9.682019824634858551e+00
4.789505760000000000e+08 9.685779771044899178e+00
4.790711780000000000e+08 9.682228874834063248e+00
4.791875990000000000e+08 9.680227508926241953e+00
4.793033540000000000e+08 9.673549779642781843e+00
4.794201560000000000e+08 9.660897526931359280e+00
4.795385710000000000e+08 9.665936974277336446e+00
4.796593170000000000e+08 9.661249875964761813e+00
4.797809660000000000e+08 9.657826863047439758e+00
4.799011340000000000e+08 9.655716973336543774e+00
4.800158620000000000e+08 9.654773577743020141e+00
4.801370940000000000e+08 9.655156168223587798e+00
4.802545540000000000e+08 9.652378281791467174e+00
4.803714010000000000e+08 9.657140190721968054e+00
4.804879090000000000e+08 9.652623691585352717e+00
4.806052240000000000e+08 9.641930616008288268e+00
4.807199120000000000e+08 9.634530279625517224e+00
4.808370650000000000e+08 9.634099276650211152e+00
4.809555860000000000e+08 9.644013092479704952e+00
4.810742290000000000e+08 9.649669694233878658e+00
4.811939180000000000e+08 9.660748661436738161e+00
4.813102260000000000e+08 9.665889635890083653e+00
4.814320760000000000e+08 9.653070563494178913e+00
4.815492570000000000e+08 9.660955954449967464e+00
4.816668740000000000e+08 9.663331878026431454e+00
4.817857470000000000e+08 9.663208266968979387e+00
4.819073750000000000e+08 9.658459024288079675e+00
4.820259670000000000e+08 9.656030050309189150e+00
4.821444730000000000e+08 9.664847851580223193e+00
4.822638740000000000e+08 9.665823160076845610e+00
4.823799030000000000e+08 9.656147373327559791e+00
4.824976870000000000e+08 9.652145699191196471e+00
4.826150390000000000e+08 9.648319031979786686e+00
4.827353530000000000e+08 9.645981815505095369e+00
4.828542290000000000e+08 9.645932688844835567e+00
4.829730940000000000e+08 9.647825198717351114e+00
4.830935080000000000e+08 9.637509301559207486e+00
4.832106830000000000e+08 9.635284336472523137e+00
4.833257220000000000e+08 9.627372233551431790e+00
4.834446560000000000e+08 9.628421566120552555e+00
4.835614830000000000e+08 9.629561256348377896e+00
4.836787490000000000e+08 9.620660660674456466e+00
4.837974630000000000e+08 9.624917270310339390e+00
4.839131980000000000e+08 9.625591763824946412e+00
4.840339220000000000e+08 9.618908017735567029e+00
4.841511420000000000e+08 9.610624051610885843e+00
4.842711890000000000e+08 9.608818726955229650e+00
4.843883420000000000e+08 9.609858597324553386e+00
4.845065330000000000e+08 9.612051406620285121e+00
4.846230060000000000e+08 9.613571628316016415e+00
4.847401400000000000e+08 9.611116835585791662e+00
4.848592540000000000e+08 9.602507961315996710e+00
4.849806830000000000e+08 9.613345265020241115e+00
4.851004200000000000e+08 9.609982817705663649e+00
4.852182340000000000e+08 9.608962950060815800e+00
4.853359140000000000e+08 9.608063552553591791e+00
4.854516790000000000e+08 9.608599066425339785e+00
4.855697960000000000e+08 9.614724800946170546e+00
4.856869390000000000e+08 9.609242883560103365e+00
4.858020690000000000e+08 9.608235761112849715e+00
4.859236270000000000e+08 9.612798441393170634e+00
4.860396850000000000e+08 9.616728151020691229e+00
4.861561840000000000e+08 9.630223888596731285e+00
4.862758890000000000e+08 9.627814899871854237e+00
4.863942790000000000e+08 9.633467427224177371e+00
4.865120950000000000e+08 9.626866286817536533e+00
4.866311440000000000e+08 9.626715061788544858e+00
4.867516220000000000e+08 9.621952986884139136e+00
4.868690420000000000e+08 9.618921158185615994e+00
4.869859130000000000e+08 9.618570868204159297e+00
4.871023400000000000e+08 9.625613793056087886e+00
4.872193900000000000e+08 9.619793438490528814e+00
4.873374630000000000e+08 9.622609407214879340e+00
4.874558170000000000e+08 9.618449119096027289e+00
4.875719180000000000e+08 9.622954521052669463e+00
4.876891490000000000e+08 9.622227128566912313e+00
4.878091060000000000e+08 9.622706507474170223e+00
4.879269780000000000e+08 9.609855141816682433e+00
4.880453300000000000e+08 9.601351237592648857e+00
4.881635620000000000e+08 9.594030662934805775e+00
4.882809670000000000e+08 9.604875124740487990e+00
4.883986070000000000e+08 9.602984909990500029e+00
4.885186050000000000e+08 9.599294906503073932e+00
4.886367220000000000e+08 9.594329318765334236e+00
4.887541900000000000e+08 9.604397961523400085e+00
4.888708070000000000e+08 9.608879868032889959e+00
4.889846590000000000e+08 9.604685616035908424e+00
4.891028690000000000e+08 9.616149587642860652e+00
4.892212460000000000e+08 9.626155737235377430e+00
4.893424010000000000e+08 9.614725530602273196e+00
4.894601360000000000e+08 9.617268285686433771e+00
4.895803200000000000e+08 9.625504875506241120e+00
4.896986850000000000e+08 9.629208593883296530e+00
4.898193010000000000e+08 9.621498276991784948e+00
4.899370740000000000e+08 9.620967930108552224e+00
4.900568900000000000e+08 9.623237264741764108e+00
4.901754230000000000e+08 9.615674308195551134e+00
4.902942800000000000e+08 9.619502998020763584e+00
4.904090780000000000e+08 9.619988672593043688e+00
4.905279930000000000e+08 9.609624593447527729e+00
4.906433000000000000e+08 9.605754331818229019e+00
4.907607750000000000e+08 9.596320298498172363e+00
4.908797630000000000e+08 9.593217141014546812e+00
4.909967480000000000e+08 9.598852690593719927e+00
4.911153030000000000e+08 9.595338643156063441e+00
4.912351090000000000e+08 9.588855699923954035e+00
4.913536370000000000e+08 9.584203274344391232e+00
4.914698900000000000e+08 9.577246530698488414e+00
4.915907090000000000e+08 9.585844274735862314e+00
4.917097220000000000e+08 9.594885969162099570e+00
4.918270240000000000e+08 9.589593712655124946e+00
4.919490410000000000e+08 9.590520002793891052e+00
4.920688630000000000e+08 9.586646606730178988e+00
4.921852410000000000e+08 9.587697544892172630e+00
4.923051510000000000e+08 9.592448872432628448e+00
4.924231150000000000e+08 9.594678279400786991e+00
4.925431360000000000e+08 9.592683637886391779e+00
4.926608210000000000e+08 9.585775616878031258e+00
4.927770240000000000e+08 9.591208968125130241e+00
4.928936600000000000e+08 9.586254614346744418e+00
4.930121330000000000e+08 9.588439032137079820e+00
4.931283030000000000e+08 9.582189502174161433e+00
4.932475840000000000e+08 9.587134566434148297e+00
4.933685650000000000e+08 9.588406457652286718e+00
4.934851030000000000e+08 9.592483876624154249e+00
4.936049110000000000e+08 9.597959471792671948e+00
4.937268030000000000e+08 9.594151983507959613e+00
4.938462560000000000e+08 9.592324742118186975e+00
4.939638180000000000e+08 9.593450280470660729e+00
4.940816810000000000e+08 9.603718749204540828e+00
4.941973640000000000e+08 9.601045153199709858e+00
4.943153130000000000e+08 9.599730910777978465e+00
4.944330490000000000e+08 9.596563100101791477e+00
4.945494550000000000e+08 9.603031988333800228e+00
4.946698190000000000e+08 9.612289253152574986e+00
4.947904180000000000e+08 9.616899932841461052e+00
4.949114470000000000e+08 9.621457127784498908e+00
4.950298780000000000e+08 9.613016474460103211e+00
4.951486940000000000e+08 9.604313470158537314e+00
4.952666350000000000e+08 9.589475666779891938e+00
4.953863080000000000e+08 9.586738442202909383e+00
4.955047840000000000e+08 9.580224742112106284e+00
4.956242640000000000e+08 9.573036491369199652e+00
4.957426050000000000e+08 9.571405825233748388e+00
4.958604330000000000e+08 9.561519180511405480e+00
4.959787380000000000e+08 9.572163989892500169e+00
4.961017790000000000e+08 9.567771910226808174e+00
4.962230040000000000e+08 9.565564070405528696e+00
4.963379310000000000e+08 9.562865168598303711e+00
4.964581130000000000e+08 9.563741701846710797e+00
4.965776220000000000e+08 9.557249712066896663e+00
4.966957980000000000e+08 9.557202156184507302e+00
4.968122150000000000e+08 9.559212168247746888e+00
4.969337810000000000e+08 9.558292642459747412e+00
4.970510630000000000e+08 9.555641927042968220e+00
4.971696650000000000e+08 9.557589601649898015e+00
4.972868860000000000e+08 9.556211275504956859e+00
4.974034510000000000e+08 9.562450657413460675e+00
4.975206690000000000e+08 9.558996674218875000e+00
4.976388470000000000e+08 9.549048080091434798e+00
4.977594460000000000e+08 9.548918831106290028e+00
4.978761420000000000e+08 9.546189576611782357e+00
4.979953830000000000e+08 9.546230812940503796e+00
4.981126840000000000e+08 9.550597545847491432e+00
4.982299550000000000e+08 9.553110374991895526e+00
4.983497640000000000e+08 9.555640942284538752e+00
4.984704560000000000e+08 9.545730952617693887e+00
4.985886280000000000e+08 9.545772094481899117e+00
4.987061180000000000e+08 9.548075875544085989e+00
4.988234070000000000e+08 9.544733067973371732e+00
4.989479550000000000e+08 9.539691895710614489e+00
4.990654300000000000e+08 9.532786320289432069e+00
4.991840940000000000e+08 9.535437121979583708e+00
4.993010480000000000e+08 9.529962523269951191e+00
4.994190010000000000e+08 9.532862208934567150e+00
4.995384080000000000e+08 9.536875315119207386e+00
4.996562060000000000e+08 9.530605668204179537e+00
4.997738250000000000e+08 9.535619885529317941e+00
4.998908090000000000e+08 9.531656667188576293e+00
5.000077990000000000e+08 9.532481027758375802e+00
5.001305700000000000e+08 9.536320191199319396e+00
5.002498980000000000e+08 9.542934493587855727e+00
5.003684060000000000e+08 9.545720865077907291e+00
5.004875530000000000e+08 9.549912597246610346e+00
5.006045480000000000e+08 9.560384197648811977e+00
5.007219840000000000e+08 9.562297548840557937e+00
5.008382320000000000e+08 9.568207048271627713e+00
5.009544820000000000e+08 9.574451141981260349e+00
5.010700300000000000e+08 9.573701959526765393e+00
5.011892000000000000e+08 9.575563143194276705e+00
5.013072740000000000e+08 9.582198522393643003e+00
5.014258530000000000e+08 9.585157237957760756e+00
5.015456710000000000e+08 9.576200380269323631e+00
5.016651050000000000e+08 9.575276451632097618e+00
5.017818670000000000e+08 9.573116805188274014e+00
5.018993550000000000e+08 9.585009952318660709e+00
5.020170480000000000e+08 9.585216325259770187e+00
5.021343350000000000e+08 9.576925406412074793e+00
5.022508570000000000e+08 9.576999932128089199e+00
5.023702310000000000e+08 9.582152946381613745e+00
5.024886460000000000e+08 9.577775122528056073e+00
5.026058150000000000e+08 9.577798955951925208e+00
5.027269270000000000e+08 9.574607709310743786e+00
5.028453680000000000e+08 9.577553117826445472e+00
5.029627200000000000e+08 9.566153557175882227e+00
5.030814900000000000e+08 9.564642453644093933e+00
5.031996680000000000e+08 9.568845484064665285e+00
5.033167640000000000e+08 9.570305504902181681e+00
5.034365960000000000e+08 9.563277029361289650e+00
5.035534910000000000e+08 9.557023728982215971e+00
5.036714910000000000e+08 9.562569467337546314e+00
5.037923240000000000e+08 9.559854776223584594e+00
5.039131610000000000e+08 9.565540592256432717e+00
5.040324840000000000e+08 9.573646866748759976e+00
5.041513250000000000e+08 9.570771350663139998e+00
5.042690060000000000e+08 9.565442364588156110e+00
5.043844980000000000e+08 9.568278993007327315e+00
5.045034460000000000e+08 9.573286690260886189e+00
5.046208550000000000e+08 9.569451491541650867e+00
5.047409900000000000e+08 9.561667260437522131e+00
5.048597410000000000e+08 9.557927360227299829e+00
5.049760660000000000e+08 9.573819693995556435e+00
5.050917240000000000e+08 9.575961776138081305e+00
5.052135420000000000e+08 9.588213987004868599e+00
5.053312590000000000e+08 9.593862903213670634e+00
5.054556760000000000e+08 9.593527359578519764e+00
5.055757620000000000e+08 9.587694061170225268e+00
5.056914910000000000e+08 9.586190515519470878e+00
5.058111330000000000e+08 9.582059611081517048e+00
5.059301350000000000e+08 9.585256092807249217e+00
5.060476560000000000e+08 9.593111151386695568e+00
5.061636490000000000e+08 9.600064670302726810e+00
5.062842800000000000e+08 9.602961089417920704e+00
5.064027700000000000e+08 9.597357958125124711e+00
5.065229260000000000e+08 9.596932540255915356e+00
5.066385020000000000e+08 9.598932955319625648e+00
5.067574810000000000e+08 9.603410692369923396e+00
5.068770030000000000e+08 9.603967547803703653e+00
5.069945670000000000e+08 9.606215269318873595e+00
5.071111030000000000e+08 9.603809955890675099e+00
5.072286030000000000e+08 9.603191648992863705e+00
5.073498070000000000e+08 9.595853189989222543e+00
5.074672710000000000e+08 9.590437131772313606e+00
5.075880470000000000e+08 9.590063375190284845e+00
5.077063920000000000e+08 9.590926913115067620e+00
5.078248780000000000e+08 9.595768437510482585e+00
5.079425910000000000e+08 9.590135960688352057e+00
5.080611140000000000e+08 9.584483373923740501e+00
5.081803730000000000e+08 9.581371158648796182e+00
5.082953420000000000e+08 9.572227858609238638e+00
5.084122100000000000e+08 9.572972848628918285e+00
5.085318690000000000e+08 9.576867709525519246e+00
5.086499020000000000e+08 9.567718648125843828e+00
5.087687140000000000e+08 9.567180872428556526e+00
5.088865570000000000e+08 9.574577758357168733e+00
5.090041150000000000e+08 9.573673721300613337e+00
5.091216630000000000e+08 9.566489479125412032e+00
5.092382730000000000e+08 9.570498913100506044e+00
5.093551320000000000e+08 9.566515065689582542e+00
5.094759040000000000e+08 9.567221873739747195e+00
5.095977330000000000e+08 9.567504491615899553e+00
5.097179240000000000e+08 9.566547362302470603e+00
5.098339270000000000e+08 9.565184179144221588e+00
5.099496360000000000e+08 9.563585085283646592e+00
5.100684810000000000e+08 9.553683186115621950e+00
5.101867910000000000e+08 9.551619666325221303e+00
5.103089100000000000e+08 9.548868057759349881e+00
5.104270410000000000e+08 9.551952539457102986e+00
5.105445630000000000e+08 9.562951006658531483e+00
5.106643290000000000e+08 9.559155871216036715e+00
5.107824610000000000e+08 9.557086438753970015e+00
5.108999560000000000e+08 9.561914338244823952e+00
5.110179770000000000e+08 9.551880545793110855e+00
5.111396800000000000e+08 9.556136708512438460e+00
5.112606600000000000e+08 9.547017565969007080e+00
5.113771840000000000e+08 9.545545037109002706e+00
5.114979240000000000e+08 9.551275376837562447e+00
5.116167480000000000e+08 9.553575390914142318e+00
5.117349370000000000e+08 9.544537781591396097e+00
5.118547870000000000e+08 9.529877957494107932e+00
5.119739230000000000e+08 9.531287960200828024e+00
5.120932420000000000e+08 9.535315019236639600e+00
5.122131480000000000e+08 9.536588733977922061e+00
5.123323940000000000e+08 9.535432011344317615e+00
5.124494750000000000e+08 9.537616112869468310e+00
5.125693100000000000e+08 9.548228369448830577e+00
5.126895350000000000e+08 9.541447361118919446e+00
5.128062620000000000e+08 9.549305128338032134e+00
5.129247090000000000e+08 9.550734525403894892e+00
5.130439070000000000e+08 9.547384499924016055e+00
5.131672600000000000e+08 9.551969094438316432e+00
5.132828760000000000e+08 9.553190472987390436e+00
5.134016610000000000e+08 9.536104154804668553e+00
5.135240670000000000e+08 9.545106264170998500e+00
5.136414320000000000e+08 9.541450003440939298e+00
5.137602300000000000e+08 9.543730023185212019e+00
5.138797290000000000e+08 9.546346444091680539e+00
5.139972510000000000e+08 9.538507198735965531e+00
5.141190710000000000e+08 9.534516244166047372e+00
5.142379560000000000e+08 9.529908874620003800e+00
5.143553940000000000e+08 9.518976906450109965e+00
5.144706960000000000e+08 9.528906968292577773e+00
5.145877090000000000e+08 9.532866943168018636e+00
5.147088140000000000e+08 9.517921474674752247e+00
5.148274170000000000e+08 9.509970773127584209e+00
5.149434690000000000e+08 9.505582425341319919e+00
5.150636370000000000e+08 9.506175718710206723e+00
5.151822640000000000e+08 9.510930456807928479e+00
5.152996820000000000e+08 9.511908696130500829e+00
5.154186160000000000e+08 9.504196868468611115e+00
5.155383400000000000e+08 9.506279338307491500e+00
5.156532110000000000e+08 9.500596197382947139e+00
5.157740460000000000e+08 9.495089669318549142e+00
5.158951620000000000e+08 9.496980446452987223e+00
5.160155070000000000e+08 9.488931586129305984e+00
5.161340840000000000e+08 9.476225774467081919e+00
5.162504530000000000e+08 9.467078226617415382e+00
5.163692240000000000e+08 9.463288687654360487e+00
5.164905190000000000e+08 9.456901924793104541e+00
5.166109440000000000e+08 9.450048278256668155e+00
5.167286850000000000e+08 9.447619167627131276e+00
5.168519040000000000e+08 9.442312993162524037e+00
5.169709550000000000e+08 9.445711862508368029e+00
5.170864740000000000e+08 9.442701829984441630e+00
5.172062100000000000e+08 9.443127530353519816e+00
5.173239550000000000e+08 9.449829692769791123e+00
5.174391780000000000e+08 9.458624405098799315e+00
5.175556400000000000e+08 9.453918358512362730e+00
5.176732100000000000e+08 9.448148183575780124e+00
5.177924830000000000e+08 9.443543072187306819e+00
5.179125740000000000e+08 9.444413953666566997e+00
5.180329360000000000e+08 9.443859364017729519e+00
5.181549880000000000e+08 9.434328307022926907e+00
5.182769750000000000e+08 9.438736721239701311e+00
5.183932150000000000e+08 9.440357675993235276e+00
5.185104950000000000e+08 9.443596116236566473e+00
5.186292680000000000e+08 9.440649086403313461e+00
5.187475660000000000e+08 9.430860719287052163e+00
5.188677730000000000e+08 9.434099922486225864e+00
5.189876750000000000e+08 9.442975113185905656e+00
5.191084770000000000e+08 9.444383587825599946e+00
5.192236760000000000e+08 9.455959391323975893e+00
5.193429980000000000e+08 9.450564617054153516e+00
5.194619960000000000e+08 9.449965257573822441e+00
5.195828510000000000e+08 9.456849184439430900e+00
5.197002930000000000e+08 9.457514069546855140e+00
5.198199350000000000e+08 9.453442727587814787e+00
5.199372340000000000e+08 9.454103552044045955e+00
5.200556420000000000e+08 9.450855900867356496e+00
5.201739810000000000e+08 9.441495592051914798e+00
5.202922670000000000e+08 9.450269124242620222e+00
5.204095030000000000e+08 9.452282548556844688e+00
5.205300240000000000e+08 9.445784256231805287e+00
5.206499870000000000e+08 9.440709214796292770e+00
5.207645340000000000e+08 9.437554271452084365e+00
5.208803910000000000e+08 9.425899983176643460e+00
5.209987670000000000e+08 9.432283127770746844e+00
5.211157430000000000e+08 9.438632641819509672e+00
5.212323940000000000e+08 9.435414412214280233e+00
5.213485530000000000e+08 9.442802511588773484e+00
5.214704980000000000e+08 9.441262183897844551e+00
5.215856860000000000e+08 9.431882854697869689e+00
5.217016790000000000e+08 9.425553739717734913e+00
5.218166650000000000e+08 9.431010229776497056e+00
5.219344510000000000e+08 9.444189659245994406e+00
5.220499950000000000e+08 9.449523449496030736e+00
5.221671170000000000e+08 9.448144672934576604e+00
5.222853600000000000e+08 9.447118760835394369e+00
5.224041780000000000e+08 9.443565968721088666e+00
5.225233640000000000e+08 9.426320163470281344e+00
5.226408030000000000e+08 9.433300905279855542e+00
5.227636150000000000e+08 9.433284307694609794e+00
5.228807750000000000e+08 9.434461421077823928e+00
5.229992790000000000e+08 9.433514618571711807e+00
5.231175130000000000e+08 9.435176197801059317e+00
5.232344130000000000e+08 9.428617950406493975e+00
5.233526420000000000e+08 9.426011335761904419e+00
5.234700510000000000e+08 9.424430021436000615e+00
5.235891830000000000e+08 9.423197144537242664e+00
5.237102540000000000e+08 9.421292251028935638e+00
5.238297850000000000e+08 9.414632032112660198e+00
5.239473000000000000e+08 9.406007335402483349e+00
5.240640360000000000e+08 9.397230310600981795e+00
5.241826520000000000e+08 9.392700926642303827e+00
5.243005260000000000e+08 9.403649191305557764e+00
5.244224390000000000e+08 9.416516093392683473e+00
5.245418560000000000e+08 9.412302504092494360e+00
5.246593940000000000e+08 9.406596352867904187e+00
5.247757680000000000e+08 9.399765075953897764e+00
5.248958290000000000e+08 9.399183809868130623e+00
5.250140770000000000e+08 9.393880348923334012e+00
5.251311500000000000e+08 9.395776178646372045e+00
5.252499850000000000e+08 9.395145291356824302e+00
5.253688410000000000e+08 9.394915076817044408e+00
5.254855090000000000e+08 9.396318649301225179e+00
5.256085180000000000e+08 9.399647117186917811e+00
5.257275390000000000e+08 9.400056715641657235e+00
5.258453810000000000e+08 9.396166431271177899e+00
5.259648910000000000e+08 9.397006585695176994e+00
5.260852970000000000e+08 9.395218537640811718e+00
5.262053380000000000e+08 9.396134248253011023e+00
5.263225140000000000e+08 9.385250827249201677e+00
5.264396150000000000e+08 9.387248396002290107e+00
5.265585050000000000e+08 9.377096214123657347e+00
5.266747960000000000e+08 9.376323075217211311e+00
5.267909540000000000e+08 9.374775608371098912e+00
5.269100630000000000e+08 9.370458874115906056e+00
5.270300160000000000e+08 9.363994726138345825e+00
5.271501170000000000e+08 9.364269591751352095e+00
5.272683250000000000e+08 9.366624574515105550e+00
5.273836070000000000e+08 9.367528261372102705e+00
5.275009750000000000e+08 9.367938310568536764e+00
5.276205950000000000e+08 9.365904269369817570e+00
5.277409550000000000e+08 9.373544829476077922e+00
5.278611660000000000e+08 9.374884125221040421e+00
5.279756260000000000e+08 9.373950296027059537e+00
5.280959750000000000e+08 9.371171428312486285e+00
5.282131780000000000e+08 9.361635051320783774e+00
5.283291830000000000e+08 9.367120375488758199e+00
5.284457730000000000e+08 9.360969853157470766e+00
5.285640660000000000e+08 9.366318146437047076e+00
5.286831650000000000e+08 9.382404045217695554e+00
5.288018710000000000e+08 9.378922625782548650e+00
5.289225950000000000e+08 9.377680388786039600e+00
5.290409640000000000e+08 9.380879878881978939e+00
5.291611000000000000e+08 9.385041542428615102e+00
5.292790560000000000e+08 9.382601846697557590e+00
5.293971240000000000e+08 9.379440560534311189e+00
5.295155350000000000e+08 9.377919340112724100e+00
5.296297920000000000e+08 9.374105350146272997e+00
5.297483060000000000e+08 9.374991212301983623e+00
5.298682870000000000e+08 9.380684541882867933e+00
5.299843100000000000e+08 9.376229294355969301e+00
5.301061060000000000e+08 9.377507083486687378e+00
5.302234730000000000e+08 9.371589963070215745e+00
5.303441120000000000e+08 9.367393704259503906e+00
5.304618650000000000e+08 9.371498105875312845e+00
5.305797420000000000e+08 9.362733991558325641e+00
5.306977550000000000e+08 9.358097129358123212e+00
5.308146310000000000e+08 9.353712739632641160e+00
5.309324190000000000e+08 9.362752309021450614e+00
5.310533160000000000e+08 9.354808623439927473e+00
5.311724560000000000e+08 9.359258880662130409e+00
5.312930750000000000e+08 9.359196497961308481e+00
5.314146930000000000e+08 9.350081645558919519e+00
5.315335690000000000e+08 9.347662307172235785e+00
5.316483280000000000e+08 9.348243218372589425e+00
5.317662340000000000e+08 9.347803867942396039e+00
5.318830790000000000e+08 9.350313636021670760e+00
5.320018500000000000e+08 9.344671541587999286e+00
5.321238890000000000e+08 9.344699226786492119e+00
5.322402890000000000e+08 9.333744520197619465e+00
5.323596750000000000e+08 9.337961113157147608e+00
5.324782960000000000e+08 9.340844287267923818e+00
5.325968740000000000e+08 9.339099222797187849e+00
5.327151380000000000e+08 9.339778492054543690e+00
5.328357770000000000e+08 9.338919411488220135e+00
5.329522840000000000e+08 9.337945441172585959e+00
5.330711030000000000e+08 9.341407138349412165e+00
5.331858010000000000e+08 9.346919397322759337e+00
5.333037720000000000e+08 9.351363782443897321e+00
5.334208780000000000e+08 9.354515440405757332e+00
5.335405750000000000e+08 9.358767490604151362e+00
5.336585810000000000e+08 9.357217176059974051e+00
5.337782790000000000e+08 9.360832822723986979e+00
5.338954890000000000e+08 9.357002935796559839e+00
5.340127680000000000e+08 9.355014915286005817e+00
5.341281820000000000e+08 9.345643587653722051e+00
5.342438160000000000e+08 9.336061483427616992e+00
5.343610900000000000e+08 9.334199668489619128e+00
5.344760210000000000e+08 9.338559833723566683e+00
5.345950320000000000e+08 9.331008817498300800e+00
5.347118840000000000e+08 9.335216117516321077e+00
5.348318930000000000e+08 9.339678133905266577e+00
5.349452070000000000e+08 9.338036556960126688e+00
5.350662460000000000e+08 9.342949011673596260e+00
5.351853710000000000e+08 9.336945654190477839e+00
5.353049120000000000e+08 9.331238115789304288e+00
5.354256360000000000e+08 9.333513910707551986e+00
5.355433630000000000e+08 9.336247474771985466e+00
5.356624340000000000e+08 9.339928380553867981e+00
5.357795980000000000e+08 9.346462651040122083e+00
5.359012410000000000e+08 9.341699615579889482e+00
5.360171770000000000e+08 9.338082185112906330e+00
5.361354770000000000e+08 9.337234233785959958e+00
5.362546710000000000e+08 9.340222776447570041e+00
5.363725930000000000e+08 9.340183955955694728e+00
5.364918610000000000e+08 9.341948032664937784e+00
5.366087440000000000e+08 9.331903815262505120e+00
5.367244140000000000e+08 9.329067924337373086e+00
5.368439830000000000e+08 9.327282042979533117e+00
5.369615270000000000e+08 9.327037685879691509e+00
5.370789660000000000e+08 9.322133103760487316e+00
5.371972460000000000e+08 9.319924986862519134e+00
5.373148170000000000e+08 9.317002512274839887e+00
5.374353490000000000e+08 9.313299414054528214e+00
5.375535580000000000e+08 9.316662412728739184e+00
5.376718540000000000e+08 9.331180639242820263e+00
5.377863270000000000e+08 9.326797083420785839e+00
5.379016050000000000e+08 9.316394566634976115e+00
5.380194690000000000e+08 9.322018217588668776e+00
5.381364520000000000e+08 9.321853476564990970e+00
5.382518800000000000e+08 9.322305827620265717e+00
5.383712270000000000e+08 9.317474869191419984e+00
5.384887450000000000e+08 9.315445660602536648e+00
5.386097250000000000e+08 9.324445560133312938e+00
5.387312400000000000e+08 9.313958924275983264e+00
5.388503160000000000e+08 9.322466926572991142e+00
5.389675650000000000e+08 9.323313081205025554e+00
5.390849670000000000e+08 9.332828467371710346e+00
5.392060210000000000e+08 9.333840501871231154e+00
5.393262290000000000e+08 9.327067202556580838e+00
5.394427500000000000e+08 9.327960997040074531e+00
5.395642950000000000e+08 9.322667258585298100e+00
5.396830140000000000e+08 9.333768581494492622e+00
5.398001010000000000e+08 9.346306393831774528e+00
5.399189900000000000e+08 9.349061964084134146e+00
5.400368300000000000e+08 9.345562912273509326e+00
5.401544380000000000e+08 9.338834651645791851e+00
5.402741040000000000e+08 9.332428448852766678e+00
5.403917770000000000e+08 9.326519981290484651e+00
5.405104760000000000e+08 9.325559744692913711e+00
5.406267670000000000e+08 9.325598022463097436e+00
5.407449480000000000e+08 9.328379170773763107e+00
5.408652670000000000e+08 9.322767896026533663e+00
5.409819770000000000e+08 9.323439157888872231e+00
5.411014150000000000e+08 9.324510183882063430e+00
5.412215380000000000e+08 9.322217211253843061e+00
5.413389600000000000e+08 9.321366351840410402e+00
5.414583840000000000e+08 9.325004837768871013e+00
5.415758250000000000e+08 9.331897134801742766e+00
5.416945590000000000e+08 9.326750597943702203e+00
5.418137060000000000e+08 9.331387642358629719e+00
5.419307930000000000e+08 9.326830041113174374e+00
5.420492570000000000e+08 9.322572930622936127e+00
5.421661910000000000e+08 9.323157050197854900e+00
5.422810390000000000e+08 9.318400170337694632e+00
5.423979420000000000e+08 9.316788108465269502e+00
5.425160090000000000e+08 9.313412115154395821e+00
5.426328010000000000e+08 9.318478893141350028e+00
5.427511350000000000e+08 9.318903648323246358e+00
5.428709420000000000e+08 9.312947653183943686e+00
5.429855540000000000e+08 9.315936457921599967e+00
5.431037350000000000e+08 9.323525208596288749e+00
5.432210060000000000e+08 9.322649303427244405e+00
5.433408460000000000e+08 9.326155273253817768e+00
5.434578600000000000e+08 9.324905095250057840e+00
5.435752840000000000e+08 9.324028696137750316e+00
5.436941050000000000e+08 9.330170709463470047e+00
5.438124410000000000e+08 9.325011294675736195e+00
5.439298700000000000e+08 9.329202145592368822e+00
5.440486050000000000e+08 9.329896678456028880e+00
5.441676070000000000e+08 9.327859379332172907e+00
5.442858680000000000e+08 9.325135370564678894e+00
5.444053430000000000e+08 9.325834910014679124e+00
5.445218610000000000e+08 9.321584896061853698e+00
5.446386910000000000e+08 9.332756443247186340e+00
5.447561530000000000e+08 9.330419749133639584e+00
5.448729300000000000e+08 9.326259629242674265e+00
5.449900840000000000e+08 9.328234421024571787e+00
5.451077180000000000e+08 9.327356996924104138e+00
5.452267780000000000e+08 9.321266056779982989e+00
5.453460400000000000e+08 9.322016391312470063e+00
5.454643210000000000e+08 9.328558751118521286e+00
5.455833030000000000e+08 9.331588000026730612e+00
5.457031930000000000e+08 9.326331525855719562e+00
5.458186640000000000e+08 9.320780667776698891e+00
5.459364240000000000e+08 9.316594809440770675e+00
5.460546800000000000e+08 9.326216361152004808e+00
5.461742780000000000e+08 9.328877399317800467e+00
5.462902140000000000e+08 9.326239300998086179e+00
5.464074180000000000e+08 9.337166028048489608e+00
5.465263190000000000e+08 9.343924819913427271e+00
5.466413380000000000e+08 9.349269232762212667e+00
5.467612240000000000e+08 9.334927756919787711e+00
5.468832060000000000e+08 9.333229394106851373e+00
5.470031470000000000e+08 9.334568746458446142e+00
5.471189650000000000e+08 9.336673940103569436e+00
5.472360690000000000e+08 9.332743051439468474e+00
5.473583880000000000e+08 9.334988083150394189e+00
5.474760610000000000e+08 9.328022278703762993e+00
5.475958350000000000e+08 9.334377468422358604e+00
5.477138990000000000e+08 9.328872104162551082e+00
5.478314200000000000e+08 9.324449435567695232e+00
5.479536470000000000e+08 9.320937230310795130e+00
5.480703800000000000e+08 9.334183250655879505e+00
5.481955630000000000e+08 9.329520178640366979e+00
5.483151450000000000e+08 9.329169937991538930e+00
5.484304010000000000e+08 9.338575987153003410e+00
5.485494860000000000e+08 9.333743012604195144e+00
5.486667170000000000e+08 9.334648832134405438e+00
5.487867530000000000e+08 9.335315585361788848e+00
5.489040730000000000e+08 9.334495485255233760e+00
5.490229130000000000e+08 9.334692233493031566e+00
5.491427070000000000e+08 9.337983266168054186e+00
5.492624980000000000e+08 9.338951154125801679e+00
5.493862350000000000e+08 9.336058046107897468e+00
5.495045410000000000e+08 9.337990001755050784e+00
5.496218990000000000e+08 9.341775729934933992e+00
5.497384490000000000e+08 9.350893686661047255e+00
5.498544900000000000e+08 9.349982262085941187e+00
5.499714330000000000e+08 9.343347579319321028e+00
5.500901750000000000e+08 9.340168369879704002e+00
5.502096860000000000e+08 9.330477193080941589e+00
5.503289280000000000e+08 9.335940072825870573e+00
5.504503810000000000e+08 9.334976338016256037e+00
5.505695930000000000e+08 9.342778258192385721e+00
5.506855580000000000e+08 9.344214935314344217e+00
5.508034580000000000e+08 9.351911443476149444e+00
5.509204660000000000e+08 9.355902991383002743e+00
5.510387570000000000e+08 9.350848190976449814e+00
5.511556500000000000e+08 9.346880887098887314e+00
5.512766390000000000e+08 9.347321436491446534e+00
5.513954100000000000e+08 9.345318189631289130e+00
5.515108340000000000e+08 9.344819220025838646e+00
5.516292060000000000e+08 9.345950712614833122e+00
5.517489100000000000e+08 9.350999573913753693e+00
5.518683790000000000e+08 9.340203225814843080e+00
5.519845550000000000e+08 9.338099519793344072e+00
5.521013440000000000e+08 9.329929754304533418e+00
5.522206420000000000e+08 9.327805999910024681e+00
5.523393920000000000e+08 9.330793386222641317e+00
5.524614070000000000e+08 9.321569116282626410e+00
5.525810130000000000e+08 9.321140433965872774e+00
5.527024420000000000e+08 9.310785010244792659e+00
5.528210160000000000e+08 9.301750439344447230e+00
5.529373490000000000e+08 9.312707498763913350e+00
5.530573250000000000e+08 9.316258446333142373e+00
5.531759110000000000e+08 9.309792873829200843e+00
5.532969030000000000e+08 9.308359224938481447e+00
5.534145360000000000e+08 9.313139597528840241e+00
5.535345530000000000e+08 9.324400132832730392e+00
5.536509950000000000e+08 9.327779051323521031e+00
5.537717860000000000e+08 9.346382935905586109e+00
5.538900420000000000e+08 9.340395234429097471e+00
5.540096920000000000e+08 9.329825190842214511e+00
5.541259940000000000e+08 9.333345776106721559e+00
5.542438220000000000e+08 9.335054257265376521e+00
5.543620130000000000e+08 9.335376886415938102e+00
5.544784210000000000e+08 9.329015537956420800e+00
5.545939620000000000e+08 9.326331773316704599e+00
5.547114680000000000e+08 9.317580198376830936e+00
5.548280500000000000e+08 9.321537059357389410e+00
5.549479130000000000e+08 9.329121057483778401e+00
5.550646600000000000e+08 9.326199542620779326e+00
5.551875010000000000e+08 9.322867294914592762e+00
5.553050450000000000e+08 9.323794821568009539e+00
5.554240390000000000e+08 9.319847293195275384e+00
5.555424000000000000e+08 9.319238170361899165e+00
5.556610670000000000e+08 9.323571492752240175e+00
5.557804270000000000e+08 9.324018330404070909e+00
5.558998870000000000e+08 9.325244088341502646e+00
5.560184010000000000e+08 9.327297616611387454e+00
5.561337190000000000e+08 9.326518193012157454e+00
5.562515150000000000e+08 9.324843743114644923e+00
5.563677140000000000e+08 9.317486883915822915e+00
5.564869690000000000e+08 9.321432652030189558e+00
5.566076850000000000e+08 9.310306994595647367e+00
5.567263560000000000e+08 9.310951095953129197e+00
5.568430430000000000e+08 9.315742680839358414e+00
5.569619890000000000e+08 9.316263796893387905e+00
5.570795450000000000e+08 9.321368452536429317e+00
5.572017040000000000e+08 9.321072017382652675e+00
5.573200970000000000e+08 9.320145166234475198e+00
5.574343550000000000e+08 9.320181090422384074e+00
5.575523120000000000e+08 9.317496898007032513e+00
5.576708030000000000e+08 9.320201500159939201e+00
5.577907600000000000e+08 9.323020974386125204e+00
5.579069340000000000e+08 9.323701831907797555e+00
5.580257610000000000e+08 9.321990650681453161e+00
5.581425780000000000e+08 9.325956917322010042e+00
5.582643720000000000e+08 9.322544913469146266e+00
5.583864580000000000e+08 9.336878639996138318e+00
5.585086380000000000e+08 9.326084615157084201e+00
5.586265790000000000e+08 9.319287318881377402e+00
5.587481820000000000e+08 9.326678824346176455e+00
5.588667540000000000e+08 9.319230832342796589e+00
5.589847990000000000e+08 9.317072027111844790e+00
5.591027470000000000e+08 9.320520860951861053e+00
5.592199530000000000e+08 9.314082692624181092e+00
5.593376730000000000e+08 9.331042268977022047e+00
5.594578450000000000e+08 9.328948503010812132e+00
5.595763210000000000e+08 9.335343315304603706e+00
5.596940410000000000e+08 9.342471488836149973e+00
5.598143590000000000e+08 9.341299130379788096e+00
5.599332160000000000e+08 9.346203577544388352e+00
5.600498880000000000e+08 9.343413062984698314e+00
5.601696780000000000e+08 9.344373827229276230e+00
5.602880750000000000e+08 9.335656714048530702e+00
5.604076680000000000e+08 9.349073462454883909e+00
5.605291800000000000e+08 9.349284388908118970e+00
5.606454020000000000e+08 9.347746098912661949e+00
5.607640070000000000e+08 9.339890994179210537e+00
5.608815270000000000e+08 9.337218745810984544e+00
5.609996040000000000e+08 9.337509004911490607e+00
5.611202230000000000e+08 9.326433168163292819e+00
5.612425820000000000e+08 9.324381261782676233e+00
5.613635250000000000e+08 9.318806748929139516e+00
5.614802840000000000e+08 9.316385817752427911e+00
5.615976470000000000e+08 9.311070530220298735e+00
5.617138860000000000e+08 9.299446045816306849e+00
5.618271730000000000e+08 9.301771337097232362e+00
5.619457110000000000e+08 9.294782800450331450e+00
5.620675280000000000e+08 9.302234889620503822e+00
5.621858240000000000e+08 9.309866521206050294e+00
5.623074670000000000e+08 9.308329077159102738e+00
5.624247570000000000e+08 9.312238795110410194e+00
5.625447010000000000e+08 9.305304185026246344e+00
5.626623670000000000e+08 9.299539302413887043e+00
5.627820490000000000e+08 9.307065793749412563e+00
5.628961690000000000e+08 9.307600757406763847e+00
5.630143520000000000e+08 9.301335565930960669e+00
5.631326250000000000e+08 9.302522094643695283e+00
5.632496740000000000e+08 9.297840572669283432e+00
5.633674780000000000e+08 9.288355670696578414e+00
5.634863130000000000e+08 9.288640028303460028e+00
5.636066200000000000e+08 9.282776323303780330e+00
5.637233110000000000e+08 9.280896537890011899e+00
5.638430090000000000e+08 9.281462113870501796e+00
5.639640560000000000e+08 9.279842111230959034e+00
5.640823900000000000e+08 9.278226956300347439e+00
5.642001300000000000e+08 9.282249447367711070e+00
5.643156110000000000e+08 9.282816597304602624e+00
5.644353860000000000e+08 9.290175435681744531e+00
5.645518820000000000e+08 9.291429414561164890e+00
5.646713420000000000e+08 9.294718757354820227e+00
5.647878930000000000e+08 9.287939925826915299e+00
5.649041590000000000e+08 9.293714410017710037e+00
5.650196570000000000e+08 9.278825862692009707e+00
5.651402270000000000e+08 9.281155741946520266e+00
5.652552290000000000e+08 9.279375891392335873e+00
5.653724030000000000e+08 9.276027893397486679e+00
5.654926860000000000e+08 9.279057022090585249e+00
5.656116200000000000e+08 9.273785415712744395e+00
5.657281240000000000e+08 9.275813430601559162e+00
5.658433480000000000e+08 9.271781358419410424e+00
5.659625760000000000e+08 9.271886047187996027e+00
5.660802070000000000e+08 9.276989448138026617e+00
5.661967000000000000e+08 9.282466347710728982e+00
5.663150960000000000e+08 9.280613488337904116e+00
5.664338900000000000e+08 9.276457788968613727e+00
5.665513970000000000e+08 9.280611360449089631e+00
5.666676230000000000e+08 9.283437401913348097e+00
5.667877800000000000e+08 9.272058799347453473e+00
5.669078370000000000e+08 9.276109102420033281e+00
5.670237030000000000e+08 9.277944237011377382e+00
5.671392720000000000e+08 9.274505115982851322e+00
5.672612220000000000e+08 9.278852729321677373e+00
5.673825770000000000e+08 9.278153809830683940e+00
5.675016130000000000e+08 9.275764911929803347e+00
5.676189750000000000e+08 9.264079408880927957e+00
5.677358470000000000e+08 9.262916634874308386e+00
5.678538100000000000e+08 9.256816391682663792e+00
5.679686250000000000e+08 9.251571844683853740e+00
5.680849190000000000e+08 9.246950004591488081e+00
5.682030060000000000e+08 9.256173440228113947e+00
5.683205750000000000e+08 9.266974107925575410e+00
5.684392120000000000e+08 9.265836781601016980e+00
5.685581970000000000e+08 9.262799556668316114e+00
5.686761480000000000e+08 9.272680548240986198e+00
5.687934050000000000e+08 9.272333438430873542e+00
5.689138730000000000e+08 9.276187501018426929e+00
5.690309870000000000e+08 9.273397911250128800e+00
5.691503290000000000e+08 9.280591730164006847e+00
5.692687980000000000e+08 9.281276455743226350e+00
5.693886530000000000e+08 9.283281368965054625e+00
5.695056610000000000e+08 9.286781700999144462e+00
5.696222240000000000e+08 9.287576799485263379e+00
5.697410550000000000e+08 9.288228999992139023e+00
5.698627130000000000e+08 9.284657370416363520e+00
5.699825210000000000e+08 9.281030072179056845e+00
5.700983360000000000e+08 9.289993556291857857e+00
5.702157430000000000e+08 9.286086647736155442e+00
5.703368740000000000e+08 9.286032684594690778e+00
5.704550840000000000e+08 9.293539029991135791e+00
5.705735140000000000e+08 9.296695990365019924e+00
5.706900300000000000e+08 9.302287998751106457e+00
5.708080950000000000e+08 9.300259893209968709e+00
5.709245940000000000e+08 9.295589595935167537e+00
5.710440370000000000e+08 9.295089589781456496e+00
5.711615850000000000e+08 9.295885265851971724e+00
5.712842780000000000e+08 9.293642610730332265e+00
5.714025790000000000e+08 9.300945174115030412e+00
5.715248520000000000e+08 9.305550225756141103e+00
5.716434810000000000e+08 9.305883692452548317e+00
5.717634790000000000e+08 9.307003342311709559e+00
5.718837570000000000e+08 9.312064880965250424e+00
5.720003050000000000e+08 9.304508723882385368e+00
5.721191340000000000e+08 9.304398719004224105e+00
5.722375710000000000e+08 9.304085354418390352e+00
5.723581630000000000e+08 9.312528058084925675e+00
5.724784590000000000e+08 9.313467714785119256e+00
5.725950090000000000e+08 9.318110535425404350e+00
5.727129550000000000e+08 9.315615711613881800e+00
5.728287320000000000e+08 9.317289160402143722e+00
5.729487960000000000e+08 9.305660256865175839e+00
5.730661290000000000e+08 9.308297770304610808e+00
5.731849420000000000e+08 9.306901261815449189e+00
5.733027430000000000e+08 9.302056777980959978e+00
5.734213470000000000e+08 9.303547135851356842e+00
5.735391990000000000e+08 9.300707158317532475e+00
5.736557280000000000e+08 9.300136040103094359e+00
5.737763320000000000e+08 9.303531450659237478e+00
5.738968600000000000e+08 9.308716211721527856e+00
5.740193280000000000e+08 9.301994946884812876e+00
5.741360510000000000e+08 9.298749889080230702e+00
5.742542720000000000e+08 9.296661011553668530e+00
5.743720190000000000e+08 9.299799788882882723e+00
5.744924780000000000e+08 9.312088352983694861e+00
5.746104590000000000e+08 9.319114790408301374e+00
5.747274110000000000e+08 9.328787128446101917e+00
5.748448290000000000e+08 9.332383429472168146e+00
5.749646230000000000e+08 9.328646219798049088e+00
5.750825960000000000e+08 9.330608037940104182e+00
5.752005610000000000e+08 9.332545252446593054e+00
5.753213210000000000e+08 9.336453406728557169e+00
5.754380970000000000e+08 9.336895810929645378e+00
5.755579040000000000e+08 9.339209859223577936e+00
5.756734990000000000e+08 9.339423883587464559e+00
5.757868080000000000e+08 9.354906587883498048e+00
5.759064270000000000e+08 9.349597111029654073e+00
5.760219870000000000e+08 9.349681679244078225e+00
5.761397330000000000e+08 9.344287188580008063e+00
5.762600950000000000e+08 9.341230387195166074e+00
5.763791260000000000e+08 9.342575661168272205e+00
5.764958060000000000e+08 9.356856764658829206e+00
5.766146500000000000e+08 9.349819270445159702e+00
5.767330650000000000e+08 9.346551020796635356e+00
5.768560290000000000e+08 9.337201277593694115e+00
5.769730540000000000e+08 9.332626647164621758e+00
5.770905880000000000e+08 9.323393526389924801e+00
5.772091820000000000e+08 9.314481192661427045e+00
5.773294410000000000e+08 9.315402813519064296e+00
5.774477010000000000e+08 9.312878203663972343e+00
5.775657730000000000e+08 9.310991470855599417e+00
5.776830820000000000e+08 9.320913263329176246e+00
5.778010300000000000e+08 9.329293714580220609e+00
5.779188490000000000e+08 9.320543451515055366e+00
5.780369990000000000e+08 9.314032276808474009e+00
5.781568900000000000e+08 9.320912131111004584e+00
5.782785720000000000e+08 9.318568130533430249e+00
5.783966150000000000e+08 9.326618150374297755e+00
5.785146180000000000e+08 9.322482483876038728e+00
5.786343850000000000e+08 9.326146917764301492e+00
5.787557010000000000e+08 9.326340566230593154e+00
5.788748160000000000e+08 9.330327937200479482e+00
5.789944370000000000e+08 9.329547778691607007e+00
5.791134390000000000e+08 9.329720360708613214e+00
5.792315000000000000e+08 9.339272854515648703e+00
5.793492470000000000e+08 9.342247719992130328e+00
5.794685590000000000e+08 9.345891707347002253e+00
5.795863730000000000e+08 9.331709439760867753e+00
5.797049690000000000e+08 9.335120112123938441e+00
5.798226460000000000e+08 9.334824698351173566e+00
5.799407840000000000e+08 9.331917666666875277e+00
5.800558770000000000e+08 9.337226947764753149e+00
5.801730910000000000e+08 9.321797917169345027e+00
5.802931470000000000e+08 9.321352180853907043e+00
5.804111440000000000e+08 9.326875608596267853e+00
5.805306060000000000e+08 9.325728960114606281e+00
5.806492740000000000e+08 9.332835208397217031e+00
5.807667440000000000e+08 9.336119384060111770e+00
5.808874420000000000e+08 9.335236505489882930e+00
5.810057800000000000e+08 9.325329510765632435e+00
5.811234680000000000e+08 9.322897423491157909e+00
5.812420760000000000e+08 9.313359935697905101e+00
5.813610200000000000e+08 9.314212689090801689e+00
5.814762320000000000e+08 9.315148894006311409e+00
5.815932810000000000e+08 9.317811772272488469e+00
5.817126180000000000e+08 9.315790196058403083e+00
5.818310520000000000e+08 9.323757073322740396e+00
5.819509050000000000e+08 9.316725174778193619e+00
5.820690970000000000e+08 9.315598396313065521e+00
5.821886320000000000e+08 9.315709027228308514e+00
5.823110540000000000e+08 9.316490502264940687e+00
5.824276740000000000e+08 9.315839519383631639e+00
5.825451940000000000e+08 9.326946677929075946e+00
5.826610290000000000e+08 9.323528992031066664e+00
5.827785010000000000e+08 9.321296583735129815e+00
5.828976320000000000e+08 9.324015565750617185e+00
5.830172330000000000e+08 9.329906228413380020e+00
5.831373890000000000e+08 9.339279435964989773e+00
5.832518570000000000e+08 9.351155394045115088e+00
5.833708460000000000e+08 9.350360660241070931e+00
5.834865070000000000e+08 9.351996863645616997e+00
5.836039300000000000e+08 9.342405926719647979e+00
5.837210260000000000e+08 9.346183846899915437e+00
5.838403740000000000e+08 9.347326359446769928e+00
5.839586140000000000e+08 9.341215740709287729e+00
5.840782750000000000e+08 9.339538996289832085e+00
5.841956670000000000e+08 9.342230602647802584e+00
5.843140480000000000e+08 9.342351478033924295e+00
5.844332010000000000e+08 9.347426474923029360e+00
5.845535490000000000e+08 9.353118491575287408e+00
5.846727390000000000e+08 9.354936937218532478e+00
5.847900860000000000e+08 9.354459664882886827e+00
5.849053360000000000e+08 9.354177659313776871e+00
5.850232270000000000e+08 9.359491153601585012e+00
5.851423690000000000e+08 9.350309875867882425e+00
5.852592230000000000e+08 9.350857059918039837e+00
5.853768660000000000e+08 9.349923868786508052e+00
5.854967560000000000e+08 9.357607016282660339e+00
5.856144030000000000e+08 9.355687545032532526e+00
5.857383370000000000e+08 9.363403283804084154e+00
5.858554190000000000e+08 9.357812557533579323e+00
5.859779450000000000e+08 9.355474956786052232e+00
5.860970830000000000e+08 9.365551236928396861e+00
5.862142170000000000e+08 9.356528577841958239e+00
5.863355770000000000e+08 9.342880827562076718e+00
5.863875790000000000e+08 9.347143214588120586e+00
