4.750110000000000000e+05 4.799860727663930788e+02
7.120290000000000000e+05 3.387324641021048706e+02
9.536570000000000000e+05 2.672539582023921412e+02
1.191549000000000000e+06 2.305353510503769883e+02
1.426191000000000000e+06 2.033373267015169290e+02
1.660583000000000000e+06 1.875278816236884438e+02
1.896766000000000000e+06 1.696741996123847684e+02
2.130678000000000000e+06 1.647283992525221095e+02
2.367620000000000000e+06 1.538594807091432415e+02
2.606284000000000000e+06 1.520330221943457900e+02
2.843918000000000000e+06 1.448649069409696324e+02
3.077430000000000000e+06 1.423360418862772860e+02
3.313049000000000000e+06 1.356677002748602376e+02
3.551642000000000000e+06 1.304782449047668536e+02
3.788469000000000000e+06 1.263806005345120553e+02
4.028059000000000000e+06 1.243310632704095156e+02
4.260024000000000000e+06 1.210503147983449423e+02
4.500006000000000000e+06 1.181944300586699512e+02
4.736358000000000000e+06 1.140803202352367123e+02
4.976140000000000000e+06 1.106307989756243870e+02
5.215718000000000000e+06 1.062417004167877081e+02
5.450065000000000000e+06 1.037032733613173292e+02
5.684885000000000000e+06 1.012242186425569059e+02
5.919942000000000000e+06 9.908727379796067680e+01
6.155260000000000000e+06 9.722889305823527195e+01
6.391960000000000000e+06 9.768225859776032394e+01
6.628273000000000000e+06 9.458696772998231950e+01
6.863631000000000000e+06 9.314255777016663274e+01
7.103315000000000000e+06 9.161101275494675633e+01
7.341810000000000000e+06 9.007792000132093335e+01
7.578499000000000000e+06 8.843214825936773593e+01
7.817119000000000000e+06 8.764171022253007948e+01
8.059820000000000000e+06 8.736027224595804341e+01
8.293486000000000000e+06 8.617019754276176968e+01
8.530113000000000000e+06 8.535314525465116731e+01
8.767476000000000000e+06 8.425386005536236667e+01
9.004255000000000000e+06 8.393275478084032670e+01
9.238105000000000000e+06 8.326141096793260488e+01
9.478769000000000000e+06 8.208883906318212098e+01
9.713754000000000000e+06 8.149411256043430285e+01
9.948636000000000000e+06 8.001207752931573225e+01
1.018675200000000000e+07 7.907694355853945467e+01
1.042688500000000000e+07 7.752301551258291568e+01
1.066868500000000000e+07 7.696516582381417493e+01
1.090099100000000000e+07 7.657782922178691365e+01
1.113634200000000000e+07 7.549284500086585581e+01
1.136917200000000000e+07 7.433010854525444699e+01
1.161194000000000000e+07 7.403806568631635798e+01
1.184855000000000000e+07 7.329943062353711980e+01
1.208601200000000000e+07 7.184852045961179101e+01
1.232279400000000000e+07 7.134372660972057645e+01
1.256138200000000000e+07 7.094585569839716754e+01
1.279772200000000000e+07 6.997638060718890074e+01
1.304039000000000000e+07 6.895061103251826751e+01
1.327819400000000000e+07 6.824071222146942262e+01
1.351518600000000000e+07 6.815310929482950542e+01
1.375387900000000000e+07 6.812396445623963359e+01
1.399072100000000000e+07 6.729881558843426603e+01
1.422999900000000000e+07 6.620548292881613861e+01
1.446609900000000000e+07 6.563405679932414216e+01
1.470316800000000000e+07 6.546597690421761229e+01
1.494003100000000000e+07 6.512783636322649272e+01
1.517321800000000000e+07 6.452962009035816493e+01
1.541087100000000000e+07 6.394868293069026777e+01
1.565013100000000000e+07 6.304015256414179191e+01
1.588464900000000000e+07 6.223762683343606028e+01
1.612400000000000000e+07 6.131728780249451916e+01
1.635749500000000000e+07 6.115735357821259299e+01
1.659738100000000000e+07 6.065479809776640963e+01
1.683990500000000000e+07 6.002257026404751628e+01
1.707776100000000000e+07 5.907363665626749594e+01
1.731407700000000000e+07 5.896594520561659891e+01
1.754796000000000000e+07 5.838743340010470462e+01
1.777880700000000000e+07 5.795428072129803354e+01
1.801263900000000000e+07 5.775641917118974078e+01
1.824901400000000000e+07 5.777138795891417544e+01
1.848315400000000000e+07 5.735099512857325976e+01
1.872141900000000000e+07 5.654703638432744128e+01
1.895832800000000000e+07 5.610054609319372076e+01
1.919198500000000000e+07 5.559562448154679259e+01
1.942674700000000000e+07 5.503971163162347580e+01
1.966788900000000000e+07 5.540452237119316692e+01
1.990552000000000000e+07 5.478919257263636666e+01
2.014300500000000000e+07 5.443368245197124367e+01
2.038508900000000000e+07 5.383576388266801871e+01
2.062145100000000000e+07 5.338843006558375492e+01
2.085737700000000000e+07 5.335357673542488044e+01
2.109041400000000000e+07 5.293502129348714647e+01
2.132184200000000000e+07 5.280572492837885790e+01
2.155433900000000000e+07 5.233280775456174183e+01
2.179150200000000000e+07 5.223175649064400261e+01
2.202620100000000000e+07 5.200813965283838769e+01
2.226376400000000000e+07 5.183928754869430122e+01
2.250145500000000000e+07 5.140351177753736067e+01
2.274187300000000000e+07 5.152169983685171673e+01
2.297937300000000000e+07 5.083562716024618311e+01
2.321236200000000000e+07 5.029540346934289374e+01
2.344584300000000000e+07 4.990165622597713480e+01
2.368436700000000000e+07 5.008789533553392204e+01
2.392528800000000000e+07 4.979888646217152370e+01
2.416248100000000000e+07 4.946724696328202242e+01
2.439908800000000000e+07 4.889642841442901045e+01
2.463638800000000000e+07 4.795088650140795039e+01
2.487450500000000000e+07 4.765601658481158864e+01
2.511087800000000000e+07 4.753723910067844827e+01
2.535238800000000000e+07 4.739072122849548663e+01
2.559189300000000000e+07 4.701737094958387075e+01
2.582919700000000000e+07 4.701540653151965898e+01
2.607028200000000000e+07 4.689471796283913818e+01
2.630943700000000000e+07 4.680575736385987540e+01
2.654241000000000000e+07 4.658015318309275443e+01
2.677530900000000000e+07 4.646702444182273695e+01
2.700786900000000000e+07 4.620353638475727820e+01
2.724332400000000000e+07 4.606207107584133809e+01
2.748324200000000000e+07 4.579250431629526474e+01
2.772012400000000000e+07 4.562533809926927120e+01
2.796232100000000000e+07 4.543882695825032414e+01
2.820381900000000000e+07 4.515877282102924539e+01
2.844139700000000000e+07 4.485869053001769657e+01
2.868230700000000000e+07 4.479400919137312798e+01
2.892060700000000000e+07 4.435456122388969646e+01
2.916080800000000000e+07 4.393583215848335755e+01
2.939775200000000000e+07 4.369994462637660604e+01
2.963329100000000000e+07 4.345148989368379233e+01
2.987110000000000000e+07 4.337023581228459790e+01
3.010544200000000000e+07 4.332825339096733330e+01
3.033812300000000000e+07 4.333021085418840812e+01
3.057849600000000000e+07 4.321504379823472419e+01
3.081537100000000000e+07 4.338679697542679747e+01
3.105384100000000000e+07 4.304902754372744056e+01
3.128737700000000000e+07 4.307512299353565766e+01
3.152827000000000000e+07 4.280504301975199155e+01
3.176682900000000000e+07 4.254563366549796655e+01
3.200471500000000000e+07 4.234142500810671095e+01
3.224285000000000000e+07 4.223494118269707087e+01
3.247635100000000000e+07 4.206686208329251286e+01
3.271048500000000000e+07 4.165145191214514142e+01
3.294664200000000000e+07 4.140306104713970825e+01
3.318393000000000000e+07 4.122437300464711285e+01
3.342447700000000000e+07 4.102239241873760989e+01
3.366746800000000000e+07 4.092630880714354902e+01
3.390755200000000000e+07 4.078922872810350242e+01
3.414175700000000000e+07 4.071992065446514175e+01
3.438060300000000000e+07 4.080147537343020758e+01
3.462151600000000000e+07 4.064810034944382977e+01
3.485260400000000000e+07 4.022225391032716146e+01
3.508642400000000000e+07 3.989833312453839653e+01
3.532387600000000000e+07 3.991225030542093322e+01
3.555947400000000000e+07 3.976266402183605209e+01
3.579541500000000000e+07 3.970687192016490030e+01
3.603156400000000000e+07 3.973267758091673585e+01
3.627044200000000000e+07 3.970711632673858560e+01
3.650516300000000000e+07 3.976121940361043983e+01
3.673655300000000000e+07 3.934469686381806497e+01
3.697596000000000000e+07 3.952560765552284749e+01
3.721096600000000000e+07 3.932088701809369269e+01
3.744701800000000000e+07 3.914549563097648388e+01
3.768650700000000000e+07 3.895206385482684652e+01
3.792500000000000000e+07 3.880179466301494529e+01
3.815997700000000000e+07 3.859256385503045550e+01
3.839784900000000000e+07 3.852671935385638591e+01
3.863794200000000000e+07 3.853512151763121096e+01
3.887700600000000000e+07 3.853965230562283040e+01
3.911597200000000000e+07 3.832412095446279920e+01
3.934948300000000000e+07 3.834389888840920690e+01
3.958376800000000000e+07 3.813122623213822493e+01
3.981832200000000000e+07 3.810479120162941058e+01
4.005290400000000000e+07 3.813415368717632248e+01
4.029089800000000000e+07 3.818766423639499408e+01
4.052543100000000000e+07 3.799078888361172091e+01
4.076919100000000000e+07 3.784939628425683367e+01
4.100390200000000000e+07 3.769219148860118906e+01
4.124116500000000000e+07 3.746658670969160454e+01
4.148222600000000000e+07 3.743890779686221748e+01
4.171525000000000000e+07 3.717180548633863424e+01
4.195074800000000000e+07 3.707239968502914707e+01
4.218819000000000000e+07 3.695841465572442530e+01
4.242752500000000000e+07 3.697182649032757951e+01
4.266013700000000000e+07 3.684430323376000871e+01
4.289864900000000000e+07 3.669942962631974126e+01
4.313680000000000000e+07 3.670664590986126541e+01
4.337345900000000000e+07 3.665115712927092773e+01
4.360919800000000000e+07 3.661893414591152407e+01
4.384722500000000000e+07 3.643013275623919611e+01
4.407976900000000000e+07 3.632832012904106733e+01
4.431533200000000000e+07 3.620022032777021082e+01
4.455125900000000000e+07 3.606554758180639197e+01
4.478639600000000000e+07 3.589294355477499465e+01
4.502664300000000000e+07 3.568735747345783693e+01
4.526345800000000000e+07 3.553195328506640749e+01
4.549298700000000000e+07 3.539492994567322626e+01
4.573189300000000000e+07 3.529487952235173509e+01
4.596958100000000000e+07 3.532769657085667347e+01
4.621023900000000000e+07 3.529822633097965934e+01
4.644824500000000000e+07 3.515958181016360840e+01
4.668706700000000000e+07 3.510896263488861280e+01
4.692059700000000000e+07 3.489147415929566876e+01
4.716133500000000000e+07 3.471628370829312615e+01
4.739912700000000000e+07 3.474829951697177677e+01
4.763241900000000000e+07 3.471782011004271595e+01
4.786668500000000000e+07 3.451238586818126919e+01
4.810267400000000000e+07 3.429999100378247334e+01
4.833639400000000000e+07 3.425229934447887103e+01
4.857142600000000000e+07 3.426486063450415287e+01
4.880189700000000000e+07 3.410164429194078650e+01
4.904270200000000000e+07 3.403283549449872680e+01
4.927783800000000000e+07 3.400561956193681823e+01
4.951429300000000000e+07 3.392374574005553001e+01
4.974922100000000000e+07 3.381730395797894317e+01
4.998455900000000000e+07 3.371511232658072288e+01
5.022259000000000000e+07 3.368271673437887159e+01
5.046282100000000000e+07 3.363525889373672584e+01
5.070069700000000000e+07 3.340090605858658535e+01
5.093617400000000000e+07 3.318972818296051486e+01
5.117371100000000000e+07 3.307393341655023278e+01
5.140805200000000000e+07 3.294114358910184137e+01
5.164343400000000000e+07 3.291280966900881566e+01
5.187811200000000000e+07 3.271219370432239515e+01
5.211892000000000000e+07 3.253970157298360277e+01
5.235772800000000000e+07 3.238808438154504898e+01
5.259864700000000000e+07 3.220129799120318381e+01
5.283212000000000000e+07 3.206478077351013667e+01
5.306979000000000000e+07 3.201075417906345422e+01
5.331005400000000000e+07 3.190088080419705463e+01
5.354503200000000000e+07 3.176711166176515988e+01
5.378599500000000000e+07 3.178112310187880851e+01
5.402401400000000000e+07 3.163826859547198111e+01
5.426262000000000000e+07 3.158433687962158487e+01
5.449583000000000000e+07 3.151934485953069753e+01
5.473360700000000000e+07 3.136028268399004659e+01
5.497455000000000000e+07 3.124639806941714681e+01
5.521298700000000000e+07 3.104709982546741998e+01
5.545420100000000000e+07 3.097860335176724433e+01
5.568939400000000000e+07 3.097811574792086731e+01
5.592131900000000000e+07 3.085022108742272451e+01
5.615683600000000000e+07 3.078992499830313534e+01
5.639237100000000000e+07 3.059947582772633723e+01
5.662884900000000000e+07 3.052328507697471593e+01
5.686661000000000000e+07 3.051290174173869119e+01
5.710135000000000000e+07 3.036058856230006242e+01
5.733570000000000000e+07 3.029886130160636171e+01
5.757067100000000000e+07 3.033437440469556989e+01
5.780382700000000000e+07 3.034789395612387963e+01
5.804022700000000000e+07 3.031761639520391327e+01
5.827808600000000000e+07 3.029900365018617592e+01
5.851762700000000000e+07 3.020296965128942190e+01
5.875407400000000000e+07 3.016161713169857350e+01
5.899980800000000000e+07 3.002986424110547503e+01
5.923800600000000000e+07 2.996936193846349994e+01
5.947458500000000000e+07 2.995619988516678234e+01
5.971156200000000000e+07 2.988474987541048122e+01
5.994809300000000000e+07 2.983795572862234380e+01
6.018143000000000000e+07 2.984842266473383177e+01
6.041501100000000000e+07 2.980766034364231842e+01
6.065692300000000000e+07 2.978253252213191615e+01
6.089929000000000000e+07 2.983191247370587362e+01
6.113694200000000000e+07 2.979499782534748675e+01
6.137354000000000000e+07 2.973871778418623180e+01
6.161004600000000000e+07 2.960438777715909708e+01
6.184550200000000000e+07 2.959786025445535884e+01
6.208295100000000000e+07 2.964569576652391092e+01
6.231728000000000000e+07 2.956812057512854253e+01
6.255266800000000000e+07 2.942861134824950398e+01
6.278983000000000000e+07 2.932407569922201418e+01
6.302533100000000000e+07 2.920650502157123540e+01
6.326171000000000000e+07 2.911260347677658800e+01
6.350361200000000000e+07 2.901783415602807992e+01
6.374190000000000000e+07 2.890367751674933317e+01
6.398249700000000000e+07 2.884141527380551651e+01
6.421636600000000000e+07 2.864572872542225213e+01
6.445209100000000000e+07 2.856926875400269950e+01
6.469451300000000000e+07 2.856812381689170621e+01
6.492528200000000000e+07 2.854924441480519448e+01
6.515858900000000000e+07 2.850299545748238117e+01
6.539858700000000000e+07 2.845260518381769188e+01
6.563788200000000000e+07 2.839444439762544903e+01
6.587932300000000000e+07 2.831478151947701605e+01
6.611931100000000000e+07 2.822700549690059546e+01
6.635630900000000000e+07 2.817813908837435122e+01
6.659188700000000000e+07 2.815567207241413428e+01
6.682938100000000000e+07 2.803569022356315088e+01
6.706088200000000000e+07 2.811017315124158245e+01
6.729755400000000000e+07 2.806215179331896792e+01
6.753840500000000000e+07 2.800563659572154407e+01
6.777754700000000000e+07 2.795252727841144491e+01
6.801909100000000000e+07 2.799864020948587040e+01
6.825523700000000000e+07 2.800225124735181836e+01
6.848970300000000000e+07 2.798117613993506581e+01
6.873029400000000000e+07 2.787348799578437664e+01
6.896614700000000000e+07 2.786189801836118463e+01
6.920280400000000000e+07 2.785406795728576412e+01
6.944047200000000000e+07 2.778042203778304753e+01
6.967104000000000000e+07 2.776538638159057371e+01
6.991101700000000000e+07 2.775172207255045365e+01
7.014638300000000000e+07 2.766656916281279877e+01
7.038628400000000000e+07 2.765153470528031576e+01
7.062572400000000000e+07 2.773267483430317526e+01
7.086527100000000000e+07 2.770413629208011486e+01
7.110319500000000000e+07 2.763198273460626098e+01
7.133726100000000000e+07 2.761851590757235897e+01
7.157500500000000000e+07 2.752176482664687995e+01
7.181068500000000000e+07 2.742328312841836535e+01
7.204467800000000000e+07 2.737492423431208266e+01
7.228040200000000000e+07 2.731559012625422156e+01
7.251872000000000000e+07 2.726240156686765204e+01
7.275768300000000000e+07 2.719778630030893396e+01
7.299257800000000000e+07 2.716777655653053358e+01
7.322962800000000000e+07 2.718793546827181018e+01
7.346239600000000000e+07 2.710785894994851475e+01
7.369985500000000000e+07 2.705736096646651845e+01
7.394283400000000000e+07 2.698261001177155904e+01
7.417615600000000000e+07 2.696622482922049002e+01
7.440981100000000000e+07 2.695221137196249472e+01
7.464892300000000000e+07 2.692378999642528470e+01
7.488968600000000000e+07 2.695765601570269254e+01
7.512501800000000000e+07 2.689560355797395985e+01
7.535833800000000000e+07 2.688240252521817553e+01
7.559942700000000000e+07 2.684887215676711136e+01
7.583524000000000000e+07 2.685223336672149941e+01
7.607682400000000000e+07 2.683176211430602365e+01
7.631426600000000000e+07 2.679808296000734558e+01
7.654961900000000000e+07 2.675159690232348453e+01
7.678806200000000000e+07 2.669656057300397833e+01
7.702598400000000000e+07 2.660303249825356886e+01
7.726715000000000000e+07 2.656275883288169837e+01
7.750829300000000000e+07 2.648269548321998812e+01
7.774358400000000000e+07 2.648113836268970900e+01
7.798462300000000000e+07 2.641851969606122097e+01
7.821658100000000000e+07 2.649767953741655901e+01
7.845881300000000000e+07 2.646028739414366271e+01
7.869181100000000000e+07 2.640740794377292389e+01
7.892631800000000000e+07 2.637888643076929185e+01
7.916433500000000000e+07 2.632884242950162346e+01
7.940270400000000000e+07 2.626497516732762705e+01
7.963929000000000000e+07 2.624948843540080645e+01
7.987726300000000000e+07 2.621044888600821565e+01
8.011176500000000000e+07 2.615554090277035826e+01
8.035234100000000000e+07 2.608006337446257561e+01
8.058270400000000000e+07 2.606934327914420990e+01
8.082041600000000000e+07 2.611639511379828349e+01
8.105621800000000000e+07 2.607138673243940374e+01
8.129664700000000000e+07 2.607012260384490077e+01
8.153484500000000000e+07 2.604176269579106773e+01
8.176948500000000000e+07 2.598158165937602604e+01
8.200050800000000000e+07 2.600982757721518013e+01
8.223789900000000000e+07 2.602979735066431743e+01
8.247609600000000000e+07 2.593813568944811010e+01
8.271361600000000000e+07 2.589404077285546535e+01
8.295073000000000000e+07 2.589382327775927095e+01
8.318532900000000000e+07 2.587084653113123522e+01
8.342608600000000000e+07 2.579743299291419589e+01
8.366736800000000000e+07 2.581680422240201978e+01
8.390257200000000000e+07 2.573787270756902501e+01
8.413966100000000000e+07 2.567139398020144725e+01
8.437290300000000000e+07 2.563977763073847882e+01
8.460494700000000000e+07 2.558648645912873931e+01
8.483972600000000000e+07 2.553683327129916236e+01
8.507504100000000000e+07 2.549849975597139462e+01
8.531681200000000000e+07 2.543522018253558770e+01
8.555674000000000000e+07 2.542345448628193338e+01
8.578676800000000000e+07 2.542195706067012395e+01
8.602607900000000000e+07 2.545133060827125959e+01
8.626420400000000000e+07 2.539189389591934187e+01
8.649936500000000000e+07 2.540141336208120748e+01
8.673235200000000000e+07 2.532129952390680572e+01
8.696938000000000000e+07 2.526591014170415761e+01
8.720844300000000000e+07 2.524082634559550087e+01
8.744661200000000000e+07 2.523366535196797145e+01
8.767814600000000000e+07 2.524372114024087210e+01
8.792041100000000000e+07 2.527942339765856872e+01
8.815373700000000000e+07 2.520809085711560016e+01
8.838932600000000000e+07 2.516839612718737129e+01
8.862517000000000000e+07 2.514438418614492932e+01
8.886215400000000000e+07 2.514452623252845598e+01
8.909957300000000000e+07 2.509801219878273315e+01
8.933772600000000000e+07 2.508742867280523114e+01
8.957572500000000000e+07 2.499979458406929567e+01
8.981385800000000000e+07 2.493398311566493319e+01
9.005077000000000000e+07 2.484679463117953446e+01
9.028948300000000000e+07 2.483910100945425015e+01
9.052362700000000000e+07 2.476222072475881930e+01
9.076227000000000000e+07 2.464140517675071962e+01
9.099848400000000000e+07 2.459567140584810829e+01
9.123360100000000000e+07 2.461339672007748547e+01
9.146683900000000000e+07 2.457631131344459874e+01
9.170233900000000000e+07 2.453186688043425789e+01
9.194083900000000000e+07 2.447353715439965427e+01
9.217726100000000000e+07 2.442432442362594003e+01
9.241527800000000000e+07 2.446992549504607339e+01
9.265515500000000000e+07 2.445668327207771142e+01
9.289241600000000000e+07 2.438126629783109323e+01
9.313017200000000000e+07 2.433855289572264979e+01
9.336595900000000000e+07 2.433126724805739727e+01
9.360465300000000000e+07 2.430193536687380274e+01
9.384013000000000000e+07 2.426023174856053188e+01
9.407753500000000000e+07 2.426889680159517582e+01
9.431500500000000000e+07 2.421499656419213409e+01
9.454625700000000000e+07 2.410099675381588824e+01
9.478573900000000000e+07 2.405303044639076759e+01
9.502156400000000000e+07 2.396962634126146341e+01
9.526054600000000000e+07 2.396911042539640135e+01
9.549936500000000000e+07 2.399401503780509159e+01
9.573703400000000000e+07 2.390812806976605032e+01
9.597380900000000000e+07 2.381592608442436898e+01
9.621243600000000000e+07 2.377898673251628381e+01
9.644849800000000000e+07 2.375109340489447973e+01
9.669174900000000000e+07 2.369440649488641881e+01
9.692724000000000000e+07 2.369931209333320155e+01
9.716582200000000000e+07 2.364579690618139196e+01
9.740404800000000000e+07 2.361902297995528244e+01
9.764840900000000000e+07 2.355975587736157806e+01
9.788703100000000000e+07 2.344060728798173443e+01
9.812467600000000000e+07 2.342779026820672073e+01
9.836560000000000000e+07 2.341578151529325069e+01
9.860447600000000000e+07 2.339205494763072579e+01
9.884387700000000000e+07 2.337436943261121058e+01
9.908216400000000000e+07 2.338793853220793295e+01
9.931932800000000000e+07 2.340197993351258532e+01
9.955568500000000000e+07 2.341719400265875706e+01
9.979828100000000000e+07 2.332578962908377918e+01
1.000342650000000000e+08 2.325082077419357063e+01
1.002652550000000000e+08 2.320975046941797970e+01
1.005031430000000000e+08 2.328290869935931440e+01
1.007352120000000000e+08 2.324448790823452526e+01
1.009686550000000000e+08 2.319554036915322826e+01
1.012051150000000000e+08 2.319380388274764826e+01
1.014450330000000000e+08 2.311225252842817568e+01
1.016825570000000000e+08 2.309798262387978696e+01
1.019168000000000000e+08 2.307541157679107258e+01
1.021539840000000000e+08 2.304150695343911437e+01
1.023893360000000000e+08 2.302942457224706985e+01
1.026267820000000000e+08 2.302723384700787790e+01
1.028619360000000000e+08 2.299068092770339788e+01
1.030991360000000000e+08 2.292756320127766756e+01
1.033372970000000000e+08 2.290122415197445349e+01
1.035758950000000000e+08 2.288460407354852322e+01
1.038128150000000000e+08 2.290279403952834514e+01
1.040454210000000000e+08 2.286638287323598462e+01
1.042784350000000000e+08 2.288852149767850719e+01
1.045139580000000000e+08 2.282619453281838418e+01
1.047483930000000000e+08 2.282212637418149370e+01
1.049824120000000000e+08 2.277544249633946194e+01
1.052183930000000000e+08 2.279768311305795692e+01
1.054522730000000000e+08 2.273549584861661543e+01
1.056876590000000000e+08 2.272978837827941589e+01
1.059254710000000000e+08 2.268950818475872921e+01
1.061580840000000000e+08 2.261771914341646905e+01
1.063919020000000000e+08 2.260557541151026584e+01
1.066306980000000000e+08 2.258500628939320976e+01
1.068668230000000000e+08 2.252846439706789994e+01
1.071044250000000000e+08 2.243398918366169070e+01
1.073391450000000000e+08 2.243585376354373295e+01
1.075774760000000000e+08 2.246986117613514011e+01
1.078116230000000000e+08 2.250236662638013740e+01
1.080467180000000000e+08 2.243533707800830612e+01
1.082861830000000000e+08 2.249590817846734581e+01
1.085231650000000000e+08 2.252811147617630994e+01
1.087649830000000000e+08 2.254823213753984135e+01
1.089985780000000000e+08 2.260138431663341763e+01
1.092396400000000000e+08 2.254334941411673299e+01
1.094763690000000000e+08 2.254768508900938073e+01
1.097129550000000000e+08 2.249768445839634268e+01
1.099489370000000000e+08 2.246057276136627578e+01
1.101790840000000000e+08 2.241052365484109998e+01
1.104130100000000000e+08 2.242567921608569037e+01
1.106509130000000000e+08 2.238712390841769917e+01
1.108878920000000000e+08 2.235617983542940834e+01
1.111237260000000000e+08 2.230883516471217831e+01
1.113618440000000000e+08 2.232448361657086267e+01
1.115983880000000000e+08 2.229491141286244016e+01
1.118347770000000000e+08 2.229143697112230171e+01
1.120693280000000000e+08 2.227820130282726296e+01
1.123049620000000000e+08 2.227256202066975987e+01
1.125383450000000000e+08 2.222905340522157047e+01
1.127678720000000000e+08 2.226161680763575745e+01
1.130021560000000000e+08 2.225337202738461428e+01
1.132390100000000000e+08 2.229332146539471182e+01
1.134761750000000000e+08 2.223951428621445459e+01
1.137144400000000000e+08 2.218150209438269016e+01
1.139508930000000000e+08 2.216779402679617306e+01
1.141910830000000000e+08 2.220829516480328891e+01
1.144298460000000000e+08 2.219290041144317627e+01
1.146698030000000000e+08 2.218058009876316916e+01
1.149060410000000000e+08 2.212735702034363072e+01
1.151460090000000000e+08 2.212016016161582144e+01
1.153775340000000000e+08 2.203155806616870294e+01
1.156141430000000000e+08 2.199231932980512383e+01
1.158529700000000000e+08 2.197348755547579202e+01
1.160913010000000000e+08 2.200608506493787075e+01
1.163324560000000000e+08 2.200637529147360993e+01
1.165728190000000000e+08 2.203585953797684738e+01
1.168099940000000000e+08 2.205545294603996709e+01
1.170459490000000000e+08 2.203424134430657588e+01
1.172868900000000000e+08 2.201581688034426421e+01
1.175186790000000000e+08 2.201173309754600638e+01
1.177555670000000000e+08 2.205072478345559972e+01
1.179927570000000000e+08 2.203227657104608994e+01
1.182299690000000000e+08 2.198585481492292715e+01
1.184651060000000000e+08 2.198302334213518705e+01
1.187017570000000000e+08 2.196091763516110973e+01
1.189379020000000000e+08 2.195478630124551600e+01
1.191716010000000000e+08 2.198145810872330941e+01
1.194091660000000000e+08 2.194191535098632073e+01
1.196467680000000000e+08 2.192941887403571144e+01
1.198839720000000000e+08 2.186576952772814408e+01
1.201231900000000000e+08 2.185875074061775791e+01
1.203641700000000000e+08 2.189205528051352800e+01
1.206016370000000000e+08 2.186930689543582673e+01
1.208390950000000000e+08 2.181233538247454007e+01
1.210788070000000000e+08 2.178894606101206222e+01
1.213119190000000000e+08 2.175284602229613995e+01
1.215514300000000000e+08 2.177001816370100684e+01
1.217905390000000000e+08 2.172116336657178692e+01
1.220262760000000000e+08 2.168814883449685382e+01
1.222672530000000000e+08 2.163596436535400258e+01
1.225064670000000000e+08 2.163884301651183151e+01
1.227438420000000000e+08 2.151490739218230175e+01
1.229818130000000000e+08 2.143874457486361607e+01
1.232138940000000000e+08 2.140156731674088419e+01
1.234504140000000000e+08 2.139470174354258702e+01
1.236885590000000000e+08 2.142253897452919986e+01
1.239281080000000000e+08 2.138579307515846395e+01
1.241621700000000000e+08 2.140017252230070710e+01
1.244026930000000000e+08 2.136972285023796303e+01
1.246388200000000000e+08 2.134232336787098205e+01
1.248787040000000000e+08 2.130546269536243287e+01
1.251174830000000000e+08 2.130758155145107580e+01
1.253557130000000000e+08 2.132063753095339109e+01
1.255921430000000000e+08 2.129795119330706754e+01
1.258324110000000000e+08 2.126495126773226474e+01
1.260701230000000000e+08 2.125414033664641167e+01
1.263071540000000000e+08 2.126648040136983653e+01
1.265446020000000000e+08 2.127279881531199379e+01
1.267869560000000000e+08 2.126664367810220924e+01
1.270233710000000000e+08 2.125779423960405978e+01
1.272627260000000000e+08 2.123925734414285316e+01
1.274950320000000000e+08 2.126759469226506383e+01
1.277313270000000000e+08 2.126970765260601937e+01
1.279643840000000000e+08 2.123374080084858306e+01
1.282004860000000000e+08 2.121751728450339769e+01
1.284331480000000000e+08 2.113555569158283021e+01
1.286653600000000000e+08 2.109705073006085385e+01
1.289017350000000000e+08 2.105867974751635785e+01
1.291370060000000000e+08 2.100780366833957657e+01
1.293731510000000000e+08 2.098245485533934129e+01
1.296078320000000000e+08 2.092012083443067283e+01
1.298513690000000000e+08 2.088099583081068999e+01
1.300923020000000000e+08 2.089805359815285613e+01
1.303274540000000000e+08 2.079645241823417479e+01
1.305627260000000000e+08 2.077327803497677650e+01
1.308008970000000000e+08 2.078611346660074588e+01
1.310370760000000000e+08 2.076688322635214945e+01
1.312762160000000000e+08 2.074714749909059819e+01
1.315116090000000000e+08 2.074704145802833466e+01
1.317469300000000000e+08 2.076878012333369483e+01
1.319814200000000000e+08 2.074345124726140099e+01
1.322205750000000000e+08 2.076035135586918301e+01
1.324569590000000000e+08 2.076387959315879783e+01
1.326926040000000000e+08 2.073365252914605961e+01
1.329289980000000000e+08 2.072872596614610785e+01
1.331686700000000000e+08 2.067728130647349261e+01
1.334040670000000000e+08 2.073047782563031305e+01
1.336403340000000000e+08 2.069065435841862666e+01
1.338732120000000000e+08 2.067473654141778994e+01
1.341081550000000000e+08 2.064881806043286261e+01
1.343478370000000000e+08 2.058893847312499759e+01
1.345840460000000000e+08 2.061980128308532656e+01
1.348213260000000000e+08 2.057935993604269953e+01
1.350554960000000000e+08 2.058263318126358143e+01
1.352885640000000000e+08 2.057029744956623318e+01
1.355255130000000000e+08 2.056563314847699786e+01
1.357655670000000000e+08 2.057314486446373181e+01
1.359994750000000000e+08 2.060841749317615879e+01
1.362382170000000000e+08 2.061098264789612955e+01
1.364747770000000000e+08 2.059713983118817282e+01
1.367114240000000000e+08 2.055141429869231118e+01
1.369501390000000000e+08 2.054101825998759878e+01
1.371840490000000000e+08 2.052251637204394541e+01
1.374223280000000000e+08 2.049355513980049892e+01
1.376598700000000000e+08 2.047989127621577410e+01
1.378946680000000000e+08 2.046531663769572873e+01
1.381271470000000000e+08 2.046029252337821447e+01
1.383701200000000000e+08 2.042478429871426115e+01
1.386062780000000000e+08 2.044950727872561558e+01
1.388414960000000000e+08 2.044945940477495938e+01
1.390771370000000000e+08 2.049582795022700310e+01
1.393153200000000000e+08 2.046449208293588029e+01
1.395541980000000000e+08 2.046847497660254334e+01
1.397913380000000000e+08 2.045451765186560777e+01
1.400245180000000000e+08 2.051327240908948113e+01
1.402642920000000000e+08 2.050489988667472474e+01
1.404995160000000000e+08 2.045255731990982895e+01
1.407377150000000000e+08 2.040577769559724786e+01
1.409759200000000000e+08 2.041509053206166868e+01
1.412126740000000000e+08 2.038838714002402597e+01
1.414548590000000000e+08 2.033832453229776860e+01
1.416951710000000000e+08 2.029661723857144651e+01
1.419332860000000000e+08 2.024835872339789589e+01
1.421705410000000000e+08 2.021220327790003779e+01
1.424056960000000000e+08 2.016612689797802105e+01
1.426413030000000000e+08 2.015628485322860541e+01
1.428797730000000000e+08 2.009903237479327132e+01
1.431122740000000000e+08 2.008887706866999423e+01
1.433476590000000000e+08 2.005085308441782743e+01
1.435814290000000000e+08 2.006396755422897016e+01
1.438175170000000000e+08 2.003783637313932431e+01
1.440498290000000000e+08 2.006879838891980938e+01
1.442942640000000000e+08 2.002298525597536738e+01
1.445311350000000000e+08 2.005674929874407297e+01
1.447717090000000000e+08 2.009149683556925226e+01
1.450063730000000000e+08 2.005947242267863473e+01
1.452431960000000000e+08 2.003031507804240263e+01
1.454802610000000000e+08 2.000243852529662192e+01
1.457177090000000000e+08 2.002854041307068655e+01
1.459580460000000000e+08 1.997624443832679120e+01
1.461956870000000000e+08 1.997064553354972105e+01
1.464335960000000000e+08 1.995002462807951815e+01
1.466696710000000000e+08 1.993338725517874011e+01
1.469057800000000000e+08 1.995829233972303030e+01
1.471410840000000000e+08 1.989461142171473895e+01
1.473743660000000000e+08 1.986492766181572023e+01
1.476119780000000000e+08 1.985721963709921312e+01
1.478490790000000000e+08 1.984511458968568220e+01
1.480837030000000000e+08 1.987059647926322725e+01
1.483189650000000000e+08 1.976083605669942500e+01
1.485536170000000000e+08 1.975278747428639292e+01
1.487907800000000000e+08 1.976464077538041764e+01
1.490297240000000000e+08 1.979329777797619272e+01
1.492704380000000000e+08 1.976598300140413755e+01
1.495086490000000000e+08 1.971129583362446880e+01
1.497447670000000000e+08 1.968506699229387635e+01
1.499827290000000000e+08 1.966289838989595040e+01
1.502184100000000000e+08 1.968180584725666904e+01
1.504557520000000000e+08 1.968111749288359036e+01
1.506891300000000000e+08 1.966802809110579986e+01
1.509269350000000000e+08 1.969539320018086670e+01
1.511642250000000000e+08 1.967066943211443331e+01
1.513997820000000000e+08 1.965753250179436762e+01
1.516367260000000000e+08 1.963920100365182364e+01
1.518721620000000000e+08 1.961216748398343412e+01
1.521114260000000000e+08 1.960849064698519229e+01
1.523495640000000000e+08 1.960287251299454780e+01
1.525916360000000000e+08 1.958738836171300690e+01
1.528323680000000000e+08 1.954091366602660784e+01
1.530666330000000000e+08 1.951723414478178498e+01
1.533002690000000000e+08 1.950037060902269204e+01
1.535353980000000000e+08 1.949367625805780335e+01
1.537709280000000000e+08 1.950500891083653698e+01
1.540071220000000000e+08 1.950440817573290531e+01
1.542483370000000000e+08 1.948250796988639877e+01
1.544848090000000000e+08 1.944446145455600217e+01
1.547220710000000000e+08 1.942370861971805240e+01
1.549538560000000000e+08 1.941945691587120848e+01
1.551893980000000000e+08 1.937722714781293121e+01
1.554310680000000000e+08 1.936386902221634543e+01
1.556645110000000000e+08 1.935259750241666410e+01
1.558984260000000000e+08 1.932405580192925854e+01
1.561348940000000000e+08 1.931727268488939941e+01
1.563669230000000000e+08 1.931741026470773903e+01
1.566007050000000000e+08 1.930534190475550105e+01
1.568402400000000000e+08 1.924297338243954059e+01
1.570788380000000000e+08 1.920371501871373709e+01
1.573185770000000000e+08 1.921489461753814609e+01
1.575588180000000000e+08 1.921242193792356190e+01
1.577930410000000000e+08 1.917631535696573408e+01
1.580340790000000000e+08 1.916810810680584254e+01
1.582717660000000000e+08 1.916660238431479968e+01
1.585107460000000000e+08 1.911282303471278610e+01
1.587429280000000000e+08 1.909104089198244125e+01
1.589793920000000000e+08 1.906683720935467363e+01
1.592178350000000000e+08 1.901907546506367552e+01
1.594504420000000000e+08 1.903846278104763812e+01
1.596832770000000000e+08 1.904147509638040958e+01
1.599176600000000000e+08 1.903539243498423517e+01
1.601492010000000000e+08 1.901193294842220638e+01
1.603829940000000000e+08 1.900003225275242613e+01
1.606205940000000000e+08 1.898064519567063257e+01
1.608506630000000000e+08 1.895376912950296600e+01
1.610916930000000000e+08 1.893976526006466798e+01
1.613271760000000000e+08 1.891423143198876033e+01
1.615618280000000000e+08 1.886684925693281656e+01
1.618021470000000000e+08 1.885907547070951296e+01
1.620378540000000000e+08 1.884836621019405811e+01
1.622712900000000000e+08 1.883077693829138255e+01
1.625101460000000000e+08 1.883461505799244051e+01
1.627499440000000000e+08 1.881770398121788901e+01
1.629843630000000000e+08 1.880236527737367069e+01
1.632179960000000000e+08 1.879475940309127679e+01
1.634570850000000000e+08 1.876247877351121573e+01
1.636960920000000000e+08 1.875569403979705285e+01
1.639343810000000000e+08 1.875423167191392082e+01
1.641675060000000000e+08 1.877204651533237723e+01
1.644010650000000000e+08 1.877234163850603466e+01
1.646376580000000000e+08 1.872246763830247218e+01
1.648750210000000000e+08 1.869544988029229060e+01
1.651110550000000000e+08 1.868065587030378794e+01
1.653440750000000000e+08 1.866251155471127987e+01
1.655796900000000000e+08 1.869783861585160167e+01
1.658158100000000000e+08 1.866920454415540931e+01
1.660529650000000000e+08 1.867387285118867979e+01
1.662934940000000000e+08 1.864922388960102140e+01
1.665267190000000000e+08 1.864409522116567786e+01
1.667603700000000000e+08 1.861884730310559277e+01
1.669987860000000000e+08 1.858237603257548543e+01
1.672337740000000000e+08 1.859398255571174019e+01
1.674706870000000000e+08 1.861961368119282056e+01
1.677046170000000000e+08 1.860464192812513318e+01
1.679366210000000000e+08 1.855930781239781524e+01
1.681688220000000000e+08 1.852789958665390202e+01
1.684101600000000000e+08 1.851143219151982322e+01
1.686462490000000000e+08 1.849487289536158485e+01
1.688814190000000000e+08 1.847858603527106069e+01
1.691189990000000000e+08 1.847088643963918031e+01
1.693533130000000000e+08 1.844059646156083687e+01
1.695891460000000000e+08 1.842132564159348362e+01
1.698249910000000000e+08 1.840031764905103628e+01
1.700603330000000000e+08 1.837184823806622447e+01
1.702990670000000000e+08 1.835617008692312879e+01
1.705340340000000000e+08 1.833522138406246071e+01
1.707744130000000000e+08 1.832896324091818130e+01
1.710124660000000000e+08 1.834472371426456405e+01
1.712501730000000000e+08 1.829935388886469028e+01
1.714862230000000000e+08 1.829733464654258057e+01
1.717181580000000000e+08 1.828850209629499446e+01
1.719571850000000000e+08 1.824497753036562031e+01
1.721939770000000000e+08 1.823188152743935930e+01
1.724288960000000000e+08 1.823350671363606779e+01
1.726650130000000000e+08 1.821782423994260824e+01
1.729067050000000000e+08 1.818412936940143609e+01
1.731414570000000000e+08 1.819841865372541534e+01
1.733740450000000000e+08 1.816210268126714311e+01
1.736084270000000000e+08 1.815348073578230270e+01
1.738404830000000000e+08 1.815117916238786933e+01
1.740796760000000000e+08 1.813401556572166129e+01
1.743165790000000000e+08 1.810737845956978731e+01
1.745525310000000000e+08 1.809429226398203028e+01
1.747909980000000000e+08 1.806360052693351648e+01
1.750235540000000000e+08 1.804720536078067283e+01
1.752629390000000000e+08 1.803810395283762702e+01
1.755033520000000000e+08 1.806616752957597782e+01
1.757429290000000000e+08 1.806868759657266565e+01
1.759793090000000000e+08 1.803330570656761012e+01
1.762186580000000000e+08 1.801962450911091196e+01
1.764527040000000000e+08 1.801731446035105932e+01
1.766938320000000000e+08 1.799583061535796347e+01
1.769334680000000000e+08 1.801364532196559409e+01
1.771700660000000000e+08 1.799523647658397252e+01
1.774040300000000000e+08 1.801919164972722598e+01
1.776390850000000000e+08 1.799364947165216222e+01
1.778731080000000000e+08 1.798459036830183422e+01
1.781098900000000000e+08 1.798992105550650678e+01
1.783462820000000000e+08 1.798518265370472946e+01
1.785796790000000000e+08 1.802144311547460021e+01
1.788199890000000000e+08 1.800445505805715740e+01
1.790606420000000000e+08 1.800563931459692313e+01
1.792984290000000000e+08 1.799840886453277022e+01
1.795370850000000000e+08 1.800539469742243526e+01
1.797765240000000000e+08 1.801325618697778097e+01
1.800137070000000000e+08 1.801647704649811743e+01
1.802503430000000000e+08 1.803592785754466732e+01
1.804895340000000000e+08 1.801136595298012821e+01
1.807236340000000000e+08 1.801679077636321225e+01
1.809597440000000000e+08 1.802798882766959920e+01
1.811953730000000000e+08 1.804960576590859489e+01
1.814304030000000000e+08 1.804440691002886865e+01
1.816677730000000000e+08 1.803206908756100901e+01
1.819101910000000000e+08 1.803940061089737412e+01
1.821403970000000000e+08 1.803596959328693217e+01
1.823764800000000000e+08 1.804531827653217491e+01
1.826115170000000000e+08 1.801035932795139161e+01
1.828477000000000000e+08 1.801766260764027905e+01
1.830838330000000000e+08 1.798004489409673567e+01
1.833199600000000000e+08 1.796784931955075493e+01
1.835580720000000000e+08 1.794687944467752061e+01
1.837905560000000000e+08 1.793148122128544841e+01
1.840240480000000000e+08 1.790360229794122660e+01
1.842618650000000000e+08 1.791212292867200873e+01
1.844989240000000000e+08 1.790843282763103517e+01
1.847373200000000000e+08 1.790511098191267436e+01
1.849711810000000000e+08 1.788338815048819797e+01
1.852093920000000000e+08 1.784413365298005871e+01
1.854470460000000000e+08 1.784458373125650610e+01
1.856846660000000000e+08 1.783503715997252215e+01
1.859193740000000000e+08 1.779812230254415795e+01
1.861553970000000000e+08 1.779452405104906987e+01
1.863951500000000000e+08 1.782712670909628017e+01
1.866335760000000000e+08 1.785768386995448509e+01
1.868709540000000000e+08 1.782629824760214987e+01
1.871067880000000000e+08 1.783197302968359566e+01
1.873418730000000000e+08 1.782721876363802238e+01
1.875781600000000000e+08 1.776232836831915307e+01
1.878149940000000000e+08 1.775061433646620301e+01
1.880544680000000000e+08 1.776673345091183975e+01
1.882906200000000000e+08 1.775710626130204872e+01
1.885264610000000000e+08 1.777163279489469971e+01
1.887636630000000000e+08 1.775784350421850988e+01
1.890065460000000000e+08 1.775436685778321788e+01
1.892411670000000000e+08 1.775246860547719763e+01
1.894781520000000000e+08 1.772671116930823487e+01
1.897143030000000000e+08 1.770305859966933681e+01
1.899512080000000000e+08 1.768182379149030936e+01
1.901885890000000000e+08 1.764691572187047797e+01
1.904292820000000000e+08 1.761648355104588148e+01
1.906638530000000000e+08 1.761701470512429424e+01
1.909042510000000000e+08 1.762839812633321657e+01
1.911386570000000000e+08 1.764181116119638659e+01
1.913723190000000000e+08 1.764518334829162427e+01
1.916086780000000000e+08 1.761422236223777560e+01
1.918437490000000000e+08 1.762805218994208900e+01
1.920827280000000000e+08 1.764845108467262591e+01
1.923156020000000000e+08 1.766084392817367998e+01
1.925517950000000000e+08 1.765581602019464924e+01
1.927915980000000000e+08 1.770517735626767220e+01
1.930330410000000000e+08 1.765283853187164453e+01
1.932691810000000000e+08 1.763767621021255394e+01
1.935047950000000000e+08 1.763102971451172607e+01
1.937399440000000000e+08 1.761095470799657292e+01
1.939792930000000000e+08 1.762342910881157110e+01
1.942165030000000000e+08 1.760894266806758424e+01
1.944488790000000000e+08 1.760994381312488244e+01
1.946852840000000000e+08 1.758136245216009996e+01
1.949194010000000000e+08 1.759889344829177915e+01
1.951586960000000000e+08 1.757785562528944467e+01
1.953965070000000000e+08 1.754916573297899873e+01
1.956324960000000000e+08 1.753075902496348348e+01
1.958699630000000000e+08 1.750856816879025146e+01
1.961060870000000000e+08 1.750560731650476143e+01
1.963466320000000000e+08 1.750040046392096826e+01
1.965859180000000000e+08 1.747102143484049463e+01
1.968232210000000000e+08 1.745082507199884603e+01
1.970563950000000000e+08 1.743375038278393419e+01
1.972937800000000000e+08 1.741171056160871800e+01
1.975316070000000000e+08 1.739434130864010797e+01
1.977729250000000000e+08 1.738926832145110524e+01
1.980133250000000000e+08 1.734373308959700921e+01
1.982529250000000000e+08 1.734237045699693169e+01
1.984897820000000000e+08 1.735613547495062292e+01
1.987276240000000000e+08 1.734730993685270306e+01
1.989674640000000000e+08 1.733263758596811499e+01
1.992085710000000000e+08 1.728339162544816787e+01
1.994440460000000000e+08 1.725574723469347660e+01
1.996868770000000000e+08 1.725982961063611043e+01
1.999215150000000000e+08 1.724289808069624641e+01
2.001590330000000000e+08 1.726435684425141659e+01
2.003915300000000000e+08 1.725060824009798210e+01
2.006266560000000000e+08 1.725655647163079109e+01
2.008632980000000000e+08 1.720212545048556052e+01
2.010938940000000000e+08 1.720511337537744012e+01
2.013322180000000000e+08 1.717847271645474905e+01
2.015677320000000000e+08 1.716357722184545409e+01
2.018020140000000000e+08 1.718234355351888354e+01
2.020408770000000000e+08 1.721803558211835394e+01
2.022753450000000000e+08 1.720892531238847667e+01
2.025122980000000000e+08 1.720859278285039906e+01
2.027505490000000000e+08 1.721203262177558813e+01
2.029836720000000000e+08 1.718106244895515644e+01
2.032199610000000000e+08 1.716876020485063492e+01
2.034548250000000000e+08 1.717793738798726721e+01
2.036956000000000000e+08 1.717995145500634990e+01
2.039359680000000000e+08 1.718358892189922216e+01
2.041702590000000000e+08 1.716461034167664934e+01
2.044058360000000000e+08 1.718585642166022254e+01
2.046428190000000000e+08 1.719552414358755499e+01
2.048773780000000000e+08 1.718119814165101289e+01
2.051070970000000000e+08 1.715611115660346542e+01
2.053418660000000000e+08 1.714572031202004965e+01
2.055768090000000000e+08 1.713037662864686439e+01
2.058136050000000000e+08 1.713226973548662002e+01
2.060503860000000000e+08 1.710047696031082154e+01
2.062857720000000000e+08 1.710807311171637934e+01
2.065220350000000000e+08 1.711084864784660553e+01
2.067592020000000000e+08 1.710841578815612252e+01
2.069959070000000000e+08 1.711181259216065698e+01
2.072342860000000000e+08 1.705845570278824397e+01
2.074725350000000000e+08 1.705016841981439413e+01
2.077075650000000000e+08 1.705531323248508357e+01
2.079442210000000000e+08 1.704878238990251660e+01
2.081774860000000000e+08 1.704256801065907112e+01
2.084142880000000000e+08 1.704130858232714374e+01
2.086467130000000000e+08 1.702783260293475820e+01
2.088836900000000000e+08 1.700219412890160342e+01
2.091195010000000000e+08 1.696258427712580286e+01
2.093565280000000000e+08 1.696870747264835799e+01
2.095930440000000000e+08 1.696354046184328368e+01
2.098314620000000000e+08 1.695232537627343561e+01
2.100733340000000000e+08 1.691899317895287425e+01
2.103093210000000000e+08 1.692975488936703954e+01
2.105424320000000000e+08 1.691855876600646269e+01
2.107735870000000000e+08 1.694265450623017344e+01
2.110114890000000000e+08 1.693715875329065668e+01
2.112503560000000000e+08 1.692058457783404890e+01
2.114879910000000000e+08 1.689551711285235669e+01
2.117262700000000000e+08 1.688724327864309416e+01
2.119674530000000000e+08 1.690370528227370883e+01
2.122049440000000000e+08 1.687570281422597773e+01
2.124429840000000000e+08 1.685449245187873046e+01
2.126826290000000000e+08 1.686554602836417516e+01
2.129185910000000000e+08 1.686797704111774721e+01
2.131558010000000000e+08 1.689083195008674565e+01
2.133935340000000000e+08 1.688078274869038253e+01
2.136260870000000000e+08 1.688703352705350014e+01
2.138626230000000000e+08 1.687556308181797604e+01
2.140966560000000000e+08 1.686117905831954644e+01
2.143370190000000000e+08 1.685564941861701982e+01
2.145775390000000000e+08 1.683401029421195005e+01
2.148115550000000000e+08 1.681063018425890832e+01
2.150448740000000000e+08 1.678240017121662220e+01
2.152833660000000000e+08 1.678589607685192675e+01
2.155198230000000000e+08 1.676823290176575654e+01
2.157582710000000000e+08 1.674784527546082913e+01
2.159934280000000000e+08 1.670619783284075410e+01
2.162296570000000000e+08 1.673735385152841104e+01
2.164694650000000000e+08 1.672314317883187584e+01
2.167060100000000000e+08 1.673698309188989342e+01
2.169388140000000000e+08 1.671345463561631206e+01
2.171743610000000000e+08 1.666315646363610625e+01
2.174125470000000000e+08 1.666543597523464015e+01
2.176483390000000000e+08 1.666334331242613231e+01
2.178804920000000000e+08 1.667566218096084185e+01
2.181163960000000000e+08 1.668865940163536976e+01
2.183497800000000000e+08 1.670299693162029087e+01
2.185830690000000000e+08 1.671011664530210439e+01
2.188208370000000000e+08 1.672309580137138241e+01
2.190560290000000000e+08 1.670005478741854787e+01
2.192926730000000000e+08 1.670983157134531538e+01
2.195230870000000000e+08 1.670212668184486304e+01
2.197579770000000000e+08 1.668747864767196987e+01
2.199950730000000000e+08 1.665541896849240544e+01
2.202325340000000000e+08 1.663955593288718759e+01
2.204705550000000000e+08 1.663178672316427509e+01
2.207037970000000000e+08 1.661132306925149393e+01
2.209416770000000000e+08 1.661082812018483423e+01
2.211771720000000000e+08 1.660296149077816708e+01
2.214115200000000000e+08 1.662489551357352013e+01
2.216510500000000000e+08 1.661523937311834942e+01
2.218867480000000000e+08 1.661510260500943303e+01
2.221203000000000000e+08 1.660853388332081337e+01
2.223540700000000000e+08 1.660688078570189674e+01
2.225994310000000000e+08 1.658069191457284930e+01
2.228366380000000000e+08 1.656929014090252394e+01
2.230758990000000000e+08 1.657511308916552650e+01
2.233107930000000000e+08 1.653877673126407544e+01
2.235464430000000000e+08 1.653108476702429996e+01
2.237798310000000000e+08 1.652151616177353333e+01
2.240180110000000000e+08 1.650644910171126156e+01
2.242567630000000000e+08 1.651925383431818872e+01
2.244939680000000000e+08 1.651165957462392697e+01
2.247330750000000000e+08 1.653795987859782457e+01
2.249703910000000000e+08 1.653990382529182313e+01
2.252113010000000000e+08 1.652604574958523642e+01
2.254487570000000000e+08 1.649850024205444043e+01
2.256848830000000000e+08 1.649608489916186826e+01
2.259236970000000000e+08 1.650216908266835958e+01
2.261633870000000000e+08 1.649684740525734838e+01
2.264014110000000000e+08 1.648592196154516287e+01
2.266360670000000000e+08 1.650543393557878957e+01
2.268733700000000000e+08 1.646765816847776520e+01
2.271095080000000000e+08 1.645481141270836289e+01
2.273403130000000000e+08 1.644514340339357972e+01
2.275751030000000000e+08 1.641585654761527380e+01
2.278122580000000000e+08 1.639746603332121211e+01
2.280467010000000000e+08 1.638937624312670138e+01
2.282861100000000000e+08 1.636368335181459344e+01
2.285192310000000000e+08 1.638144014965147477e+01
2.287584470000000000e+08 1.640902801811768086e+01
2.289959570000000000e+08 1.640704661284761912e+01
2.292317250000000000e+08 1.636718650674113107e+01
2.294751620000000000e+08 1.637880852636182283e+01
2.297106990000000000e+08 1.638671429298670645e+01
2.299467650000000000e+08 1.636538852399379707e+01
2.301817240000000000e+08 1.636018457949663585e+01
2.304169510000000000e+08 1.633768912412026708e+01
2.306529800000000000e+08 1.638640511005409550e+01
2.308904040000000000e+08 1.638741807314945120e+01
2.311261170000000000e+08 1.635792636122535981e+01
2.313600030000000000e+08 1.638279180449355010e+01
2.315927890000000000e+08 1.636902603545846446e+01
2.318327610000000000e+08 1.637730159328904378e+01
2.320716010000000000e+08 1.636886187755639099e+01
2.323081870000000000e+08 1.635700699534883640e+01
2.325473200000000000e+08 1.634479955469780776e+01
2.327896940000000000e+08 1.634930623491719359e+01
2.330247660000000000e+08 1.632901187144171473e+01
2.332584330000000000e+08 1.631451276777397652e+01
2.334920210000000000e+08 1.629733558119843906e+01
2.337282280000000000e+08 1.629665398979113888e+01
2.339628970000000000e+08 1.627065018514049299e+01
2.341964710000000000e+08 1.628507978217875518e+01
2.344359650000000000e+08 1.628175818049682633e+01
2.346708160000000000e+08 1.627382005482101945e+01
2.349087390000000000e+08 1.625631024347157094e+01
2.351426030000000000e+08 1.628015733743540494e+01
2.353813370000000000e+08 1.624977024099032974e+01
2.356209490000000000e+08 1.624129095390567201e+01
2.358641620000000000e+08 1.625795258395817910e+01
2.361002730000000000e+08 1.628087255149082679e+01
2.363367410000000000e+08 1.627051457578026827e+01
2.365727100000000000e+08 1.627495441825852396e+01
2.368099230000000000e+08 1.626213533212484919e+01
2.370425550000000000e+08 1.626703400579570058e+01
2.372790250000000000e+08 1.625391973464060058e+01
2.375186720000000000e+08 1.622220967543480796e+01
2.377537890000000000e+08 1.621350954394814181e+01
2.379924880000000000e+08 1.623093076333156759e+01
2.382286540000000000e+08 1.621730597130471452e+01
2.384668300000000000e+08 1.622985473394562206e+01
2.387033400000000000e+08 1.621325347600508593e+01
2.389413680000000000e+08 1.622682677153465747e+01
2.391756200000000000e+08 1.617802444324374278e+01
2.394147660000000000e+08 1.616544308797906382e+01
2.396521970000000000e+08 1.615363503305253801e+01
2.398882130000000000e+08 1.615265427238458074e+01
2.401276770000000000e+08 1.615679268747823372e+01
2.403608650000000000e+08 1.615329089594224499e+01
2.406002390000000000e+08 1.612893340210521842e+01
2.408431250000000000e+08 1.612473284915597205e+01
2.410789130000000000e+08 1.613515306379944647e+01
2.413172120000000000e+08 1.613720600999497279e+01
2.415534070000000000e+08 1.613832214311105417e+01
2.417909750000000000e+08 1.614302646384654238e+01
2.420293810000000000e+08 1.612223627616451438e+01
2.422657500000000000e+08 1.611073281759370346e+01
2.425022670000000000e+08 1.610785021810106343e+01
2.427348950000000000e+08 1.610137687344941071e+01
2.429701760000000000e+08 1.608354252537618123e+01
2.432113390000000000e+08 1.611819194903612384e+01
2.434496840000000000e+08 1.610267202900148931e+01
2.436801880000000000e+08 1.611514088486034524e+01
2.439132240000000000e+08 1.611676177151219491e+01
2.441527050000000000e+08 1.611688903564564868e+01
2.443903280000000000e+08 1.610125932618171873e+01
2.446277240000000000e+08 1.609339901097841619e+01
2.448697780000000000e+08 1.608252315785188102e+01
2.451055180000000000e+08 1.610882092017810052e+01
2.453411350000000000e+08 1.611073300901680128e+01
2.455710200000000000e+08 1.609718435528670000e+01
2.458086830000000000e+08 1.610538395115570864e+01
2.460526520000000000e+08 1.609611881766301167e+01
2.462874730000000000e+08 1.608897979212634510e+01
2.465242250000000000e+08 1.607250776707103412e+01
2.467636120000000000e+08 1.607487664796816773e+01
2.470008840000000000e+08 1.607750534608716819e+01
2.472381500000000000e+08 1.609779325552813845e+01
2.474723370000000000e+08 1.610726584596704214e+01
2.477136330000000000e+08 1.612717365333543995e+01
2.479523320000000000e+08 1.613770176322252325e+01
2.481857770000000000e+08 1.611636073115203871e+01
2.484199870000000000e+08 1.610984631747127693e+01
2.486572060000000000e+08 1.607935066667041113e+01
2.488947040000000000e+08 1.607525190709988294e+01
2.491306650000000000e+08 1.604635954617413773e+01
2.493702360000000000e+08 1.605644931744169313e+01
2.496003950000000000e+08 1.605417715979199755e+01
2.498410420000000000e+08 1.602539230445765739e+01
2.500771360000000000e+08 1.601755669292354867e+01
2.503149390000000000e+08 1.601083854687963992e+01
2.505486160000000000e+08 1.600597830754688289e+01
2.507848880000000000e+08 1.601366269394890196e+01
2.510219970000000000e+08 1.599600593786431624e+01
2.512572970000000000e+08 1.601393969959699248e+01
2.514901370000000000e+08 1.599829375851629898e+01
2.517245880000000000e+08 1.600260667339880172e+01
2.519612810000000000e+08 1.596020478151047328e+01
2.522002360000000000e+08 1.596336834097066237e+01
2.524324930000000000e+08 1.595933743525295156e+01
2.526719510000000000e+08 1.596506774686123009e+01
2.529098220000000000e+08 1.595365070296485577e+01
2.531465400000000000e+08 1.593150879827144628e+01
2.533833220000000000e+08 1.592336630268387054e+01
2.536192820000000000e+08 1.593579054966193098e+01
2.538561490000000000e+08 1.591367631064398580e+01
2.540931540000000000e+08 1.589750464443161881e+01
2.543329480000000000e+08 1.588589254875565970e+01
2.545633110000000000e+08 1.592855836095514022e+01
2.547983380000000000e+08 1.592385814541477096e+01
2.550369910000000000e+08 1.594893825563917211e+01
2.552709230000000000e+08 1.592954479034527715e+01
2.555069460000000000e+08 1.593410041589800308e+01
2.557414980000000000e+08 1.589708261409508872e+01
2.559789340000000000e+08 1.588302729610150621e+01
2.562163590000000000e+08 1.586604920759045001e+01
2.564473940000000000e+08 1.586051146143320878e+01
2.566814610000000000e+08 1.584849026073568368e+01
2.569196800000000000e+08 1.589808713993289935e+01
2.571595770000000000e+08 1.587457500893042628e+01
2.573977230000000000e+08 1.588139002999201033e+01
2.576365290000000000e+08 1.587425292134103039e+01
2.578758690000000000e+08 1.585666066511201677e+01
2.581115110000000000e+08 1.582517362079560996e+01
2.583499940000000000e+08 1.583379990085585654e+01
2.585900100000000000e+08 1.581471359440621249e+01
2.588247890000000000e+08 1.580234230646542137e+01
2.590587810000000000e+08 1.580589957131681089e+01
2.592987540000000000e+08 1.579947899550081303e+01
2.595376760000000000e+08 1.578269103064299372e+01
2.597738390000000000e+08 1.577434317269067421e+01
2.600114070000000000e+08 1.575546227351516571e+01
2.602519870000000000e+08 1.574631083099072448e+01
2.604905600000000000e+08 1.573568829099083111e+01
2.607285100000000000e+08 1.572124220598816713e+01
2.609654440000000000e+08 1.569782581336915683e+01
2.612021300000000000e+08 1.570189011066788076e+01
2.614406800000000000e+08 1.568305253997072590e+01
2.616765400000000000e+08 1.571135409490502255e+01
2.619145430000000000e+08 1.570387997188213269e+01
2.621471580000000000e+08 1.569793488001402437e+01
2.623849730000000000e+08 1.569450013213221062e+01
2.626165880000000000e+08 1.567206014550888149e+01
2.628579040000000000e+08 1.565703966320525709e+01
2.630934320000000000e+08 1.563658910761187926e+01
2.633304490000000000e+08 1.564607583118683820e+01
2.635685880000000000e+08 1.564830601041695246e+01
2.638080940000000000e+08 1.565492741840080804e+01
2.640449280000000000e+08 1.567227446874372809e+01
2.642801970000000000e+08 1.565127060263126424e+01
2.645210870000000000e+08 1.565313003160393990e+01
2.647565390000000000e+08 1.563681085130840387e+01
2.649932790000000000e+08 1.561877065389842123e+01
2.652278960000000000e+08 1.560023053535305948e+01
2.654626290000000000e+08 1.559725358871950718e+01
2.657022890000000000e+08 1.559780475207737993e+01
2.659415490000000000e+08 1.560238502348082790e+01
2.661751940000000000e+08 1.560693418442540548e+01
2.664102420000000000e+08 1.559274716721334286e+01
2.666464820000000000e+08 1.557874003315465039e+01
2.668854080000000000e+08 1.557340293267753317e+01
2.671204680000000000e+08 1.556197495523008811e+01
2.673633450000000000e+08 1.555156287397073811e+01
2.675977960000000000e+08 1.554966137832952455e+01
2.678345740000000000e+08 1.553350228754210782e+01
2.680732670000000000e+08 1.550551131875053201e+01
2.683083110000000000e+08 1.548501540535723819e+01
2.685463720000000000e+08 1.548949933390292877e+01
2.687840710000000000e+08 1.548964594336406009e+01
2.690195530000000000e+08 1.548808974896743607e+01
2.692541410000000000e+08 1.546515665273644835e+01
2.694893450000000000e+08 1.544412359463320072e+01
2.697290120000000000e+08 1.542614974695371011e+01
2.699653090000000000e+08 1.541442674769672827e+01
2.702020880000000000e+08 1.540204226060289194e+01
2.704393390000000000e+08 1.538976101854374434e+01
2.706789940000000000e+08 1.536510158779256585e+01
2.709204920000000000e+08 1.541059355148265908e+01
2.711587240000000000e+08 1.540086974111983942e+01
2.713976440000000000e+08 1.541134510320964601e+01
2.716348340000000000e+08 1.540839275238243289e+01
2.718701600000000000e+08 1.538821246105397655e+01
2.721108930000000000e+08 1.535596504792438743e+01
2.723457420000000000e+08 1.533933100818027384e+01
2.725849830000000000e+08 1.534203371538387906e+01
2.728197840000000000e+08 1.534094918168022659e+01
2.730537870000000000e+08 1.532446351471144474e+01
2.732943070000000000e+08 1.531880011218887461e+01
2.735309790000000000e+08 1.530209927115349267e+01
2.737688750000000000e+08 1.530923306594997513e+01
2.740086300000000000e+08 1.532015113243500970e+01
2.742443250000000000e+08 1.531010814829557276e+01
2.744825160000000000e+08 1.530698286016919418e+01
2.747203100000000000e+08 1.528069702949024311e+01
2.749569850000000000e+08 1.529808084926894551e+01
2.751981190000000000e+08 1.528958497084788171e+01
2.754360090000000000e+08 1.526791946567761471e+01
2.756732260000000000e+08 1.524633836469635284e+01
2.759120990000000000e+08 1.525985811127683967e+01
2.761500750000000000e+08 1.525730901598464939e+01
2.763861720000000000e+08 1.528010391121228295e+01
2.766244110000000000e+08 1.528268578884843620e+01
2.768591950000000000e+08 1.523961018500995124e+01
2.770947700000000000e+08 1.523297523793898378e+01
2.773289380000000000e+08 1.522057834183584113e+01
2.775666340000000000e+08 1.521972832172898649e+01
2.778027400000000000e+08 1.521571464608790336e+01
2.780422190000000000e+08 1.522114078996070319e+01
2.782824460000000000e+08 1.521191276792053770e+01
2.785140360000000000e+08 1.523094514982241066e+01
2.787515860000000000e+08 1.523102659071872544e+01
2.789928530000000000e+08 1.522566691986085985e+01
2.792300240000000000e+08 1.522723683371798842e+01
2.794696830000000000e+08 1.522327730786430777e+01
2.797045190000000000e+08 1.518948801838558360e+01
2.799394490000000000e+08 1.517205964400214491e+01
2.801773760000000000e+08 1.515806528843281242e+01
2.804115900000000000e+08 1.514952722942140184e+01
2.806492940000000000e+08 1.512343149880860693e+01
2.808889570000000000e+08 1.514899156020837445e+01
2.811309770000000000e+08 1.512645896724321837e+01
2.813670160000000000e+08 1.511622825745633314e+01
2.816080530000000000e+08 1.509738215384144766e+01
2.818462230000000000e+08 1.509579393525216773e+01
2.820863410000000000e+08 1.508016475004975021e+01
2.823234530000000000e+08 1.508038273780375427e+01
2.825633800000000000e+08 1.508654984285419509e+01
2.827975310000000000e+08 1.507020768217634732e+01
2.830370080000000000e+08 1.504899073054963132e+01
2.832734500000000000e+08 1.499723363694323020e+01
2.835095530000000000e+08 1.500010903526673722e+01
2.837437130000000000e+08 1.498264712502357554e+01
2.839786350000000000e+08 1.499302491821536343e+01
2.842204840000000000e+08 1.498860118217205084e+01
2.844537360000000000e+08 1.498945208445716659e+01
2.846911640000000000e+08 1.498135100929516028e+01
2.849276640000000000e+08 1.497681051912661943e+01
2.851694130000000000e+08 1.497302990788252863e+01
2.854069600000000000e+08 1.496841240662738137e+01
2.856381910000000000e+08 1.493663363632377106e+01
2.858740430000000000e+08 1.493812335543685421e+01
2.861136870000000000e+08 1.493884750499065639e+01
2.863502750000000000e+08 1.495148694305293446e+01
2.865878500000000000e+08 1.493936077551236430e+01
2.868190630000000000e+08 1.494132649744083530e+01
2.870590370000000000e+08 1.493125568038294126e+01
2.872978750000000000e+08 1.495426550371959706e+01
2.875303080000000000e+08 1.491675500276539879e+01
2.877703210000000000e+08 1.491913646064804055e+01
2.880071640000000000e+08 1.490319788577641447e+01
2.882424020000000000e+08 1.488472245599885824e+01
2.884778740000000000e+08 1.487083012282482919e+01
2.887160960000000000e+08 1.487745527904361964e+01
2.889518580000000000e+08 1.486010707620239835e+01
2.891860300000000000e+08 1.485518416669017050e+01
2.894211730000000000e+08 1.484166457793686789e+01
2.896577220000000000e+08 1.484058279580859896e+01
2.898948440000000000e+08 1.484692730282676010e+01
2.901329770000000000e+08 1.483715471361084148e+01
2.903729830000000000e+08 1.481724623129344209e+01
2.906069260000000000e+08 1.480158159282280828e+01
2.908449820000000000e+08 1.481184319454349385e+01
2.910821160000000000e+08 1.483153388324206823e+01
2.913184710000000000e+08 1.482891500325763445e+01
2.915560130000000000e+08 1.481411104053172068e+01
2.917929520000000000e+08 1.480163921647062786e+01
2.920309210000000000e+08 1.477995514134410016e+01
2.922643490000000000e+08 1.476764721978613437e+01
2.924985600000000000e+08 1.474773315420562625e+01
2.927352700000000000e+08 1.472993611371546230e+01
2.929717050000000000e+08 1.472205002670001583e+01
2.932069940000000000e+08 1.472215260435588569e+01
2.934432090000000000e+08 1.471260329214154972e+01
2.936808300000000000e+08 1.470167595736116439e+01
2.939205300000000000e+08 1.471818118185600710e+01
2.941592140000000000e+08 1.470708450984352567e+01
2.943947310000000000e+08 1.469566423124585164e+01
2.946280510000000000e+08 1.468967334422743498e+01
2.948632980000000000e+08 1.468161620551554591e+01
2.950992050000000000e+08 1.467764307289623282e+01
2.953352900000000000e+08 1.468520485602102710e+01
2.955696430000000000e+08 1.466522843424926492e+01
2.958074410000000000e+08 1.466610969174876367e+01
2.960444820000000000e+08 1.467762746313592359e+01
2.962812110000000000e+08 1.466972700527861484e+01
2.965205900000000000e+08 1.466152776847580697e+01
2.967613910000000000e+08 1.467079675771030978e+01
2.969964450000000000e+08 1.466076775713341895e+01
2.972326780000000000e+08 1.467375109840839897e+01
2.974668460000000000e+08 1.468153928232323224e+01
2.977063420000000000e+08 1.467503889775587922e+01
2.979458850000000000e+08 1.467934706095716457e+01
2.981821200000000000e+08 1.467603560372579530e+01
2.984180510000000000e+08 1.465924040784494231e+01
2.986545170000000000e+08 1.464927212172625559e+01
2.988924650000000000e+08 1.464720091025603921e+01
2.991321240000000000e+08 1.463515506387597576e+01
2.993726880000000000e+08 1.461612898737907429e+01
2.996105260000000000e+08 1.460421401451806034e+01
2.998489210000000000e+08 1.459962545211480567e+01
3.000863330000000000e+08 1.459572435024512060e+01
3.003248860000000000e+08 1.458087371237391316e+01
3.005653310000000000e+08 1.457331852077619594e+01
3.008006950000000000e+08 1.457880047887524810e+01
3.010415410000000000e+08 1.457831659070466657e+01
3.012788050000000000e+08 1.456729271806235992e+01
3.015130820000000000e+08 1.455136801877456243e+01
3.017510390000000000e+08 1.453802399850849802e+01
3.019884910000000000e+08 1.451704103657865907e+01
3.022252680000000000e+08 1.450100359770883429e+01
3.024581110000000000e+08 1.450292290510323845e+01
3.026934730000000000e+08 1.448391833982614507e+01
3.029262420000000000e+08 1.446815626993346271e+01
3.031651660000000000e+08 1.444167242849420596e+01
3.034049520000000000e+08 1.443912207130647829e+01
3.036399840000000000e+08 1.443855200379541692e+01
3.038732550000000000e+08 1.443857326198411073e+01
3.041061270000000000e+08 1.442823280116523676e+01
3.043427750000000000e+08 1.440656332113862881e+01
3.045764220000000000e+08 1.441055294668973019e+01
3.048091560000000000e+08 1.440463119264280678e+01
3.050459350000000000e+08 1.440897038669988284e+01
3.052817410000000000e+08 1.442072894047068132e+01
3.055146430000000000e+08 1.442923284946916951e+01
3.057481670000000000e+08 1.441070812013069791e+01
3.059851220000000000e+08 1.439064718211216842e+01
3.062235180000000000e+08 1.439438284519526867e+01
3.064593110000000000e+08 1.439224618535848244e+01
3.066954780000000000e+08 1.437307188056003682e+01
3.069351390000000000e+08 1.435985748943814144e+01
3.071722370000000000e+08 1.435098472671642433e+01
3.074081870000000000e+08 1.434258153972103145e+01
3.076418100000000000e+08 1.432617348303808491e+01
3.078775710000000000e+08 1.431827113093135573e+01
3.081124490000000000e+08 1.432947592571337658e+01
3.083503950000000000e+08 1.433455522024121365e+01
3.085869000000000000e+08 1.432639537980983668e+01
3.088257090000000000e+08 1.430924463834241145e+01
3.090623280000000000e+08 1.429795922421140908e+01
3.092997890000000000e+08 1.429201498641143075e+01
3.095345780000000000e+08 1.430132450344122752e+01
3.097707730000000000e+08 1.428583847155969799e+01
3.100111640000000000e+08 1.427862039489869517e+01
3.102473840000000000e+08 1.425625102409605027e+01
3.104780880000000000e+08 1.426045836293145541e+01
3.107140420000000000e+08 1.425683960738425959e+01
3.109478430000000000e+08 1.426865526463129896e+01
3.111811220000000000e+08 1.428343551075532325e+01
3.114214440000000000e+08 1.427888643850981865e+01
3.116563070000000000e+08 1.427106168689681454e+01
3.118932790000000000e+08 1.425330313853978836e+01
3.121311320000000000e+08 1.423651734364820420e+01
3.123675240000000000e+08 1.423582651666842303e+01
3.125987110000000000e+08 1.423833979968786956e+01
3.128374930000000000e+08 1.422954732216829399e+01
3.130758050000000000e+08 1.422733389889732436e+01
3.133114390000000000e+08 1.420776707910616388e+01
3.135489530000000000e+08 1.418694110186570612e+01
3.137887690000000000e+08 1.417417894485519270e+01
3.140267970000000000e+08 1.417600839391984557e+01
3.142634140000000000e+08 1.416439932647230648e+01
3.145029870000000000e+08 1.417379653152563534e+01
3.147420360000000000e+08 1.417012213305377522e+01
3.149750630000000000e+08 1.417682232452426661e+01
3.152154470000000000e+08 1.419809021112580361e+01
3.154500860000000000e+08 1.421119370543438798e+01
3.156901680000000000e+08 1.420530164585969857e+01
3.159287780000000000e+08 1.421866071514682694e+01
3.161671220000000000e+08 1.419404632674688393e+01
3.164035630000000000e+08 1.418283834902661233e+01
3.166402210000000000e+08 1.419820479101733390e+01
3.168747110000000000e+08 1.418108462846493545e+01
3.171085920000000000e+08 1.418843300197378809e+01
3.173440550000000000e+08 1.417783016792409612e+01
3.175779210000000000e+08 1.417571834987428581e+01
3.178199380000000000e+08 1.417354474221883365e+01
3.180578230000000000e+08 1.414745731286556385e+01
3.182941660000000000e+08 1.412958983211735564e+01
3.185293270000000000e+08 1.413805824578664883e+01
3.187646200000000000e+08 1.413573705345792142e+01
3.190015810000000000e+08 1.413557103005345361e+01
3.192341230000000000e+08 1.413103855556821387e+01
3.194693860000000000e+08 1.412061903883747860e+01
3.197084230000000000e+08 1.412803847604041962e+01
3.199460570000000000e+08 1.412657106740795143e+01
3.201827670000000000e+08 1.411044676409371235e+01
3.204213250000000000e+08 1.410953375603095417e+01
3.206547040000000000e+08 1.409777726706125378e+01
3.208877500000000000e+08 1.408975751445321301e+01
3.211257590000000000e+08 1.408717967073223498e+01
3.213643760000000000e+08 1.409269734916202665e+01
3.216034890000000000e+08 1.407866617235324469e+01
3.218428790000000000e+08 1.409121297422804808e+01
3.220871770000000000e+08 1.407241789831359036e+01
3.223253940000000000e+08 1.407029146458659241e+01
3.225593820000000000e+08 1.407270567895449709e+01
3.227970620000000000e+08 1.405333459019718489e+01
3.230349880000000000e+08 1.405074928973498771e+01
3.232696110000000000e+08 1.405087197799356957e+01
3.235069060000000000e+08 1.404014460117478080e+01
3.237419880000000000e+08 1.403681046814994460e+01
3.239760580000000000e+08 1.402579627090692327e+01
3.242107020000000000e+08 1.402320250842007887e+01
3.244432240000000000e+08 1.404317045166699351e+01
3.246797400000000000e+08 1.403847842242673671e+01
3.249187510000000000e+08 1.404261025843705823e+01
3.251543690000000000e+08 1.404328101123655337e+01
3.253941080000000000e+08 1.402595701543217110e+01
3.256304110000000000e+08 1.401135312877301509e+01
3.258690250000000000e+08 1.400728793401412631e+01
3.261028140000000000e+08 1.402267800867982928e+01
3.263440520000000000e+08 1.402292923402088931e+01
3.265801560000000000e+08 1.401044607141419895e+01
3.268166970000000000e+08 1.398542359844500638e+01
3.270543990000000000e+08 1.397486961715563147e+01
3.272904450000000000e+08 1.397853008187418489e+01
3.275279970000000000e+08 1.396854702494128908e+01
3.277622690000000000e+08 1.397409735960853716e+01
3.280020990000000000e+08 1.398171166980628222e+01
3.282382070000000000e+08 1.398921353406282186e+01
3.284710120000000000e+08 1.398057508227955736e+01
3.287105420000000000e+08 1.396268400160919576e+01
3.289507340000000000e+08 1.396378884420215982e+01
3.291937330000000000e+08 1.394569045259123641e+01
3.294313310000000000e+08 1.392981048201324334e+01
3.296680480000000000e+08 1.392211063264345228e+01
3.299036960000000000e+08 1.391406407125851530e+01
3.301426400000000000e+08 1.391418313928839545e+01
3.303778100000000000e+08 1.392478501307829397e+01
3.306108140000000000e+08 1.391517969760409734e+01
3.308460780000000000e+08 1.392646988952239084e+01
3.310827070000000000e+08 1.392955986087115150e+01
3.313181210000000000e+08 1.392533374021148873e+01
3.315544080000000000e+08 1.392246093448985000e+01
3.317918960000000000e+08 1.390993784340775896e+01
3.320291600000000000e+08 1.390271311566657531e+01
3.322681530000000000e+08 1.388245180954647928e+01
3.325021380000000000e+08 1.387489630174373367e+01
3.327415790000000000e+08 1.388621195566076594e+01
3.329750860000000000e+08 1.387234211988292643e+01
3.332131990000000000e+08 1.387853149124104668e+01
3.334473540000000000e+08 1.388708841514441872e+01
3.336839660000000000e+08 1.387887049094074499e+01
3.339222740000000000e+08 1.385086096350995888e+01
3.341589510000000000e+08 1.385458607532944164e+01
3.343972580000000000e+08 1.383680707896035500e+01
3.346338960000000000e+08 1.382868309252087258e+01
3.348714860000000000e+08 1.383637114114826261e+01
3.351065090000000000e+08 1.383177981914601418e+01
3.353445190000000000e+08 1.383287388797212003e+01
3.355791640000000000e+08 1.381467797283082888e+01
3.358173590000000000e+08 1.379084553906456279e+01
3.360493160000000000e+08 1.377304317506602160e+01
3.362901110000000000e+08 1.374630682619078215e+01
3.365296660000000000e+08 1.373934896580330189e+01
3.367679540000000000e+08 1.373043735900118278e+01
3.370029140000000000e+08 1.372797675837099618e+01
3.372408850000000000e+08 1.371540029503307423e+01
3.374744310000000000e+08 1.371548574043746704e+01
3.377137520000000000e+08 1.370788559793748540e+01
3.379524730000000000e+08 1.370675422648756836e+01
3.381890280000000000e+08 1.370073217558173440e+01
3.384262330000000000e+08 1.368811560032767716e+01
3.386643450000000000e+08 1.368311564319126816e+01
3.389016880000000000e+08 1.369196937188436713e+01
3.391361040000000000e+08 1.366110317147354891e+01
3.393772200000000000e+08 1.367745561832472845e+01
3.396155760000000000e+08 1.368228463097497638e+01
3.398477630000000000e+08 1.369018303197614905e+01
3.400811790000000000e+08 1.368595401865165861e+01
3.403209780000000000e+08 1.368270482481340800e+01
3.405674940000000000e+08 1.367794901631306814e+01
3.408131830000000000e+08 1.367094938142404636e+01
3.410450200000000000e+08 1.368033100352488063e+01
3.412801420000000000e+08 1.367697188225631955e+01
3.415157340000000000e+08 1.368067866157963230e+01
3.417561720000000000e+08 1.367350180394549675e+01
3.419938730000000000e+08 1.367357936691533560e+01
3.422376210000000000e+08 1.366803329644797138e+01
3.424680600000000000e+08 1.368121607947742469e+01
3.427047610000000000e+08 1.366352783336424714e+01
3.429371220000000000e+08 1.366394285595390556e+01
3.431769020000000000e+08 1.366948772238791854e+01
3.434114710000000000e+08 1.366377708388370316e+01
3.436502480000000000e+08 1.366586392596899024e+01
3.438838480000000000e+08 1.366914901535692373e+01
3.441242260000000000e+08 1.366409706814491187e+01
3.443569800000000000e+08 1.367232237412016715e+01
3.445930950000000000e+08 1.365404716041581601e+01
3.448269450000000000e+08 1.363778908869388040e+01
3.450627520000000000e+08 1.362429098788220472e+01
3.452982490000000000e+08 1.363015374175402172e+01
3.455378010000000000e+08 1.362836338707351480e+01
3.457783330000000000e+08 1.362487479610874708e+01
3.460086570000000000e+08 1.361840956817057169e+01
3.462425730000000000e+08 1.361565331435885184e+01
3.464820790000000000e+08 1.361506338515436454e+01
3.467198010000000000e+08 1.362261820969486692e+01
3.469539510000000000e+08 1.363424139405762325e+01
3.471935280000000000e+08 1.362358062447193419e+01
3.474318030000000000e+08 1.362780884930564085e+01
3.476691310000000000e+08 1.362791550902604243e+01
3.479053490000000000e+08 1.362123092750761977e+01
3.481420480000000000e+08 1.362256893421604431e+01
3.483830360000000000e+08 1.360771881706759245e+01
3.486194360000000000e+08 1.358903893465996937e+01
3.488558210000000000e+08 1.358149776074302650e+01
3.490900440000000000e+08 1.357727129990749404e+01
3.493286090000000000e+08 1.357696750540335984e+01
3.495674620000000000e+08 1.358193351212800870e+01
3.498051170000000000e+08 1.357966193940465338e+01
3.500404000000000000e+08 1.359632316346355019e+01
3.502750940000000000e+08 1.361070155117187674e+01
3.505129880000000000e+08 1.361571481815833984e+01
3.507497950000000000e+08 1.359738598494294770e+01
3.509908860000000000e+08 1.359482963985076154e+01
3.512248670000000000e+08 1.357352115395741521e+01
3.514597420000000000e+08 1.357959492595598938e+01
3.516982750000000000e+08 1.357631035762617699e+01
3.519356600000000000e+08 1.358444993054316186e+01
3.521728890000000000e+08 1.357751834789356771e+01
3.524127710000000000e+08 1.357785173450526095e+01
3.526445370000000000e+08 1.355886152601279449e+01
3.528834930000000000e+08 1.356110329572541318e+01
3.531206690000000000e+08 1.355198842963694617e+01
3.533560990000000000e+08 1.354548876201263141e+01
3.535947020000000000e+08 1.357482332870024777e+01
3.538291570000000000e+08 1.355479949143347618e+01
3.540660660000000000e+08 1.358339267363404268e+01
3.543030020000000000e+08 1.357202359195561669e+01
3.545367840000000000e+08 1.356136981526982233e+01
3.547747210000000000e+08 1.355935281619230537e+01
3.550155690000000000e+08 1.354668235738614435e+01
3.552481900000000000e+08 1.353597197673646235e+01
3.554853350000000000e+08 1.352689589185803420e+01
3.557273460000000000e+08 1.352928222127660973e+01
3.559630700000000000e+08 1.351902824731087627e+01
3.561983520000000000e+08 1.352757573876034769e+01
3.564370250000000000e+08 1.353449185521817455e+01
3.566766430000000000e+08 1.353032450642874629e+01
3.569143240000000000e+08 1.352598321031271666e+01
3.571529490000000000e+08 1.352338017094253786e+01
3.573882350000000000e+08 1.351730515940889177e+01
3.576260950000000000e+08 1.351303888307299594e+01
3.578569430000000000e+08 1.350241349975117267e+01
3.580983120000000000e+08 1.350864862772937869e+01
3.583355310000000000e+08 1.349602982265816742e+01
3.585745790000000000e+08 1.352491092598281952e+01
3.588088740000000000e+08 1.351850038501539863e+01
3.590416480000000000e+08 1.349261532160732635e+01
3.592756220000000000e+08 1.347620277236880426e+01
3.595121670000000000e+08 1.347405728082716969e+01
3.597479590000000000e+08 1.347509776768871603e+01
3.599850470000000000e+08 1.346353798273964841e+01
3.602219970000000000e+08 1.345660965114669416e+01
3.604546270000000000e+08 1.345059805568704370e+01
3.606897120000000000e+08 1.343244506732403210e+01
3.609260150000000000e+08 1.343388893957867936e+01
3.611689880000000000e+08 1.345688216900902212e+01
3.614058650000000000e+08 1.346094245689958946e+01
3.616443150000000000e+08 1.343997143714699405e+01
3.618832870000000000e+08 1.344096959031093519e+01
3.621221450000000000e+08 1.343978818184436541e+01
3.623557190000000000e+08 1.343753802696077670e+01
3.625913300000000000e+08 1.342207069410655684e+01
3.628278550000000000e+08 1.341774201084488283e+01
3.630637290000000000e+08 1.341530531334986165e+01
3.633008650000000000e+08 1.339415204355438327e+01
3.635343890000000000e+08 1.339721199120561934e+01
3.637756870000000000e+08 1.338559650253829858e+01
3.640129230000000000e+08 1.339585821306827995e+01
3.642507070000000000e+08 1.338896259325504978e+01
3.644906470000000000e+08 1.338854161411268784e+01
3.647269950000000000e+08 1.337914694924315206e+01
3.649632200000000000e+08 1.336283805240912592e+01
3.652032470000000000e+08 1.336198122007468392e+01
3.654409710000000000e+08 1.334740543858032602e+01
3.656774980000000000e+08 1.333831100917738333e+01
3.659142790000000000e+08 1.333441601840160473e+01
3.661484270000000000e+08 1.333268569876713983e+01
3.663776890000000000e+08 1.333251908453058476e+01
3.666166510000000000e+08 1.333999418309954699e+01
3.668529810000000000e+08 1.334303687808180605e+01
3.670934690000000000e+08 1.332289499558978640e+01
3.673341560000000000e+08 1.330462927769891657e+01
3.675774360000000000e+08 1.329420273652715601e+01
3.678162440000000000e+08 1.329307803930892362e+01
3.680536890000000000e+08 1.329558495934314521e+01
3.682895860000000000e+08 1.327720953748454136e+01
3.685260330000000000e+08 1.327454322173558765e+01
3.687621570000000000e+08 1.327905359856510792e+01
3.689976630000000000e+08 1.326333896469681406e+01
3.692302270000000000e+08 1.324652313836925366e+01
3.694633480000000000e+08 1.325537011767938722e+01
3.697014860000000000e+08 1.324967815557793394e+01
3.699435250000000000e+08 1.325320211094748579e+01
3.701816770000000000e+08 1.324926613554118404e+01
3.704230830000000000e+08 1.324487766728975124e+01
3.706586180000000000e+08 1.324034780353873231e+01
3.708976750000000000e+08 1.323989812626828666e+01
3.711350160000000000e+08 1.323458598387572849e+01
3.713729060000000000e+08 1.325508385902750952e+01
3.716131380000000000e+08 1.325569281474603045e+01
3.718522280000000000e+08 1.325765362304043293e+01
3.720901360000000000e+08 1.326385335112232688e+01
3.723291340000000000e+08 1.324322528430845480e+01
3.725662540000000000e+08 1.324018670858647440e+01
3.727999450000000000e+08 1.322054646626543217e+01
3.730369560000000000e+08 1.322995229910086046e+01
3.732756050000000000e+08 1.322068421678993388e+01
3.735161110000000000e+08 1.321406468046957272e+01
3.737533600000000000e+08 1.320425760249843883e+01
3.739910560000000000e+08 1.319356435008271333e+01
3.742257910000000000e+08 1.318950797921830898e+01
3.744652600000000000e+08 1.319246652025866773e+01
3.747023780000000000e+08 1.317444442227596824e+01
3.749390520000000000e+08 1.317811115088487917e+01
3.751730470000000000e+08 1.317563713979344620e+01
3.754108930000000000e+08 1.319532447730250801e+01
3.756429770000000000e+08 1.319205039423307646e+01
3.758836200000000000e+08 1.319059947597154014e+01
3.761221980000000000e+08 1.319551510296095387e+01
3.763619680000000000e+08 1.317566864653995751e+01
3.765978070000000000e+08 1.317666764342302521e+01
3.768357580000000000e+08 1.315772563460411781e+01
3.770744720000000000e+08 1.314436374293480903e+01
3.773117050000000000e+08 1.313872992691341857e+01
3.775491240000000000e+08 1.313498245989311286e+01
3.777923280000000000e+08 1.312028161818243177e+01
3.780305780000000000e+08 1.311830486314540245e+01
3.782632210000000000e+08 1.312214507229961669e+01
3.785015630000000000e+08 1.313073020364952548e+01
3.787366070000000000e+08 1.314174123845540265e+01
3.789715860000000000e+08 1.312854517959483935e+01
3.792127690000000000e+08 1.311810116968977447e+01
3.794497640000000000e+08 1.312399264674016663e+01
3.796879470000000000e+08 1.312334269674557596e+01
3.799249580000000000e+08 1.313156095259670941e+01
3.801659260000000000e+08 1.313311743616291771e+01
3.804033860000000000e+08 1.313945549874198093e+01
3.806411090000000000e+08 1.312165050060083971e+01
3.808776630000000000e+08 1.311728940976241731e+01
3.811111330000000000e+08 1.311639966676673374e+01
3.813447880000000000e+08 1.312721305993203202e+01
3.815819190000000000e+08 1.312215634102354400e+01
3.818168800000000000e+08 1.312857379080860021e+01
3.820483360000000000e+08 1.312179607458124053e+01
3.822804100000000000e+08 1.311124808026518451e+01
3.825104860000000000e+08 1.310810535433701318e+01
3.827457780000000000e+08 1.310612518068790777e+01
3.829822040000000000e+08 1.310189958503775642e+01
3.832152720000000000e+08 1.310493434981940375e+01
3.834491510000000000e+08 1.310517145307221476e+01
3.836845260000000000e+08 1.309506594420977521e+01
3.839199420000000000e+08 1.308886731486802191e+01
3.841604540000000000e+08 1.308997359747446865e+01
3.843934840000000000e+08 1.308142231748349182e+01
3.846294600000000000e+08 1.309065882060095021e+01
3.848658140000000000e+08 1.307819788616754231e+01
3.851006290000000000e+08 1.306386023017656228e+01
3.853356840000000000e+08 1.306171197864551381e+01
3.855726130000000000e+08 1.304507387778999750e+01
3.858111360000000000e+08 1.304518498675127525e+01
3.860470710000000000e+08 1.304384282205531953e+01
3.862802750000000000e+08 1.305321459483919888e+01
3.865173340000000000e+08 1.304861736769146319e+01
3.867538310000000000e+08 1.304123036965960303e+01
3.869923140000000000e+08 1.305083068030584492e+01
3.872330610000000000e+08 1.304130129407545269e+01
3.874654960000000000e+08 1.302565246322708603e+01
3.877072070000000000e+08 1.302905371955399971e+01
3.879431140000000000e+08 1.302101287571029076e+01
3.881768830000000000e+08 1.302055863668504720e+01
3.884148350000000000e+08 1.302178439443171243e+01
3.886530750000000000e+08 1.301931308689850120e+01
3.888904550000000000e+08 1.301730440853855342e+01
3.891278130000000000e+08 1.301167253908403687e+01
3.893657850000000000e+08 1.300768991344468084e+01
3.896047020000000000e+08 1.299423461364494514e+01
3.898419410000000000e+08 1.298819933470128696e+01
3.900744590000000000e+08 1.299034246544841942e+01
3.903086650000000000e+08 1.299649110851236244e+01
3.905409980000000000e+08 1.301045849428955670e+01
3.907790490000000000e+08 1.301606143152659634e+01
3.910176020000000000e+08 1.301236322784128419e+01
3.912537500000000000e+08 1.302219547785586329e+01
3.914898100000000000e+08 1.303297810137280521e+01
3.917276570000000000e+08 1.303565674692919174e+01
3.919624290000000000e+08 1.304118685427755153e+01
3.921962920000000000e+08 1.304325073110332767e+01
3.924327850000000000e+08 1.304014677706774528e+01
3.926709610000000000e+08 1.304093497542294955e+01
3.929085650000000000e+08 1.302690870059786654e+01
3.931483980000000000e+08 1.302488644320039057e+01
3.933904740000000000e+08 1.301416361368355545e+01
3.936310470000000000e+08 1.301122787098689848e+01
3.938693000000000000e+08 1.302417295617454407e+01
3.941041230000000000e+08 1.302399091581900237e+01
3.943416340000000000e+08 1.301817497710709759e+01
3.945784450000000000e+08 1.303079420550623091e+01
3.948078450000000000e+08 1.304246998334212115e+01
3.950413190000000000e+08 1.303829032527352716e+01
3.952766680000000000e+08 1.303897381523455223e+01
3.955135370000000000e+08 1.304417652653144089e+01
3.957525110000000000e+08 1.303311455439405719e+01
3.959913740000000000e+08 1.304113544787775147e+01
3.962275340000000000e+08 1.303879895045860948e+01
3.964664700000000000e+08 1.302333994689620411e+01
3.967073740000000000e+08 1.301810166383805978e+01
3.969461320000000000e+08 1.302128412438077909e+01
3.971835840000000000e+08 1.300736136136180221e+01
3.974218740000000000e+08 1.299093701676946822e+01
3.976540100000000000e+08 1.299273025701522855e+01
3.978935050000000000e+08 1.299008945775196366e+01
3.981314910000000000e+08 1.298224961531028931e+01
3.983661100000000000e+08 1.297624029004318835e+01
3.986046940000000000e+08 1.297105181664724860e+01
3.988420510000000000e+08 1.295534853814879739e+01
3.990733340000000000e+08 1.296356229997254239e+01
3.993091330000000000e+08 1.296595067739595741e+01
3.995484010000000000e+08 1.297044099026013342e+01
3.997888050000000000e+08 1.296944033370200700e+01
4.000278110000000000e+08 1.296678520164417492e+01
4.002630370000000000e+08 1.295679943354401864e+01
4.004990850000000000e+08 1.294701696987949724e+01
4.007320050000000000e+08 1.294102377802188997e+01
4.009621450000000000e+08 1.294328513738858177e+01
4.011986090000000000e+08 1.295243586875471209e+01
4.014332040000000000e+08 1.293811518979475395e+01
4.016665940000000000e+08 1.293700680946377091e+01
4.019005580000000000e+08 1.294864434668593844e+01
4.021373490000000000e+08 1.294510696663095928e+01
4.023739230000000000e+08 1.293736154847683295e+01
4.026111670000000000e+08 1.292535782646351805e+01
4.028470560000000000e+08 1.291759370547007535e+01
4.030819350000000000e+08 1.290639582292640952e+01
4.033222680000000000e+08 1.291065272240861717e+01
4.035639430000000000e+08 1.291407138714069980e+01
4.038026420000000000e+08 1.291216862736153814e+01
4.040419540000000000e+08 1.290603331513619878e+01
4.042786360000000000e+08 1.290094973602769812e+01
4.045169920000000000e+08 1.289508833499494145e+01
4.047571890000000000e+08 1.289768759708042190e+01
4.049920150000000000e+08 1.288945762481423785e+01
4.052300680000000000e+08 1.289813805668175561e+01
4.054610790000000000e+08 1.289350031038496347e+01
4.056980960000000000e+08 1.288884497287693165e+01
4.059370700000000000e+08 1.288520814048422913e+01
4.061722850000000000e+08 1.288338738321259669e+01
4.064092360000000000e+08 1.289535054557707561e+01
4.066509070000000000e+08 1.289297748897707230e+01
4.068869520000000000e+08 1.290357180133843507e+01
4.071282060000000000e+08 1.289642503024215792e+01
4.073671470000000000e+08 1.289273895244328472e+01
4.076060990000000000e+08 1.289048409647569926e+01
4.078459810000000000e+08 1.288389743368858298e+01
4.080858690000000000e+08 1.288331580456809888e+01
4.083222750000000000e+08 1.288300584882784250e+01
4.085576300000000000e+08 1.287562777491577393e+01
4.087960810000000000e+08 1.287087761557932275e+01
4.090339660000000000e+08 1.285165317437760635e+01
4.092716600000000000e+08 1.285035391816715489e+01
4.095118600000000000e+08 1.285033545169444658e+01
4.097487120000000000e+08 1.285564425690908408e+01
4.099879550000000000e+08 1.285540564087481918e+01
4.102206210000000000e+08 1.285505857140318753e+01
4.104609830000000000e+08 1.285223106133344295e+01
4.106972810000000000e+08 1.284121337409900576e+01
4.109354080000000000e+08 1.283640032922882313e+01
4.111759040000000000e+08 1.284294055773774623e+01
4.114128990000000000e+08 1.284147460938155128e+01
4.116475440000000000e+08 1.285083346105732716e+01
4.118848870000000000e+08 1.284668176752688495e+01
4.121237580000000000e+08 1.286299956217863993e+01
4.123641130000000000e+08 1.285741275886561219e+01
4.126003290000000000e+08 1.285659726014033843e+01
4.128349430000000000e+08 1.285052208898519055e+01
4.130740440000000000e+08 1.284676626451567394e+01
4.133134170000000000e+08 1.283961283472910075e+01
4.135514870000000000e+08 1.282777880783291025e+01
4.137893290000000000e+08 1.281974141744908202e+01
4.140220830000000000e+08 1.282172211450919264e+01
4.142560450000000000e+08 1.283629367407383626e+01
4.144925470000000000e+08 1.282738533035096395e+01
4.147335030000000000e+08 1.283479701644879434e+01
4.149688010000000000e+08 1.282808530880888398e+01
4.152104000000000000e+08 1.282284304988340651e+01
4.154485210000000000e+08 1.281638940412514138e+01
4.156878470000000000e+08 1.281676494803487820e+01
4.159290760000000000e+08 1.281196909520537552e+01
4.161600840000000000e+08 1.278724500048788215e+01
4.163922080000000000e+08 1.278180338270341565e+01
4.166356780000000000e+08 1.278182181000801876e+01
4.168721960000000000e+08 1.278655963981746879e+01
4.171042900000000000e+08 1.278611568209221616e+01
4.173428600000000000e+08 1.278863855150583895e+01
4.175810770000000000e+08 1.278823881907196025e+01
4.178160840000000000e+08 1.278045922214861108e+01
4.180519090000000000e+08 1.277712790817819943e+01
4.182895090000000000e+08 1.276921159267271833e+01
4.185245100000000000e+08 1.275612714960276328e+01
4.187629570000000000e+08 1.274876995286265746e+01
4.190011720000000000e+08 1.275604987267706925e+01
4.192402260000000000e+08 1.276786719313607499e+01
4.194792220000000000e+08 1.277918772215973320e+01
4.197163310000000000e+08 1.276947161609369275e+01
4.199524140000000000e+08 1.276481611914189251e+01
4.201922830000000000e+08 1.275460538852991554e+01
4.204286870000000000e+08 1.276007437384396148e+01
4.206620190000000000e+08 1.274776365741414708e+01
4.208965560000000000e+08 1.274577822918484671e+01
4.211375970000000000e+08 1.274248304450313896e+01
4.213699810000000000e+08 1.273495248834147553e+01
4.216089970000000000e+08 1.272654441551381055e+01
4.218459620000000000e+08 1.272167861213802453e+01
4.220812280000000000e+08 1.272409737021505904e+01
4.223139630000000000e+08 1.273318665218290135e+01
4.225516530000000000e+08 1.273472507627339034e+01
4.227850680000000000e+08 1.273698282502049395e+01
4.230211610000000000e+08 1.272547345225528836e+01
4.232588480000000000e+08 1.272795155078608254e+01
4.234928140000000000e+08 1.273431143384505049e+01
4.237271720000000000e+08 1.273021944476330880e+01
4.239658050000000000e+08 1.272667874470921845e+01
4.242036850000000000e+08 1.271871267208285339e+01
4.244392130000000000e+08 1.273336683103971012e+01
4.246741390000000000e+08 1.272756684105127079e+01
4.249095520000000000e+08 1.272368281414863844e+01
4.251433000000000000e+08 1.271662533592681044e+01
4.253820640000000000e+08 1.271878032294485728e+01
4.256194240000000000e+08 1.271046358753439875e+01
4.258596240000000000e+08 1.270369856528835228e+01
4.260936540000000000e+08 1.269335416996428556e+01
4.263375490000000000e+08 1.268741495733167035e+01
4.265764360000000000e+08 1.268194166309350024e+01
4.268141210000000000e+08 1.266657699163025264e+01
4.270527980000000000e+08 1.266365733537108262e+01
4.272844640000000000e+08 1.264381661263892553e+01
4.275224720000000000e+08 1.263095314769935484e+01
4.277560220000000000e+08 1.262886707226903837e+01
4.279957090000000000e+08 1.261640024798411375e+01
4.282317750000000000e+08 1.261306364797354895e+01
4.284727830000000000e+08 1.260237044519625726e+01
4.287134090000000000e+08 1.260311094315485114e+01
4.289551350000000000e+08 1.258916844529187173e+01
4.291937770000000000e+08 1.257763839338487877e+01
4.294294650000000000e+08 1.257782631872092516e+01
4.296651450000000000e+08 1.257321543201788927e+01
4.299013380000000000e+08 1.256179770284047770e+01
4.301436570000000000e+08 1.256508040680964733e+01
4.303818240000000000e+08 1.256061022263090443e+01
4.306199660000000000e+08 1.256703767320257548e+01
4.308549390000000000e+08 1.256372365753147768e+01
4.310907600000000000e+08 1.257694263049038064e+01
4.313251280000000000e+08 1.257838315228680770e+01
4.315621780000000000e+08 1.257948617869757513e+01
4.317976420000000000e+08 1.257166919046135334e+01
4.320397720000000000e+08 1.256712688999020422e+01
4.322792950000000000e+08 1.256389651983282718e+01
4.325156710000000000e+08 1.255688862278065798e+01
4.327547150000000000e+08 1.256650792220958657e+01
4.329889730000000000e+08 1.256446197616175553e+01
4.332306250000000000e+08 1.256549187774078291e+01
4.334666220000000000e+08 1.256334128217793555e+01
4.337053050000000000e+08 1.256305546074879409e+01
4.339385810000000000e+08 1.256022173550652710e+01
4.341733260000000000e+08 1.254887115130716246e+01
4.344118860000000000e+08 1.255424822723589884e+01
4.346568240000000000e+08 1.256028282994059353e+01
4.348909710000000000e+08 1.254594530778566330e+01
4.351282480000000000e+08 1.254728683158552371e+01
4.353644670000000000e+08 1.253462973344549169e+01
4.356031750000000000e+08 1.253770048631996303e+01
4.358352500000000000e+08 1.252700703159985807e+01
4.360791800000000000e+08 1.253491943566355360e+01
4.363172020000000000e+08 1.251755924792862906e+01
4.365573190000000000e+08 1.252221237081050020e+01
4.367978170000000000e+08 1.251344559841284187e+01
4.370320780000000000e+08 1.250975245103019695e+01
4.372712350000000000e+08 1.250902179706546669e+01
4.375063770000000000e+08 1.251076164719476225e+01
4.377419270000000000e+08 1.250269904025445555e+01
4.379792500000000000e+08 1.250584449652711783e+01
4.382175870000000000e+08 1.250383133477039088e+01
4.384562290000000000e+08 1.250118829949751564e+01
4.386915130000000000e+08 1.249658982790271899e+01
4.389299160000000000e+08 1.249210747870719551e+01
4.391656260000000000e+08 1.248753714744386656e+01
4.394034930000000000e+08 1.247665863549970133e+01
4.396356250000000000e+08 1.247169823084282925e+01
4.398698810000000000e+08 1.247941784233420037e+01
4.401057530000000000e+08 1.246645586446066112e+01
4.403433800000000000e+08 1.247867272607764022e+01
4.405813460000000000e+08 1.247397441307887966e+01
4.408117790000000000e+08 1.246591987015554359e+01
4.410509190000000000e+08 1.246379937466634047e+01
4.412886300000000000e+08 1.247942572379327508e+01
4.415285710000000000e+08 1.247182743861637100e+01
4.417679710000000000e+08 1.245755871528056602e+01
4.420087460000000000e+08 1.245324414556443315e+01
4.422446030000000000e+08 1.243531572618424264e+01
4.424810970000000000e+08 1.242226388346702137e+01
4.427152000000000000e+08 1.241575264994561678e+01
4.429513230000000000e+08 1.241333988212187833e+01
4.431873120000000000e+08 1.241293926901172640e+01
4.434212230000000000e+08 1.240963162038138634e+01
4.436581170000000000e+08 1.240431022871246114e+01
4.438927620000000000e+08 1.240614560094749663e+01
4.441275690000000000e+08 1.241455248361240571e+01
4.443708840000000000e+08 1.241053508081971302e+01
4.446062780000000000e+08 1.240940707079157512e+01
4.448465750000000000e+08 1.242033305640090468e+01
4.450846500000000000e+08 1.241383822481538068e+01
4.453248740000000000e+08 1.241455469747282336e+01
4.455656610000000000e+08 1.240701382354103899e+01
4.458050100000000000e+08 1.239559440003244539e+01
4.460403750000000000e+08 1.240504430437065864e+01
4.462757900000000000e+08 1.240165544525470942e+01
4.465124480000000000e+08 1.239125282785734505e+01
4.467506070000000000e+08 1.237034328497522040e+01
4.469870310000000000e+08 1.236019965463640347e+01
4.472226020000000000e+08 1.235662708784631469e+01
4.474597880000000000e+08 1.235213288297761913e+01
4.476981400000000000e+08 1.234545739518173058e+01
4.479359690000000000e+08 1.234539495139566334e+01
4.481686980000000000e+08 1.233392007181772598e+01
4.484062350000000000e+08 1.233408830757436903e+01
4.486477260000000000e+08 1.233490896396184233e+01
4.488863200000000000e+08 1.233826038089603472e+01
4.491234180000000000e+08 1.232492646459783536e+01
4.493578220000000000e+08 1.231595788723379847e+01
4.495991390000000000e+08 1.230902962704246306e+01
4.498318520000000000e+08 1.229423770307063357e+01
4.500701750000000000e+08 1.229219625058093435e+01
4.503080890000000000e+08 1.229107283169095410e+01
4.505450510000000000e+08 1.229229410899196751e+01
4.507832030000000000e+08 1.228960712796063426e+01
4.510181860000000000e+08 1.228386437660401143e+01
4.512535250000000000e+08 1.228619435054076447e+01
4.514894930000000000e+08 1.229721377981957708e+01
4.517252520000000000e+08 1.230311189211212586e+01
4.519626850000000000e+08 1.230041547607994090e+01
4.522000640000000000e+08 1.228601140341748454e+01
4.524395790000000000e+08 1.227472049581469449e+01
4.526734760000000000e+08 1.228237179316114691e+01
4.529137120000000000e+08 1.228812613799443199e+01
4.531532480000000000e+08 1.229537061649950402e+01
4.533929320000000000e+08 1.229925342793028875e+01
4.536303110000000000e+08 1.230831981232495309e+01
4.538702270000000000e+08 1.231227117688225547e+01
4.541030650000000000e+08 1.232254033325962439e+01
4.543394660000000000e+08 1.231545424593534221e+01
4.545754850000000000e+08 1.229961362694857563e+01
4.548080710000000000e+08 1.229927991250188413e+01
4.550453750000000000e+08 1.229263798588935508e+01
4.552786880000000000e+08 1.228336845890327922e+01
4.555146390000000000e+08 1.227769118310940399e+01
4.557515530000000000e+08 1.226649305602948559e+01
4.559888630000000000e+08 1.225775561515033019e+01
4.562314990000000000e+08 1.225162490092243139e+01
4.564693050000000000e+08 1.225480365218142609e+01
4.567081580000000000e+08 1.225294073504175607e+01
4.569441680000000000e+08 1.224040069764785876e+01
4.571799150000000000e+08 1.223707094327897416e+01
4.574205870000000000e+08 1.223449317630246114e+01
4.576588230000000000e+08 1.222744244527348556e+01
4.578978810000000000e+08 1.221699221035015626e+01
4.581351950000000000e+08 1.221098215728411773e+01
4.583701010000000000e+08 1.221388749594558121e+01
4.586098880000000000e+08 1.221455799700663647e+01
4.588499440000000000e+08 1.220647080958317510e+01
4.590807670000000000e+08 1.221001566670458161e+01
4.593167870000000000e+08 1.220357079287792423e+01
4.595503600000000000e+08 1.219994238026171907e+01
4.597892250000000000e+08 1.219385539019280529e+01
4.600238830000000000e+08 1.221072526404852177e+01
4.602580520000000000e+08 1.222164524237114058e+01
4.604939860000000000e+08 1.222651437916795736e+01
4.607304390000000000e+08 1.222206178267604137e+01
4.609660080000000000e+08 1.221494842780719914e+01
4.612043880000000000e+08 1.220599096969411157e+01
4.614431770000000000e+08 1.220754930347669998e+01
4.616754360000000000e+08 1.219043966794687783e+01
4.619099580000000000e+08 1.219042585290579161e+01
4.621470800000000000e+08 1.218979154876251236e+01
4.623850880000000000e+08 1.219346503939168613e+01
4.626248350000000000e+08 1.219740513585448838e+01
4.628613120000000000e+08 1.218730077561259861e+01
4.630979490000000000e+08 1.218481738992082164e+01
4.633337560000000000e+08 1.218304363473091101e+01
4.635728150000000000e+08 1.218611083120387661e+01
4.638110880000000000e+08 1.219268601323918233e+01
4.640484980000000000e+08 1.218642462365377632e+01
4.642847960000000000e+08 1.219666767774273453e+01
4.645267040000000000e+08 1.219460704677407747e+01
4.647654720000000000e+08 1.218663710400890032e+01
4.649993930000000000e+08 1.218082081819459006e+01
4.652361280000000000e+08 1.219001320162631963e+01
4.654715800000000000e+08 1.219514360002061437e+01
4.657107370000000000e+08 1.220232675191784111e+01
4.659494700000000000e+08 1.217941631963991433e+01
4.661844970000000000e+08 1.217656734068200564e+01
4.664239190000000000e+08 1.217278368525296273e+01
4.666606370000000000e+08 1.217193311727393734e+01
4.668948820000000000e+08 1.216837638260982679e+01
4.671253010000000000e+08 1.216135133438768534e+01
4.673608510000000000e+08 1.216327284911793605e+01
4.675887410000000000e+08 1.215357419534879035e+01
4.678227940000000000e+08 1.215352375512124183e+01
4.680597970000000000e+08 1.214283764727614567e+01
4.682918250000000000e+08 1.213776243581791903e+01
4.685288860000000000e+08 1.213403216790903194e+01
4.687626400000000000e+08 1.213051889411925721e+01
4.689997030000000000e+08 1.211934859591678482e+01
4.692370430000000000e+08 1.211180318106742249e+01
4.694741610000000000e+08 1.212213361304463000e+01
4.697094660000000000e+08 1.210910927164268003e+01
4.699497000000000000e+08 1.210676048872803889e+01
4.701857220000000000e+08 1.211503265440546251e+01
4.704261650000000000e+08 1.212703109471677010e+01
4.706605640000000000e+08 1.212999777166426441e+01
4.708927810000000000e+08 1.213111226126867948e+01
4.711261510000000000e+08 1.213737033116032293e+01
4.713587960000000000e+08 1.214069434878832077e+01
4.715982100000000000e+08 1.213348144250743488e+01
4.718406320000000000e+08 1.213808757053216780e+01
4.720770670000000000e+08 1.213742411162695589e+01
4.723189190000000000e+08 1.213780343895373193e+01
4.725560340000000000e+08 1.214445901795024341e+01
4.727935180000000000e+08 1.213374406302374631e+01
4.730305060000000000e+08 1.213456835607862772e+01
4.732644470000000000e+08 1.212663664320226431e+01
4.734986850000000000e+08 1.212548881891832941e+01
4.737330890000000000e+08 1.213231234662067060e+01
4.739757530000000000e+08 1.213286870461680955e+01
4.742097550000000000e+08 1.212440303270235553e+01
4.744445710000000000e+08 1.213030950656329310e+01
4.746804040000000000e+08 1.212389354486291282e+01
4.749145660000000000e+08 1.212131473701033890e+01
4.751499520000000000e+08 1.212276393571747057e+01
4.753925710000000000e+08 1.213407190242877753e+01
4.756278880000000000e+08 1.212017751968663859e+01
4.758648030000000000e+08 1.211067435210481413e+01
4.761003670000000000e+08 1.210455956170396874e+01
4.763396020000000000e+08 1.210341201608869888e+01
4.765792870000000000e+08 1.210203772646727671e+01
4.768186300000000000e+08 1.209693906816383979e+01
4.770595200000000000e+08 1.208145571249688821e+01
4.772974650000000000e+08 1.207661122895039085e+01
4.775336840000000000e+08 1.208303668417734578e+01
4.777650810000000000e+08 1.207341222817430193e+01
4.780043110000000000e+08 1.208235197810166284e+01
4.782402420000000000e+08 1.208226150329334736e+01
4.784740140000000000e+08 1.207725429854861154e+01
4.787107670000000000e+08 1.205829473532501162e+01
4.789498660000000000e+08 1.207284569326805368e+01
4.791872670000000000e+08 1.207504288854146601e+01
4.794215270000000000e+08 1.208154001077773287e+01
4.796627340000000000e+08 1.208799184637518742e+01
4.798962670000000000e+08 1.208455977134344650e+01
4.801293010000000000e+08 1.208206787906946111e+01
4.803632480000000000e+08 1.207661930113171778e+01
4.806000000000000000e+08 1.207631797610634905e+01
4.808393460000000000e+08 1.207245810818614906e+01
4.810769020000000000e+08 1.206494596967852218e+01
4.813176150000000000e+08 1.205417367648588467e+01
4.815528260000000000e+08 1.205815697945369713e+01
4.817890090000000000e+08 1.206200326829791436e+01
4.820226740000000000e+08 1.206797480213793072e+01
4.822542310000000000e+08 1.205979025286608497e+01
4.824888680000000000e+08 1.206172575864901475e+01
4.827217530000000000e+08 1.207457880693031349e+01
4.829555150000000000e+08 1.206601719565999531e+01
4.831982000000000000e+08 1.206164458491897129e+01
4.834323370000000000e+08 1.205441033380658311e+01
4.836671040000000000e+08 1.205731287491053827e+01
4.839037210000000000e+08 1.205203262558942967e+01
4.841396750000000000e+08 1.204812678128201497e+01
4.843780090000000000e+08 1.205557688851618181e+01
4.846135130000000000e+08 1.204842898587140354e+01
4.848457680000000000e+08 1.204229955831388388e+01
4.850801880000000000e+08 1.204760894883364486e+01
4.853174980000000000e+08 1.204633881460489775e+01
4.855544700000000000e+08 1.205015230002525151e+01
4.857914060000000000e+08 1.204411224631663480e+01
4.860317500000000000e+08 1.204564240629615490e+01
4.862676480000000000e+08 1.204384783198536901e+01
4.865053490000000000e+08 1.203836582135885713e+01
4.867416820000000000e+08 1.203722552581828431e+01
4.869807470000000000e+08 1.204405822904988810e+01
4.872165050000000000e+08 1.204831211434559712e+01
4.874528740000000000e+08 1.205207786942142967e+01
4.876878170000000000e+08 1.205299272495656027e+01
4.879242970000000000e+08 1.205791913495461110e+01
4.881606460000000000e+08 1.205430107930515682e+01
4.883970300000000000e+08 1.204757008232793680e+01
4.886342840000000000e+08 1.203497451429520027e+01
4.888701080000000000e+08 1.202749368798626328e+01
4.891023430000000000e+08 1.203739258659528488e+01
4.893357390000000000e+08 1.202185007812022377e+01
4.895686540000000000e+08 1.201542825804807535e+01
4.898033690000000000e+08 1.200378609028279620e+01
4.900396540000000000e+08 1.200197413336314334e+01
4.902760790000000000e+08 1.199567186327690393e+01
4.905220460000000000e+08 1.200193795826748477e+01
4.907632910000000000e+08 1.200278964430773243e+01
4.910023630000000000e+08 1.198791116388813549e+01
4.912455360000000000e+08 1.199483734910533705e+01
4.914838220000000000e+08 1.198717217963127624e+01
4.917198110000000000e+08 1.198859937899303496e+01
4.919586280000000000e+08 1.198786876770425636e+01
4.922027830000000000e+08 1.200534259082755817e+01
4.924404380000000000e+08 1.201048033761152212e+01
4.926806030000000000e+08 1.200638751107704039e+01
4.929178430000000000e+08 1.199088484639415064e+01
4.931529020000000000e+08 1.199782490248981226e+01
4.933897290000000000e+08 1.200757755877641664e+01
4.936256670000000000e+08 1.201441386109033793e+01
4.938596430000000000e+08 1.199859312773637576e+01
4.940944280000000000e+08 1.201474726381060698e+01
4.943308960000000000e+08 1.202628377482037436e+01
4.945669700000000000e+08 1.203185392220278160e+01
4.948064610000000000e+08 1.202402581377351787e+01
4.950418290000000000e+08 1.202076670858330232e+01
4.952798770000000000e+08 1.201931686227814566e+01
4.955153480000000000e+08 1.200920840953500957e+01
4.957506070000000000e+08 1.201784889104705556e+01
4.959917220000000000e+08 1.202183057219795437e+01
4.962283740000000000e+08 1.202896574485047232e+01
4.964613800000000000e+08 1.202361810895433969e+01
4.966997560000000000e+08 1.201849339484366652e+01
4.969345520000000000e+08 1.201802532582363270e+01
4.971718860000000000e+08 1.200968185685344736e+01
4.974106350000000000e+08 1.199900091516814626e+01
4.976476550000000000e+08 1.198839486150324696e+01
4.978863570000000000e+08 1.198169702348428345e+01
4.981207290000000000e+08 1.198879927244347599e+01
4.983579120000000000e+08 1.199572344566655424e+01
4.985947810000000000e+08 1.199867248113301521e+01
4.988326250000000000e+08 1.200251629489687666e+01
4.990672330000000000e+08 1.200611187594177309e+01
4.992999460000000000e+08 1.199998399849051900e+01
4.995368480000000000e+08 1.200575771895194244e+01
4.997763710000000000e+08 1.201211027710609613e+01
5.000169300000000000e+08 1.200255668852411262e+01
5.002492590000000000e+08 1.198426173405020378e+01
5.004856450000000000e+08 1.197451996807855501e+01
5.007244660000000000e+08 1.197948341701855313e+01
5.009597030000000000e+08 1.197980715387127582e+01
5.011976020000000000e+08 1.198350178229372176e+01
5.014357500000000000e+08 1.197933043822926180e+01
5.016741880000000000e+08 1.197130231805135558e+01
5.019131880000000000e+08 1.195966026305845098e+01
5.021512570000000000e+08 1.196533203800967371e+01
5.023830520000000000e+08 1.196087021826716601e+01
5.026192100000000000e+08 1.196462561076238629e+01
5.028547310000000000e+08 1.194512772427391312e+01
5.030880540000000000e+08 1.194517193150084644e+01
5.033255880000000000e+08 1.194105065145741840e+01
5.035620480000000000e+08 1.193718276592901795e+01
5.037972230000000000e+08 1.194237513503149728e+01
5.040339390000000000e+08 1.195312023180724559e+01
5.042720360000000000e+08 1.194453713702594477e+01
5.045091140000000000e+08 1.193982941058760794e+01
5.047456390000000000e+08 1.194095042177211141e+01
5.049827880000000000e+08 1.193186845253834250e+01
5.052195610000000000e+08 1.193043208547521772e+01
5.054586660000000000e+08 1.192368271123534740e+01
5.056991830000000000e+08 1.193161948345183987e+01
5.059344330000000000e+08 1.192693610211079047e+01
5.061671430000000000e+08 1.192862643912067178e+01
5.064047420000000000e+08 1.193068051717123090e+01
5.066397130000000000e+08 1.193437741339869795e+01
5.068743070000000000e+08 1.192750517794537579e+01
5.071087410000000000e+08 1.192886147731647384e+01
5.073445990000000000e+08 1.191942810979162282e+01
5.075805320000000000e+08 1.191455302525178972e+01
5.078126670000000000e+08 1.191543279069067474e+01
5.080474860000000000e+08 1.190794470978035413e+01
5.082833080000000000e+08 1.190152387229856679e+01
5.085181990000000000e+08 1.191556621579257857e+01
5.087581420000000000e+08 1.191020814499422720e+01
5.089961600000000000e+08 1.190305475267832236e+01
5.092344530000000000e+08 1.190191885587423926e+01
5.094752280000000000e+08 1.189619446543433590e+01
5.097136750000000000e+08 1.189444485587054423e+01
5.099520770000000000e+08 1.189020965568523813e+01
5.101917380000000000e+08 1.189261198935562902e+01
5.104303780000000000e+08 1.188438063708908388e+01
5.106689120000000000e+08 1.189408095316208502e+01
5.109086020000000000e+08 1.188372925329334073e+01
5.111468290000000000e+08 1.188937655564743956e+01
5.113829500000000000e+08 1.189200868298874525e+01
5.116185060000000000e+08 1.190534850051704474e+01
5.118491910000000000e+08 1.189658859519984624e+01
5.120869990000000000e+08 1.189599947770045496e+01
5.123214800000000000e+08 1.189943282820837567e+01
5.125544940000000000e+08 1.190206477778369631e+01
5.127890720000000000e+08 1.190838605994655808e+01
5.130303480000000000e+08 1.190548631917464384e+01
5.132667490000000000e+08 1.190744665053046347e+01
5.135025980000000000e+08 1.190632009947598213e+01
5.137389750000000000e+08 1.190183877138639268e+01
5.139728710000000000e+08 1.189629529874181912e+01
5.142103300000000000e+08 1.189688799833702504e+01
5.144492440000000000e+08 1.189442136686969675e+01
5.146809670000000000e+08 1.190009085521060861e+01
5.149167530000000000e+08 1.189149770132615913e+01
5.151538910000000000e+08 1.189492721208242543e+01
5.153927110000000000e+08 1.189740344977523279e+01
5.156353230000000000e+08 1.188808098992861417e+01
5.158743380000000000e+08 1.188299156631416764e+01
5.161103180000000000e+08 1.187649324763710723e+01
5.163535960000000000e+08 1.188264683389791543e+01
5.165929380000000000e+08 1.188218612264427776e+01
5.168314740000000000e+08 1.188562449594276060e+01
5.170670300000000000e+08 1.188086282398389315e+01
5.173027400000000000e+08 1.188064805413437597e+01
5.175432480000000000e+08 1.187636485874093495e+01
5.177778220000000000e+08 1.186393233390166202e+01
5.180165320000000000e+08 1.187684983993244714e+01
5.182502900000000000e+08 1.187308383993907235e+01
5.184864230000000000e+08 1.187991409874650017e+01
5.187247340000000000e+08 1.186978713863864243e+01
5.189632410000000000e+08 1.185847341450463155e+01
5.192000320000000000e+08 1.185631627375393116e+01
5.194358900000000000e+08 1.184510896938526514e+01
5.196739250000000000e+08 1.184877661004105143e+01
5.199105110000000000e+08 1.185385380458677318e+01
5.201504620000000000e+08 1.185497426586977454e+01
5.203812790000000000e+08 1.186114180246551797e+01
5.206165390000000000e+08 1.185626471455785591e+01
5.208516480000000000e+08 1.186277051848983355e+01
5.210889370000000000e+08 1.186008903708549411e+01
5.213263980000000000e+08 1.185619710908922286e+01
5.215607410000000000e+08 1.185400394478849506e+01
5.217974280000000000e+08 1.184920388901788790e+01
5.220321770000000000e+08 1.184135941484445809e+01
5.222722960000000000e+08 1.183709363134906845e+01
5.225085690000000000e+08 1.182813669243196841e+01
5.227482390000000000e+08 1.182937160015545786e+01
5.229888920000000000e+08 1.181381064872661391e+01
5.232222010000000000e+08 1.181099874042342535e+01
5.234558570000000000e+08 1.180783097715780094e+01
5.236902020000000000e+08 1.180325414386925509e+01
5.239236650000000000e+08 1.180514809247935659e+01
5.241604120000000000e+08 1.180209055152709574e+01
5.243945630000000000e+08 1.179696021839336950e+01
5.246323840000000000e+08 1.179607801350431728e+01
5.248691610000000000e+08 1.179820033727890838e+01
5.251045580000000000e+08 1.179719877330695610e+01
5.253389840000000000e+08 1.181141942565814063e+01
5.255752510000000000e+08 1.181077557977664583e+01
5.258091850000000000e+08 1.181508724065674976e+01
5.260454700000000000e+08 1.180549403190111590e+01
5.262819900000000000e+08 1.181423123546718124e+01
5.265148440000000000e+08 1.181272581606391370e+01
5.267529480000000000e+08 1.181092605660506578e+01
5.269874060000000000e+08 1.180827935495451264e+01
5.272230650000000000e+08 1.180988060174963294e+01
5.274566380000000000e+08 1.180967727679796475e+01
5.276920860000000000e+08 1.180690883316905548e+01
5.279272600000000000e+08 1.180453096983414696e+01
5.281627700000000000e+08 1.180563533478113314e+01
5.284038160000000000e+08 1.181343677275683568e+01
5.286396190000000000e+08 1.181734954888262834e+01
5.288796380000000000e+08 1.181901072396195218e+01
5.291169330000000000e+08 1.181458797617707646e+01
5.293531990000000000e+08 1.181764185640463793e+01
5.295901770000000000e+08 1.181309773431569354e+01
5.298269430000000000e+08 1.181091950227249932e+01
5.300646700000000000e+08 1.180472145767862813e+01
5.303022610000000000e+08 1.180254589409937260e+01
5.305425550000000000e+08 1.180433236159428922e+01
5.307748190000000000e+08 1.178766829122043802e+01
5.310142320000000000e+08 1.179650337760967105e+01
5.312514730000000000e+08 1.180304244884392695e+01
5.314851190000000000e+08 1.180185969255544975e+01
5.317232090000000000e+08 1.179329310491833027e+01
5.319627200000000000e+08 1.178917627830733039e+01
5.321997140000000000e+08 1.178166162911624504e+01
5.324339700000000000e+08 1.177867397131223726e+01
5.326774160000000000e+08 1.177567526827243505e+01
5.329180660000000000e+08 1.178035875550479084e+01
5.331588330000000000e+08 1.177781403555327167e+01
5.333935750000000000e+08 1.176970564283053733e+01
5.336305180000000000e+08 1.175318453613263081e+01
5.338655460000000000e+08 1.175735392494053322e+01
5.341020200000000000e+08 1.174873712664309267e+01
5.343363890000000000e+08 1.174142817526749738e+01
5.345733780000000000e+08 1.174791980039260686e+01
5.348062660000000000e+08 1.174838027966102061e+01
5.350395450000000000e+08 1.174576481296472608e+01
5.352759940000000000e+08 1.174910750363668654e+01
5.355107640000000000e+08 1.174677299252699925e+01
5.357477440000000000e+08 1.174699388654656218e+01
5.359835640000000000e+08 1.174007540825827256e+01
5.362213430000000000e+08 1.174589525094898512e+01
5.364594410000000000e+08 1.174132798474505535e+01
5.366962000000000000e+08 1.174526862098470836e+01
5.369318180000000000e+08 1.174912932554431855e+01
5.371664510000000000e+08 1.174543057740206109e+01
5.373997860000000000e+08 1.174371776514067278e+01
5.376380900000000000e+08 1.174686937331071235e+01
5.378765110000000000e+08 1.174457348822440572e+01
5.381104510000000000e+08 1.173879718225717461e+01
5.383519640000000000e+08 1.172535992144653605e+01
5.385911340000000000e+08 1.172421160846735866e+01
5.388317050000000000e+08 1.172445045033921396e+01
5.390717100000000000e+08 1.172219143633433269e+01
5.393107640000000000e+08 1.172358510903176132e+01
5.395473440000000000e+08 1.172555043427788135e+01
5.397778650000000000e+08 1.171571032995614736e+01
5.400144420000000000e+08 1.171003128506286295e+01
5.402536460000000000e+08 1.170503785785410145e+01
5.404878680000000000e+08 1.170762586355208867e+01
5.407243540000000000e+08 1.170852471402642792e+01
5.409626490000000000e+08 1.169950458144741390e+01
5.411976000000000000e+08 1.169326629474549151e+01
5.414353820000000000e+08 1.170160831398519896e+01
5.416701580000000000e+08 1.169853278708136202e+01
5.419040960000000000e+08 1.168373075632245417e+01
5.421398870000000000e+08 1.167668422697716224e+01
5.423806960000000000e+08 1.166925771822802460e+01
5.426164720000000000e+08 1.166402397599083685e+01
5.428512220000000000e+08 1.166971592742881825e+01
5.430884370000000000e+08 1.166885732855457114e+01
5.433267560000000000e+08 1.165980932759811672e+01
5.435689880000000000e+08 1.165052935389160105e+01
5.438003060000000000e+08 1.164880028183320171e+01
5.440381170000000000e+08 1.164787174492538036e+01
5.442740800000000000e+08 1.165086479080409276e+01
5.445139760000000000e+08 1.164959711131434084e+01
5.447506470000000000e+08 1.164435770112996060e+01
5.449921240000000000e+08 1.164701989084615086e+01
5.452298220000000000e+08 1.164304602747641759e+01
5.454633150000000000e+08 1.164476756937578728e+01
5.457018830000000000e+08 1.164540090909600600e+01
5.459416050000000000e+08 1.164463346791971432e+01
5.461823650000000000e+08 1.163299050911981070e+01
5.464188830000000000e+08 1.162826976755599517e+01
5.466531620000000000e+08 1.161840171892214713e+01
5.468926660000000000e+08 1.161471660189107880e+01
5.471253020000000000e+08 1.161049836989464801e+01
5.473582510000000000e+08 1.160978644316485209e+01
5.475944930000000000e+08 1.160923878661865416e+01
5.478263920000000000e+08 1.160727138041874973e+01
5.480617470000000000e+08 1.161258551447721921e+01
5.483034210000000000e+08 1.161848091650840153e+01
5.485395000000000000e+08 1.161207868697440837e+01
5.487755480000000000e+08 1.160238215051339772e+01
5.490133540000000000e+08 1.159641636689775623e+01
5.492496920000000000e+08 1.160039217814655288e+01
5.494876120000000000e+08 1.159376814581036008e+01
5.497298460000000000e+08 1.159904341258106086e+01
5.499664290000000000e+08 1.159808072861302009e+01
5.502047530000000000e+08 1.160127240378788649e+01
5.504400450000000000e+08 1.159417163022807884e+01
5.506787270000000000e+08 1.158770794226854406e+01
5.509151720000000000e+08 1.157915527334423800e+01
5.511507660000000000e+08 1.158177789995007778e+01
5.513910590000000000e+08 1.157327939035745779e+01
5.516273550000000000e+08 1.157290782464507295e+01
5.518671870000000000e+08 1.157055493576032923e+01
5.521078470000000000e+08 1.156542923785871402e+01
5.523429490000000000e+08 1.156438658273741460e+01
5.525817600000000000e+08 1.155985855694508579e+01
5.528164000000000000e+08 1.156329738829247944e+01
5.530554290000000000e+08 1.155264430665286746e+01
5.532946320000000000e+08 1.155770489830399761e+01
5.535335330000000000e+08 1.154848985055305377e+01
5.537615670000000000e+08 1.153844050179748670e+01
5.540006950000000000e+08 1.154560068010659535e+01
5.542388810000000000e+08 1.153424752622173166e+01
5.544766150000000000e+08 1.153377498232673304e+01
5.547097820000000000e+08 1.153216356261481224e+01
5.549456240000000000e+08 1.151628635604539141e+01
5.551805310000000000e+08 1.152060383135679089e+01
5.554186590000000000e+08 1.151741429151670282e+01
5.556554450000000000e+08 1.151522929709608789e+01
5.558929700000000000e+08 1.151699116326628491e+01
5.561341610000000000e+08 1.152341695722478221e+01
5.563747330000000000e+08 1.152492087042948654e+01
5.566112010000000000e+08 1.154628781223789957e+01
5.568514400000000000e+08 1.154607869234179596e+01
5.570868570000000000e+08 1.153648656710224607e+01
5.573235070000000000e+08 1.154243616603111633e+01
5.575612750000000000e+08 1.153912438147446196e+01
5.577967670000000000e+08 1.153712575180357902e+01
5.580394580000000000e+08 1.154203682372940420e+01
5.582742770000000000e+08 1.153857108063713710e+01
5.585132070000000000e+08 1.153387157524298523e+01
5.587484890000000000e+08 1.153084359600418551e+01
5.589890980000000000e+08 1.153457974884307013e+01
5.592294880000000000e+08 1.153184385634141940e+01
5.594678470000000000e+08 1.152882397938405923e+01
5.597086520000000000e+08 1.152749384739762384e+01
5.599469140000000000e+08 1.152500801877358683e+01
5.601857410000000000e+08 1.151249964110207813e+01
5.604215450000000000e+08 1.151494116056549366e+01
5.606573180000000000e+08 1.151519553616082270e+01
5.608949240000000000e+08 1.151267287528996519e+01
5.611287450000000000e+08 1.150864209901272162e+01
5.613626020000000000e+08 1.150696883051464781e+01
5.615982130000000000e+08 1.149640649856243790e+01
5.618340900000000000e+08 1.150165699954413157e+01
5.620716050000000000e+08 1.149828684601213880e+01
5.623075230000000000e+08 1.151231815380062251e+01
5.625457800000000000e+08 1.152069003125329516e+01
5.627839900000000000e+08 1.150772406590475150e+01
5.630212840000000000e+08 1.150466659380559165e+01
5.632565750000000000e+08 1.150125686143203119e+01
5.634920160000000000e+08 1.148677667825564619e+01
5.637305540000000000e+08 1.148252104582967092e+01
5.639657390000000000e+08 1.146584255798186547e+01
5.642050840000000000e+08 1.146364670497640681e+01
5.644504010000000000e+08 1.144958800317337655e+01
5.646877770000000000e+08 1.143690650348192506e+01
5.649234410000000000e+08 1.144502852240866275e+01
5.651593030000000000e+08 1.143613760045781547e+01
5.653921050000000000e+08 1.143236623563523402e+01
5.656314360000000000e+08 1.142712686020629675e+01
5.658662000000000000e+08 1.141712604806349596e+01
5.661015660000000000e+08 1.142035755850069734e+01
5.663368660000000000e+08 1.142492179415116027e+01
5.665760130000000000e+08 1.141490414569472911e+01
5.668131190000000000e+08 1.141206310991559469e+01
5.670479730000000000e+08 1.140669534908193228e+01
5.672835310000000000e+08 1.140515834570670961e+01
5.675250310000000000e+08 1.140175651070511798e+01
5.677622900000000000e+08 1.138105877112437980e+01
5.679955880000000000e+08 1.137776922887579900e+01
5.682315130000000000e+08 1.139090010219182503e+01
5.684688440000000000e+08 1.138583331929767795e+01
5.687077660000000000e+08 1.138315528368305607e+01
5.689456490000000000e+08 1.136549021554302641e+01
5.691837710000000000e+08 1.136769978928355940e+01
5.694168440000000000e+08 1.136964477426982967e+01
5.696543100000000000e+08 1.136360968556646434e+01
5.698872610000000000e+08 1.135163230580190330e+01
5.701240840000000000e+08 1.135803901180660702e+01
5.703619130000000000e+08 1.135542238235163737e+01
5.706039530000000000e+08 1.134582193617687373e+01
5.708412490000000000e+08 1.134256042226944672e+01
5.710835760000000000e+08 1.135447528602441203e+01
5.713148510000000000e+08 1.134235060146082219e+01
5.715541310000000000e+08 1.134172560886396930e+01
5.717927190000000000e+08 1.134002637179983175e+01
5.720211510000000000e+08 1.134014289324304059e+01
5.722601770000000000e+08 1.133152329563620597e+01
5.724994370000000000e+08 1.133041213576622930e+01
5.727341710000000000e+08 1.132711401304854171e+01
5.729731150000000000e+08 1.132992353624315562e+01
5.732117660000000000e+08 1.133049886232176640e+01
5.734480740000000000e+08 1.132796677775619543e+01
5.736839440000000000e+08 1.132533134950636011e+01
5.739181010000000000e+08 1.132012612007670249e+01
5.741533020000000000e+08 1.133494392959842223e+01
5.743938620000000000e+08 1.133637524453750167e+01
5.746325820000000000e+08 1.133769130198919939e+01
5.748660310000000000e+08 1.134161258263595506e+01
5.751055410000000000e+08 1.134963330833284090e+01
5.753437070000000000e+08 1.134833004560586112e+01
5.755815660000000000e+08 1.134744430823092110e+01
5.758187190000000000e+08 1.134178090893590607e+01
5.760595660000000000e+08 1.134727676129543994e+01
5.762926640000000000e+08 1.134683752241533661e+01
5.765337910000000000e+08 1.134833924887560208e+01
5.767722130000000000e+08 1.134099492391068686e+01
5.770068270000000000e+08 1.133828193012947594e+01
5.772434720000000000e+08 1.133307723353355634e+01
5.774808060000000000e+08 1.133927589587871587e+01
5.777190920000000000e+08 1.134246239109362264e+01
5.779572200000000000e+08 1.133923452005796584e+01
5.781958680000000000e+08 1.133871672262713126e+01
5.784290940000000000e+08 1.133087769701907277e+01
5.786653210000000000e+08 1.132806466151288838e+01
5.789010660000000000e+08 1.133128998774217777e+01
5.791394570000000000e+08 1.133121977140929282e+01
5.793788620000000000e+08 1.132312235734758232e+01
5.796133740000000000e+08 1.132548019341938428e+01
5.798498640000000000e+08 1.132919028855301669e+01
5.800854160000000000e+08 1.132058029499224894e+01
5.803239400000000000e+08 1.131031807457030069e+01
5.805606270000000000e+08 1.130627790988519976e+01
5.807980300000000000e+08 1.130277561260358610e+01
5.810366530000000000e+08 1.130149693953195822e+01
5.812730850000000000e+08 1.129117979504136571e+01
5.815070350000000000e+08 1.128739195635036197e+01
5.817439890000000000e+08 1.128094348575143435e+01
5.819823980000000000e+08 1.127860014386335585e+01
5.822205190000000000e+08 1.126573853395565550e+01
5.824585080000000000e+08 1.125693081778430837e+01
5.826961400000000000e+08 1.125979097501635806e+01
5.829346710000000000e+08 1.125950644981881332e+01
5.831744120000000000e+08 1.124748258428372694e+01
5.834092600000000000e+08 1.124487447100423054e+01
5.836457890000000000e+08 1.124493956033981235e+01
5.838833060000000000e+08 1.124153901663149924e+01
5.841230400000000000e+08 1.125012323557964677e+01
5.843657920000000000e+08 1.124341092136542386e+01
5.846019480000000000e+08 1.124020006351860879e+01
5.848413290000000000e+08 1.122881736378772111e+01
5.850746960000000000e+08 1.121892241784291500e+01
5.853132200000000000e+08 1.121524817380698025e+01
5.855530390000000000e+08 1.122509900020191154e+01
5.857869230000000000e+08 1.122591065075097738e+01
5.860259830000000000e+08 1.123212974331760705e+01
5.862636560000000000e+08 1.122775690684404815e+01
5.864993200000000000e+08 1.123038875883486654e+01
5.867441270000000000e+08 1.123317344397952056e+01
5.869775210000000000e+08 1.122972950937467473e+01
5.872141450000000000e+08 1.121536171244074964e+01
5.874497260000000000e+08 1.121332038754331073e+01
5.876811840000000000e+08 1.120845233479237280e+01
5.879163760000000000e+08 1.121406612926091917e+01
5.881567470000000000e+08 1.120805527908621713e+01
5.883934410000000000e+08 1.121043132570195233e+01
5.886326550000000000e+08 1.120938559924861266e+01
5.888636720000000000e+08 1.121390481292987573e+01
5.891025140000000000e+08 1.121086264017586132e+01
5.893377680000000000e+08 1.120230669118695310e+01
5.895701280000000000e+08 1.120681404112281143e+01
5.898081780000000000e+08 1.121778974685357078e+01
5.900428720000000000e+08 1.121369521088924337e+01
5.902747760000000000e+08 1.121867160889839887e+01
5.905124590000000000e+08 1.121529875616895211e+01
5.907480070000000000e+08 1.121286562656180230e+01
5.909878460000000000e+08 1.121487335501914906e+01
5.912228010000000000e+08 1.120599449047832152e+01
5.914599230000000000e+08 1.120268529874985397e+01
5.916972930000000000e+08 1.120280508065288139e+01
5.919322920000000000e+08 1.119655965261245179e+01
5.921702860000000000e+08 1.119998938395585242e+01
5.924089340000000000e+08 1.119567897940238765e+01
5.926452200000000000e+08 1.118398379301006607e+01
5.928786050000000000e+08 1.118963365435632973e+01
5.931143820000000000e+08 1.118603099093699882e+01
5.933494560000000000e+08 1.119101345213316101e+01
5.935879510000000000e+08 1.119357814366218840e+01
5.938245020000000000e+08 1.119376098971075173e+01
5.940646400000000000e+08 1.119760383089615985e+01
5.942978270000000000e+08 1.120037345476510815e+01
5.945364140000000000e+08 1.119746345564831458e+01
5.947689050000000000e+08 1.120029243490451876e+01
5.950106890000000000e+08 1.119844637220638361e+01
5.952536580000000000e+08 1.119451205513730407e+01
5.954981770000000000e+08 1.119326101312976007e+01
5.957387930000000000e+08 1.118422027572407451e+01
5.959780620000000000e+08 1.117782244372859957e+01
5.962140050000000000e+08 1.117834293939615620e+01
5.964529620000000000e+08 1.118212100214315186e+01
5.966944320000000000e+08 1.117333859130182283e+01
5.969307050000000000e+08 1.117261141512138067e+01
5.971721050000000000e+08 1.116512119126021574e+01
5.974065290000000000e+08 1.117054923923051746e+01
5.976438940000000000e+08 1.116834041234259267e+01
5.978828610000000000e+08 1.115717806155518410e+01
5.981203990000000000e+08 1.115496124055954041e+01
5.983606010000000000e+08 1.116588879219344932e+01
5.986008180000000000e+08 1.115581598345838543e+01
5.988348060000000000e+08 1.115341988464968814e+01
5.990728860000000000e+08 1.116259300690954248e+01
5.993116090000000000e+08 1.117087055665709094e+01
5.995511640000000000e+08 1.116929087998486381e+01
5.997922140000000000e+08 1.117853500195474403e+01
6.000258290000000000e+08 1.117476427752556134e+01
6.002633440000000000e+08 1.116831012051465422e+01
6.005038620000000000e+08 1.116587148973137822e+01
6.007379070000000000e+08 1.115218134840057651e+01
6.009750840000000000e+08 1.114177978861401108e+01
6.012132610000000000e+08 1.114672407740125415e+01
6.014485480000000000e+08 1.114500307094221299e+01
6.016864740000000000e+08 1.113708655037219231e+01
6.019275720000000000e+08 1.114573673152650102e+01
6.021602240000000000e+08 1.113533895149698694e+01
6.023998520000000000e+08 1.113427667606325855e+01
6.026370690000000000e+08 1.113101962308399351e+01
6.028724770000000000e+08 1.113945826124388105e+01
6.031088610000000000e+08 1.113491830070254629e+01
6.033432600000000000e+08 1.113231385749595326e+01
6.035780640000000000e+08 1.113940762865650669e+01
6.038130120000000000e+08 1.113859687880472116e+01
6.040553910000000000e+08 1.113036654440791651e+01
6.042947990000000000e+08 1.113011076284987766e+01
6.045295930000000000e+08 1.112313588249021734e+01
6.047694650000000000e+08 1.111314070832479040e+01
6.050109680000000000e+08 1.111474245376333769e+01
6.052484840000000000e+08 1.111054949170186568e+01
6.054832010000000000e+08 1.110993099777507176e+01
6.057231140000000000e+08 1.111119295621266190e+01
6.059608030000000000e+08 1.110728635019096444e+01
6.061965210000000000e+08 1.110653873115704826e+01
6.064313770000000000e+08 1.110102775605423986e+01
6.066726980000000000e+08 1.111076454889751730e+01
6.069138530000000000e+08 1.111951011206468287e+01
6.071494260000000000e+08 1.111684821564240266e+01
6.073881610000000000e+08 1.112055417228377152e+01
6.076243180000000000e+08 1.112252928307994893e+01
6.078595870000000000e+08 1.111363226822019179e+01
6.080979660000000000e+08 1.110848173816482465e+01
6.083344100000000000e+08 1.110782621713154406e+01
6.085731150000000000e+08 1.112013567310868645e+01
6.088093910000000000e+08 1.111367220821541757e+01
6.090430810000000000e+08 1.110254905163228223e+01
6.092783650000000000e+08 1.110624321468540820e+01
6.095179110000000000e+08 1.110137616871964283e+01
6.097557960000000000e+08 1.109437386793113411e+01
6.099930760000000000e+08 1.108995241840050561e+01
6.102251010000000000e+08 1.108011287933264732e+01
6.104619490000000000e+08 1.109318551926074647e+01
6.106980100000000000e+08 1.109337693767894883e+01
6.109327800000000000e+08 1.108942119899121082e+01
6.111722970000000000e+08 1.108669793270053994e+01
6.114088650000000000e+08 1.108563827332286067e+01
6.116434510000000000e+08 1.107578285663701045e+01
6.118812420000000000e+08 1.107144972485265377e+01
6.121212550000000000e+08 1.107303719976031964e+01
6.123582920000000000e+08 1.107793512159276084e+01
6.125923850000000000e+08 1.107150172708506197e+01
6.128280040000000000e+08 1.107288552164200368e+01
6.130684620000000000e+08 1.107512008071131859e+01
6.133057920000000000e+08 1.107087215582174267e+01
6.135388640000000000e+08 1.106950860643371648e+01
6.137752240000000000e+08 1.106904327201107385e+01
6.140160990000000000e+08 1.106201315094238247e+01
6.142532160000000000e+08 1.105951534500212752e+01
6.144901730000000000e+08 1.105370030535371484e+01
6.147272510000000000e+08 1.105189770007797634e+01
6.149602020000000000e+08 1.104830187220165705e+01
6.151915540000000000e+08 1.104653183404519723e+01
6.154260540000000000e+08 1.104515172050770744e+01
6.156607380000000000e+08 1.103718859921487194e+01
6.158893970000000000e+08 1.104272257499296828e+01
6.161230650000000000e+08 1.103372044854494050e+01
6.163625800000000000e+08 1.102671656809125089e+01
6.166038210000000000e+08 1.102572985741327116e+01
6.168441820000000000e+08 1.103496559985949332e+01
6.170843870000000000e+08 1.103258147247289500e+01
6.173209480000000000e+08 1.103969129250619297e+01
6.175603820000000000e+08 1.104037245237936737e+01
6.178014360000000000e+08 1.103655924473876837e+01
6.180341050000000000e+08 1.103440535969131275e+01
6.182710980000000000e+08 1.103490228334195855e+01
6.185048740000000000e+08 1.103892144941005782e+01
6.187407330000000000e+08 1.103226468677708993e+01
6.189785090000000000e+08 1.103344180202117997e+01
6.192194650000000000e+08 1.103862792816535077e+01
6.194532970000000000e+08 1.103490658942878433e+01
6.196881400000000000e+08 1.103391081809936303e+01
6.199218960000000000e+08 1.104053298523541748e+01
6.201556360000000000e+08 1.104845665652289810e+01
6.203975970000000000e+08 1.105438366652330728e+01
6.206375900000000000e+08 1.105261332646134775e+01
6.208749330000000000e+08 1.105045295629205881e+01
6.211129210000000000e+08 1.105232523669963562e+01
6.213509180000000000e+08 1.104670819649600766e+01
6.215906460000000000e+08 1.103082337217849407e+01
6.218288950000000000e+08 1.103042418307633099e+01
6.220623360000000000e+08 1.102812615279654729e+01
6.222949630000000000e+08 1.101799716830405984e+01
6.225316750000000000e+08 1.101620431916059850e+01
6.227708900000000000e+08 1.101963288989082024e+01
6.230117460000000000e+08 1.102541048362644460e+01
6.232476840000000000e+08 1.101777606249990171e+01
6.234822450000000000e+08 1.101372621536508944e+01
6.237203000000000000e+08 1.101455697869812056e+01
6.239610840000000000e+08 1.101497975790254280e+01
6.242010460000000000e+08 1.100847047566137071e+01
6.244387740000000000e+08 1.100480998320755432e+01
6.246719240000000000e+08 1.100777712643242978e+01
6.249135950000000000e+08 1.101139542167729424e+01
6.251511870000000000e+08 1.101129577541475868e+01
6.253848970000000000e+08 1.100378778765636412e+01
6.256236220000000000e+08 1.101131494391893817e+01
6.258565240000000000e+08 1.101054966462559648e+01
6.260935820000000000e+08 1.101018453362602223e+01
6.263298100000000000e+08 1.100634280502666762e+01
6.265651260000000000e+08 1.101251145507350415e+01
6.268049750000000000e+08 1.100677694975648890e+01
6.270431590000000000e+08 1.100443649538566859e+01
6.272775750000000000e+08 1.100246226153244322e+01
6.275151000000000000e+08 1.100896945180800302e+01
6.277576800000000000e+08 1.100845593213676210e+01
6.279917020000000000e+08 1.100234347302348148e+01
6.282306660000000000e+08 1.100354276932896269e+01
6.284766540000000000e+08 1.099663200334364532e+01
6.287087480000000000e+08 1.099247143459055209e+01
6.289510830000000000e+08 1.098432354254858900e+01
6.291895510000000000e+08 1.098138795230285503e+01
6.294273480000000000e+08 1.098309426530407151e+01
6.296629230000000000e+08 1.097703499184929576e+01
6.299036360000000000e+08 1.098090640505868620e+01
6.301416710000000000e+08 1.098323189283339829e+01
6.303803020000000000e+08 1.099061073375314734e+01
6.306137390000000000e+08 1.100248583413949177e+01
6.308540880000000000e+08 1.100562175151513777e+01
6.310910510000000000e+08 1.099013201694209485e+01
6.313347970000000000e+08 1.098462131012510312e+01
6.315719400000000000e+08 1.098379458352872717e+01
6.318115830000000000e+08 1.098237298115192040e+01
6.320464130000000000e+08 1.098065995933438188e+01
6.322846260000000000e+08 1.099277117884378363e+01
6.325224700000000000e+08 1.098821060006994621e+01
6.327559790000000000e+08 1.098817733030134569e+01
6.329904300000000000e+08 1.098574301137439058e+01
6.332333830000000000e+08 1.098683338916760377e+01
6.334677950000000000e+08 1.098511250224196090e+01
6.337033640000000000e+08 1.097988261833738122e+01
6.339401950000000000e+08 1.097862432171972991e+01
6.341822390000000000e+08 1.098131002690334590e+01
6.344150790000000000e+08 1.098634566061170936e+01
6.346540320000000000e+08 1.098055520617579006e+01
6.348869220000000000e+08 1.097190591778238655e+01
6.351252840000000000e+08 1.097469915650195205e+01
6.353593000000000000e+08 1.096203494282434932e+01
6.355989460000000000e+08 1.095309797843853161e+01
6.358376390000000000e+08 1.095334868006455764e+01
6.360725370000000000e+08 1.094881630610345979e+01
6.363096990000000000e+08 1.095251003568912296e+01
6.365466830000000000e+08 1.094655246785579195e+01
6.367829360000000000e+08 1.094859973677074194e+01
6.370205530000000000e+08 1.094230770645570416e+01
6.372581990000000000e+08 1.094511061089990989e+01
6.374956120000000000e+08 1.094498427456978895e+01
6.377316530000000000e+08 1.093897637265801492e+01
6.379701730000000000e+08 1.093316633938292348e+01
6.382064730000000000e+08 1.093481581242773260e+01
6.384433910000000000e+08 1.093291325637619771e+01
6.386803060000000000e+08 1.093600507186579307e+01
6.389186300000000000e+08 1.092829225317769826e+01
6.391548900000000000e+08 1.092617797550859038e+01
6.393965840000000000e+08 1.094064494078443062e+01
6.396307430000000000e+08 1.094350002102857644e+01
6.398719640000000000e+08 1.093183852097581976e+01
6.401069100000000000e+08 1.091993635201884061e+01
6.403456980000000000e+08 1.090676947385888695e+01
6.405849560000000000e+08 1.090543312831762179e+01
6.408219150000000000e+08 1.091076828824049016e+01
6.410572070000000000e+08 1.090709356374562589e+01
6.412910460000000000e+08 1.091883620417038614e+01
6.415297580000000000e+08 1.091149643384644286e+01
6.417687730000000000e+08 1.090194302971994311e+01
6.420082340000000000e+08 1.090393328616383251e+01
6.422436470000000000e+08 1.090285509981428014e+01
6.424794100000000000e+08 1.090017041229472206e+01
6.427133070000000000e+08 1.090602513690802766e+01
6.429530120000000000e+08 1.090142387222632436e+01
6.431896020000000000e+08 1.090652247682452369e+01
6.434301690000000000e+08 1.089794485554230796e+01
6.436680030000000000e+08 1.089477922823145839e+01
6.439035480000000000e+08 1.089878064708318739e+01
6.441416070000000000e+08 1.088761733732202330e+01
6.443819610000000000e+08 1.087815157864414140e+01
6.446170950000000000e+08 1.086531418411590977e+01
6.448498630000000000e+08 1.086081580671225311e+01
6.450826490000000000e+08 1.085654037949052508e+01
6.453178130000000000e+08 1.085866595129491685e+01
6.455558350000000000e+08 1.084852521014108007e+01
6.457957110000000000e+08 1.084909113700376793e+01
6.460337570000000000e+08 1.085463904630710097e+01
6.462684530000000000e+08 1.084946018619187313e+01
6.465056830000000000e+08 1.084828727388713787e+01
6.467405830000000000e+08 1.085335592758177548e+01
6.469785270000000000e+08 1.084113811842362551e+01
6.472175590000000000e+08 1.084939182840325245e+01
6.474546230000000000e+08 1.084653306701848408e+01
6.476904220000000000e+08 1.084666779162162165e+01
6.479247650000000000e+08 1.084600489618740227e+01
6.481616510000000000e+08 1.084913786306234940e+01
6.483980820000000000e+08 1.084696055363097678e+01
6.486333800000000000e+08 1.083649183403560023e+01
6.488728280000000000e+08 1.083996498840445177e+01
6.491069970000000000e+08 1.083888150890084745e+01
6.493437610000000000e+08 1.083844537987149792e+01
6.495844270000000000e+08 1.083693950725753474e+01
6.498239480000000000e+08 1.084347441126972988e+01
6.500631930000000000e+08 1.084361085739255692e+01
6.503002450000000000e+08 1.083868073165424128e+01
6.505380230000000000e+08 1.083681406918714174e+01
6.507707810000000000e+08 1.083307322339211431e+01
6.510061840000000000e+08 1.083864992696639007e+01
6.512413000000000000e+08 1.083533695490045012e+01
6.514766610000000000e+08 1.084291223204078491e+01
6.517149480000000000e+08 1.084439260793110904e+01
6.519555370000000000e+08 1.084264016168726741e+01
6.521890760000000000e+08 1.084051378792488229e+01
6.524242930000000000e+08 1.083148717775706871e+01
6.526617010000000000e+08 1.082883284743244445e+01
6.528974410000000000e+08 1.082796308058866508e+01
6.531319030000000000e+08 1.082750873400185121e+01
6.533653210000000000e+08 1.082295236625014034e+01
6.536016500000000000e+08 1.082146369603632330e+01
6.538396280000000000e+08 1.081375505824143701e+01
6.540782400000000000e+08 1.081121480737386342e+01
6.543117590000000000e+08 1.080748725716275516e+01
6.545490070000000000e+08 1.080387924634351648e+01
6.547871930000000000e+08 1.081329972032159148e+01
6.550273860000000000e+08 1.081602809532008358e+01
6.552628620000000000e+08 1.081851450819854854e+01
6.554950620000000000e+08 1.082416621859184502e+01
6.557294860000000000e+08 1.082542379109417041e+01
6.559660030000000000e+08 1.082014383647592837e+01
6.562039850000000000e+08 1.082105780992998234e+01
6.564443560000000000e+08 1.081899851227032805e+01
6.566810510000000000e+08 1.082760674740195839e+01
6.569204390000000000e+08 1.081318117290126679e+01
6.571593070000000000e+08 1.081204345714436954e+01
6.573967150000000000e+08 1.081189588059719675e+01
6.576324130000000000e+08 1.080808939996428286e+01
6.578695210000000000e+08 1.080935956213794213e+01
6.581050190000000000e+08 1.081469448955882129e+01
6.583456810000000000e+08 1.081407239357124617e+01
6.585824200000000000e+08 1.081014246057138983e+01
6.588159860000000000e+08 1.079829707960584706e+01
6.590547840000000000e+08 1.079541193427058765e+01
6.592917290000000000e+08 1.080410992004671833e+01
6.595322540000000000e+08 1.081307468725374044e+01
6.597668820000000000e+08 1.081103033232018440e+01
6.600039380000000000e+08 1.081951362090983793e+01
6.602377440000000000e+08 1.081938509917152658e+01
6.604763460000000000e+08 1.081398807023076536e+01
6.607121080000000000e+08 1.081256661516330908e+01
6.609446270000000000e+08 1.081467542439547813e+01
6.611861870000000000e+08 1.081606502749780141e+01
6.614276060000000000e+08 1.080871252871828148e+01
6.616653400000000000e+08 1.081557259245209579e+01
6.619031870000000000e+08 1.082107465958743298e+01
6.621446580000000000e+08 1.081824124615947014e+01
6.623796990000000000e+08 1.081365801696643381e+01
6.626168760000000000e+08 1.081327991789867937e+01
6.628570240000000000e+08 1.080345454468455202e+01
6.630896240000000000e+08 1.079442701483536915e+01
6.633258480000000000e+08 1.080407410752902564e+01
6.635657470000000000e+08 1.079839859441819350e+01
6.638026350000000000e+08 1.079399666220237464e+01
6.640389530000000000e+08 1.079224017338173880e+01
6.642768390000000000e+08 1.080215903046143744e+01
6.645093730000000000e+08 1.079406589850081666e+01
6.647512270000000000e+08 1.078816953376882282e+01
6.649925220000000000e+08 1.077911597327351956e+01
6.652352400000000000e+08 1.076983079806315224e+01
6.654769060000000000e+08 1.076664683025379432e+01
6.657143280000000000e+08 1.076155758979534660e+01
6.659494870000000000e+08 1.075974126840316814e+01
6.661857780000000000e+08 1.076116744088950838e+01
6.664256090000000000e+08 1.075682896225536034e+01
6.666584600000000000e+08 1.075350687147748907e+01
6.668971310000000000e+08 1.074964178587592833e+01
6.671306000000000000e+08 1.074823275651522714e+01
6.673707840000000000e+08 1.074540287189479848e+01
6.676065310000000000e+08 1.075796911832151359e+01
6.678385800000000000e+08 1.076267867305594983e+01
6.680784370000000000e+08 1.075449101786971262e+01
6.683161780000000000e+08 1.076098717626551604e+01
6.685527970000000000e+08 1.076959334895941645e+01
6.687872290000000000e+08 1.076157710807623324e+01
6.690198690000000000e+08 1.075537701845034455e+01
6.692560670000000000e+08 1.076868082108352986e+01
6.694950160000000000e+08 1.076594788421881965e+01
6.697302070000000000e+08 1.076550368779727584e+01
6.699693780000000000e+08 1.077227019266761943e+01
6.702037400000000000e+08 1.076797804896190414e+01
6.704428870000000000e+08 1.076865970634749203e+01
6.706827700000000000e+08 1.077632120297535856e+01
6.709196610000000000e+08 1.077631198775665489e+01
6.711559760000000000e+08 1.077291040192274352e+01
6.713921160000000000e+08 1.077141834584615587e+01
6.716317540000000000e+08 1.075871287087170636e+01
6.718739080000000000e+08 1.076660397093800370e+01
6.721110470000000000e+08 1.077883664260534502e+01
6.723472460000000000e+08 1.078248075079468293e+01
6.725822860000000000e+08 1.078660064589065826e+01
6.728167100000000000e+08 1.078087135880931768e+01
6.730539080000000000e+08 1.076824548631527279e+01
6.732939800000000000e+08 1.076869891061161688e+01
6.735288960000000000e+08 1.077861384631353836e+01
6.737639880000000000e+08 1.078275437059045494e+01
6.740014980000000000e+08 1.078122203088127939e+01
6.742408210000000000e+08 1.078924354733251967e+01
6.744761290000000000e+08 1.079659861868523230e+01
6.747124960000000000e+08 1.080345330549553395e+01
6.749477130000000000e+08 1.079544243466825471e+01
6.751812910000000000e+08 1.079265632865595315e+01
6.754203070000000000e+08 1.079577112485851131e+01
6.756579050000000000e+08 1.078649116715111589e+01
6.758932190000000000e+08 1.078583111766547376e+01
6.761333540000000000e+08 1.079120361690889673e+01
6.763733450000000000e+08 1.078472734674024736e+01
6.766093490000000000e+08 1.078466778011989646e+01
6.768488080000000000e+08 1.078794470209146361e+01
6.770826860000000000e+08 1.079199162670964718e+01
6.773194430000000000e+08 1.079513428682602694e+01
6.775607430000000000e+08 1.079196272427042835e+01
6.777954240000000000e+08 1.078319463823388702e+01
6.780320030000000000e+08 1.077823697710192619e+01
6.782671760000000000e+08 1.077635298430140764e+01
6.785021080000000000e+08 1.077636207689880798e+01
6.787407950000000000e+08 1.077891598526510464e+01
6.789789750000000000e+08 1.077018458035195003e+01
6.792144180000000000e+08 1.077964622969974151e+01
6.794554900000000000e+08 1.077387985640153190e+01
6.796988300000000000e+08 1.077244287884475504e+01
6.799354070000000000e+08 1.076486273273615701e+01
6.801722700000000000e+08 1.076114284394571641e+01
6.804088050000000000e+08 1.077012356381385416e+01
6.806411200000000000e+08 1.077616969090425059e+01
6.808761550000000000e+08 1.076610944888517452e+01
6.811103540000000000e+08 1.076820699539803350e+01
6.813495150000000000e+08 1.076483702525879416e+01
6.815887450000000000e+08 1.077617977359227552e+01
6.818257970000000000e+08 1.077098708351272194e+01
6.820672160000000000e+08 1.076642096928647518e+01
6.823026710000000000e+08 1.075737776764653830e+01
6.825417260000000000e+08 1.075768377219982064e+01
6.827792040000000000e+08 1.075339698362913055e+01
6.830146540000000000e+08 1.075463120668494454e+01
6.832538450000000000e+08 1.074471499567215993e+01
6.834933480000000000e+08 1.075106892458243202e+01
6.837312410000000000e+08 1.074906080442611156e+01
6.839701080000000000e+08 1.075237762272608144e+01
6.842041990000000000e+08 1.075206922265443232e+01
6.844398860000000000e+08 1.075867753723838938e+01
6.846713580000000000e+08 1.074892285304395401e+01
6.849082400000000000e+08 1.075196650314402369e+01
6.851464880000000000e+08 1.075137492772306302e+01
6.853792770000000000e+08 1.074554754662194966e+01
6.856152920000000000e+08 1.074794509914345220e+01
6.858540170000000000e+08 1.073641738228071674e+01
6.860936420000000000e+08 1.074321545991081273e+01
6.863291680000000000e+08 1.074529465163703179e+01
6.865672240000000000e+08 1.074811184859455615e+01
6.868054740000000000e+08 1.075011201980672304e+01
6.870422270000000000e+08 1.074897804324516315e+01
6.872783610000000000e+08 1.074910800767269059e+01
6.875153150000000000e+08 1.074548077914741029e+01
6.877479030000000000e+08 1.074661088045407453e+01
6.879821100000000000e+08 1.075166136065354117e+01
6.882185950000000000e+08 1.075537994009135367e+01
6.884554660000000000e+08 1.075135418500048701e+01
6.886929110000000000e+08 1.074648105369584705e+01
6.889283240000000000e+08 1.074317345313861161e+01
6.891633560000000000e+08 1.074158571275722274e+01
6.894015430000000000e+08 1.074374381168447989e+01
6.896399010000000000e+08 1.074885106058231976e+01
6.898753610000000000e+08 1.074563116768136517e+01
6.901126730000000000e+08 1.074117878860288577e+01
6.903479650000000000e+08 1.074240601757293412e+01
6.905851050000000000e+08 1.074411809169722432e+01
6.908217140000000000e+08 1.074498431117515906e+01
6.910625040000000000e+08 1.073725405938522393e+01
6.912985390000000000e+08 1.073766035595861723e+01
6.915348550000000000e+08 1.073615674251010610e+01
6.917701440000000000e+08 1.073543652740920251e+01
6.920032130000000000e+08 1.074459135445846414e+01
6.922404850000000000e+08 1.074428384023594418e+01
6.924752660000000000e+08 1.073396758518601679e+01
6.927151480000000000e+08 1.073279731831467565e+01
6.929476100000000000e+08 1.073612750547087202e+01
6.931837450000000000e+08 1.073401697818915146e+01
6.934288650000000000e+08 1.074036671769630580e+01
6.936706200000000000e+08 1.073108285534026507e+01
6.939083450000000000e+08 1.073589460002022555e+01
6.941426980000000000e+08 1.073809361459848333e+01
6.943765070000000000e+08 1.073301398383144800e+01
6.946148440000000000e+08 1.073337081211459143e+01
6.948475830000000000e+08 1.073273200326439358e+01
6.950835060000000000e+08 1.074619362555539048e+01
6.953243110000000000e+08 1.074511830546275526e+01
6.955620580000000000e+08 1.074525392176615313e+01
6.958045700000000000e+08 1.073195411133291444e+01
6.960387860000000000e+08 1.073546550526514842e+01
6.962757340000000000e+08 1.072870820463158559e+01
6.965151060000000000e+08 1.073297772301225450e+01
6.967515810000000000e+08 1.072505882761626417e+01
6.969927030000000000e+08 1.071941715752812918e+01
6.972331890000000000e+08 1.072066625150998576e+01
6.974688760000000000e+08 1.071216426041181968e+01
6.977040090000000000e+08 1.071751091413157297e+01
6.979445600000000000e+08 1.071596090938829526e+01
6.981845350000000000e+08 1.070738085700656228e+01
6.984228440000000000e+08 1.071791704505426956e+01
6.986631900000000000e+08 1.072332090248281133e+01
6.989016690000000000e+08 1.072318457602022512e+01
6.991412020000000000e+08 1.071236346275727414e+01
6.993764370000000000e+08 1.070699261018951276e+01
6.996174250000000000e+08 1.070084307526527390e+01
6.998460600000000000e+08 1.069318986707898489e+01
7.000828970000000000e+08 1.069488825520666708e+01
7.003187800000000000e+08 1.069224779442082607e+01
7.005622330000000000e+08 1.068750280323351021e+01
7.007988400000000000e+08 1.068830835759768227e+01
7.010326790000000000e+08 1.068480696242425765e+01
7.012695210000000000e+08 1.068583484458717514e+01
7.015099450000000000e+08 1.068771935679887797e+01
7.017474240000000000e+08 1.067977289112143957e+01
7.019806940000000000e+08 1.066711596826667652e+01
7.022186400000000000e+08 1.066564254626808150e+01
7.024560280000000000e+08 1.065745757822303474e+01
7.026935820000000000e+08 1.064735520683867165e+01
7.029271110000000000e+08 1.063788959095831821e+01
7.031665310000000000e+08 1.063360457603052289e+01
7.034040160000000000e+08 1.062488363649277900e+01
7.036427330000000000e+08 1.063101693274706783e+01
7.038857440000000000e+08 1.062731089463246548e+01
7.041227060000000000e+08 1.063113929673984437e+01
7.043626180000000000e+08 1.062478248528954161e+01
7.045993940000000000e+08 1.062233640305142224e+01
7.048366990000000000e+08 1.062738824666002735e+01
7.050757530000000000e+08 1.062199710752444304e+01
7.053123930000000000e+08 1.062661338033151992e+01
7.055518770000000000e+08 1.061820008936145854e+01
7.057874540000000000e+08 1.061487926326553577e+01
7.060247080000000000e+08 1.061256528803171229e+01
7.062595810000000000e+08 1.060681552181053355e+01
7.064989530000000000e+08 1.060045561502546896e+01
7.067388290000000000e+08 1.058724723015330760e+01
7.069754420000000000e+08 1.059682786027790158e+01
7.072117950000000000e+08 1.059394063855118517e+01
7.074496640000000000e+08 1.059004994403803401e+01
7.076834870000000000e+08 1.058447562017766685e+01
7.079184060000000000e+08 1.058632381763428221e+01
7.081575310000000000e+08 1.058018465131806352e+01
7.083928500000000000e+08 1.058904710079537814e+01
7.086285090000000000e+08 1.059768246465415231e+01
7.088667960000000000e+08 1.060041121936363240e+01
7.091031330000000000e+08 1.059218013588328411e+01
7.093369310000000000e+08 1.059588932541575801e+01
7.095789650000000000e+08 1.059387163028408985e+01
7.098201260000000000e+08 1.059460782993715178e+01
7.100581420000000000e+08 1.058937342954015293e+01
7.102977860000000000e+08 1.056609598425212937e+01
7.105337670000000000e+08 1.056494229453788947e+01
7.107687360000000000e+08 1.056394793639463892e+01
7.110076270000000000e+08 1.055749394872667857e+01
7.112430140000000000e+08 1.055910677121186403e+01
7.114776810000000000e+08 1.055902893208653381e+01
7.117122440000000000e+08 1.055480667690340013e+01
7.119488540000000000e+08 1.054506936500709280e+01
7.121859910000000000e+08 1.054444317003253673e+01
7.124263820000000000e+08 1.054344065267317809e+01
7.126632990000000000e+08 1.054300527250254582e+01
7.129013920000000000e+08 1.053782202560974923e+01
7.131353590000000000e+08 1.054882550135334718e+01
7.133757210000000000e+08 1.055338373679330211e+01
7.136098800000000000e+08 1.055089782166719736e+01
7.138441660000000000e+08 1.054385358965169317e+01
7.140856060000000000e+08 1.053940140369596001e+01
7.143263650000000000e+08 1.053937851164022099e+01
7.145621910000000000e+08 1.053868739347569949e+01
7.148028770000000000e+08 1.053315760486424857e+01
7.150380520000000000e+08 1.052605143040816849e+01
7.152726390000000000e+08 1.053591459651998719e+01
7.155113860000000000e+08 1.053547867941954053e+01
7.157467600000000000e+08 1.054255728008079984e+01
7.159834920000000000e+08 1.054171086232784482e+01
7.162186280000000000e+08 1.054276393869957751e+01
7.164599190000000000e+08 1.053598775971418533e+01
7.166994230000000000e+08 1.053155525315034957e+01
7.169382420000000000e+08 1.053171818999305209e+01
7.171776350000000000e+08 1.052690871359413194e+01
7.174146960000000000e+08 1.053605195339185663e+01
7.176549730000000000e+08 1.054544383983486178e+01
7.178950190000000000e+08 1.053987457895554058e+01
7.181298920000000000e+08 1.053046976900831133e+01
7.183704250000000000e+08 1.052453845639710650e+01
7.186062610000000000e+08 1.053060722545151506e+01
7.188432270000000000e+08 1.052883606264376226e+01
7.190782600000000000e+08 1.051950198195953057e+01
7.193165830000000000e+08 1.051587122161732957e+01
7.195576340000000000e+08 1.050888973718549657e+01
7.197894350000000000e+08 1.051041691085792351e+01
7.200217870000000000e+08 1.051365597556519482e+01
7.202565360000000000e+08 1.051944684886359838e+01
7.204949400000000000e+08 1.051449819521486440e+01
7.207323920000000000e+08 1.051703709957204858e+01
7.209685080000000000e+08 1.051325127171501528e+01
7.212087840000000000e+08 1.050234620099845984e+01
7.214449300000000000e+08 1.050290762701787095e+01
7.216819400000000000e+08 1.049733568214542956e+01
7.219208330000000000e+08 1.049643444678263116e+01
7.221599510000000000e+08 1.049704421113392705e+01
7.223936800000000000e+08 1.049084989748075891e+01
7.226354830000000000e+08 1.049832990458768123e+01
7.228703960000000000e+08 1.050089294151748653e+01
7.231093600000000000e+08 1.049462855185112886e+01
7.233465910000000000e+08 1.049572501395595658e+01
7.235836980000000000e+08 1.049861890974981726e+01
7.238222170000000000e+08 1.049551741430126306e+01
7.240581350000000000e+08 1.049587812636834983e+01
7.242943480000000000e+08 1.049635817786528058e+01
7.245272720000000000e+08 1.049881573083374242e+01
7.247640770000000000e+08 1.050142503063122490e+01
7.250041070000000000e+08 1.050431648845124144e+01
7.252441880000000000e+08 1.050688475600061267e+01
7.254830170000000000e+08 1.050856221681628178e+01
7.257205270000000000e+08 1.050828233816245927e+01
7.259631510000000000e+08 1.050359088287159537e+01
7.262017560000000000e+08 1.050468902523678771e+01
7.264365910000000000e+08 1.049961365892976772e+01
7.266727000000000000e+08 1.049608483403835635e+01
7.269089360000000000e+08 1.049523651693332660e+01
7.271433440000000000e+08 1.050071573641050549e+01
7.273846730000000000e+08 1.049902651009572452e+01
7.276170430000000000e+08 1.049192144926786696e+01
7.278547630000000000e+08 1.049311440390816230e+01
7.280948440000000000e+08 1.048726361753955238e+01
7.283289160000000000e+08 1.048491612953777441e+01
7.285676440000000000e+08 1.048460244149696763e+01
7.288073080000000000e+08 1.048448181307195348e+01
7.290450450000000000e+08 1.048588694995093462e+01
7.292783980000000000e+08 1.049048527885101656e+01
7.295135280000000000e+08 1.048533839916561661e+01
7.297521510000000000e+08 1.048277050668908394e+01
7.299843910000000000e+08 1.048010686015489057e+01
7.302225180000000000e+08 1.048564732297324120e+01
7.304563410000000000e+08 1.049276095392022867e+01
7.306929440000000000e+08 1.049259911907919474e+01
7.309278040000000000e+08 1.049242838715479387e+01
7.311671510000000000e+08 1.049083792279289007e+01
7.314023470000000000e+08 1.048866579032226021e+01
7.316424690000000000e+08 1.048097730559411644e+01
7.318788130000000000e+08 1.047878707139159182e+01
7.321119070000000000e+08 1.047188272288130761e+01
7.323451250000000000e+08 1.046447966657466822e+01
7.325817870000000000e+08 1.045986504097539260e+01
7.328155040000000000e+08 1.045198845153278633e+01
7.330568010000000000e+08 1.045494167503506766e+01
7.332945190000000000e+08 1.044734070014950689e+01
7.335363660000000000e+08 1.043833913821075043e+01
7.337754130000000000e+08 1.043370210350322935e+01
7.340167120000000000e+08 1.043824934426037210e+01
7.342583280000000000e+08 1.044091225120024369e+01
7.344926320000000000e+08 1.044282516126102855e+01
7.347300990000000000e+08 1.044598740798626402e+01
7.349681990000000000e+08 1.043784478834581542e+01
7.352020180000000000e+08 1.043545205649513719e+01
7.354418770000000000e+08 1.042405052622005179e+01
7.356772120000000000e+08 1.042306638472181390e+01
7.359155860000000000e+08 1.042426133191906601e+01
7.361530650000000000e+08 1.043123556376769301e+01
7.363894510000000000e+08 1.042914693503720791e+01
7.366265640000000000e+08 1.042294951320066509e+01
7.368645270000000000e+08 1.042372730766046018e+01
7.371008250000000000e+08 1.041492782677154594e+01
7.373393130000000000e+08 1.041245758523104392e+01
7.375762060000000000e+08 1.041761553623279646e+01
7.378108140000000000e+08 1.041404879080620915e+01
7.380453370000000000e+08 1.041190554594804318e+01
7.382759110000000000e+08 1.040401939595730418e+01
7.385131960000000000e+08 1.040148719917918463e+01
7.387495550000000000e+08 1.039668684770023610e+01
7.389872750000000000e+08 1.039126987326447882e+01
7.392266620000000000e+08 1.039466224582112375e+01
7.394677810000000000e+08 1.039703296048265102e+01
7.397078980000000000e+08 1.038537406858741363e+01
7.399445100000000000e+08 1.038002908252807721e+01
7.401798570000000000e+08 1.037783509897258050e+01
7.404132540000000000e+08 1.036099794766825610e+01
7.406515640000000000e+08 1.036349782905914729e+01
7.408865070000000000e+08 1.035880581443593584e+01
7.411243530000000000e+08 1.035661067703815874e+01
7.413576320000000000e+08 1.036047598260594604e+01
7.415951140000000000e+08 1.036668188873411012e+01
7.418309820000000000e+08 1.037803814403920022e+01
7.420707770000000000e+08 1.037409950649283097e+01
7.423065810000000000e+08 1.038612940792470951e+01
7.425419320000000000e+08 1.038752563341767399e+01
7.427836240000000000e+08 1.038984186548887756e+01
7.430215400000000000e+08 1.037281112870483923e+01
7.432635790000000000e+08 1.037550455823195605e+01
7.435029150000000000e+08 1.038058248189939192e+01
7.437386490000000000e+08 1.037417608157673854e+01
7.439780060000000000e+08 1.037602492658574604e+01
7.442162260000000000e+08 1.036985214489659768e+01
7.444503930000000000e+08 1.036509614283716907e+01
7.446842620000000000e+08 1.035519073145574964e+01
7.449192790000000000e+08 1.035229146772824826e+01
7.451547050000000000e+08 1.034606976395310696e+01
7.453924940000000000e+08 1.033755068354727413e+01
7.456346020000000000e+08 1.033329543915643534e+01
7.458688030000000000e+08 1.032190337394202473e+01
7.461022520000000000e+08 1.032777454495697178e+01
7.463384250000000000e+08 1.032056493207180381e+01
7.465754610000000000e+08 1.031759631573331859e+01
7.468127780000000000e+08 1.031167746520842599e+01
7.470479100000000000e+08 1.031036001028505922e+01
7.472863830000000000e+08 1.030790681685708776e+01
7.475198110000000000e+08 1.031019423293172643e+01
7.477568580000000000e+08 1.030869919812908719e+01
7.479930960000000000e+08 1.031000516748166262e+01
7.482290950000000000e+08 1.031068726764282495e+01
7.484653570000000000e+08 1.031458270783762998e+01
7.487056600000000000e+08 1.031725667598149521e+01
7.489438200000000000e+08 1.032316872079212366e+01
7.491811000000000000e+08 1.032276421023731316e+01
7.494211960000000000e+08 1.032403889534653807e+01
7.496642090000000000e+08 1.032525600656081899e+01
7.499018670000000000e+08 1.031756371859595234e+01
7.501350780000000000e+08 1.031122877847893449e+01
7.503699040000000000e+08 1.030282516191217290e+01
7.506124820000000000e+08 1.030220833397997637e+01
7.508472420000000000e+08 1.029337699372671189e+01
7.510842490000000000e+08 1.029843264935457547e+01
7.513244230000000000e+08 1.029812728376922415e+01
7.515599000000000000e+08 1.030290522627021055e+01
7.517973420000000000e+08 1.030381367707310325e+01
7.520338070000000000e+08 1.030579570764561659e+01
7.522724480000000000e+08 1.030364522734108057e+01
7.525072110000000000e+08 1.030850600362913205e+01
7.527419760000000000e+08 1.030130073643913136e+01
7.529813240000000000e+08 1.028999538630137067e+01
7.532195920000000000e+08 1.028004785804946053e+01
7.534649620000000000e+08 1.028423033652732421e+01
7.537027270000000000e+08 1.027948027381199125e+01
7.539411450000000000e+08 1.027620213263693927e+01
7.541737310000000000e+08 1.027218531605310936e+01
7.544105530000000000e+08 1.027134667159043246e+01
7.546453040000000000e+08 1.026115703791999678e+01
7.548879940000000000e+08 1.025447431063453507e+01
7.551261450000000000e+08 1.024827047065807761e+01
7.553647790000000000e+08 1.024800820528997924e+01
7.555977200000000000e+08 1.024678835730801119e+01
7.558346480000000000e+08 1.023987520163606035e+01
7.560746810000000000e+08 1.023039957790001608e+01
7.563122750000000000e+08 1.023202177145802061e+01
7.565478570000000000e+08 1.022658431628834386e+01
7.567824900000000000e+08 1.022572663001347060e+01
7.570215390000000000e+08 1.021528763887489610e+01
7.572557380000000000e+08 1.021442358367609238e+01
7.574982880000000000e+08 1.021396825836776756e+01
7.577306650000000000e+08 1.021753988634331023e+01
7.579691390000000000e+08 1.021416098223210867e+01
7.582098390000000000e+08 1.020835140917562001e+01
7.584488500000000000e+08 1.020572194779425246e+01
7.586836280000000000e+08 1.020996531822802211e+01
7.589194410000000000e+08 1.020638458602828713e+01
7.591533850000000000e+08 1.020919866644641694e+01
7.593925130000000000e+08 1.020872810332393676e+01
7.596289170000000000e+08 1.020729230889189409e+01
7.598690390000000000e+08 1.020043714109000099e+01
7.601127710000000000e+08 1.019440937115254009e+01
7.603422590000000000e+08 1.020044438862662339e+01
7.605835110000000000e+08 1.019737807790462725e+01
7.608238470000000000e+08 1.019754247027241334e+01
7.610600190000000000e+08 1.019230483270585452e+01
7.612993290000000000e+08 1.018963833819228881e+01
7.615370540000000000e+08 1.018767477090365681e+01
7.617721710000000000e+08 1.019216555866972840e+01
7.620110830000000000e+08 1.018386449792025061e+01
7.622466840000000000e+08 1.018528798861820661e+01
7.624791700000000000e+08 1.017719409435836297e+01
7.627170040000000000e+08 1.018399011558780032e+01
7.629560270000000000e+08 1.019503538511315099e+01
7.631947370000000000e+08 1.018788198363625064e+01
7.634292260000000000e+08 1.018137359934270947e+01
7.636684980000000000e+08 1.017730417762309436e+01
7.639023520000000000e+08 1.017185148821301333e+01
7.641355620000000000e+08 1.017915742621587327e+01
7.643717580000000000e+08 1.017410378121856773e+01
7.646100750000000000e+08 1.017648352107358711e+01
7.648456770000000000e+08 1.017387253206467790e+01
7.650822300000000000e+08 1.017183192461035723e+01
7.653173740000000000e+08 1.017330222749289348e+01
7.655508210000000000e+08 1.017063532174921114e+01
7.657877400000000000e+08 1.017364873207556819e+01
7.660203060000000000e+08 1.018172018129168954e+01
7.662586010000000000e+08 1.018187220213821575e+01
7.664898790000000000e+08 1.018616386554112729e+01
7.667256500000000000e+08 1.018965026715903477e+01
7.669611950000000000e+08 1.018519501414940009e+01
7.672020420000000000e+08 1.018152362667517608e+01
7.674412310000000000e+08 1.018846860659975029e+01
7.676796080000000000e+08 1.018524889108170228e+01
7.679147710000000000e+08 1.018490825685361223e+01
7.681498920000000000e+08 1.018388887097088258e+01
7.683899360000000000e+08 1.017228369202405780e+01
7.686309640000000000e+08 1.017942665858033102e+01
7.688656190000000000e+08 1.018550964683286431e+01
7.691047360000000000e+08 1.018331332798996591e+01
7.693439770000000000e+08 1.017647300832407709e+01
7.695803460000000000e+08 1.018145298751531946e+01
7.698182210000000000e+08 1.017129716672914519e+01
7.700563480000000000e+08 1.016750927874297439e+01
7.702941030000000000e+08 1.016454451748358601e+01
7.705317110000000000e+08 1.015494695022673532e+01
7.707695750000000000e+08 1.015765689549112061e+01
7.710036320000000000e+08 1.015987897077397761e+01
7.712461580000000000e+08 1.016595922122922957e+01
7.714846830000000000e+08 1.016541822935384154e+01
7.717182500000000000e+08 1.015940032137834770e+01
7.719575860000000000e+08 1.015841250139844476e+01
7.721890680000000000e+08 1.015356551834339704e+01
7.724240260000000000e+08 1.015318214587835044e+01
7.726611750000000000e+08 1.015486009130727929e+01
7.728991860000000000e+08 1.015196893801777733e+01
7.731380750000000000e+08 1.015663817562147742e+01
7.733720550000000000e+08 1.015419742620242083e+01
7.736090210000000000e+08 1.014897019502295805e+01
7.738482170000000000e+08 1.014753072768419884e+01
7.740826460000000000e+08 1.014454076763974122e+01
7.743254600000000000e+08 1.013865810240047693e+01
7.745602300000000000e+08 1.012827912777365214e+01
7.747996380000000000e+08 1.012240450169422168e+01
7.750389550000000000e+08 1.012021133774583781e+01
7.752718780000000000e+08 1.011419546425236149e+01
7.755133400000000000e+08 1.011435591900569264e+01
7.757522410000000000e+08 1.010708028884614507e+01
7.759920280000000000e+08 1.010991915061340762e+01
7.762261740000000000e+08 1.011376278005795903e+01
7.764599040000000000e+08 1.010915914881233135e+01
7.766932680000000000e+08 1.010210906827830613e+01
7.769326530000000000e+08 1.010161069049627791e+01
7.771652010000000000e+08 1.010017161104708450e+01
7.774037670000000000e+08 1.010600812634344514e+01
7.776411290000000000e+08 1.009982169018424081e+01
7.778762280000000000e+08 1.009975110086450556e+01
7.781172970000000000e+08 1.010250475619136523e+01
7.783563410000000000e+08 1.010100750250326662e+01
7.785950590000000000e+08 1.010011733643997367e+01
7.788340490000000000e+08 1.010131626005921746e+01
7.790717740000000000e+08 1.011168762252605191e+01
7.793143660000000000e+08 1.010727023538457559e+01
7.795511640000000000e+08 1.011454890488190017e+01
7.797866970000000000e+08 1.011162687655244952e+01
7.800236420000000000e+08 1.010020872758866872e+01
7.802576720000000000e+08 1.010073149249626745e+01
7.804976950000000000e+08 1.009850337161155487e+01
7.807364100000000000e+08 1.009572621929402203e+01
7.809688080000000000e+08 1.009227814422520808e+01
7.812059060000000000e+08 1.009479419471453809e+01
7.814439410000000000e+08 1.009095880249419253e+01
7.816765360000000000e+08 1.008935625784560308e+01
7.819157000000000000e+08 1.009053178833780251e+01
7.821534860000000000e+08 1.009449011911342708e+01
7.823914620000000000e+08 1.009534881504673898e+01
7.826292430000000000e+08 1.010492214168793268e+01
7.828654230000000000e+08 1.011166388988710452e+01
7.830994740000000000e+08 1.010643158588480972e+01
7.833426510000000000e+08 1.010394654696881389e+01
7.835849110000000000e+08 1.009368974714202061e+01
7.838190080000000000e+08 1.008831272766254017e+01
7.840554570000000000e+08 1.008027228216084659e+01
7.842893890000000000e+08 1.008290039367262736e+01
7.845254270000000000e+08 1.007256962303074843e+01
7.847608970000000000e+08 1.007686828856050809e+01
7.849943950000000000e+08 1.008837308046649639e+01
7.852247660000000000e+08 1.008739504418512389e+01
7.854598510000000000e+08 1.008966876409166424e+01
7.856936560000000000e+08 1.009033717617333892e+01
7.859337870000000000e+08 1.009501224254456453e+01
7.861651240000000000e+08 1.009146631442845710e+01
7.864009120000000000e+08 1.008726216912409157e+01
7.866354530000000000e+08 1.008894334919594193e+01
7.868725730000000000e+08 1.008724761439187567e+01
7.871058770000000000e+08 1.009110619634747152e+01
7.873408930000000000e+08 1.009360902979960528e+01
7.875788530000000000e+08 1.009992089303901963e+01
7.878150400000000000e+08 1.009421955735295739e+01
7.880470100000000000e+08 1.008432847804087729e+01
7.882853860000000000e+08 1.008393084477606294e+01
7.885201760000000000e+08 1.007987075876313909e+01
7.887619200000000000e+08 1.007730425404225016e+01
7.889956610000000000e+08 1.008496995907180960e+01
7.892334580000000000e+08 1.008608453316778686e+01
7.894705380000000000e+08 1.009202094006508865e+01
7.897054370000000000e+08 1.008878347141545895e+01
7.899444430000000000e+08 1.009289052168095679e+01
7.901869780000000000e+08 1.008584265670930513e+01
7.904258490000000000e+08 1.008800182854899852e+01
7.906640340000000000e+08 1.008752948176602970e+01
7.909060000000000000e+08 1.009323381368096051e+01
7.911450860000000000e+08 1.009105864094169469e+01
7.913796320000000000e+08 1.008914311666749875e+01
7.916169680000000000e+08 1.008571893956731280e+01
7.918572470000000000e+08 1.008706450690880629e+01
7.920936950000000000e+08 1.008461228501728613e+01
7.923300010000000000e+08 1.008141255062587760e+01
7.925715100000000000e+08 1.007381129557273169e+01
7.928132860000000000e+08 1.007178346270315750e+01
7.930533720000000000e+08 1.006660748118262738e+01
7.932968600000000000e+08 1.006919667824463538e+01
7.935339700000000000e+08 1.006278798998398827e+01
7.937714630000000000e+08 1.006036876707010919e+01
7.940115620000000000e+08 1.005791724376918239e+01
7.942489670000000000e+08 1.005927350928393693e+01
7.944829770000000000e+08 1.005408217479223509e+01
7.947177460000000000e+08 1.005269708280127539e+01
7.949571140000000000e+08 1.004959705653415547e+01
7.951940890000000000e+08 1.005160807584863214e+01
7.954326270000000000e+08 1.005202851480311566e+01
7.956707560000000000e+08 1.004822062132744875e+01
7.959071970000000000e+08 1.004414926449584300e+01
7.961431060000000000e+08 1.004512407558151033e+01
7.963809150000000000e+08 1.003727603070359109e+01
7.966161670000000000e+08 1.003878320929163870e+01
7.968557360000000000e+08 1.004439095233693102e+01
7.970924810000000000e+08 1.004015840043973640e+01
7.973278110000000000e+08 1.003283824245514744e+01
7.975683760000000000e+08 1.002949599813640447e+01
7.978019640000000000e+08 1.002643431088869441e+01
7.980367100000000000e+08 1.002691194702459399e+01
7.982712050000000000e+08 1.002333577136574583e+01
7.985020570000000000e+08 1.002781548212977114e+01
7.987365950000000000e+08 1.002505793360200670e+01
7.989692600000000000e+08 1.001990309611703545e+01
7.992079220000000000e+08 1.002364830858882883e+01
7.994440000000000000e+08 1.002854082209031361e+01
7.996833220000000000e+08 1.003405927931117958e+01
7.999191570000000000e+08 1.002888589867794344e+01
8.001531180000000000e+08 1.002696836782773815e+01
8.003931170000000000e+08 1.001723798484470507e+01
8.006227950000000000e+08 1.001198626696282190e+01
8.008577760000000000e+08 1.001033456439606439e+01
8.010947240000000000e+08 1.000853528728140240e+01
8.013322900000000000e+08 1.000835794050552963e+01
8.015736570000000000e+08 1.000878390110920435e+01
8.018087220000000000e+08 1.001363656431615290e+01
8.020503960000000000e+08 1.000812508205323503e+01
8.022868460000000000e+08 1.000889229162597438e+01
8.025252650000000000e+08 1.000837142994075002e+01
8.027608010000000000e+08 1.000013857011714080e+01
8.029972100000000000e+08 1.000334136047664302e+01
8.032348890000000000e+08 1.000302094404487363e+01
8.034708640000000000e+08 1.000133032214280604e+01
8.037086550000000000e+08 1.000072104247621851e+01
8.039482960000000000e+08 9.999754296078123161e+00
8.041857950000000000e+08 9.997465272882280374e+00
8.044235760000000000e+08 1.000157840908806151e+01
8.046633520000000000e+08 1.000200366556807907e+01
8.049008750000000000e+08 9.992871877586246399e+00
8.051427420000000000e+08 9.992859862583147290e+00
8.053816300000000000e+08 1.000194947479885066e+01
8.056230600000000000e+08 1.000425350777154776e+01
8.058592000000000000e+08 9.997937532759852530e+00
8.060916540000000000e+08 1.000404444891037237e+01
8.063283530000000000e+08 1.001066566503875244e+01
8.065666070000000000e+08 1.000688980296694908e+01
8.068017540000000000e+08 1.000759733361941528e+01
8.070356050000000000e+08 1.001072160722860360e+01
8.072732910000000000e+08 1.000990902809698291e+01
8.075127550000000000e+08 1.000897647220370779e+01
8.077523760000000000e+08 1.001399579142254659e+01
8.079859650000000000e+08 1.001738021407965462e+01
8.082213620000000000e+08 1.002210478475478972e+01
8.084576830000000000e+08 1.002211028659295344e+01
8.086965770000000000e+08 1.001907729725173013e+01
8.089328540000000000e+08 1.001656099050288695e+01
8.091701670000000000e+08 1.002187628695399546e+01
8.094091380000000000e+08 1.002336502548047648e+01
8.096452920000000000e+08 1.001803908306805369e+01
8.098822200000000000e+08 1.002187109373826246e+01
8.101222090000000000e+08 1.002573080850145892e+01
8.103599040000000000e+08 1.002301549740433906e+01
8.105968330000000000e+08 1.001051436167519526e+01
8.108341360000000000e+08 1.000679664802361124e+01
8.110738260000000000e+08 1.000964654464300096e+01
8.113166160000000000e+08 1.000328866504577618e+01
8.115586810000000000e+08 1.000212030457495338e+01
8.117974920000000000e+08 1.000229579221067056e+01
8.120316700000000000e+08 9.996965038655204694e+00
8.122686600000000000e+08 9.990879243512837959e+00
8.125026800000000000e+08 9.991780229439875427e+00
8.127398820000000000e+08 9.983058016626248587e+00
8.129781350000000000e+08 9.977793114898849680e+00
8.132184640000000000e+08 9.976901502250822062e+00
8.134528910000000000e+08 9.969533819887624659e+00
8.136927140000000000e+08 9.967768162934740772e+00
8.139301080000000000e+08 9.973578985569170996e+00
8.141677290000000000e+08 9.969330037706571446e+00
8.144037640000000000e+08 9.968083024213985510e+00
8.146415950000000000e+08 9.966752712139239634e+00
8.148746780000000000e+08 9.972040431861669774e+00
8.151114790000000000e+08 9.965399612808365504e+00
8.153537750000000000e+08 9.959252452267449485e+00
8.155925340000000000e+08 9.961762408240661060e+00
8.158321900000000000e+08 9.965646344370313159e+00
8.160701000000000000e+08 9.967527389286843231e+00
8.163049330000000000e+08 9.966218811341491346e+00
8.165434450000000000e+08 9.966523309193519253e+00
8.167829420000000000e+08 9.961500553439721628e+00
8.170216140000000000e+08 9.960422854397123160e+00
8.172553530000000000e+08 9.956564303063549559e+00
8.174960300000000000e+08 9.953452814078424638e+00
8.177297100000000000e+08 9.949965554147755853e+00
8.179655270000000000e+08 9.939738507127527711e+00
8.181987540000000000e+08 9.942513782718727100e+00
8.184374540000000000e+08 9.952985126402001725e+00
8.186696220000000000e+08 9.962156428958159893e+00
8.189055490000000000e+08 9.959397031817605495e+00
8.191400070000000000e+08 9.956304935654895161e+00
8.193764380000000000e+08 9.949647447714905724e+00
8.196161680000000000e+08 9.949046701082369992e+00
8.198519670000000000e+08 9.952893862132230041e+00
8.200920500000000000e+08 9.953297640363597765e+00
8.203287270000000000e+08 9.948360152423489922e+00
8.205596290000000000e+08 9.945835887710027023e+00
8.207970020000000000e+08 9.946740253182184688e+00
8.210333180000000000e+08 9.944213632280806792e+00
8.212692770000000000e+08 9.944283031460209088e+00
8.215060300000000000e+08 9.934352589022834579e+00
8.217435260000000000e+08 9.934363910150507238e+00
8.219788280000000000e+08 9.938117704273329522e+00
8.222146990000000000e+08 9.943598050933811550e+00
8.224510660000000000e+08 9.942155967204106659e+00
8.226893080000000000e+08 9.941444994981257111e+00
8.229322930000000000e+08 9.931064763448485877e+00
8.231684380000000000e+08 9.925841322102259667e+00
8.234045820000000000e+08 9.937586851612431715e+00
8.236360000000000000e+08 9.940532001434364773e+00
8.238709410000000000e+08 9.935942404055865040e+00
8.241079360000000000e+08 9.937399805472121983e+00
8.243444920000000000e+08 9.947614892344963877e+00
8.245828160000000000e+08 9.940777847215533924e+00
8.248218640000000000e+08 9.938297177297224394e+00
8.250603290000000000e+08 9.933586768083038976e+00
8.252936060000000000e+08 9.933070496096977564e+00
8.255279260000000000e+08 9.931232659399153562e+00
8.257705230000000000e+08 9.929765769119345720e+00
8.260079560000000000e+08 9.926068081765432538e+00
8.262448730000000000e+08 9.923310767382965025e+00
8.264778340000000000e+08 9.929539531465133351e+00
8.267117220000000000e+08 9.932317624083664143e+00
8.269471160000000000e+08 9.927977590507019556e+00
8.271845650000000000e+08 9.925938502407117170e+00
8.274210400000000000e+08 9.930308139412085566e+00
8.276596010000000000e+08 9.943477152372091510e+00
8.278966880000000000e+08 9.936508477253005012e+00
8.281332460000000000e+08 9.933584671636785046e+00
8.283704520000000000e+08 9.933577963912542330e+00
8.286094020000000000e+08 9.927355520900793096e+00
8.288486970000000000e+08 9.924958921582343052e+00
8.290865330000000000e+08 9.922196844519268311e+00
8.293236580000000000e+08 9.918567244767640290e+00
8.295620560000000000e+08 9.916510403224346959e+00
8.297966040000000000e+08 9.924224510285217349e+00
8.300378540000000000e+08 9.925192762296939364e+00
8.302734240000000000e+08 9.925094445579349056e+00
8.305105950000000000e+08 9.927208592411489008e+00
8.307456910000000000e+08 9.924551317715184950e+00
8.309820750000000000e+08 9.921606573275656871e+00
8.312168080000000000e+08 9.916969750816837958e+00
8.314528900000000000e+08 9.917627753766332432e+00
8.316888320000000000e+08 9.923537379198529962e+00
8.319267260000000000e+08 9.927104436452289349e+00
8.321629040000000000e+08 9.923660462351259426e+00
8.323979090000000000e+08 9.924179175947314135e+00
8.326356100000000000e+08 9.924706727342076817e+00
8.328710260000000000e+08 9.923143755729714854e+00
8.331084870000000000e+08 9.916707864231771197e+00
8.333493030000000000e+08 9.914569918421975103e+00
8.335836790000000000e+08 9.912683573085162791e+00
8.338184500000000000e+08 9.914620990248250720e+00
8.340534400000000000e+08 9.913728813967004783e+00
8.342948150000000000e+08 9.919567452495938298e+00
8.345312790000000000e+08 9.918207796754789030e+00
8.347641320000000000e+08 9.920018641521728853e+00
8.350003550000000000e+08 9.928861099475016161e+00
8.352330750000000000e+08 9.924022571743041254e+00
8.354696290000000000e+08 9.929083006723816496e+00
8.357037980000000000e+08 9.925042543999101241e+00
8.359354140000000000e+08 9.922674345442594301e+00
8.361711330000000000e+08 9.923245291723901573e+00
8.364011160000000000e+08 9.921928712536317363e+00
8.366414320000000000e+08 9.916660171202014595e+00
8.368781930000000000e+08 9.908923643336388309e+00
8.371141140000000000e+08 9.909098218045858886e+00
8.373478160000000000e+08 9.900500916219851177e+00
8.375780400000000000e+08 9.902407984441857991e+00
8.378155560000000000e+08 9.907007853715141366e+00
8.380546220000000000e+08 9.907449693759815545e+00
8.382903340000000000e+08 9.910279388758647556e+00
8.385300150000000000e+08 9.912172539832360130e+00
8.387615990000000000e+08 9.907129881599022525e+00
8.389978150000000000e+08 9.905389304191253075e+00
8.392313140000000000e+08 9.908399944805870163e+00
8.394715340000000000e+08 9.904932706255584307e+00
8.397086120000000000e+08 9.901896203774624539e+00
8.399416280000000000e+08 9.894479233840717924e+00
8.401802950000000000e+08 9.903985910025680184e+00
8.404175390000000000e+08 9.905132010283214328e+00
8.406556060000000000e+08 9.901964583064893688e+00
8.408870460000000000e+08 9.893075074910701261e+00
8.411204130000000000e+08 9.891989712933533241e+00
8.413592560000000000e+08 9.894254894128264866e+00
8.415936140000000000e+08 9.896389222485931114e+00
8.418261430000000000e+08 9.899912616472603233e+00
8.420604340000000000e+08 9.901251587131161713e+00
8.422996190000000000e+08 9.901389801642032751e+00
8.425425580000000000e+08 9.899212345282903058e+00
8.427866210000000000e+08 9.898621026134772904e+00
8.430220180000000000e+08 9.895527933839986190e+00
8.432565950000000000e+08 9.891750576040617915e+00
8.434925570000000000e+08 9.892003690438572860e+00
8.437236490000000000e+08 9.889923622020177163e+00
8.439590790000000000e+08 9.902726090941241566e+00
8.441973050000000000e+08 9.914849145926208251e+00
8.444307420000000000e+08 9.926630329191727498e+00
8.446662710000000000e+08 9.920051267970086073e+00
8.449034440000000000e+08 9.912877714401368223e+00
8.451433850000000000e+08 9.911298767901726592e+00
8.453795710000000000e+08 9.904659481763271600e+00
8.456164760000000000e+08 9.906833233925292248e+00
8.458519590000000000e+08 9.907991391073563747e+00
8.460909520000000000e+08 9.909706536053507264e+00
8.463272650000000000e+08 9.906588653779891729e+00
8.465651030000000000e+08 9.900105017449631006e+00
8.468009680000000000e+08 9.895732911625762185e+00
8.470405610000000000e+08 9.891623091938788193e+00
8.472754130000000000e+08 9.889745866178515143e+00
8.475099250000000000e+08 9.893631242816615767e+00
8.477445330000000000e+08 9.891423122892261333e+00
8.479824860000000000e+08 9.884489841911905827e+00
8.482178460000000000e+08 9.878696905663916894e+00
8.484560350000000000e+08 9.874647150554695330e+00
8.486905670000000000e+08 9.874466304522266924e+00
8.489287760000000000e+08 9.879975111944819588e+00
8.491616260000000000e+08 9.878761913975598219e+00
8.493995930000000000e+08 9.879168564163338218e+00
8.496395810000000000e+08 9.877279214789268735e+00
8.498790000000000000e+08 9.878169271524617656e+00
8.501167550000000000e+08 9.878348789288740051e+00
8.503560770000000000e+08 9.875585689801541278e+00
8.505928150000000000e+08 9.873112018719467642e+00
8.508281430000000000e+08 9.866948172620029212e+00
8.510633940000000000e+08 9.859654491141068178e+00
8.512998670000000000e+08 9.857023164330616538e+00
8.515361610000000000e+08 9.852871684202773039e+00
8.517696980000000000e+08 9.848643005869199385e+00
8.520035920000000000e+08 9.844909930356655181e+00
8.522404260000000000e+08 9.844962401528675855e+00
8.524780600000000000e+08 9.842077019037557051e+00
8.527115840000000000e+08 9.843413269092025075e+00
8.529483700000000000e+08 9.833064003019384103e+00
8.531812330000000000e+08 9.833545020509898649e+00
8.534178810000000000e+08 9.828407054027437084e+00
8.536544330000000000e+08 9.827351368051035152e+00
8.538936590000000000e+08 9.837023381201337457e+00
8.541280360000000000e+08 9.830212538009410750e+00
8.543650540000000000e+08 9.826087995712970979e+00
8.546028390000000000e+08 9.818068780613202762e+00
8.548359300000000000e+08 9.817531688295121128e+00
8.550733070000000000e+08 9.819151895944090214e+00
8.553068990000000000e+08 9.821094648487758150e+00
8.555441280000000000e+08 9.820433699006342110e+00
8.557829910000000000e+08 9.815004015124717540e+00
8.560197960000000000e+08 9.822278460407368073e+00
8.562515910000000000e+08 9.818401097803205246e+00
8.564898720000000000e+08 9.818362313500928806e+00
8.567257750000000000e+08 9.814742077213848503e+00
8.569653070000000000e+08 9.817081301929057702e+00
8.572033570000000000e+08 9.819479336606677933e+00
8.574353260000000000e+08 9.820140208687801575e+00
8.576714000000000000e+08 9.821173334774858432e+00
8.579081820000000000e+08 9.818786499154631642e+00
8.581488310000000000e+08 9.822425626298651125e+00
8.583876070000000000e+08 9.818334391670129335e+00
8.586210690000000000e+08 9.817061232999398257e+00
8.588599550000000000e+08 9.815329488727325469e+00
8.590967240000000000e+08 9.808797766874468138e+00
8.593306080000000000e+08 9.810914616093640461e+00
8.595686180000000000e+08 9.808147260212468410e+00
8.598043270000000000e+08 9.809487985851184533e+00
8.600385770000000000e+08 9.809833181162456839e+00
8.602739730000000000e+08 9.808763130629444049e+00
8.605139910000000000e+08 9.800944563557770550e+00
8.607500800000000000e+08 9.803133767134124099e+00
8.609895070000000000e+08 9.797744747984554081e+00
8.612247010000000000e+08 9.802074797609995116e+00
8.614637470000000000e+08 9.797443622414204967e+00
8.616999520000000000e+08 9.789811309970522402e+00
8.619434380000000000e+08 9.780684316318518867e+00
8.621797740000000000e+08 9.787892344754057561e+00
8.624186980000000000e+08 9.788066186082161835e+00
8.626608490000000000e+08 9.786064411415500430e+00
8.628929090000000000e+08 9.783127757602851915e+00
8.631329230000000000e+08 9.780997830940815874e+00
8.633670790000000000e+08 9.779363796985267143e+00
8.636013880000000000e+08 9.770335737260719355e+00
8.638375190000000000e+08 9.767399665947310794e+00
8.640752560000000000e+08 9.763813647271899043e+00
8.643112120000000000e+08 9.765087323583351520e+00
8.645488270000000000e+08 9.760773640407332863e+00
8.647808290000000000e+08 9.758532919483432266e+00
8.650145630000000000e+08 9.756463407659101250e+00
8.652525170000000000e+08 9.758664040902083059e+00
8.654940020000000000e+08 9.754285578116398625e+00
8.657301520000000000e+08 9.756512471752699867e+00
8.659707270000000000e+08 9.754209593734529449e+00
8.662060700000000000e+08 9.745475065828093975e+00
8.664397820000000000e+08 9.743686569270694875e+00
8.666755420000000000e+08 9.744237934019384539e+00
8.669087400000000000e+08 9.746911631375580143e+00
8.671452370000000000e+08 9.744950327897340614e+00
8.673786150000000000e+08 9.752424684480343942e+00
8.676139320000000000e+08 9.753076573915537395e+00
8.678512000000000000e+08 9.744698609817188384e+00
8.680877940000000000e+08 9.749135523236516221e+00
8.683206360000000000e+08 9.734905129519459521e+00
8.685598620000000000e+08 9.733437041080069463e+00
8.688006880000000000e+08 9.731304170283193500e+00
8.690371490000000000e+08 9.730828799311034061e+00
8.692715210000000000e+08 9.721151965126781036e+00
8.695070470000000000e+08 9.721570726119228567e+00
8.697383500000000000e+08 9.721480556305294840e+00
8.699742080000000000e+08 9.712409156172924440e+00
8.702132430000000000e+08 9.708066260803173364e+00
8.704527790000000000e+08 9.706536031332930747e+00
8.706868710000000000e+08 9.710085885306325437e+00
8.709201950000000000e+08 9.703843137245195649e+00
8.711549100000000000e+08 9.701669570936209297e+00
8.713920840000000000e+08 9.701564543231485871e+00
8.716306630000000000e+08 9.702098640666532603e+00
8.718726030000000000e+08 9.700366849169874683e+00
8.721056050000000000e+08 9.703462264010443761e+00
8.723451990000000000e+08 9.701825802181591740e+00
8.725838860000000000e+08 9.699512616803371401e+00
8.728201080000000000e+08 9.705849879906217836e+00
8.730579720000000000e+08 9.707412826401515815e+00
8.732922480000000000e+08 9.703080909240080487e+00
8.735284250000000000e+08 9.701595640631531126e+00
8.737658350000000000e+08 9.699625405797117850e+00
8.739987620000000000e+08 9.698255025677262608e+00
8.742334610000000000e+08 9.711225051380816709e+00
8.744714630000000000e+08 9.708033401844383903e+00
8.747138690000000000e+08 9.711246791425759639e+00
8.749535750000000000e+08 9.712775725935475890e+00
8.751867850000000000e+08 9.719413679647722404e+00
8.754219380000000000e+08 9.721569850729725459e+00
8.756614750000000000e+08 9.721338402977988125e+00
8.758993230000000000e+08 9.717967111937674929e+00
8.761395600000000000e+08 9.715613660581382760e+00
8.763706250000000000e+08 9.713953173932072360e+00
8.766047270000000000e+08 9.712559467193301543e+00
8.768440120000000000e+08 9.709531766270547593e+00
8.770794340000000000e+08 9.708088446741552247e+00
8.773146100000000000e+08 9.705695707215099333e+00
8.775524100000000000e+08 9.708765504325519657e+00
8.777909000000000000e+08 9.705801873239893851e+00
8.780287940000000000e+08 9.701314591688495526e+00
8.782653790000000000e+08 9.701205628553505989e+00
8.784983230000000000e+08 9.702607612703415541e+00
8.787341370000000000e+08 9.702266907147839348e+00
8.789706810000000000e+08 9.696176701439569001e+00
8.792079650000000000e+08 9.696482793219713514e+00
8.794413400000000000e+08 9.690264315527077343e+00
8.796802590000000000e+08 9.689241914504597375e+00
8.799247760000000000e+08 9.686778756219222686e+00
8.801602390000000000e+08 9.682900813587979272e+00
8.803992290000000000e+08 9.681285290738740557e+00
8.806350760000000000e+08 9.677758436943138420e+00
8.808716280000000000e+08 9.679932498004976793e+00
8.811105820000000000e+08 9.683778778961372069e+00
8.813499420000000000e+08 9.682919606283785896e+00
8.815857710000000000e+08 9.685789228083571345e+00
8.818202390000000000e+08 9.681800746146224768e+00
8.820586270000000000e+08 9.673356159603995863e+00
8.822953790000000000e+08 9.679965485648084567e+00
8.825344340000000000e+08 9.679491111907417178e+00
8.827693290000000000e+08 9.682327232184979593e+00
8.830102500000000000e+08 9.681736145749285427e+00
8.832447920000000000e+08 9.685824674922415056e+00
8.834872850000000000e+08 9.681368496054254535e+00
8.837208830000000000e+08 9.688934137902501575e+00
8.839538750000000000e+08 9.683863079056866496e+00
8.841948860000000000e+08 9.687940454060623097e+00
8.844299720000000000e+08 9.680492452356732613e+00
8.846703980000000000e+08 9.677642142608855025e+00
8.849074060000000000e+08 9.678860505416000848e+00
8.851429950000000000e+08 9.676040256758223990e+00
8.853793310000000000e+08 9.678549309270753298e+00
8.856155340000000000e+08 9.672064146724416389e+00
8.858557290000000000e+08 9.668484888428496404e+00
8.860922420000000000e+08 9.668527234332550790e+00
8.863302530000000000e+08 9.674099467039738443e+00
8.865655550000000000e+08 9.672257809039621179e+00
8.868014470000000000e+08 9.669250686542049777e+00
8.870389280000000000e+08 9.675913191901287291e+00
8.872783810000000000e+08 9.678310794612251300e+00
8.875163880000000000e+08 9.677098844759909113e+00
8.877559290000000000e+08 9.678476637244695979e+00
8.879905740000000000e+08 9.669671272580735888e+00
8.882257520000000000e+08 9.665628970519414054e+00
8.884670990000000000e+08 9.658058380397285703e+00
8.887072690000000000e+08 9.656682826186925084e+00
8.889421820000000000e+08 9.654182322304887265e+00
8.891751450000000000e+08 9.653868233049429648e+00
8.894137560000000000e+08 9.653077027712571478e+00
8.896516880000000000e+08 9.649598824693706334e+00
8.898878550000000000e+08 9.648972104401059013e+00
8.901218970000000000e+08 9.648054967579751562e+00
8.903588730000000000e+08 9.649600276038936997e+00
8.905938410000000000e+08 9.642770888530467488e+00
8.908330710000000000e+08 9.640184863937676596e+00
8.910718070000000000e+08 9.637645082758821147e+00
8.913092880000000000e+08 9.637866627416784127e+00
8.915529470000000000e+08 9.637861194909135065e+00
8.917912870000000000e+08 9.642816917131019849e+00
8.920239460000000000e+08 9.644366286146182077e+00
8.922607090000000000e+08 9.647569162820419209e+00
8.924938930000000000e+08 9.649270758826320460e+00
8.927309930000000000e+08 9.641080356999422563e+00
8.929698070000000000e+08 9.639516850388369917e+00
8.932061630000000000e+08 9.632949139498899527e+00
8.934511950000000000e+08 9.632398801270698030e+00
8.936875730000000000e+08 9.628774087436884344e+00
8.939207110000000000e+08 9.624847663783709706e+00
8.941582290000000000e+08 9.628999058757125695e+00
8.943973010000000000e+08 9.623961656746750748e+00
8.946406010000000000e+08 9.627962281429750746e+00
8.948760610000000000e+08 9.627294485742728725e+00
8.951119700000000000e+08 9.623806627671694258e+00
8.953524480000000000e+08 9.625115139018010524e+00
8.955925190000000000e+08 9.614760674003811403e+00
8.958299510000000000e+08 9.609990853562395685e+00
8.960673430000000000e+08 9.607162837597268634e+00
8.963054040000000000e+08 9.608899562593839150e+00
8.965404240000000000e+08 9.615014717356462626e+00
8.967761870000000000e+08 9.607050572382160425e+00
8.970131540000000000e+08 9.604041072771096310e+00
8.972518420000000000e+08 9.608216007720809415e+00
8.974896890000000000e+08 9.611977199789235371e+00
8.977270270000000000e+08 9.611251003442761842e+00
8.979653480000000000e+08 9.614978868622239716e+00
8.982042210000000000e+08 9.612618719302828296e+00
8.984423750000000000e+08 9.612706699561856638e+00
8.986822040000000000e+08 9.608245713869500548e+00
8.989205480000000000e+08 9.604337189494856375e+00
8.991571590000000000e+08 9.600712962822774088e+00
8.993937880000000000e+08 9.599918227096654988e+00
8.996284970000000000e+08 9.598135827030924716e+00
8.998714520000000000e+08 9.598437272940373077e+00
9.001109510000000000e+08 9.592686205530480237e+00
9.003455140000000000e+08 9.591865050094421363e+00
9.005823820000000000e+08 9.587120835171482724e+00
9.008224060000000000e+08 9.586183835485931226e+00
9.010630420000000000e+08 9.581074578968681976e+00
9.013046820000000000e+08 9.586188866291585953e+00
9.015386980000000000e+08 9.587037800843123847e+00
9.017721740000000000e+08 9.588600206270596615e+00
9.020095150000000000e+08 9.589253175497608694e+00
9.022460680000000000e+08 9.585825395728296172e+00
9.024835140000000000e+08 9.587053136156987065e+00
9.027190990000000000e+08 9.582667418493921119e+00
9.029537620000000000e+08 9.582182448688332244e+00
9.031858030000000000e+08 9.578706013314091550e+00
9.034231110000000000e+08 9.575427063314641885e+00
9.036601780000000000e+08 9.578162873766451924e+00
9.038966980000000000e+08 9.571600414044201699e+00
9.041345050000000000e+08 9.570343001063852384e+00
9.043729560000000000e+08 9.572979659830743060e+00
9.046083990000000000e+08 9.571304797803808384e+00
9.048462870000000000e+08 9.572540898348322003e+00
9.050823880000000000e+08 9.574285049175944806e+00
9.053191370000000000e+08 9.569369636817558700e+00
9.055562090000000000e+08 9.572334324992038290e+00
9.057973180000000000e+08 9.573636919333372575e+00
9.060341820000000000e+08 9.581273633716532956e+00
9.062690380000000000e+08 9.576133051977025801e+00
9.065063010000000000e+08 9.569140544557797057e+00
9.067376970000000000e+08 9.565731153052055902e+00
9.069764910000000000e+08 9.563374394388610256e+00
9.072144850000000000e+08 9.563441305586740881e+00
9.074498380000000000e+08 9.559370674492475572e+00
9.076891470000000000e+08 9.561102928233767173e+00
9.079283070000000000e+08 9.557261493960462317e+00
9.081666860000000000e+08 9.551002174222258390e+00
9.084009300000000000e+08 9.551478378924128876e+00
9.086386230000000000e+08 9.537450614065487997e+00
9.088769000000000000e+08 9.537909161853580287e+00
9.091123120000000000e+08 9.544623117549873470e+00
9.093524090000000000e+08 9.543952565480651629e+00
9.095881530000000000e+08 9.539367622031564409e+00
9.098272230000000000e+08 9.539683240714490253e+00
9.100678630000000000e+08 9.537288550859404523e+00
9.103039210000000000e+08 9.536369728498561571e+00
9.105407390000000000e+08 9.540051376066347899e+00
9.107769300000000000e+08 9.539814105138280098e+00
9.110113200000000000e+08 9.545491113856300558e+00
9.112513310000000000e+08 9.544544036718558999e+00
9.114879810000000000e+08 9.545797041222966683e+00
9.117223930000000000e+08 9.543630358393029312e+00
9.119600980000000000e+08 9.536965271420207557e+00
9.121937120000000000e+08 9.537826038149182395e+00
9.124274380000000000e+08 9.531782478243549406e+00
9.126687880000000000e+08 9.533394980041810740e+00
9.129063700000000000e+08 9.534861532812753282e+00
9.131391840000000000e+08 9.525966075120670951e+00
9.133809410000000000e+08 9.524948724660967869e+00
9.136155110000000000e+08 9.527619268050038670e+00
9.138538190000000000e+08 9.533907355483124846e+00
9.140943590000000000e+08 9.537651049809115378e+00
9.143289120000000000e+08 9.533070053315380932e+00
9.145645450000000000e+08 9.533642264023292512e+00
9.148023170000000000e+08 9.533874318071623222e+00
9.150392610000000000e+08 9.528496772118076663e+00
9.152775990000000000e+08 9.531086670037227648e+00
9.155104700000000000e+08 9.528178136445438540e+00
9.157486510000000000e+08 9.525154626034462169e+00
9.159886300000000000e+08 9.527146315058079296e+00
9.162216870000000000e+08 9.529400918131640807e+00
9.164595950000000000e+08 9.530540855635711850e+00
9.166941200000000000e+08 9.532498676522520142e+00
9.169365590000000000e+08 9.526840672461284854e+00
9.171708270000000000e+08 9.521004846251788223e+00
9.174079110000000000e+08 9.519197906902229889e+00
9.176454570000000000e+08 9.517773500047763235e+00
9.178836020000000000e+08 9.518958769285351451e+00
9.181168700000000000e+08 9.511786473814144216e+00
9.183550110000000000e+08 9.508762166993710352e+00
9.185900930000000000e+08 9.507394629572260669e+00
9.188250690000000000e+08 9.507852320658384926e+00
9.190590840000000000e+08 9.513526843283864665e+00
9.192951240000000000e+08 9.513158717940262576e+00
9.195318920000000000e+08 9.516304510468513556e+00
9.197662880000000000e+08 9.507793634283732587e+00
9.200030380000000000e+08 9.501147983192499424e+00
9.202411820000000000e+08 9.500896516030477912e+00
9.204762670000000000e+08 9.499162165997764973e+00
9.207102060000000000e+08 9.495437547250757504e+00
9.209477030000000000e+08 9.491187078124319498e+00
9.211851450000000000e+08 9.487790042998538453e+00
9.214262780000000000e+08 9.485762565603765850e+00
9.216672720000000000e+08 9.488241932542546664e+00
9.219029500000000000e+08 9.488132238218447867e+00
9.221399910000000000e+08 9.489425288821038862e+00
9.223759140000000000e+08 9.482176469146883946e+00
9.226120550000000000e+08 9.482850779541221797e+00
9.228514050000000000e+08 9.484764734388056340e+00
9.230903660000000000e+08 9.487193751975457445e+00
9.233271240000000000e+08 9.482843626328635978e+00
9.235639120000000000e+08 9.485385076752979927e+00
9.237979680000000000e+08 9.485747883246894219e+00
9.240321360000000000e+08 9.483248742719446511e+00
9.242654820000000000e+08 9.481958290130140909e+00
9.245016320000000000e+08 9.489125417771788307e+00
9.247437610000000000e+08 9.481844881957837146e+00
9.249790930000000000e+08 9.480368333176022233e+00
9.252192570000000000e+08 9.476811438590390324e+00
9.254549880000000000e+08 9.472719576200427483e+00
9.256925080000000000e+08 9.467769918682892083e+00
9.259239140000000000e+08 9.467054256611952212e+00
9.261593280000000000e+08 9.468100567736085438e+00
9.263995410000000000e+08 9.458812970712580537e+00
9.266359030000000000e+08 9.453388478514602511e+00
9.268693490000000000e+08 9.454875588193734970e+00
9.271077790000000000e+08 9.453789441045598707e+00
9.273439520000000000e+08 9.457998449203918412e+00
9.275769580000000000e+08 9.457243545121686523e+00
9.278180810000000000e+08 9.462292232202578646e+00
9.280548270000000000e+08 9.467770222769765098e+00
9.282925070000000000e+08 9.468591115285246218e+00
9.285322370000000000e+08 9.461642991078631937e+00
9.287684140000000000e+08 9.465951142869428736e+00
9.290018700000000000e+08 9.470756612533159924e+00
9.292389410000000000e+08 9.471285142428737203e+00
9.294756420000000000e+08 9.476066364509987849e+00
9.297123850000000000e+08 9.473886315176272888e+00
9.299498480000000000e+08 9.472996101286275561e+00
9.301838470000000000e+08 9.466937060872142595e+00
9.304224770000000000e+08 9.459970040336539654e+00
9.306565680000000000e+08 9.457205487240846864e+00
9.308930110000000000e+08 9.464173025575078668e+00
9.311326470000000000e+08 9.460820616051183407e+00
9.313723050000000000e+08 9.464636884897780433e+00
9.316119150000000000e+08 9.468351497787852011e+00
9.318519410000000000e+08 9.470690727347609084e+00
9.320837180000000000e+08 9.472722539794654395e+00
9.323231000000000000e+08 9.473884808035062832e+00
9.325564260000000000e+08 9.478531644750260554e+00
9.327878410000000000e+08 9.474335583633610725e+00
9.330231580000000000e+08 9.476243468929851588e+00
9.332554020000000000e+08 9.477181648684636528e+00
9.334897910000000000e+08 9.473504967315371061e+00
9.337319460000000000e+08 9.473032717828667515e+00
9.339684510000000000e+08 9.471851489493323228e+00
9.342062290000000000e+08 9.469421746163916964e+00
9.344425480000000000e+08 9.463206513543378051e+00
9.346759380000000000e+08 9.463951711400595102e+00
9.349081000000000000e+08 9.468065994271974262e+00
9.351482620000000000e+08 9.469160866254290099e+00
9.353845170000000000e+08 9.470657104450742381e+00
9.356231430000000000e+08 9.469408437796923650e+00
9.358590790000000000e+08 9.469384450166106859e+00
9.360982480000000000e+08 9.461745418060733215e+00
9.363393750000000000e+08 9.467599672837774705e+00
9.365743500000000000e+08 9.469036116080543408e+00
9.368114670000000000e+08 9.464839836993967026e+00
9.370457720000000000e+08 9.460635332025967514e+00
9.372803600000000000e+08 9.454950631925118643e+00
9.375191520000000000e+08 9.452075522544529207e+00
9.377587360000000000e+08 9.453601549599772724e+00
9.379990170000000000e+08 9.444780440842317049e+00
9.382331390000000000e+08 9.445877576429783318e+00
9.384692930000000000e+08 9.439544407691329297e+00
9.387054280000000000e+08 9.437804010811344568e+00
9.389473240000000000e+08 9.433981718699280705e+00
9.391883500000000000e+08 9.437870124723282572e+00
9.394262170000000000e+08 9.441766948306788976e+00
9.396657680000000000e+08 9.443243745427476910e+00
9.399081930000000000e+08 9.444032794121719476e+00
9.401484090000000000e+08 9.441405086166142269e+00
9.403902760000000000e+08 9.443117754662715413e+00
9.406253510000000000e+08 9.443108677482037194e+00
9.408638890000000000e+08 9.446248339061469323e+00
9.411001030000000000e+08 9.446971110140120587e+00
9.413351140000000000e+08 9.444676858752265147e+00
9.415654980000000000e+08 9.441103838933749159e+00
9.418086530000000000e+08 9.443964164271937634e+00
9.420427490000000000e+08 9.446299721275067895e+00
9.422789820000000000e+08 9.445563372208891195e+00
9.425125520000000000e+08 9.446495844577396994e+00
9.427492460000000000e+08 9.441753606369104546e+00
9.429802330000000000e+08 9.436428727138222783e+00
9.432188480000000000e+08 9.428044275016796760e+00
9.434561100000000000e+08 9.426203578967413677e+00
9.436897970000000000e+08 9.422599644041939726e+00
9.439239130000000000e+08 9.417148336870321046e+00
9.441606420000000000e+08 9.412783947791426797e+00
9.443970970000000000e+08 9.411386984809631429e+00
9.446360920000000000e+08 9.415032775192498704e+00
9.448748030000000000e+08 9.413421857608025078e+00
9.451100040000000000e+08 9.411932890594593815e+00
9.453468300000000000e+08 9.404966087860625379e+00
9.455773600000000000e+08 9.394300988847275491e+00
9.458158830000000000e+08 9.392761647319707308e+00
9.460526970000000000e+08 9.392557439838759237e+00
9.462883460000000000e+08 9.387378236863677117e+00
9.465311280000000000e+08 9.389027962160341190e+00
9.467660490000000000e+08 9.385580247738754878e+00
9.470057200000000000e+08 9.387143592288339278e+00
9.472469660000000000e+08 9.390392452186167915e+00
9.474842110000000000e+08 9.388277768941652113e+00
9.477205220000000000e+08 9.383150072298512612e+00
9.479547360000000000e+08 9.377686527230579827e+00
9.481928490000000000e+08 9.376407638725586580e+00
9.484338940000000000e+08 9.366139005277405616e+00
9.486725540000000000e+08 9.363546936967260592e+00
9.489120900000000000e+08 9.361143794188926393e+00
9.491460710000000000e+08 9.359240046526245749e+00
9.493830510000000000e+08 9.358631023717487452e+00
9.496157360000000000e+08 9.362918327727117074e+00
9.498494530000000000e+08 9.361913146949536468e+00
9.500852020000000000e+08 9.357852044914180212e+00
9.503206880000000000e+08 9.358397174454090361e+00
9.505551570000000000e+08 9.363024171665713880e+00
9.507924740000000000e+08 9.363515598148383745e+00
9.510269070000000000e+08 9.366665386733934895e+00
9.512613680000000000e+08 9.367510960438629297e+00
9.514954950000000000e+08 9.365762308882660037e+00
9.517269100000000000e+08 9.367712043313057180e+00
9.519607520000000000e+08 9.365971147415631748e+00
9.521976900000000000e+08 9.376737738217558515e+00
9.524309780000000000e+08 9.378398116688492436e+00
9.526719030000000000e+08 9.381124668948572776e+00
9.529105780000000000e+08 9.385909132779651998e+00
9.531494450000000000e+08 9.385834588966567082e+00
9.533872090000000000e+08 9.387435957636785844e+00
9.536259990000000000e+08 9.383311318602457263e+00
9.538630140000000000e+08 9.392049602578401490e+00
9.541013640000000000e+08 9.387825759387835589e+00
9.543387170000000000e+08 9.390455318224221415e+00
9.545739770000000000e+08 9.391685799176498151e+00
9.548088440000000000e+08 9.390470839725958641e+00
9.550430510000000000e+08 9.383552655991046265e+00
9.552852870000000000e+08 9.386910303071918094e+00
9.555171550000000000e+08 9.391123295551901506e+00
9.557580040000000000e+08 9.383660227946068133e+00
9.559912800000000000e+08 9.388214047374033200e+00
9.562310220000000000e+08 9.384282065705006559e+00
9.564723650000000000e+08 9.394624802414137221e+00
9.567083170000000000e+08 9.385223208441084708e+00
9.569473520000000000e+08 9.384219658568603961e+00
9.571868220000000000e+08 9.384866986248717069e+00
9.574226950000000000e+08 9.385745230677610351e+00
9.576558120000000000e+08 9.384358772518298863e+00
9.578926590000000000e+08 9.391053062201077495e+00
9.581281270000000000e+08 9.391331972202593192e+00
9.583626380000000000e+08 9.392822130854968421e+00
9.586012230000000000e+08 9.388048556746504403e+00
9.588331570000000000e+08 9.395517621270503383e+00
9.590688060000000000e+08 9.391270738351881420e+00
9.593072150000000000e+08 9.386153856166025378e+00
9.595428390000000000e+08 9.387032883323355392e+00
9.597768310000000000e+08 9.389042055632017991e+00
9.600131890000000000e+08 9.399100143373281924e+00
9.602517880000000000e+08 9.400308191378945466e+00
9.604871900000000000e+08 9.403263601918318670e+00
9.607210550000000000e+08 9.403643938544160363e+00
9.609611920000000000e+08 9.404279463357550384e+00
9.611996450000000000e+08 9.401245864690732645e+00
9.614363060000000000e+08 9.407626033956628220e+00
9.616708940000000000e+08 9.403049070714082802e+00
9.619100690000000000e+08 9.404042552573422142e+00
9.621443950000000000e+08 9.409333466349021791e+00
9.623832490000000000e+08 9.404592148807946472e+00
9.626177480000000000e+08 9.398148502024236350e+00
9.628542790000000000e+08 9.385108648218183802e+00
9.630893000000000000e+08 9.387229334168255335e+00
9.633290380000000000e+08 9.381954302914037314e+00
9.635665440000000000e+08 9.383062732440974330e+00
9.638009650000000000e+08 9.377251905307032231e+00
9.640372950000000000e+08 9.379692371930701711e+00
9.642737610000000000e+08 9.377697079349067266e+00
9.645084310000000000e+08 9.372038776457738862e+00
9.647436110000000000e+08 9.366085940886664574e+00
9.649828990000000000e+08 9.366121067237724418e+00
9.652200130000000000e+08 9.363139179538002566e+00
9.654630620000000000e+08 9.363339380392345035e+00
9.657027460000000000e+08 9.363520509187024388e+00
9.659431820000000000e+08 9.364453114085733887e+00
9.661799320000000000e+08 9.363750209960505444e+00
9.664191720000000000e+08 9.354112008354636743e+00
9.666548870000000000e+08 9.356614806871940360e+00
9.668919270000000000e+08 9.356413083553265508e+00
9.671267190000000000e+08 9.362505444565263346e+00
9.673693980000000000e+08 9.359154488904547264e+00
9.676056750000000000e+08 9.351697827530554008e+00
9.678416660000000000e+08 9.351474759008862492e+00
9.680766300000000000e+08 9.351668753536820589e+00
9.683106960000000000e+08 9.358324603541506193e+00
9.685443360000000000e+08 9.358725952881133736e+00
9.687862970000000000e+08 9.357071711139942849e+00
9.690237050000000000e+08 9.359077428550106603e+00
9.692600210000000000e+08 9.356715763217557935e+00
9.695028980000000000e+08 9.350460243873293109e+00
9.697440440000000000e+08 9.344785990588540869e+00
9.699783580000000000e+08 9.340766792089786108e+00
9.702189710000000000e+08 9.339430005537673551e+00
9.704558520000000000e+08 9.345199675611105761e+00
9.706992240000000000e+08 9.343008298999796679e+00
9.709330390000000000e+08 9.340694120804259981e+00
9.711674940000000000e+08 9.340666443186609769e+00
9.714027450000000000e+08 9.330262133182879225e+00
9.716439640000000000e+08 9.330901550546077061e+00
9.718799460000000000e+08 9.326655239633433681e+00
9.721155460000000000e+08 9.335084357230879704e+00
9.723538190000000000e+08 9.337371641581665216e+00
9.725917170000000000e+08 9.340017104142123827e+00
9.728328400000000000e+08 9.338472002922729942e+00
9.730715210000000000e+08 9.343527636877221099e+00
9.733089770000000000e+08 9.344453196761310920e+00
9.735447700000000000e+08 9.340954282282918797e+00
9.737804550000000000e+08 9.338769993930974067e+00
9.740130270000000000e+08 9.340050229699897955e+00
9.742504570000000000e+08 9.338753830412201751e+00
9.744853490000000000e+08 9.336918956727263463e+00
9.747210720000000000e+08 9.334664499006697369e+00
9.749583060000000000e+08 9.338376586972042759e+00
9.751966580000000000e+08 9.338267995755501261e+00
9.754298710000000000e+08 9.346992275571233577e+00
9.756689410000000000e+08 9.355050616963124455e+00
9.759075460000000000e+08 9.357465178702431885e+00
9.761419390000000000e+08 9.355718351869860783e+00
9.763749400000000000e+08 9.352878962226194304e+00
9.766102560000000000e+08 9.357626613968005103e+00
9.768509710000000000e+08 9.358956908256782725e+00
9.770871810000000000e+08 9.360941047752767474e+00
9.773236640000000000e+08 9.364434241613221133e+00
9.775589450000000000e+08 9.356164326603192194e+00
9.777960490000000000e+08 9.347416447845816379e+00
9.780357960000000000e+08 9.351251440427150285e+00
9.782725430000000000e+08 9.353152320734471559e+00
9.785114200000000000e+08 9.355968342524219494e+00
9.787482290000000000e+08 9.347797813612208628e+00
9.789853330000000000e+08 9.343768910085914925e+00
9.792206670000000000e+08 9.341545845753781663e+00
9.794563700000000000e+08 9.342945381934237403e+00
9.796898930000000000e+08 9.347824502830158977e+00
9.799230660000000000e+08 9.346682013752364071e+00
9.801654070000000000e+08 9.342388678821119896e+00
9.804055040000000000e+08 9.338074106585734668e+00
9.806426020000000000e+08 9.343964154589460946e+00
9.808811930000000000e+08 9.340531052648426424e+00
9.811167650000000000e+08 9.337113169773385124e+00
9.813539770000000000e+08 9.334717754611906670e+00
9.815945840000000000e+08 9.334578042502011286e+00
9.818256840000000000e+08 9.331725655752217463e+00
9.820670940000000000e+08 9.330316837432230059e+00
9.823090030000000000e+08 9.327906664330679831e+00
9.825490840000000000e+08 9.322051213720694562e+00
9.827866260000000000e+08 9.319434134424598781e+00
9.830218200000000000e+08 9.323560063281174592e+00
9.832629420000000000e+08 9.327674557766396646e+00
9.835049880000000000e+08 9.329251621834627528e+00
9.837425740000000000e+08 9.328913053319592308e+00
9.839768160000000000e+08 9.330339497332612808e+00
9.842169780000000000e+08 9.323597801589166068e+00
9.844564430000000000e+08 9.325035797059953779e+00
9.846944260000000000e+08 9.323908507637939991e+00
9.849283880000000000e+08 9.317897278934658800e+00
9.851618390000000000e+08 9.311671192226466331e+00
9.853979810000000000e+08 9.312914379310960555e+00
9.856369900000000000e+08 9.310556388969480679e+00
9.858769080000000000e+08 9.306377044870631110e+00
9.861137190000000000e+08 9.299885961413934865e+00
9.863545270000000000e+08 9.308202211823083161e+00
9.865901610000000000e+08 9.307206915754198562e+00
9.868270620000000000e+08 9.309993568968803146e+00
9.870638540000000000e+08 9.312726836777109440e+00
9.873006250000000000e+08 9.315480999979936172e+00
9.875357880000000000e+08 9.315612714283634688e+00
9.877731100000000000e+08 9.315066078476849754e+00
9.880096760000000000e+08 9.314450349005577223e+00
9.882441530000000000e+08 9.314515791110167697e+00
9.884803550000000000e+08 9.320859307890088985e+00
9.887110810000000000e+08 9.325863388428318856e+00
9.889482950000000000e+08 9.329032726169231182e+00
9.891912790000000000e+08 9.325814468340949404e+00
9.894244990000000000e+08 9.325687221440009722e+00
9.896593030000000000e+08 9.321888032154637571e+00
9.898965940000000000e+08 9.328375552241260138e+00
9.901324390000000000e+08 9.338742242279931105e+00
9.903662300000000000e+08 9.337545563761070255e+00
9.906092310000000000e+08 9.337937312546218394e+00
9.908529240000000000e+08 9.339236241153463070e+00
9.910878260000000000e+08 9.334953849548949023e+00
9.913231600000000000e+08 9.338778640700702738e+00
9.915601960000000000e+08 9.346350310320236332e+00
9.917998450000000000e+08 9.344658985995081935e+00
9.920391470000000000e+08 9.338623156153046168e+00
9.922727600000000000e+08 9.342547890446599723e+00
9.925098120000000000e+08 9.343196630418635351e+00
9.927449490000000000e+08 9.342803328419437392e+00
9.929778150000000000e+08 9.339284755268126403e+00
9.932139860000000000e+08 9.337770911063874024e+00
9.934513840000000000e+08 9.330996657146076956e+00
9.936863920000000000e+08 9.331580756203752713e+00
9.939173360000000000e+08 9.337267559062395250e+00
9.941497630000000000e+08 9.342185130773204449e+00
9.943882770000000000e+08 9.342301695697535990e+00
9.946244460000000000e+08 9.347441197829546411e+00
9.948592570000000000e+08 9.347740319456812941e+00
9.950947200000000000e+08 9.358347182452718016e+00
9.953299730000000000e+08 9.358955855437745441e+00
9.955642050000000000e+08 9.355300947568215619e+00
9.958003550000000000e+08 9.350950259887335747e+00
9.960377430000000000e+08 9.355597874884535869e+00
9.962751160000000000e+08 9.354347498924408200e+00
9.965144470000000000e+08 9.344593793293826778e+00
9.967519980000000000e+08 9.350841602227344396e+00
9.969843960000000000e+08 9.347607024908995754e+00
9.972216720000000000e+08 9.347577860822067208e+00
9.974557360000000000e+08 9.342876573455829003e+00
9.976917010000000000e+08 9.347952028235368971e+00
9.979282100000000000e+08 9.353888673230258632e+00
9.981652040000000000e+08 9.348822757844274633e+00
9.984010340000000000e+08 9.353603935219835463e+00
9.986385760000000000e+08 9.346611537370701939e+00
9.988763420000000000e+08 9.349019895819406401e+00
9.991146570000000000e+08 9.345485883479353717e+00
9.993484480000000000e+08 9.352901121376241633e+00
9.995883920000000000e+08 9.352126987259396174e+00
9.998260590000000000e+08 9.351035628641611197e+00
1.000068106000000000e+09 9.355704761202256137e+00
1.000304579000000000e+09 9.345322444200341749e+00
1.000543541000000000e+09 9.343451459948621363e+00
1.000778240000000000e+09 9.347186753481004473e+00
1.001017183000000000e+09 9.339409399781565924e+00
1.001253286000000000e+09 9.339463807023898667e+00
1.001493079000000000e+09 9.334215070713721474e+00
1.001726817000000000e+09 9.336640048409581283e+00
1.001963284000000000e+09 9.339436583047588059e+00
1.002199513000000000e+09 9.340422349464846619e+00
1.002436383000000000e+09 9.330425005521675530e+00
1.002670896000000000e+09 9.326104988324356526e+00
1.002910271000000000e+09 9.329028008151528439e+00
1.003147634000000000e+09 9.331925012624182614e+00
1.003384416000000000e+09 9.334379558429844792e+00
1.003619750000000000e+09 9.338660517738674116e+00
1.003855825000000000e+09 9.332324932607146906e+00
1.004093091000000000e+09 9.328761696719439556e+00
1.004328506000000000e+09 9.333906689854257976e+00
1.004571569000000000e+09 9.335321518002677621e+00
1.004811951000000000e+09 9.337215354154810854e+00
1.005051121000000000e+09 9.336199031962705064e+00
1.005285842000000000e+09 9.341198767839582473e+00
1.005520290000000000e+09 9.335645110010096559e+00
1.005762339000000000e+09 9.345001599800863090e+00
1.005992694000000000e+09 9.348707877780373821e+00
1.006228998000000000e+09 9.352269543629764925e+00
1.006465099000000000e+09 9.356454372135512898e+00
1.006703227000000000e+09 9.364984410052620944e+00
1.006940849000000000e+09 9.356926358814162015e+00
1.007182412000000000e+09 9.350006568238134363e+00
1.007419691000000000e+09 9.343216871599542728e+00
1.007657536000000000e+09 9.341331905245237266e+00
1.007896153000000000e+09 9.337351663499731558e+00
1.008133443000000000e+09 9.336355767345690282e+00
1.008371726000000000e+09 9.336246744775150930e+00
1.008609011000000000e+09 9.338871291048372214e+00
1.008844387000000000e+09 9.335957872157557347e+00
1.009080481000000000e+09 9.339194020965065235e+00
1.009321087000000000e+09 9.342059851689427319e+00
1.009561945000000000e+09 9.335896365994255319e+00
1.009802258000000000e+09 9.330767004968508971e+00
1.010040962000000000e+09 9.329267315411625461e+00
1.010278434000000000e+09 9.343000151864593761e+00
1.010523013000000000e+09 9.343250491841656569e+00
1.010759303000000000e+09 9.344237913572154497e+00
1.010998496000000000e+09 9.340234162902619985e+00
1.011237125000000000e+09 9.341543118000480206e+00
1.011471671000000000e+09 9.336889032238104846e+00
1.011713468000000000e+09 9.329298404987209636e+00
1.011948810000000000e+09 9.333120912767247646e+00
1.012181435000000000e+09 9.330440122233008893e+00
1.012419171000000000e+09 9.325720580532070869e+00
1.012655814000000000e+09 9.317587106237567696e+00
1.012893590000000000e+09 9.315993180175823341e+00
1.013127136000000000e+09 9.319554631926466826e+00
1.013363694000000000e+09 9.321280186307571824e+00
1.013604676000000000e+09 9.325343643862094467e+00
1.013841604000000000e+09 9.321575818903397703e+00
1.014075881000000000e+09 9.310425073931325457e+00
1.014310895000000000e+09 9.309004703871805120e+00
1.014544560000000000e+09 9.310279359125683385e+00
1.014777438000000000e+09 9.318151843074790719e+00
1.015014423000000000e+09 9.316892376641122908e+00
1.015250850000000000e+09 9.316835331741890158e+00
1.015490381000000000e+09 9.316717448481078634e+00
1.015729550000000000e+09 9.317773024021544614e+00
1.015966135000000000e+09 9.322512596007394237e+00
1.016199912000000000e+09 9.322518486029634843e+00
1.016436906000000000e+09 9.323070428297890899e+00
1.016673925000000000e+09 9.318488872142639323e+00
1.016913686000000000e+09 9.323790669732034075e+00
1.017149017000000000e+09 9.325430597178709036e+00
1.017389921000000000e+09 9.323657734189401580e+00
1.017626798000000000e+09 9.312686337890868415e+00
1.017866191000000000e+09 9.312757137367354332e+00
1.018102139000000000e+09 9.308601517675306525e+00
1.018343705000000000e+09 9.303320382795035925e+00
1.018580321000000000e+09 9.300970368210817796e+00
1.018815570000000000e+09 9.294561689851976283e+00
1.019049033000000000e+09 9.283572745989552288e+00
1.019285837000000000e+09 9.275276457154539855e+00
1.019527446000000000e+09 9.276789050285868754e+00
1.019767321000000000e+09 9.271512449879809381e+00
1.020004744000000000e+09 9.262093787962545122e+00
1.020241710000000000e+09 9.268579591395743833e+00
1.020476015000000000e+09 9.257592034339683806e+00
1.020714779000000000e+09 9.260217650206019613e+00
1.020950418000000000e+09 9.257130128632121924e+00
1.021184395000000000e+09 9.252266857354735308e+00
1.021425420000000000e+09 9.247555799416243616e+00
1.021661853000000000e+09 9.250461520654608805e+00
1.021899192000000000e+09 9.253972498554684734e+00
1.022136676000000000e+09 9.247378457058442081e+00
1.022374102000000000e+09 9.247194022857133433e+00
1.022609388000000000e+09 9.250457232302705890e+00
1.022844515000000000e+09 9.249582945761442687e+00
1.023084696000000000e+09 9.249487663343618493e+00
1.023320328000000000e+09 9.245180568786365072e+00
1.023557257000000000e+09 9.248219486684320145e+00
1.023797638000000000e+09 9.245511535063448250e+00
1.024031468000000000e+09 9.240982645053076538e+00
1.024266486000000000e+09 9.248741643107880606e+00
1.024502854000000000e+09 9.245925934353625308e+00
1.024741738000000000e+09 9.246814025372344759e+00
1.024979844000000000e+09 9.247858023115274051e+00
1.025217382000000000e+09 9.249576906140791976e+00
1.025457643000000000e+09 9.243681256056634155e+00
1.025693767000000000e+09 9.243545641148976699e+00
1.025926893000000000e+09 9.246595349903705241e+00
1.026166073000000000e+09 9.247728719090812177e+00
1.026405729000000000e+09 9.245735396717346788e+00
1.026643442000000000e+09 9.244874206841354081e+00
1.026883974000000000e+09 9.243172933499264943e+00
1.027125380000000000e+09 9.251532040185416861e+00
1.027357281000000000e+09 9.247753020417206926e+00
1.027592567000000000e+09 9.244224667072487023e+00
1.027823208000000000e+09 9.243412499992496478e+00
1.028060695000000000e+09 9.236059082154358890e+00
1.028295929000000000e+09 9.233285519692421062e+00
1.028531369000000000e+09 9.234562995790312812e+00
1.028768035000000000e+09 9.227602669256953050e+00
1.029003416000000000e+09 9.230399534222657465e+00
1.029238929000000000e+09 9.230949256356190347e+00
1.029473041000000000e+09 9.223949340015147769e+00
1.029708372000000000e+09 9.225676192935489794e+00
1.029948081000000000e+09 9.227011184811686917e+00
1.030186963000000000e+09 9.224760171771780648e+00
1.030424004000000000e+09 9.233315448894552802e+00
1.030662990000000000e+09 9.227430052184008247e+00
1.030896065000000000e+09 9.231640092567094058e+00
1.031133795000000000e+09 9.228176525364657934e+00
1.031376582000000000e+09 9.225228835510625558e+00
1.031612210000000000e+09 9.227555305141310171e+00
1.031844154000000000e+09 9.220583375988942620e+00
1.032084641000000000e+09 9.219635425360998227e+00
1.032320787000000000e+09 9.221256387308050861e+00
1.032560609000000000e+09 9.213777773530434700e+00
1.032795453000000000e+09 9.208826109021622131e+00
1.033032892000000000e+09 9.204408549975187981e+00
1.033269123000000000e+09 9.201844855784592880e+00
1.033507708000000000e+09 9.197920393397302163e+00
1.033745081000000000e+09 9.196335789660851745e+00
1.033985446000000000e+09 9.194264046977222549e+00
1.034219588000000000e+09 9.194339281619043902e+00
1.034460664000000000e+09 9.192655686070395404e+00
1.034696087000000000e+09 9.193991243401855584e+00
1.034933916000000000e+09 9.198593169743823239e+00
1.035175053000000000e+09 9.194998842817540208e+00
1.035413168000000000e+09 9.190646371857443597e+00
1.035648355000000000e+09 9.195718824408425363e+00
1.035886237000000000e+09 9.200655589603091045e+00
1.036125759000000000e+09 9.207917241617835202e+00
1.036364404000000000e+09 9.204004428375705871e+00
1.036599083000000000e+09 9.207263755764138580e+00
1.036835980000000000e+09 9.211933702461140072e+00
1.037069641000000000e+09 9.209507052342244648e+00
1.037309384000000000e+09 9.205689689690943922e+00
1.037546829000000000e+09 9.212665451036086139e+00
1.037786244000000000e+09 9.215945183703350807e+00
1.038022445000000000e+09 9.211091028518401558e+00
1.038255593000000000e+09 9.206796811896776234e+00
1.038495172000000000e+09 9.206117860140706100e+00
1.038730439000000000e+09 9.205490142542537058e+00
1.038963427000000000e+09 9.207646331400196615e+00
1.039199080000000000e+09 9.211911645517515623e+00
1.039436634000000000e+09 9.222564287634293478e+00
1.039672502000000000e+09 9.224013334712836354e+00
1.039907939000000000e+09 9.220616530511483333e+00
1.040141391000000000e+09 9.222109138662025529e+00
1.040377528000000000e+09 9.220264952581516127e+00
1.040614335000000000e+09 9.213940643352810156e+00
1.040850232000000000e+09 9.215120185402680519e+00
1.041089190000000000e+09 9.215510537323266860e+00
1.041322694000000000e+09 9.210669826170548191e+00
1.041561588000000000e+09 9.210773880031728922e+00
1.041800142000000000e+09 9.212367847092433948e+00
1.042039691000000000e+09 9.207221317774823888e+00
1.042277304000000000e+09 9.201562776902438401e+00
1.042518766000000000e+09 9.195730738446687980e+00
1.042757087000000000e+09 9.203264838893765898e+00
1.042991879000000000e+09 9.200521201675236682e+00
1.043230447000000000e+09 9.203233468435879416e+00
1.043464479000000000e+09 9.209330954800517333e+00
1.043702658000000000e+09 9.203803740549258094e+00
1.043942736000000000e+09 9.205590852403457092e+00
1.044178686000000000e+09 9.199118390012635871e+00
1.044415704000000000e+09 9.190860257102345443e+00
1.044652154000000000e+09 9.190257885107468994e+00
1.044888678000000000e+09 9.183326458410542514e+00
1.045125173000000000e+09 9.182458957695230239e+00
1.045361009000000000e+09 9.186861616613880344e+00
1.045602401000000000e+09 9.187548660168987524e+00
1.045838180000000000e+09 9.186596534462905694e+00
1.046078453000000000e+09 9.193492445047697359e+00
1.046319759000000000e+09 9.197036719875573141e+00
1.046550820000000000e+09 9.196289222577151534e+00
1.046788040000000000e+09 9.194843292811640367e+00
1.047030740000000000e+09 9.191180359205453954e+00
1.047265163000000000e+09 9.189745076664733503e+00
1.047504146000000000e+09 9.188980043457240399e+00
1.047744333000000000e+09 9.182344433020301011e+00
1.047980089000000000e+09 9.177744907767014126e+00
1.048212177000000000e+09 9.178728513408685785e+00
1.048444938000000000e+09 9.176597956993663985e+00
1.048681746000000000e+09 9.177697130331875286e+00
1.048919333000000000e+09 9.174657665345868907e+00
1.049157035000000000e+09 9.180237275835377631e+00
1.049393759000000000e+09 9.182468647865839273e+00
1.049633797000000000e+09 9.185483146570133428e+00
1.049874043000000000e+09 9.188406878521281129e+00
1.050111739000000000e+09 9.190058938076854034e+00
1.050351950000000000e+09 9.190956408730251326e+00
1.050585660000000000e+09 9.189671365843491202e+00
1.050821024000000000e+09 9.187997706505209194e+00
1.051057264000000000e+09 9.186899763394379193e+00
1.051292304000000000e+09 9.183659997419216126e+00
1.051529580000000000e+09 9.182325733638732501e+00
1.051766211000000000e+09 9.182441068257487515e+00
1.052001196000000000e+09 9.181265676223485883e+00
1.052236993000000000e+09 9.181366744922993206e+00
1.052474282000000000e+09 9.180557827486273581e+00
1.052712186000000000e+09 9.183893410459893047e+00
1.052953447000000000e+09 9.179834393085315014e+00
1.053195476000000000e+09 9.176027000103783138e+00
1.053427166000000000e+09 9.179527774303711141e+00
1.053663819000000000e+09 9.179206146737133309e+00
1.053900419000000000e+09 9.174414255239328853e+00
1.054133934000000000e+09 9.176983646019122531e+00
1.054370032000000000e+09 9.171509102157324733e+00
1.054603135000000000e+09 9.171711517040836981e+00
1.054846740000000000e+09 9.165477611852605122e+00
1.055082793000000000e+09 9.163808969758333589e+00
1.055320342000000000e+09 9.164531309489388988e+00
1.055556213000000000e+09 9.160169537318626709e+00
1.055797698000000000e+09 9.151948628503632222e+00
1.056032380000000000e+09 9.149191419203251741e+00
1.056268753000000000e+09 9.143299197836512349e+00
1.056502663000000000e+09 9.144807733382105397e+00
1.056741294000000000e+09 9.150222108606074656e+00
1.056975032000000000e+09 9.147731929911627091e+00
1.057215739000000000e+09 9.145228238494329531e+00
1.057448243000000000e+09 9.146295498028033322e+00
1.057685532000000000e+09 9.147899761354956638e+00
1.057920886000000000e+09 9.146722889446056826e+00
1.058152076000000000e+09 9.149374426880207523e+00
1.058387251000000000e+09 9.143455867243456936e+00
1.058624317000000000e+09 9.142316970484060334e+00
1.058862367000000000e+09 9.144696348304689693e+00
1.059101301000000000e+09 9.145386313824488411e+00
1.059338447000000000e+09 9.149302528240502497e+00
1.059570608000000000e+09 9.146114588442992854e+00
1.059809127000000000e+09 9.145167450143134147e+00
1.060050083000000000e+09 9.146557075504681222e+00
1.060287002000000000e+09 9.141739029038420838e+00
1.060525833000000000e+09 9.144951624923129074e+00
1.060760735000000000e+09 9.141551461232015896e+00
1.060998660000000000e+09 9.135364454883985630e+00
1.061233716000000000e+09 9.134375061555202180e+00
1.061470803000000000e+09 9.133859600546237800e+00
1.061703955000000000e+09 9.126356808974147583e+00
1.061943019000000000e+09 9.122073384758238035e+00
1.062175132000000000e+09 9.121959248462049530e+00
1.062411588000000000e+09 9.129413586430217720e+00
1.062650512000000000e+09 9.130882102634959807e+00
1.062885828000000000e+09 9.137172902630567251e+00
1.063122295000000000e+09 9.133116591451054589e+00
1.063363998000000000e+09 9.138755681156935040e+00
1.063597400000000000e+09 9.131935220968346201e+00
1.063831941000000000e+09 9.137397088314836324e+00
1.064068888000000000e+09 9.131903476386487029e+00
1.064308540000000000e+09 9.134284135107986202e+00
1.064544030000000000e+09 9.131381037308271331e+00
1.064779444000000000e+09 9.134968480986884742e+00
1.065018642000000000e+09 9.130840388063587554e+00
1.065252773000000000e+09 9.122622603123955898e+00
1.065489798000000000e+09 9.123453715400913211e+00
1.065725927000000000e+09 9.120851553447263171e+00
1.065955498000000000e+09 9.120448530331358938e+00
1.066194929000000000e+09 9.123415469793533461e+00
1.066432092000000000e+09 9.125497023329614876e+00
1.066668488000000000e+09 9.121751899147241716e+00
1.066901327000000000e+09 9.121548697708963260e+00
1.067141024000000000e+09 9.119845967766922357e+00
1.067372825000000000e+09 9.116535062533978717e+00
1.067612894000000000e+09 9.117606851005845670e+00
1.067844216000000000e+09 9.117816761519108582e+00
1.068086328000000000e+09 9.123310773716919897e+00
1.068324585000000000e+09 9.131189787777804767e+00
1.068557267000000000e+09 9.124969541069578582e+00
1.068794790000000000e+09 9.122668782492569406e+00
1.069034696000000000e+09 9.122261410385387848e+00
1.069268060000000000e+09 9.128517593039868316e+00
1.069511336000000000e+09 9.119515099851239981e+00
1.069748309000000000e+09 9.124168638835977063e+00
1.069983345000000000e+09 9.121025317216224337e+00
1.070217786000000000e+09 9.124114336421659033e+00
1.070453162000000000e+09 9.124786891787373122e+00
1.070686450000000000e+09 9.124342223050597056e+00
1.070929159000000000e+09 9.120560909128476723e+00
1.071168121000000000e+09 9.119870246496681432e+00
1.071407017000000000e+09 9.117277014614030506e+00
1.071638887000000000e+09 9.111301392636997676e+00
1.071875019000000000e+09 9.110813278428182116e+00
1.072107541000000000e+09 9.116648247830205776e+00
1.072348909000000000e+09 9.118797495707070766e+00
1.072586473000000000e+09 9.115806423312449169e+00
1.072821386000000000e+09 9.120999967922198692e+00
1.073056218000000000e+09 9.114706363892182139e+00
1.073295140000000000e+09 9.116788542182163724e+00
1.073527715000000000e+09 9.114607450527824284e+00
1.073760916000000000e+09 9.110679614066430787e+00
1.073995202000000000e+09 9.109140629641503395e+00
1.074233929000000000e+09 9.112378855554901236e+00
1.074472533000000000e+09 9.104479471030739290e+00
1.074708335000000000e+09 9.114548590985315002e+00
1.074943704000000000e+09 9.114427429861848395e+00
1.075180743000000000e+09 9.113531770789672137e+00
1.075414655000000000e+09 9.103672480122041222e+00
1.075652756000000000e+09 9.102028787292644196e+00
1.075892332000000000e+09 9.098311234587921348e+00
1.076123717000000000e+09 9.101127346419703557e+00
1.076362834000000000e+09 9.097075098388879510e+00
1.076602351000000000e+09 9.105146115843936627e+00
1.076844000000000000e+09 9.107223207517414210e+00
1.077081068000000000e+09 9.105374879499292362e+00
1.077318598000000000e+09 9.099698383660603795e+00
1.077557815000000000e+09 9.108401515576655783e+00
1.077795245000000000e+09 9.110312598756809876e+00
1.078035883000000000e+09 9.111184412607949312e+00
1.078274927000000000e+09 9.104690549085759699e+00
1.078517745000000000e+09 9.101028185052658870e+00
1.078756844000000000e+09 9.104469391829073999e+00
1.078989484000000000e+09 9.102890964160204490e+00
1.079225226000000000e+09 9.102247562934902447e+00
1.079462606000000000e+09 9.101202508724176354e+00
1.079703395000000000e+09 9.096841606803678815e+00
1.079938873000000000e+09 9.099455775822884007e+00
1.080177049000000000e+09 9.099358285088451126e+00
1.080413484000000000e+09 9.089503924669978474e+00
1.080655177000000000e+09 9.085348595767545277e+00
1.080892848000000000e+09 9.086027252545241240e+00
1.081134587000000000e+09 9.081924420995804326e+00
1.081374465000000000e+09 9.082486039860292237e+00
1.081612436000000000e+09 9.071621700563923696e+00
1.081848394000000000e+09 9.069129807382990904e+00
1.082085262000000000e+09 9.076288507232955993e+00
1.082320872000000000e+09 9.070733910175590609e+00
1.082558015000000000e+09 9.071312218775542391e+00
1.082795579000000000e+09 9.065347609196194867e+00
1.083032921000000000e+09 9.068294799234873693e+00
1.083265572000000000e+09 9.064676951290966400e+00
1.083501417000000000e+09 9.065771300104085384e+00
1.083737560000000000e+09 9.061369378854475798e+00
1.083978540000000000e+09 9.066409178482409459e+00
1.084213844000000000e+09 9.068424420265326802e+00
1.084448016000000000e+09 9.066045878434035643e+00
1.084682368000000000e+09 9.063671207651621486e+00
1.084922089000000000e+09 9.058656451143221489e+00
1.085158452000000000e+09 9.057140119418884083e+00
1.085392909000000000e+09 9.057857614063863139e+00
1.085633434000000000e+09 9.070362138330049007e+00
1.085874041000000000e+09 9.071442222592374094e+00
1.086112198000000000e+09 9.066512782529230208e+00
1.086349023000000000e+09 9.063399259699368216e+00
1.086584781000000000e+09 9.060267550367953504e+00
1.086820301000000000e+09 9.056976796883768444e+00
1.087058222000000000e+09 9.055260326692563311e+00
1.087291953000000000e+09 9.058853898288543149e+00
1.087527979000000000e+09 9.058896703593331878e+00
1.087765024000000000e+09 9.054366796696353248e+00
1.088001784000000000e+09 9.054308034674305006e+00
1.088237842000000000e+09 9.057928123565353928e+00
1.088473605000000000e+09 9.053339752669128160e+00
1.088711982000000000e+09 9.060228313698777569e+00
1.088947381000000000e+09 9.056076657157198895e+00
1.089185509000000000e+09 9.053578697010904008e+00
1.089424429000000000e+09 9.054352097027191348e+00
1.089660628000000000e+09 9.056775025336781582e+00
1.089896272000000000e+09 9.057490439232182666e+00
1.090131989000000000e+09 9.063214689292051318e+00
1.090366796000000000e+09 9.057661917676966823e+00
1.090603171000000000e+09 9.059382664750625480e+00
1.090841622000000000e+09 9.055384306190331856e+00
1.091075234000000000e+09 9.056604709123694974e+00
1.091316950000000000e+09 9.058818330249753359e+00
1.091554848000000000e+09 9.056202784093338565e+00
1.091792219000000000e+09 9.055150963262594388e+00
1.092028627000000000e+09 9.060263673510799975e+00
1.092262832000000000e+09 9.064142389390722698e+00
1.092501240000000000e+09 9.060372690580196675e+00
1.092735020000000000e+09 9.051193906970379288e+00
1.092971243000000000e+09 9.047744051099241958e+00
1.093210427000000000e+09 9.048536931677860551e+00
1.093449958000000000e+09 9.044534784356127233e+00
1.093687662000000000e+09 9.044078834774030184e+00
1.093928219000000000e+09 9.034685999771536302e+00
1.094165685000000000e+09 9.035892093618599574e+00
1.094403939000000000e+09 9.029015943151243562e+00
1.094641452000000000e+09 9.024949496620523703e+00
1.094876853000000000e+09 9.032715728346079942e+00
1.095110717000000000e+09 9.026027750557609863e+00
1.095346533000000000e+09 9.023412290147003745e+00
1.095583766000000000e+09 9.021988888026946540e+00
1.095820903000000000e+09 9.022862945943529667e+00
1.096056843000000000e+09 9.021557601862083331e+00
1.096294876000000000e+09 9.020281327565315976e+00
1.096536178000000000e+09 9.014742253816750761e+00
1.096775384000000000e+09 9.014964362264436204e+00
1.097008090000000000e+09 9.013129924460828946e+00
1.097247778000000000e+09 9.018224284415557790e+00
1.097485938000000000e+09 9.035263353644474194e+00
1.097716803000000000e+09 9.029889252791535981e+00
1.097959086000000000e+09 9.022606586448301158e+00
1.098199747000000000e+09 9.018544948116467452e+00
1.098437330000000000e+09 9.019629613329342988e+00
1.098673811000000000e+09 9.020608234287513127e+00
1.098913810000000000e+09 9.026487456284126409e+00
1.099149318000000000e+09 9.023067181707936868e+00
1.099383160000000000e+09 9.021634646070673114e+00
1.099620472000000000e+09 9.023615053881629322e+00
1.099854371000000000e+09 9.024074661577728307e+00
1.100087005000000000e+09 9.021986777030278404e+00
1.100324038000000000e+09 9.023207730192273957e+00
1.100559363000000000e+09 9.023471501325689204e+00
1.100796764000000000e+09 9.030270986199813166e+00
1.101035375000000000e+09 9.030181943530118716e+00
1.101272002000000000e+09 9.028505930776132615e+00
1.101509278000000000e+09 9.029707832776164622e+00
1.101746945000000000e+09 9.029761260312779925e+00
1.101984342000000000e+09 9.022004548309938698e+00
1.102220165000000000e+09 9.024675924111908998e+00
1.102459699000000000e+09 9.018010217599616851e+00
1.102695132000000000e+09 9.016198751208806428e+00
1.102930697000000000e+09 9.019590520967255998e+00
1.103167004000000000e+09 9.018710180331012793e+00
1.103400468000000000e+09 9.018324848046786357e+00
1.103639481000000000e+09 9.016700117914430379e+00
1.103878686000000000e+09 9.022869405654164510e+00
1.104113124000000000e+09 9.021459736427750897e+00
1.104350369000000000e+09 9.027903193708995744e+00
1.104586350000000000e+09 9.030896355948097920e+00
1.104825153000000000e+09 9.040714688443831193e+00
1.105063785000000000e+09 9.038911951645101084e+00
1.105302988000000000e+09 9.029102556361547016e+00
1.105542391000000000e+09 9.031113446114606091e+00
1.105778023000000000e+09 9.030688124738976086e+00
1.106018404000000000e+09 9.021413305510089131e+00
1.106254492000000000e+09 9.014114692456324462e+00
1.106489363000000000e+09 9.016321735777871993e+00
1.106721240000000000e+09 9.016317716307590047e+00
1.106961578000000000e+09 9.020819526149125522e+00
1.107196969000000000e+09 9.019162941228424657e+00
1.107433516000000000e+09 9.016256099328078477e+00
1.107668518000000000e+09 9.015570309699061369e+00
1.107905497000000000e+09 9.011875962970011145e+00
1.108142084000000000e+09 9.008432581191827992e+00
1.108377381000000000e+09 9.005194334923643851e+00
1.108615974000000000e+09 9.002805549243156236e+00
1.108850714000000000e+09 9.006472947852234512e+00
1.109087488000000000e+09 9.007808903328664130e+00
1.109319286000000000e+09 9.005629972815130557e+00
1.109555034000000000e+09 9.005576468075412677e+00
1.109791772000000000e+09 9.007797108981634437e+00
1.110025978000000000e+09 9.000471556839560350e+00
1.110265418000000000e+09 8.997043796287844231e+00
1.110498676000000000e+09 8.992459455992449335e+00
1.110738058000000000e+09 8.995211399578204592e+00
1.110973424000000000e+09 8.987493549725542152e+00
1.111211719000000000e+09 8.992343703778624686e+00
1.111449491000000000e+09 8.987756867437479258e+00
1.111688858000000000e+09 8.987081534576081054e+00
1.111926805000000000e+09 8.987786138554810123e+00
1.112162064000000000e+09 8.983454628672143727e+00
1.112402914000000000e+09 9.003878707101559797e+00
1.112642612000000000e+09 8.998566287902963978e+00
1.112878448000000000e+09 8.992372571193552488e+00
1.113112251000000000e+09 8.988941132659633126e+00
1.113344754000000000e+09 8.989630684182861486e+00
1.113582212000000000e+09 8.993841048637960967e+00
1.113820924000000000e+09 8.995420881926179391e+00
1.114058088000000000e+09 8.988770838764100546e+00
1.114293058000000000e+09 8.984041399002611783e+00
1.114530209000000000e+09 8.983690603828947019e+00
1.114764761000000000e+09 8.986477771181126784e+00
1.115004629000000000e+09 8.978614881603270703e+00
1.115242126000000000e+09 8.974185284724176981e+00
1.115478601000000000e+09 8.970704051677296675e+00
1.115714164000000000e+09 8.972072238975753677e+00
1.115949941000000000e+09 8.972231901899963447e+00
1.116187684000000000e+09 8.974723103734561391e+00
1.116427728000000000e+09 8.973100918993983655e+00
1.116663822000000000e+09 8.976698645436709256e+00
1.116895809000000000e+09 8.977034965761674812e+00
1.117132313000000000e+09 8.978498646701618568e+00
1.117369398000000000e+09 8.976923765433292957e+00
1.117602663000000000e+09 8.974775415592473493e+00
1.117839889000000000e+09 8.981960065985298058e+00
1.118071506000000000e+09 8.977324527698808510e+00
1.118311874000000000e+09 8.973485383517600056e+00
1.118554458000000000e+09 8.975679883859996266e+00
1.118784047000000000e+09 8.977574844052139014e+00
1.119020497000000000e+09 8.982633902347712862e+00
1.119253616000000000e+09 8.981855586449039919e+00
1.119492215000000000e+09 8.985611667934103153e+00
1.119728072000000000e+09 8.989629505634004758e+00
1.119962110000000000e+09 8.984595839703940712e+00
1.120195168000000000e+09 8.983970420754188169e+00
1.120434272000000000e+09 8.989218791013596999e+00
1.120671263000000000e+09 8.987777425319961822e+00
1.120903664000000000e+09 8.987823940924441146e+00
1.121136974000000000e+09 8.986136084660005352e+00
1.121375405000000000e+09 8.981175041008111037e+00
1.121614151000000000e+09 8.974580744483963812e+00
1.121851686000000000e+09 8.981428380575088966e+00
1.122087785000000000e+09 8.983652439715893223e+00
1.122327001000000000e+09 8.991007260374775711e+00
1.122568655000000000e+09 8.993889486517705478e+00
1.122807160000000000e+09 8.988693126049492221e+00
1.123042991000000000e+09 8.990997699463857629e+00
1.123279275000000000e+09 8.988898265036629809e+00
1.123514949000000000e+09 8.988019115781440860e+00
1.123755290000000000e+09 8.980351909311998782e+00
1.123990462000000000e+09 8.984121485654650741e+00
1.124225831000000000e+09 8.988485735934487408e+00
1.124460913000000000e+09 8.984313167504740960e+00
1.124698860000000000e+09 8.980658530660985406e+00
1.124936675000000000e+09 8.977168079345281271e+00
1.125168114000000000e+09 8.979083319508250227e+00
1.125405321000000000e+09 8.977881405495200084e+00
1.125643551000000000e+09 8.974848270811770945e+00
1.125884387000000000e+09 8.978802875224504376e+00
1.126120163000000000e+09 8.976575984827643850e+00
1.126359804000000000e+09 8.970101613239554794e+00
1.126594218000000000e+09 8.967108053928891209e+00
1.126826267000000000e+09 8.970387331649838814e+00
1.127062559000000000e+09 8.966508803987759180e+00
1.127301133000000000e+09 8.963536695563675494e+00
1.127543217000000000e+09 8.970914969433701813e+00
1.127781367000000000e+09 8.974894628913643757e+00
1.128020308000000000e+09 8.975476895607894079e+00
1.128259241000000000e+09 8.965985208582043953e+00
1.128495567000000000e+09 8.966254253167631916e+00
1.128730851000000000e+09 8.968026301852304982e+00
1.128967402000000000e+09 8.965343387927980245e+00
1.129200652000000000e+09 8.972088488257249139e+00
1.129441055000000000e+09 8.966413741277582616e+00
1.129674728000000000e+09 8.957436098890852350e+00
1.129914006000000000e+09 8.956323948864481466e+00
1.130151982000000000e+09 8.959269796417899556e+00
1.130386194000000000e+09 8.950416520156252886e+00
1.130627205000000000e+09 8.951818285344275594e+00
1.130857780000000000e+09 8.953341437817826431e+00
1.131097495000000000e+09 8.953812647389909785e+00
1.131336566000000000e+09 8.954961503071723783e+00
1.131574626000000000e+09 8.961569173599762905e+00
1.131806030000000000e+09 8.958670137731813199e+00
1.132043113000000000e+09 8.962656937445123262e+00
1.132283017000000000e+09 8.960088498670710777e+00
1.132521444000000000e+09 8.958382102851896178e+00
1.132755298000000000e+09 8.955498283271614568e+00
1.132987800000000000e+09 8.956569924422892015e+00
1.133222535000000000e+09 8.952694336085478710e+00
1.133457302000000000e+09 8.952674081675521478e+00
1.133691286000000000e+09 8.954867048488388548e+00
1.133927174000000000e+09 8.959948512628356454e+00
1.134163359000000000e+09 8.951891096501212175e+00
1.134401091000000000e+09 8.944385871523953924e+00
1.134635071000000000e+09 8.948068238088842108e+00
1.134871871000000000e+09 8.939375135747095413e+00
1.135106328000000000e+09 8.933846798972941983e+00
1.135339966000000000e+09 8.926267774389007315e+00
1.135577350000000000e+09 8.921000404643153914e+00
1.135814353000000000e+09 8.920811024053801219e+00
1.136053160000000000e+09 8.915356952582918382e+00
1.136288679000000000e+09 8.912932894619004287e+00
1.136528407000000000e+09 8.916003617497434419e+00
1.136762376000000000e+09 8.913770888557166927e+00
1.136993775000000000e+09 8.910357526518815519e+00
1.137235222000000000e+09 8.917876189971011058e+00
1.137469900000000000e+09 8.915469634793419473e+00
1.137702118000000000e+09 8.910635355992692297e+00
1.137938386000000000e+09 8.908829016834980408e+00
1.138173721000000000e+09 8.916628837661814799e+00
1.138411208000000000e+09 8.912840167969758198e+00
1.138653507000000000e+09 8.913496648631497266e+00
1.138885553000000000e+09 8.912768518567052212e+00
1.139121419000000000e+09 8.910048251096920779e+00
1.139358160000000000e+09 8.905989663768254516e+00
1.139599448000000000e+09 8.907831227614041225e+00
1.139833566000000000e+09 8.906770480878241969e+00
1.140075448000000000e+09 8.903296591807562166e+00
1.140308248000000000e+09 8.902961680516003895e+00
1.140544168000000000e+09 8.897762142401118624e+00
1.140780022000000000e+09 8.899806998735556363e+00
1.141011927000000000e+09 8.892317371646742075e+00
1.141247890000000000e+09 8.895475024043564716e+00
1.141483664000000000e+09 8.896181536962753711e+00
1.141718457000000000e+09 8.892283856564670685e+00
1.141954938000000000e+09 8.891121432373100930e+00
1.142192958000000000e+09 8.884652057153042293e+00
1.142428327000000000e+09 8.880032183601546336e+00
1.142664757000000000e+09 8.877284743973550718e+00
1.142905416000000000e+09 8.876150702034696138e+00
1.143140505000000000e+09 8.874962086932612237e+00
1.143380224000000000e+09 8.871807220629879254e+00
1.143613071000000000e+09 8.871505480694281687e+00
1.143852420000000000e+09 8.876984535606867510e+00
1.144089619000000000e+09 8.876623821636162148e+00
1.144323753000000000e+09 8.869860217375693523e+00
1.144559903000000000e+09 8.867417950027631335e+00
1.144800383000000000e+09 8.866180811942745876e+00
1.145040145000000000e+09 8.864131366343452001e+00
1.145278116000000000e+09 8.866015299663043692e+00
1.145511879000000000e+09 8.860970683449711061e+00
1.145749761000000000e+09 8.863792449215326386e+00
1.145989164000000000e+09 8.862478433687552837e+00
1.146222090000000000e+09 8.866629616969925465e+00
1.146458100000000000e+09 8.869727094644257903e+00
1.146699304000000000e+09 8.863165971080267269e+00
1.146933494000000000e+09 8.862202817091855422e+00
1.147174632000000000e+09 8.864209505870196182e+00
1.147413117000000000e+09 8.866277991840412653e+00
1.147655136000000000e+09 8.864951045023387266e+00
1.147891614000000000e+09 8.860233974764643250e+00
1.148131693000000000e+09 8.859196255372291162e+00
1.148371447000000000e+09 8.862589405287579325e+00
1.148607198000000000e+09 8.864166618178208168e+00
1.148842970000000000e+09 8.859917097664894214e+00
1.149078906000000000e+09 8.862690872554999544e+00
1.149317694000000000e+09 8.861757000887605429e+00
1.149549712000000000e+09 8.861792472818883937e+00
1.149785705000000000e+09 8.857995714463179127e+00
1.150023702000000000e+09 8.862936916277440957e+00
1.150258482000000000e+09 8.871227857278846329e+00
1.150491890000000000e+09 8.867461119001736947e+00
1.150730009000000000e+09 8.868026295963041150e+00
1.150962284000000000e+09 8.871221883232465188e+00
1.151199074000000000e+09 8.869613228020444495e+00
1.151434625000000000e+09 8.868291342208575401e+00
1.151671721000000000e+09 8.871240238334259232e+00
1.151910468000000000e+09 8.880224921293262241e+00
1.152148423000000000e+09 8.880988065165155376e+00
1.152380045000000000e+09 8.883658272330078987e+00
1.152619822000000000e+09 8.881795690744702654e+00
1.152857883000000000e+09 8.885125970354049940e+00
1.153095328000000000e+09 8.882882407211505793e+00
1.153332650000000000e+09 8.877111147770614608e+00
1.153572770000000000e+09 8.871357219588098530e+00
1.153812096000000000e+09 8.859178147322090524e+00
1.154049752000000000e+09 8.857245306104415405e+00
1.154281930000000000e+09 8.856996819561270939e+00
1.154518917000000000e+09 8.845845496191522273e+00
1.154756259000000000e+09 8.852897061332726025e+00
1.154993977000000000e+09 8.851646532199218598e+00
1.155228469000000000e+09 8.853413579498754515e+00
1.155462609000000000e+09 8.857568569302381789e+00
1.155705814000000000e+09 8.860029601385727815e+00
1.155945031000000000e+09 8.863239178485354586e+00
1.156180233000000000e+09 8.872709914297569611e+00
1.156415728000000000e+09 8.882091352278095542e+00
1.156653450000000000e+09 8.870298037259388479e+00
1.156890841000000000e+09 8.880213150830396529e+00
1.157129528000000000e+09 8.879781708662576989e+00
1.157367755000000000e+09 8.878312259193682721e+00
1.157606613000000000e+09 8.885487723185192976e+00
1.157840291000000000e+09 8.885693128002110086e+00
1.158081984000000000e+09 8.883661871051995007e+00
1.158320143000000000e+09 8.879596974621895455e+00
1.158551781000000000e+09 8.885110460892109430e+00
1.158786574000000000e+09 8.883063349733571812e+00
1.159027415000000000e+09 8.876258021644813923e+00
1.159265517000000000e+09 8.878978891470140411e+00
1.159501670000000000e+09 8.874902885218348914e+00
1.159739226000000000e+09 8.872716318569635163e+00
1.159974570000000000e+09 8.872659334743264736e+00
1.160209922000000000e+09 8.872100116351244736e+00
1.160446069000000000e+09 8.870100909206803053e+00
1.160685201000000000e+09 8.873656151712701501e+00
1.160920741000000000e+09 8.873532868931526707e+00
1.161160760000000000e+09 8.869005740559872564e+00
1.161395325000000000e+09 8.872168756303965509e+00
1.161635125000000000e+09 8.871064030269547374e+00
1.161869566000000000e+09 8.865115207817625631e+00
1.162103680000000000e+09 8.864057666178611683e+00
1.162342158000000000e+09 8.865998629748016668e+00
1.162580612000000000e+09 8.863709250625634084e+00
1.162817593000000000e+09 8.859265944776637980e+00
1.163054967000000000e+09 8.864533212240086613e+00
1.163294325000000000e+09 8.859397215532556658e+00
1.163533562000000000e+09 8.852025099626587235e+00
1.163766580000000000e+09 8.850743859656850177e+00
1.163999851000000000e+09 8.849529213448088072e+00
1.164235091000000000e+09 8.845885903608831313e+00
1.164476439000000000e+09 8.843591938677523245e+00
1.164712962000000000e+09 8.840149512967586887e+00
1.164952920000000000e+09 8.843993623564763595e+00
1.165188080000000000e+09 8.844992456787856838e+00
1.165426530000000000e+09 8.839729557290400663e+00
1.165661849000000000e+09 8.842033928819454047e+00
1.165899364000000000e+09 8.841091759417414764e+00
1.166137173000000000e+09 8.843490903247939627e+00
1.166372358000000000e+09 8.840688681555047168e+00
1.166607400000000000e+09 8.841955584583985228e+00
1.166844379000000000e+09 8.833354334648726436e+00
1.167081328000000000e+09 8.837931876593282610e+00
1.167314387000000000e+09 8.828478071559903384e+00
1.167551396000000000e+09 8.820892978648030791e+00
1.167787291000000000e+09 8.821615844694690622e+00
1.168026552000000000e+09 8.818875888539185581e+00
1.168264433000000000e+09 8.817356282966352765e+00
1.168502425000000000e+09 8.821383827677378164e+00
1.168741187000000000e+09 8.815046710112605766e+00
1.168973470000000000e+09 8.818618458170320196e+00
1.169210306000000000e+09 8.810330401039646375e+00
1.169446584000000000e+09 8.807910552001340321e+00
1.169685619000000000e+09 8.801364149528492220e+00
1.169921118000000000e+09 8.801614736105960901e+00
1.170153333000000000e+09 8.803200372035236754e+00
1.170388856000000000e+09 8.796574160267628173e+00
1.170626853000000000e+09 8.796815658515495073e+00
1.170859151000000000e+09 8.796199847679355699e+00
1.171090250000000000e+09 8.793441694695745880e+00
1.171327531000000000e+09 8.798520694762732575e+00
1.171566868000000000e+09 8.800710105650274784e+00
1.171807440000000000e+09 8.803557703332327122e+00
1.172046250000000000e+09 8.809048777664365559e+00
1.172282781000000000e+09 8.804304926980561774e+00
1.172520777000000000e+09 8.805905180947496191e+00
1.172751204000000000e+09 8.800617941023563873e+00
1.172859996000000000e+09 8.795169487024727673e+00
