1.389110000000000000e+05 4.854126945096579107e+02 1.842684105487780926e+02
2.118950000000000000e+05 3.327667632753953626e+02 1.288897817078997434e+02
2.856550000000000000e+05 2.669801925103900544e+02 1.098096002278385157e+02
3.576570000000000000e+05 2.248324701380011845e+02 9.853689460373266229e+01
4.302570000000000000e+05 2.048518808689818513e+02 9.055340825927238768e+01
5.007920000000000000e+05 1.915344005484645038e+02 8.560334891538890645e+01
5.754100000000000000e+05 1.775602763903246171e+02 8.031616392658366976e+01
6.455080000000000000e+05 1.654705641912550789e+02 7.847835875570586950e+01
7.214920000000000000e+05 1.578921468972843059e+02 7.625154193509195011e+01
7.942820000000000000e+05 1.496985443153589017e+02 7.385615477532795126e+01
8.668490000000000000e+05 1.454440331608166161e+02 7.190754137768536225e+01
9.390840000000000000e+05 1.417579034878826008e+02 6.978992632188014511e+01
1.007479000000000000e+06 1.366960217457383919e+02 6.796487187340612479e+01
1.075097000000000000e+06 1.319567712562891302e+02 6.743005112418229885e+01
1.146599000000000000e+06 1.283854207459258703e+02 6.675971148115499432e+01
1.215428000000000000e+06 1.258094671898664956e+02 6.520601261955779648e+01
1.281402000000000000e+06 1.226433108052746519e+02 6.469069533397131977e+01
1.358428000000000000e+06 1.210515442661485537e+02 6.324924986779264202e+01
1.426763000000000000e+06 1.203783471065719795e+02 6.287287960414234078e+01
1.498127000000000000e+06 1.176703455090960801e+02 6.253872714568410629e+01
1.571617000000000000e+06 1.152311689857401120e+02 6.225543214701322370e+01
1.642983000000000000e+06 1.130986072425392308e+02 6.156048078171222926e+01
1.715012000000000000e+06 1.108483061822244053e+02 6.142265915956643596e+01
1.787376000000000000e+06 1.113006952649730579e+02 6.040050154704651675e+01
1.860310000000000000e+06 1.097413488661609620e+02 5.979530966573824458e+01
1.928759000000000000e+06 1.066272221034946028e+02 5.914700326659806251e+01
2.002223000000000000e+06 1.062075646586300053e+02 5.898667548710815112e+01
2.075380000000000000e+06 1.025283047331481185e+02 5.864850275426557147e+01
2.148151000000000000e+06 1.014714574385442347e+02 5.859129458559747405e+01
2.215900000000000000e+06 9.851654971671267447e+01 5.836636961261807954e+01
2.289314000000000000e+06 9.857255770160161035e+01 5.807045648625020107e+01
2.363948000000000000e+06 9.697993752641988863e+01 5.815353693721317541e+01
2.435952000000000000e+06 9.500657697567304183e+01 5.789907591487944671e+01
2.508528000000000000e+06 9.334741431291736546e+01 5.783441050518283078e+01
2.581917000000000000e+06 9.205016089155367354e+01 5.741338330533636736e+01
2.653468000000000000e+06 9.083193883905323673e+01 5.742466593979236222e+01
2.724364000000000000e+06 9.018248254041901646e+01 5.736153036562150476e+01
2.796493000000000000e+06 8.801667158989424422e+01 5.751239378798848634e+01
2.868166000000000000e+06 8.694612092185315078e+01 5.752406191335884955e+01
2.944401000000000000e+06 8.690798642804735152e+01 5.726617279476077016e+01
3.016903000000000000e+06 8.661151404713761792e+01 5.694425500563501430e+01
3.088439000000000000e+06 8.548970451351988231e+01 5.668006519939320498e+01
3.157890000000000000e+06 8.487125243380579320e+01 5.657597038994465777e+01
3.229496000000000000e+06 8.299419052624246262e+01 5.643722069755520465e+01
3.301042000000000000e+06 8.189246510446396599e+01 5.617544199050181675e+01
3.375877000000000000e+06 8.072824371615891437e+01 5.604192839835570084e+01
3.446641000000000000e+06 8.036157836277622835e+01 5.601372241903369087e+01
3.515960000000000000e+06 8.082919250196188443e+01 5.595463566494831298e+01
3.587895000000000000e+06 7.960161512132648909e+01 5.591518620697053876e+01
3.661000000000000000e+06 7.928281644491440261e+01 5.564836160688689404e+01
3.732134000000000000e+06 7.832475611841790908e+01 5.539838943042732922e+01
3.801819000000000000e+06 7.706905649645925394e+01 5.563089650513329332e+01
3.870941000000000000e+06 7.664509975153801236e+01 5.572570626680563777e+01
3.942522000000000000e+06 7.615616461962608241e+01 5.554802853164329690e+01
4.013223000000000000e+06 7.531103724477031847e+01 5.562390935143299231e+01
4.086636000000000000e+06 7.498789215825922838e+01 5.539077124436259680e+01
4.158925000000000000e+06 7.433480862951712709e+01 5.522006037469404305e+01
4.232325000000000000e+06 7.449735245935933392e+01 5.517171883998894799e+01
4.308196000000000000e+06 7.437916647517819513e+01 5.497878568606944327e+01
4.380257000000000000e+06 7.446757760941697768e+01 5.512081749615589388e+01
4.451156000000000000e+06 7.400368140013105744e+01 5.514713670120048050e+01
4.522842000000000000e+06 7.254681933839189867e+01 5.531272223479329853e+01
4.592997000000000000e+06 7.181809211134124382e+01 5.522444843466273312e+01
4.661862000000000000e+06 7.124234616458564062e+01 5.531192870098968939e+01
4.731740000000000000e+06 7.098462276735611454e+01 5.530688143852280092e+01
4.803243000000000000e+06 7.010793494294694028e+01 5.510799485355173744e+01
4.873790000000000000e+06 6.979313295571922993e+01 5.490350724448779829e+01
4.947143000000000000e+06 6.974082288531015195e+01 5.475622421210569968e+01
5.014360000000000000e+06 6.959865015192865201e+01 5.469206054324789079e+01
5.088232000000000000e+06 6.925195711509041985e+01 5.461611043537311616e+01
5.157532000000000000e+06 6.968427901047235196e+01 5.479561927016931122e+01
5.230002000000000000e+06 6.934560416431256158e+01 5.476853400353746082e+01
5.301769000000000000e+06 6.861068069744169406e+01 5.478759892515626007e+01
5.372704000000000000e+06 6.780058087719403659e+01 5.466616988235853825e+01
5.444940000000000000e+06 6.755242465251863848e+01 5.464076763438977480e+01
5.518585000000000000e+06 6.741789091342263873e+01 5.465018561332138347e+01
5.587545000000000000e+06 6.707415505687424684e+01 5.450768583951315804e+01
5.659991000000000000e+06 6.697444680698600905e+01 5.442503085626814396e+01
5.730187000000000000e+06 6.710368877543332644e+01 5.461924155261085190e+01
5.801786000000000000e+06 6.682719162886273523e+01 5.474049424991860491e+01
5.872705000000000000e+06 6.643432741378801154e+01 5.464075258186277750e+01
5.942669000000000000e+06 6.588018014643174070e+01 5.461573243614415674e+01
6.010688000000000000e+06 6.537389355778738320e+01 5.462082627114934752e+01
6.082295000000000000e+06 6.535101908855848762e+01 5.458004313402718566e+01
6.155527000000000000e+06 6.470588218817734116e+01 5.465030873075134821e+01
6.226226000000000000e+06 6.413825122871999440e+01 5.465722445908184568e+01
6.303415000000000000e+06 6.329953725948752208e+01 5.457748066169199319e+01
6.377932000000000000e+06 6.309689231233965501e+01 5.456759753560946535e+01
6.449876000000000000e+06 6.273822792659709791e+01 5.430572538770082502e+01
6.525502000000000000e+06 6.277163557190463195e+01 5.425258802756442122e+01
6.596124000000000000e+06 6.262306304956210568e+01 5.410808881586050489e+01
6.663929000000000000e+06 6.195277407170239314e+01 5.410577017693728408e+01
6.733868000000000000e+06 6.195011143192945724e+01 5.415138890132622862e+01
6.807240000000000000e+06 6.131834690943411204e+01 5.407858214424111765e+01
6.879295000000000000e+06 6.076872501376195146e+01 5.402300178345105763e+01
6.956148000000000000e+06 6.075141310811742557e+01 5.396503175589207757e+01
7.028866000000000000e+06 6.079838995219854070e+01 5.380065294896717631e+01
7.100513000000000000e+06 6.071878326650411140e+01 5.368426358555048949e+01
7.174422000000000000e+06 6.090029967526027121e+01 5.368933507873924782e+01
7.247638000000000000e+06 6.123145175040652077e+01 5.328316544444660963e+01
7.321029000000000000e+06 6.131833309918382469e+01 5.263282084812786366e+01
7.394447000000000000e+06 6.128558888261456161e+01 5.208831919516872233e+01
7.468362000000000000e+06 6.135832660971819763e+01 5.159401253460392667e+01
7.542173000000000000e+06 6.121299933982641051e+01 5.115928269755152513e+01
7.615458000000000000e+06 6.138502280628591024e+01 5.070390771968165211e+01
7.689104000000000000e+06 6.081875009222356709e+01 5.027520184444774998e+01
7.757917000000000000e+06 6.068154162601149437e+01 4.984106915458766451e+01
7.830216000000000000e+06 6.090317227680984047e+01 4.949742584481456475e+01
7.901202000000000000e+06 6.068944392852971959e+01 4.911633700538535408e+01
7.972959000000000000e+06 6.072568264713923725e+01 4.870322545757436927e+01
8.042484000000000000e+06 6.059716755223595896e+01 4.842433553779398636e+01
8.111585000000000000e+06 6.027136570299960283e+01 4.806021168360534546e+01
8.186162000000000000e+06 6.010871127273127712e+01 4.781324862133971720e+01
8.260708000000000000e+06 5.992255152824694164e+01 4.748313945422829363e+01
8.332002000000000000e+06 5.988297270725234256e+01 4.719778800859131707e+01
8.400128000000000000e+06 6.004636443996069062e+01 4.679772202955329874e+01
8.469590000000000000e+06 5.985103088925765036e+01 4.647156310759329756e+01
8.540386000000000000e+06 5.970497006005324181e+01 4.603999852318293051e+01
8.612106000000000000e+06 5.949778947728009371e+01 4.573251275001410932e+01
8.684994000000000000e+06 5.971328343632329450e+01 4.535990127526073223e+01
8.756279000000000000e+06 6.012051659598161280e+01 4.513939408525058639e+01
8.827611000000000000e+06 5.993607295269516300e+01 4.488417476650780458e+01
8.897431000000000000e+06 5.990777487490512243e+01 4.464662939753491600e+01
8.970133000000000000e+06 6.003304035520156390e+01 4.432872063739102941e+01
9.040875000000000000e+06 6.001421728404698541e+01 4.410071307800976825e+01
9.113440000000000000e+06 5.967909004491885128e+01 4.398171801660501501e+01
9.180764000000000000e+06 5.963264912296484255e+01 4.386003776717129909e+01
9.248718000000000000e+06 5.981699231921977855e+01 4.372568731204705728e+01
9.316717000000000000e+06 5.927711859688289309e+01 4.356848573173952133e+01
9.388970000000000000e+06 5.924710158543155103e+01 4.328094419469134380e+01
9.458533000000000000e+06 5.903602965766679489e+01 4.308784319618271041e+01
9.531021000000000000e+06 5.897675510823799527e+01 4.282184550987825844e+01
9.603471000000000000e+06 5.857993902991742630e+01 4.256379542940284466e+01
9.678531000000000000e+06 5.824060011274008275e+01 4.242458520705952196e+01
9.751312000000000000e+06 5.814642953036169359e+01 4.223926041967661149e+01
9.824941000000000000e+06 5.812456513894516519e+01 4.203880154292097870e+01
9.898202000000000000e+06 5.861024232789282706e+01 4.183033066091468299e+01
9.970219000000000000e+06 5.836842798299598911e+01 4.171596341321571089e+01
1.004049700000000000e+07 5.849649720301856348e+01 4.165163853883353795e+01
1.011185700000000000e+07 5.854431977271111265e+01 4.143409798256238474e+01
1.018480300000000000e+07 5.842725859516878018e+01 4.130279922697702233e+01
1.025535300000000000e+07 5.802779729631659933e+01 4.114829500253235040e+01
1.032624400000000000e+07 5.828147329107466845e+01 4.097221123342757920e+01
1.039869500000000000e+07 5.793456569254554722e+01 4.092443964390829336e+01
1.047089300000000000e+07 5.764639555126571935e+01 4.070313241958307060e+01
1.054168200000000000e+07 5.828777599025401912e+01 4.050703020729457648e+01
1.061341200000000000e+07 5.828716277672039325e+01 4.036283212182227942e+01
1.068614000000000000e+07 5.822542127609490592e+01 4.026765395155837268e+01
1.076114100000000000e+07 5.820184721025631092e+01 4.019901884311835971e+01
1.083332900000000000e+07 5.814100765404950977e+01 4.009638293586104396e+01
1.090513500000000000e+07 5.802821554232856016e+01 3.996325969150933588e+01
1.097391400000000000e+07 5.798416187457310400e+01 3.988598396853843298e+01
1.104316900000000000e+07 5.836508024549059570e+01 3.969926193867068775e+01
1.110964200000000000e+07 5.818254313882178508e+01 3.962974791262875840e+01
1.118504100000000000e+07 5.796978438421818680e+01 3.955429672247595363e+01
1.125548900000000000e+07 5.766524729816448769e+01 3.941308186493830590e+01
1.132733500000000000e+07 5.797428043225369265e+01 3.926913371032998867e+01
1.140054100000000000e+07 5.758483237325829407e+01 3.918946056142077339e+01
1.147439800000000000e+07 5.791841799289974091e+01 3.909964173766772433e+01
1.154397900000000000e+07 5.806196305990219031e+01 3.905436616122806015e+01
1.161459500000000000e+07 5.783697384498513117e+01 3.896203109629075101e+01
1.168573700000000000e+07 5.741811012424660987e+01 3.886322857946392162e+01
1.175616100000000000e+07 5.757237846043080509e+01 3.879097440587683110e+01
1.182656800000000000e+07 5.729482049574389180e+01 3.877197386338649210e+01
1.189733000000000000e+07 5.718469996277035960e+01 3.866583013892650911e+01
1.197042000000000000e+07 5.702035200623926414e+01 3.863012094649465666e+01
1.204403600000000000e+07 5.674815539949742771e+01 3.855351744869253139e+01
1.211487300000000000e+07 5.631715097026739159e+01 3.845652890326251594e+01
1.219046000000000000e+07 5.651389528535541729e+01 3.838239990078257335e+01
1.226273100000000000e+07 5.642651380872047184e+01 3.835079702004944835e+01
1.233503700000000000e+07 5.640703126214827279e+01 3.829484805349454746e+01
1.240830400000000000e+07 5.611140172870113929e+01 3.822614404332966132e+01
1.247895000000000000e+07 5.592269083635094518e+01 3.818894810951977092e+01
1.255042700000000000e+07 5.554347917867070805e+01 3.817250029881038387e+01
1.262445800000000000e+07 5.545869188722429044e+01 3.820468284560654837e+01
1.269579500000000000e+07 5.540438748271686364e+01 3.818233181438398560e+01
1.276607100000000000e+07 5.497479221442353747e+01 3.817492441745918796e+01
1.283804800000000000e+07 5.489860992223278657e+01 3.818759848141596791e+01
1.290968900000000000e+07 5.469754712145393682e+01 3.816185146926684979e+01
1.297865000000000000e+07 5.492702859557572026e+01 3.811761963529506403e+01
1.305282600000000000e+07 5.461007961494615159e+01 3.806186480109840176e+01
1.312409800000000000e+07 5.470172467471311961e+01 3.795270287205197235e+01
1.319441500000000000e+07 5.464159404566913025e+01 3.789025226382339895e+01
1.326435400000000000e+07 5.460340471798922124e+01 3.789715633163248043e+01
1.333528100000000000e+07 5.452506998353037915e+01 3.789666151241140568e+01
1.340403400000000000e+07 5.453477909565631165e+01 3.786662980006148871e+01
1.347857600000000000e+07 5.441829608745263158e+01 3.774830278699138120e+01
1.355326400000000000e+07 5.434764259020735722e+01 3.774841257630070857e+01
1.362540500000000000e+07 5.413128135809337493e+01 3.768009296590903290e+01
1.369855200000000000e+07 5.419949180306998926e+01 3.761288622288147110e+01
1.377285900000000000e+07 5.419658198940347660e+01 3.759166721159841273e+01
1.384588800000000000e+07 5.400940741921959898e+01 3.755733544068278462e+01
1.391306800000000000e+07 5.408638827193716025e+01 3.753023911276112301e+01
1.398318300000000000e+07 5.395316463326674494e+01 3.749653635928978446e+01
1.405840200000000000e+07 5.377150593050919269e+01 3.750544142092766009e+01
1.412723300000000000e+07 5.344207726709635864e+01 3.749475163749668383e+01
1.419863700000000000e+07 5.352921695468070595e+01 3.745964595396716845e+01
1.427055500000000000e+07 5.335807034229694068e+01 3.748704780331706843e+01
1.434324700000000000e+07 5.332052458295790132e+01 3.735455682522417220e+01
1.441366300000000000e+07 5.325070891401632167e+01 3.718050991893867518e+01
1.448696800000000000e+07 5.331520210623907019e+01 3.698461302355049440e+01
1.456015500000000000e+07 5.348450717186432968e+01 3.681680409870692472e+01
1.462923800000000000e+07 5.333507267545650876e+01 3.670133664850898469e+01
1.469800700000000000e+07 5.363251920707413234e+01 3.653691166417306846e+01
1.476815100000000000e+07 5.339568771024369198e+01 3.641078321649404614e+01
1.483959200000000000e+07 5.324504553338682911e+01 3.624439114637638681e+01
1.491111500000000000e+07 5.299760017460456396e+01 3.610207548241480424e+01
1.498373900000000000e+07 5.252911849577107972e+01 3.592494229751751789e+01
1.505295900000000000e+07 5.238024704093675865e+01 3.576993207263852526e+01
1.512362000000000000e+07 5.238591640652493453e+01 3.564820118650383307e+01
1.519459900000000000e+07 5.236290244015783202e+01 3.547284722802761081e+01
1.527039900000000000e+07 5.223248558978078648e+01 3.531581302890982244e+01
1.534592700000000000e+07 5.203282994334233535e+01 3.525794141588402653e+01
1.541854700000000000e+07 5.227042417644872785e+01 3.511994202177728397e+01
1.549158200000000000e+07 5.250103978920989078e+01 3.503544882383204140e+01
1.556607000000000000e+07 5.227807229187396842e+01 3.495116834078071122e+01
1.563502800000000000e+07 5.217668464373794990e+01 3.487024376966070349e+01
1.569992500000000000e+07 5.221990164468110862e+01 3.471655539155912606e+01
1.576998800000000000e+07 5.206958973591117967e+01 3.459953726459935552e+01
1.584407100000000000e+07 5.218900427394757457e+01 3.451521682111655309e+01
1.591422700000000000e+07 5.213707839073185824e+01 3.443258571111464761e+01
1.598903700000000000e+07 5.204002562429214862e+01 3.434472127733609170e+01
1.605830100000000000e+07 5.219717120734998161e+01 3.420215518773967034e+01
1.613236000000000000e+07 5.226271299860743369e+01 3.409796148027312057e+01
1.620858000000000000e+07 5.207734676149316755e+01 3.396958825169713236e+01
1.628217600000000000e+07 5.202222245344596274e+01 3.386793406621430336e+01
1.635568500000000000e+07 5.210491764780385893e+01 3.378209832161996218e+01
1.642816100000000000e+07 5.223943817114281529e+01 3.367465750675351188e+01
1.650555800000000000e+07 5.236926008311732517e+01 3.350152933356975637e+01
1.657614000000000000e+07 5.249078065442340346e+01 3.344415764053707818e+01
1.664696600000000000e+07 5.219453432593912368e+01 3.340977541940457485e+01
1.671739200000000000e+07 5.203432938983783629e+01 3.334430194586978047e+01
1.678938600000000000e+07 5.195445726978630319e+01 3.328964452890472359e+01
1.685948300000000000e+07 5.192360853241457619e+01 3.321918139081185473e+01
1.693233200000000000e+07 5.206296862810805948e+01 3.316178997937211648e+01
1.700027500000000000e+07 5.202195215883293145e+01 3.317342364812338218e+01
1.707343000000000000e+07 5.202724359969039369e+01 3.312641645022920045e+01
1.714461300000000000e+07 5.218197954623863666e+01 3.308808844943526850e+01
1.721743300000000000e+07 5.240640211277087701e+01 3.301715273377755722e+01
1.728577900000000000e+07 5.257018538159171328e+01 3.297408213131839716e+01
1.735982400000000000e+07 5.271150123684972755e+01 3.290086739532883087e+01
1.743605400000000000e+07 5.248237021105983757e+01 3.288191895387451780e+01
1.750598300000000000e+07 5.246870958041650823e+01 3.280009617594430438e+01
1.758062700000000000e+07 5.251484762057454247e+01 3.272438357977247847e+01
1.765154400000000000e+07 5.231097884823968514e+01 3.268900061931409340e+01
1.772191900000000000e+07 5.206404183773657479e+01 3.264901437123631212e+01
1.779501900000000000e+07 5.199798624265788760e+01 3.260027315593871577e+01
1.786867300000000000e+07 5.202279675925396418e+01 3.255606429116151190e+01
1.794133600000000000e+07 5.204860573924586475e+01 3.248132690683442547e+01
1.801142100000000000e+07 5.193615219453732834e+01 3.242004081300566298e+01
1.808120400000000000e+07 5.185871614923053130e+01 3.238968222623913107e+01
1.814862500000000000e+07 5.208228160732048195e+01 3.232904897142970668e+01
1.821773900000000000e+07 5.173297861845724555e+01 3.228585147356526619e+01
1.828517000000000000e+07 5.150113272556993138e+01 3.223928832077960038e+01
1.835550800000000000e+07 5.114081126026501067e+01 3.218227669862424989e+01
1.842686500000000000e+07 5.090838929303625093e+01 3.210156048918202032e+01
1.849604300000000000e+07 5.106412490307039320e+01 3.206396337266883023e+01
1.856543900000000000e+07 5.092315255598570189e+01 3.199237102914737463e+01
1.863754200000000000e+07 5.072369351535586190e+01 3.195814706935765415e+01
1.870701300000000000e+07 5.073261151120264145e+01 3.194621305652559329e+01
1.877867500000000000e+07 5.056217235347639871e+01 3.189996081509256598e+01
1.884993400000000000e+07 5.053279794963183491e+01 3.187399962854149749e+01
1.892392500000000000e+07 5.033203548507515990e+01 3.182049126794129634e+01
1.899688700000000000e+07 5.028334890718892325e+01 3.179027924642421254e+01
1.906933200000000000e+07 5.045271555664458418e+01 3.171007763774480992e+01
1.913572000000000000e+07 5.046720370876448669e+01 3.167217364593667384e+01
1.920915100000000000e+07 5.020630406857438288e+01 3.161726528021743476e+01
1.928120100000000000e+07 4.996335333456734418e+01 3.157870636261682051e+01
1.935189700000000000e+07 4.992830520978549913e+01 3.156070276046911260e+01
1.942398100000000000e+07 4.980274540648356663e+01 3.154121488081119296e+01
1.949512600000000000e+07 4.963688925106444572e+01 3.150980027950241080e+01
1.956590000000000000e+07 5.003590036210665914e+01 3.148349845320944951e+01
1.963855200000000000e+07 4.997554587150726491e+01 3.147700208079270112e+01
1.970824700000000000e+07 5.009633875891418597e+01 3.141538554521231319e+01
1.978000800000000000e+07 5.008726275393351557e+01 3.139173368654718033e+01
1.985169100000000000e+07 5.005695888523245429e+01 3.140065567511118516e+01
1.991972800000000000e+07 5.003640290069623120e+01 3.137891655434547289e+01
1.998882100000000000e+07 4.992501321793403690e+01 3.135820065456678307e+01
2.005697300000000000e+07 4.989812420481826649e+01 3.133253487626424771e+01
2.012528700000000000e+07 4.989866369550890113e+01 3.133845522985650334e+01
2.020004500000000000e+07 4.997462554155085712e+01 3.132831870479323300e+01
2.027342900000000000e+07 5.029417907194827109e+01 3.129606229971211917e+01
2.034277500000000000e+07 5.026829520284751851e+01 3.126579697079054654e+01
2.041408400000000000e+07 5.042281368481044268e+01 3.124364899505269833e+01
2.048496800000000000e+07 5.042040789449377058e+01 3.123120449247921826e+01
2.055573100000000000e+07 5.047569343029822875e+01 3.118491273198103997e+01
2.062966700000000000e+07 5.038669356982017433e+01 3.122172531044826727e+01
2.070144800000000000e+07 5.029345549437773144e+01 3.125928466508174708e+01
2.077426000000000000e+07 5.016608205930813824e+01 3.128828847539814006e+01
2.084287400000000000e+07 4.996931175528137459e+01 3.128466884538776327e+01
2.091688400000000000e+07 4.991927792100720040e+01 3.132018987551025546e+01
2.099210400000000000e+07 4.990885938535223687e+01 3.129256095378918445e+01
2.106247300000000000e+07 5.001127592106995223e+01 3.130966435308022255e+01
2.113644100000000000e+07 5.023277184477164781e+01 3.130770190481754511e+01
2.120637000000000000e+07 5.021450120957704399e+01 3.130271325051079145e+01
2.127871000000000000e+07 5.023987137315452145e+01 3.128893482080366795e+01
2.135116300000000000e+07 5.000686480774808729e+01 3.132680132596432898e+01
2.142510500000000000e+07 5.012004318610026843e+01 3.122613283591972433e+01
2.149691700000000000e+07 5.012499025467743508e+01 3.118312114104755750e+01
2.156922300000000000e+07 5.040318247673682350e+01 3.109014750565299678e+01
2.164134800000000000e+07 5.046025859450099915e+01 3.095850461964249689e+01
2.171655500000000000e+07 5.022715662806768933e+01 3.087647808479789546e+01
2.178961600000000000e+07 5.020966082746527093e+01 3.078552774618568932e+01
2.185865200000000000e+07 5.015392891324974300e+01 3.065514838812343967e+01
2.192987000000000000e+07 5.009389172367669829e+01 3.053323741371665179e+01
2.199967600000000000e+07 5.016932857502770560e+01 3.043209491189571025e+01
2.207174400000000000e+07 5.016448363130734833e+01 3.034075668815719951e+01
2.214259100000000000e+07 5.013025390283902283e+01 3.026309962450763891e+01
2.221323100000000000e+07 4.988603287066950287e+01 3.014787016708271850e+01
2.228544900000000000e+07 4.999790392408407058e+01 3.004662237315170259e+01
2.235806200000000000e+07 5.001925051736078842e+01 2.998138797327652583e+01
2.242830600000000000e+07 5.005836519318998512e+01 2.991775315337989127e+01
2.249571200000000000e+07 5.000289755058931007e+01 2.980972970330938310e+01
2.256861300000000000e+07 4.992467304122980210e+01 2.973684981072979028e+01
2.263802900000000000e+07 5.000666104945221946e+01 2.966960114803001858e+01
2.270522800000000000e+07 4.971491163466403407e+01 2.958974157539618233e+01
2.277969000000000000e+07 4.953252186444125016e+01 2.955527009736207944e+01
2.285462400000000000e+07 4.948747760493845504e+01 2.948454194636680725e+01
2.292427800000000000e+07 4.965563575905707694e+01 2.941833815721658851e+01
2.299731800000000000e+07 4.957389978190492030e+01 2.933896060994304378e+01
2.306850900000000000e+07 4.959851769739326244e+01 2.927446806493483678e+01
2.313811900000000000e+07 4.957237903076307362e+01 2.920891184073026636e+01
2.320948700000000000e+07 4.951033608229097638e+01 2.914957345307860592e+01
2.327628800000000000e+07 4.937496285513051220e+01 2.903143764052301279e+01
2.334735100000000000e+07 4.932780724493095903e+01 2.895312289370633962e+01
2.342085600000000000e+07 4.923710208010374600e+01 2.887994448396923630e+01
2.348648600000000000e+07 4.920011434180344878e+01 2.882391356423350004e+01
2.355465900000000000e+07 4.930836569042156725e+01 2.876537839919246053e+01
2.362628700000000000e+07 4.933954182516740872e+01 2.867558693826865124e+01
2.369963400000000000e+07 4.943329319385927789e+01 2.862034931408021876e+01
2.377193900000000000e+07 4.958430681181617672e+01 2.858985747787763643e+01
2.384307400000000000e+07 4.961802628558394446e+01 2.854358788727402185e+01
2.391568200000000000e+07 4.941566580747090143e+01 2.843564733064428296e+01
2.398547400000000000e+07 4.926009038825604591e+01 2.838308602006754455e+01
2.405556700000000000e+07 4.932488484050254129e+01 2.832700145890082055e+01
2.412801000000000000e+07 4.930470473056597314e+01 2.822413853262703753e+01
2.419808100000000000e+07 4.930089055709338197e+01 2.812473907979395449e+01
2.427385400000000000e+07 4.910534216161629928e+01 2.807701187937909282e+01
2.434903400000000000e+07 4.925722329721244108e+01 2.803833449272951128e+01
2.441837500000000000e+07 4.922831589785563011e+01 2.799787449815114471e+01
2.449089700000000000e+07 4.909870680851162206e+01 2.796494996146552126e+01
2.456459500000000000e+07 4.922394500750839796e+01 2.788767566033808620e+01
2.463794600000000000e+07 4.935010128777773275e+01 2.782503714879042533e+01
2.470908800000000000e+07 4.940686431955917612e+01 2.777604793282211659e+01
2.478203800000000000e+07 4.939485091307933118e+01 2.771922198155102279e+01
2.485141100000000000e+07 4.948405570476582227e+01 2.768628726738750956e+01
2.492064700000000000e+07 4.958973925243357428e+01 2.762233497184658049e+01
2.499096900000000000e+07 4.947751780340728800e+01 2.760246651758630065e+01
2.505866500000000000e+07 4.955481013499576193e+01 2.755953910310023502e+01
2.513059000000000000e+07 4.916236941937314953e+01 2.749593616264796481e+01
2.519993500000000000e+07 4.909443604049567256e+01 2.745104401250310033e+01
2.527056700000000000e+07 4.917662300680209597e+01 2.740239850051656845e+01
2.534168500000000000e+07 4.901700383222296864e+01 2.736073264030150654e+01
2.541664400000000000e+07 4.885178667183350854e+01 2.731557941353302965e+01
2.549281900000000000e+07 4.892355665522524788e+01 2.726476126876692518e+01
2.556319700000000000e+07 4.887057303982816592e+01 2.723164071814965226e+01
2.563449500000000000e+07 4.887391461904869061e+01 2.720818383822649977e+01
2.570523900000000000e+07 4.891057396230513632e+01 2.719403427665737283e+01
2.577593000000000000e+07 4.876505071577266648e+01 2.717951854836622161e+01
2.584624100000000000e+07 4.888602746155450518e+01 2.712032708545650905e+01
2.591599600000000000e+07 4.885984276872087406e+01 2.710064051676919661e+01
2.598863900000000000e+07 4.888568034585500754e+01 2.705467998608392222e+01
2.606013800000000000e+07 4.868030513320705666e+01 2.702741278307195927e+01
2.612961300000000000e+07 4.867848404700895770e+01 2.700406048706251028e+01
2.620111900000000000e+07 4.860448090802110954e+01 2.697666951098343446e+01
2.627133100000000000e+07 4.849722615316572671e+01 2.693660811667629673e+01
2.634269200000000000e+07 4.840408077789940222e+01 2.693355573629436961e+01
2.641384500000000000e+07 4.825060876935548748e+01 2.689250563757677526e+01
2.648652200000000000e+07 4.805078338418940120e+01 2.683638239461052066e+01
2.655224000000000000e+07 4.811920280043197806e+01 2.684227114319131857e+01
2.662571000000000000e+07 4.811911606944953235e+01 2.682126411135966393e+01
2.669797900000000000e+07 4.789490359718658397e+01 2.680937452559749445e+01
2.677137700000000000e+07 4.775112073723160222e+01 2.677513643110475527e+01
2.684564700000000000e+07 4.778620612760487063e+01 2.671962876071505733e+01
2.691923400000000000e+07 4.786060191363892358e+01 2.671576384379633140e+01
2.699273800000000000e+07 4.791540609668189177e+01 2.668779797870374182e+01
2.706092100000000000e+07 4.780953121943394990e+01 2.667503613475930280e+01
2.713454600000000000e+07 4.769712540313512505e+01 2.665033446541978179e+01
2.720394900000000000e+07 4.759550255978223277e+01 2.663715847073133602e+01
2.727603600000000000e+07 4.747985070555763798e+01 2.662187180518931839e+01
2.734987800000000000e+07 4.739862708754802867e+01 2.657826734036849814e+01
2.742348900000000000e+07 4.738574309710178767e+01 2.658059507597678817e+01
2.749937400000000000e+07 4.754548482428858591e+01 2.659241444698363210e+01
2.757037600000000000e+07 4.748695694952415636e+01 2.658424046247824180e+01
2.763964100000000000e+07 4.749313992296362841e+01 2.654345153089691323e+01
2.770760400000000000e+07 4.749801792502483266e+01 2.651429176330696436e+01
2.777857200000000000e+07 4.743204579235111140e+01 2.649039255698613005e+01
2.785056500000000000e+07 4.727677354630010598e+01 2.647477119891692610e+01
2.792399000000000000e+07 4.726014159140610360e+01 2.645700560342014285e+01
2.799829700000000000e+07 4.709623063885405969e+01 2.643556435997077614e+01
2.807387600000000000e+07 4.717338303892705653e+01 2.641330797462326530e+01
2.814399300000000000e+07 4.723645649746826081e+01 2.639599601521812033e+01
2.821431000000000000e+07 4.720471885519398114e+01 2.638779885321476115e+01
2.828255900000000000e+07 4.711570819467139870e+01 2.636440732683623978e+01
2.835649700000000000e+07 4.699875751973207372e+01 2.633819107598155185e+01
2.842716900000000000e+07 4.678503189426985642e+01 2.632456341686190626e+01
2.849844300000000000e+07 4.674768479180569614e+01 2.624702354643681090e+01
2.857039900000000000e+07 4.691478721923611062e+01 2.618074197232496658e+01
2.864310600000000000e+07 4.690210565940896714e+01 2.611360497827332949e+01
2.870950800000000000e+07 4.698449088384637662e+01 2.606431493599169613e+01
2.878355600000000000e+07 4.675775468736875951e+01 2.600912788602463621e+01
2.885561800000000000e+07 4.668980628693625334e+01 2.594336156447306507e+01
2.892967700000000000e+07 4.666106016737189321e+01 2.587124927344411418e+01
2.899871300000000000e+07 4.686024831038810134e+01 2.583402204295838445e+01
2.906980400000000000e+07 4.685588682433493091e+01 2.580383134892434072e+01
2.914283900000000000e+07 4.692445003157936156e+01 2.575976685688128853e+01
2.920922500000000000e+07 4.699708664759374699e+01 2.569406420789123757e+01
2.928388500000000000e+07 4.688781024858126045e+01 2.563528303291727184e+01
2.935469800000000000e+07 4.694182437211108549e+01 2.556203467991003109e+01
2.942422500000000000e+07 4.686082957404616423e+01 2.552860222282144065e+01
2.949491600000000000e+07 4.683230061752080786e+01 2.549866723443228622e+01
2.956438300000000000e+07 4.688313510454551647e+01 2.543038310972981364e+01
2.963457000000000000e+07 4.699424727779884847e+01 2.539050231025442272e+01
2.970250000000000000e+07 4.698284608535227136e+01 2.534703190093016900e+01
2.977499000000000000e+07 4.681043814383885859e+01 2.528937950301396498e+01
2.984716600000000000e+07 4.681954876759300532e+01 2.524601037534241144e+01
2.992118600000000000e+07 4.693198271201017491e+01 2.521257088578336436e+01
2.999181600000000000e+07 4.701395349041844440e+01 2.517591707535325085e+01
3.006311000000000000e+07 4.711994719361914008e+01 2.515179460274289980e+01
3.013462000000000000e+07 4.719717668754256579e+01 2.508847892592622486e+01
3.020678500000000000e+07 4.714986269447428668e+01 2.502838330252135535e+01
3.027781200000000000e+07 4.698161049815554691e+01 2.499123182582165725e+01
3.034706700000000000e+07 4.698482851827891693e+01 2.496138927407889341e+01
3.041689700000000000e+07 4.680727497816509697e+01 2.491435636252936803e+01
3.048681400000000000e+07 4.679139195168900756e+01 2.489117262784126794e+01
3.055647600000000000e+07 4.684572447335985146e+01 2.482729803463327656e+01
3.062899600000000000e+07 4.683945654167715844e+01 2.478413452575316356e+01
3.070017900000000000e+07 4.693089385665877700e+01 2.475323466845971510e+01
3.077069800000000000e+07 4.690670546334000335e+01 2.472838513411028671e+01
3.084119700000000000e+07 4.701529422039398298e+01 2.471072394946012096e+01
3.091200500000000000e+07 4.689631076708718638e+01 2.466317361582835233e+01
3.098349700000000000e+07 4.682301648732363475e+01 2.464435807567815928e+01
3.105999000000000000e+07 4.666246178074126050e+01 2.459966787965105439e+01
3.113589600000000000e+07 4.675093373793370688e+01 2.457482036869981101e+01
3.120761900000000000e+07 4.676254499816963772e+01 2.455909309206390034e+01
3.128037600000000000e+07 4.683606938401101871e+01 2.452419199543528450e+01
3.135149800000000000e+07 4.689327723792390401e+01 2.447528862055938959e+01
3.141908700000000000e+07 4.688247612629169225e+01 2.444235001873359181e+01
3.149048900000000000e+07 4.689631245255286274e+01 2.441249019153073974e+01
3.156004200000000000e+07 4.677096549791191649e+01 2.436929650252489665e+01
3.163042200000000000e+07 4.666603335090432125e+01 2.433882872125402841e+01
3.169827600000000000e+07 4.663378539534487288e+01 2.430173139391163062e+01
3.176926700000000000e+07 4.664403299397991987e+01 2.428643889506115272e+01
3.183836200000000000e+07 4.654023399268156425e+01 2.424243310274098562e+01
3.190769300000000000e+07 4.644585967688962569e+01 2.422053468280889277e+01
3.198362500000000000e+07 4.644596851728118736e+01 2.419644957397094132e+01
3.205654700000000000e+07 4.633772034500525194e+01 2.418647727951202597e+01
3.212954900000000000e+07 4.637597067595887523e+01 2.416567552165075128e+01
3.220130800000000000e+07 4.638162786153963424e+01 2.415296226940422031e+01
3.227308300000000000e+07 4.646376222279731394e+01 2.413088660739011360e+01
3.234722200000000000e+07 4.637715749435880497e+01 2.409778597189738036e+01
3.241863000000000000e+07 4.631019023240835253e+01 2.405231956901415913e+01
3.249221200000000000e+07 4.633712057075081248e+01 2.402344377970113243e+01
3.255991000000000000e+07 4.634769023299406143e+01 2.398211172175955497e+01
3.263062300000000000e+07 4.631966053873106404e+01 2.396431364190905455e+01
3.270453300000000000e+07 4.619496774826754404e+01 2.394480507322802865e+01
3.277491100000000000e+07 4.619310118692936129e+01 2.390837375885017480e+01
3.284913600000000000e+07 4.617426278921374205e+01 2.389020715842809395e+01
3.292188800000000000e+07 4.605863049283675537e+01 2.385737361734704720e+01
3.299408700000000000e+07 4.612256487562041229e+01 2.383734635503042298e+01
3.306636800000000000e+07 4.621928596388683985e+01 2.382902123151382057e+01
3.313718500000000000e+07 4.621854025003718647e+01 2.380327668658059537e+01
3.320556100000000000e+07 4.612294373879787202e+01 2.376613574741419654e+01
3.327711500000000000e+07 4.595011822121616518e+01 2.374643579591776898e+01
3.334560300000000000e+07 4.598729772477450695e+01 2.373000492088171143e+01
3.341495500000000000e+07 4.591264215695488105e+01 2.369616954356641259e+01
3.348728000000000000e+07 4.581693560058291581e+01 2.368531997067219663e+01
3.356132000000000000e+07 4.573040992130965776e+01 2.366844369628516631e+01
3.363148300000000000e+07 4.584370513182039986e+01 2.365992702883649912e+01
3.370253700000000000e+07 4.587582563540934899e+01 2.362683533014730841e+01
3.377684500000000000e+07 4.578397600614239593e+01 2.361653410402387365e+01
3.384850000000000000e+07 4.571008459114844413e+01 2.358551160458211982e+01
3.392097100000000000e+07 4.554745300876177794e+01 2.357422364141198656e+01
3.399075000000000000e+07 4.556470726309697028e+01 2.357520701732640234e+01
3.405892700000000000e+07 4.553741338321479759e+01 2.357456966338397919e+01
3.412704400000000000e+07 4.554789446478852000e+01 2.355696523920057217e+01
3.420325200000000000e+07 4.545031571579138330e+01 2.355133249461217204e+01
3.427551500000000000e+07 4.542358636979921016e+01 2.354041510527023462e+01
3.435085400000000000e+07 4.541725293872733005e+01 2.351725094161124474e+01
3.442501500000000000e+07 4.547576538645081712e+01 2.351103169941092474e+01
3.449462600000000000e+07 4.547292764699049883e+01 2.349768817591339953e+01
3.456888000000000000e+07 4.537837719023529814e+01 2.346893790721791007e+01
3.464210300000000000e+07 4.528032994410467182e+01 2.344838253374939896e+01
3.471735900000000000e+07 4.527321973195194715e+01 2.343458823582717443e+01
3.478888800000000000e+07 4.523782587064793859e+01 2.343288683137927109e+01
3.486418800000000000e+07 4.520520928577806785e+01 2.343534524682588938e+01
3.493232000000000000e+07 4.522815029964766609e+01 2.339702732161320853e+01
3.500552600000000000e+07 4.524305436157114713e+01 2.341312513308639254e+01
3.507903500000000000e+07 4.521201648114092819e+01 2.340967521886640768e+01
3.515157400000000000e+07 4.520477132929631381e+01 2.340707295349501393e+01
3.522255500000000000e+07 4.521039599728453595e+01 2.340683557971409812e+01
3.529618200000000000e+07 4.526204980462894412e+01 2.339947272399438205e+01
3.536734900000000000e+07 4.536591451827789001e+01 2.340239475289804361e+01
3.544214900000000000e+07 4.539132296164839886e+01 2.339449120062692700e+01
3.551402700000000000e+07 4.531143828211411773e+01 2.337241375458873449e+01
3.558197900000000000e+07 4.530515568783327751e+01 2.332612761839089899e+01
3.565498100000000000e+07 4.535508110039326368e+01 2.329365834677755487e+01
3.572623700000000000e+07 4.533182601801347289e+01 2.324847917288947485e+01
3.580165700000000000e+07 4.523363623940799982e+01 2.321377085123105033e+01
3.587180700000000000e+07 4.534422382999370171e+01 2.316501755810156737e+01
3.594354300000000000e+07 4.552793113938594161e+01 2.313298709606474546e+01
3.601458100000000000e+07 4.555379712268570813e+01 2.312095323184906093e+01
3.608341900000000000e+07 4.551785186419640183e+01 2.310569165604758268e+01
3.615458500000000000e+07 4.538020172660458940e+01 2.306607106568689858e+01
3.622643200000000000e+07 4.531648532229365856e+01 2.304182998895942092e+01
3.629797800000000000e+07 4.531153553198151229e+01 2.299494856284495725e+01
3.637367700000000000e+07 4.515541791277360062e+01 2.296211607268392285e+01
3.644284900000000000e+07 4.519755836566064033e+01 2.292422942761781357e+01
3.651226600000000000e+07 4.521291294620553458e+01 2.290617489903891624e+01
3.658428500000000000e+07 4.532845040514865076e+01 2.286424170244231391e+01
3.665612100000000000e+07 4.531235050323824964e+01 2.282825614333793496e+01
3.672799500000000000e+07 4.530472145201726164e+01 2.279241001075019568e+01
3.679833700000000000e+07 4.526259559821245659e+01 2.276883101945377064e+01
3.687271400000000000e+07 4.523001693832956249e+01 2.273787760760642485e+01
3.694449900000000000e+07 4.526987468759240585e+01 2.269079984003043648e+01
3.701282900000000000e+07 4.526353971840348578e+01 2.265327001107105787e+01
3.708613700000000000e+07 4.515330782316820546e+01 2.262210816060760976e+01
3.715781700000000000e+07 4.529444733475740748e+01 2.259320454879944862e+01
3.722835400000000000e+07 4.530667377291580067e+01 2.256515235765235872e+01
3.729852100000000000e+07 4.525583617561687788e+01 2.252708431163491198e+01
3.737038800000000000e+07 4.526765353637294709e+01 2.250377245126682624e+01
3.744018300000000000e+07 4.527000180663686990e+01 2.245968013875024738e+01
3.751394300000000000e+07 4.520825409362631575e+01 2.243248965765437219e+01
3.758537300000000000e+07 4.521025576796795775e+01 2.241337380566177373e+01
3.766082600000000000e+07 4.513575791346414690e+01 2.240072088136315998e+01
3.773052900000000000e+07 4.503983098703135823e+01 2.238115784444427092e+01
3.780342900000000000e+07 4.504362096590202214e+01 2.235333284290736344e+01
3.787471400000000000e+07 4.505181567235492679e+01 2.233994881549482159e+01
3.794462500000000000e+07 4.502452361902391686e+01 2.231290608270700204e+01
3.801694300000000000e+07 4.499849265921185548e+01 2.230053038985031577e+01
3.808926200000000000e+07 4.483631833976283332e+01 2.228068369066881615e+01
3.815865400000000000e+07 4.482485050163458595e+01 2.226143304762366171e+01
3.822870700000000000e+07 4.482127733308485062e+01 2.224464836362071196e+01
3.830191900000000000e+07 4.484563697918015635e+01 2.222068371970667400e+01
3.837015400000000000e+07 4.488945616651407988e+01 2.219706494628855609e+01
3.844322200000000000e+07 4.485625335040506911e+01 2.217338205304053389e+01
3.851490600000000000e+07 4.483261442024253540e+01 2.215537405403058813e+01
3.858506400000000000e+07 4.481239688977802871e+01 2.214654446727288217e+01
3.865767800000000000e+07 4.480830409401261250e+01 2.212123599829858378e+01
3.872554500000000000e+07 4.477676853090747500e+01 2.210028448411381063e+01
3.879817700000000000e+07 4.479579075892634421e+01 2.208268117116538320e+01
3.887009200000000000e+07 4.471445389562404671e+01 2.206769451895218026e+01
3.894026300000000000e+07 4.484970698918979792e+01 2.206561132384642576e+01
3.900793100000000000e+07 4.487520394234901744e+01 2.206515874420627554e+01
3.908006200000000000e+07 4.489035419116971326e+01 2.205406328888705048e+01
3.915218900000000000e+07 4.483453888877786397e+01 2.203876866971728177e+01
3.922390700000000000e+07 4.490945094532160198e+01 2.202594182048006033e+01
3.929874700000000000e+07 4.491478373461797702e+01 2.200147354090494645e+01
3.937274900000000000e+07 4.487508351641886151e+01 2.200944079069738635e+01
3.944558800000000000e+07 4.501537921011726695e+01 2.201579509947801583e+01
3.951897600000000000e+07 4.503071191814326824e+01 2.200694664055992078e+01
3.958997200000000000e+07 4.509853711732531423e+01 2.200082982364938999e+01
3.966013300000000000e+07 4.508090242404098547e+01 2.199107596967345302e+01
3.973473700000000000e+07 4.518268010005207458e+01 2.196558394912285550e+01
3.980712900000000000e+07 4.520353663793810028e+01 2.195526369288883117e+01
3.988292300000000000e+07 4.517718766932505758e+01 2.194572992200254902e+01
3.995745000000000000e+07 4.514928066199122725e+01 2.195777344913497231e+01
4.003179700000000000e+07 4.498882048750287055e+01 2.194897446674650610e+01
4.010229800000000000e+07 4.495768050407473027e+01 2.193243985084858139e+01
4.017534300000000000e+07 4.496886078712832102e+01 2.191529578465782535e+01
4.024797600000000000e+07 4.489382003191758486e+01 2.191080873929254125e+01
4.032024000000000000e+07 4.476184268014441869e+01 2.186698579572500023e+01
4.039213300000000000e+07 4.472103589873770346e+01 2.187538699448629487e+01
4.046272400000000000e+07 4.467718529685263462e+01 2.186848268695846542e+01
4.052790200000000000e+07 4.460972404586969731e+01 2.183917563841507814e+01
4.059735800000000000e+07 4.461734669550933319e+01 2.183624881991087463e+01
4.066961100000000000e+07 4.444922083711150407e+01 2.181200359603112204e+01
4.074016600000000000e+07 4.445011126588991601e+01 2.180421464672543053e+01
4.080932300000000000e+07 4.446288692896075645e+01 2.180049804338985098e+01
4.087837500000000000e+07 4.464231997358646709e+01 2.178958030922859734e+01
4.094933200000000000e+07 4.456642431625073897e+01 2.178841754936224007e+01
4.101943900000000000e+07 4.458443222332642364e+01 2.178924188427636821e+01
4.108859800000000000e+07 4.467430399940402452e+01 2.179581642192870561e+01
4.116102100000000000e+07 4.477917599063390952e+01 2.179877791097331396e+01
4.123367500000000000e+07 4.479353985198533650e+01 2.179659218252142239e+01
4.130596300000000000e+07 4.493847299333636158e+01 2.178591818754840759e+01
4.137767500000000000e+07 4.494335681221554779e+01 2.177591671574184673e+01
4.144881100000000000e+07 4.489190821717377844e+01 2.177120703524370526e+01
4.152016500000000000e+07 4.502505529676455609e+01 2.177245961092735627e+01
4.159111400000000000e+07 4.490179631312914665e+01 2.176397031599777421e+01
4.166329800000000000e+07 4.491669530784141529e+01 2.176155845260998589e+01
4.173303700000000000e+07 4.493024912170444907e+01 2.176442949377217673e+01
4.180146500000000000e+07 4.488495236502787833e+01 2.174438780582907071e+01
4.187442500000000000e+07 4.477586682906516558e+01 2.174783852227216840e+01
4.194890100000000000e+07 4.469261659609294668e+01 2.172412292690890112e+01
4.202221100000000000e+07 4.469860305775198128e+01 2.173278837932137364e+01
4.209489400000000000e+07 4.472305975221910757e+01 2.173074894015278602e+01
4.216219900000000000e+07 4.478400359483083548e+01 2.173572888088149568e+01
4.223579400000000000e+07 4.479315981512321088e+01 2.174243730833281774e+01
4.230923900000000000e+07 4.477433394197202432e+01 2.175269141434445430e+01
4.238081500000000000e+07 4.470369161816315540e+01 2.175814465621793303e+01
4.245449400000000000e+07 4.462050960001081279e+01 2.175876811835344427e+01
4.252364400000000000e+07 4.459925198090493836e+01 2.175722086839883573e+01
4.259425500000000000e+07 4.458541662165399799e+01 2.176577321030853795e+01
4.266926300000000000e+07 4.460153317491225522e+01 2.173591697198714456e+01
4.274127400000000000e+07 4.474671537164866919e+01 2.169756805023645541e+01
4.281283900000000000e+07 4.480217027150230535e+01 2.166424144500209437e+01
4.288509300000000000e+07 4.486770239033327812e+01 2.162582866725517050e+01
4.296109200000000000e+07 4.494016216404024533e+01 2.158397789449104209e+01
4.303129100000000000e+07 4.499986704646329372e+01 2.153769797926572593e+01
4.309904300000000000e+07 4.509274871796144168e+01 2.150574782136940399e+01
4.317195200000000000e+07 4.499810190339569260e+01 2.148649536259129178e+01
4.324441100000000000e+07 4.498735133335016911e+01 2.146370455564391122e+01
4.331286600000000000e+07 4.500369574490778035e+01 2.143071849568112697e+01
4.338110700000000000e+07 4.493086764647369336e+01 2.139739173226746516e+01
4.345377400000000000e+07 4.487921195333053248e+01 2.137801337985555250e+01
4.351995800000000000e+07 4.492250087108417489e+01 2.135762003155453925e+01
4.358919700000000000e+07 4.489011382522458860e+01 2.135184795865914253e+01
4.366097300000000000e+07 4.490449386881171989e+01 2.132217135984042500e+01
4.373080400000000000e+07 4.496038313747094861e+01 2.129696778117946110e+01
4.380161600000000000e+07 4.485136439736565706e+01 2.126903032638880831e+01
4.387092100000000000e+07 4.495180771427664723e+01 2.124630491435414825e+01
4.394456100000000000e+07 4.491730782750444462e+01 2.121918406570357618e+01
4.401471100000000000e+07 4.491105570735903285e+01 2.119355888011009981e+01
4.408756400000000000e+07 4.491789515060615656e+01 2.116410518559411713e+01
4.416077400000000000e+07 4.485773303395251332e+01 2.113870276614751020e+01
4.423694700000000000e+07 4.474936651075433502e+01 2.111369835174307497e+01
4.430711000000000000e+07 4.475872801119744082e+01 2.109845092843922032e+01
4.438140800000000000e+07 4.473744093954892520e+01 2.106377533330777396e+01
4.445623500000000000e+07 4.465599964250390741e+01 2.104131377941018144e+01
4.452388600000000000e+07 4.471281807334626279e+01 2.101339047721796049e+01
4.459651000000000000e+07 4.459814473023558179e+01 2.099489828241357259e+01
4.466687900000000000e+07 4.459073028670346162e+01 2.097390718635015006e+01
4.473828300000000000e+07 4.449701549072451456e+01 2.094503559516042657e+01
4.481056800000000000e+07 4.459354542485883144e+01 2.093865879648652495e+01
4.488177000000000000e+07 4.458917733575221831e+01 2.093256116339679451e+01
4.495036700000000000e+07 4.451322321111943836e+01 2.089989742700620923e+01
4.502352800000000000e+07 4.446850227780493725e+01 2.088191301282229517e+01
4.509602300000000000e+07 4.446592889150405625e+01 2.085802832361677872e+01
4.517285200000000000e+07 4.449905536047971566e+01 2.082995949320860163e+01
4.524510100000000000e+07 4.452514506636518377e+01 2.080608559689544634e+01
4.531723700000000000e+07 4.446070772520422310e+01 2.077616682820564264e+01
4.538774900000000000e+07 4.443121585274878527e+01 2.076302108602897789e+01
4.545779900000000000e+07 4.447898172443989040e+01 2.074477224376344608e+01
4.552900100000000000e+07 4.448878712693042559e+01 2.072083713061845600e+01
4.559983600000000000e+07 4.453068785921495021e+01 2.070150598485691518e+01
4.567106900000000000e+07 4.450197071954377748e+01 2.067290913858627377e+01
4.574202300000000000e+07 4.445350142334140031e+01 2.066265615968107738e+01
4.581053000000000000e+07 4.435281243604267587e+01 2.064220675452273568e+01
4.588111200000000000e+07 4.428231951291270008e+01 2.062676318458873226e+01
4.595141400000000000e+07 4.421734992169352552e+01 2.061656651810794116e+01
4.602488200000000000e+07 4.436923022528353044e+01 2.060470907660686635e+01
4.609991900000000000e+07 4.434029516904703883e+01 2.059830678120069081e+01
4.617342100000000000e+07 4.429677517643955298e+01 2.057971979420558739e+01
4.624760600000000000e+07 4.428140661555106306e+01 2.054912360595245957e+01
4.632074000000000000e+07 4.428698647209734673e+01 2.054326762345935364e+01
4.639061800000000000e+07 4.433783593036265103e+01 2.052391461662728034e+01
4.646456900000000000e+07 4.435007268400742220e+01 2.050742038003435042e+01
4.653388000000000000e+07 4.432679020391198321e+01 2.050991710377645560e+01
4.660492700000000000e+07 4.438205422700110603e+01 2.050373258414744271e+01
4.667533900000000000e+07 4.437248451188153098e+01 2.049194694038665077e+01
4.674534800000000000e+07 4.428094927356954713e+01 2.046394665287149550e+01
4.681658100000000000e+07 4.428788512722196913e+01 2.044206596912417595e+01
4.688873700000000000e+07 4.432442771610318033e+01 2.042199644019155258e+01
4.695852700000000000e+07 4.428747757258487638e+01 2.040079516343722688e+01
4.702864500000000000e+07 4.418051221284857633e+01 2.038335672731033910e+01
4.710058200000000000e+07 4.402709542067487547e+01 2.036887243345762855e+01
4.717244000000000000e+07 4.413151554338218574e+01 2.036239015344547454e+01
4.724159700000000000e+07 4.411180702331560610e+01 2.033940255844343881e+01
4.731425900000000000e+07 4.408639908361756454e+01 2.033813089067776048e+01
4.738531100000000000e+07 4.404355589172837426e+01 2.032924693113618275e+01
4.745750500000000000e+07 4.403631545595180086e+01 2.031218736223439336e+01
4.752863200000000000e+07 4.397307594852132695e+01 2.028885803494127771e+01
4.759968700000000000e+07 4.393227042195869814e+01 2.027544210866859231e+01
4.767331400000000000e+07 4.396161661441544055e+01 2.026266890539288568e+01
4.774241300000000000e+07 4.404298490700854529e+01 2.026422009801145308e+01
4.781487900000000000e+07 4.402488456234505065e+01 2.025773237881940503e+01
4.788735700000000000e+07 4.393631319633714583e+01 2.024528596272573466e+01
4.795824100000000000e+07 4.404288603755393439e+01 2.024010703791463328e+01
4.802869100000000000e+07 4.408260362299742496e+01 2.022949128435196897e+01
4.809781400000000000e+07 4.398497158890761227e+01 2.023523013419423933e+01
4.816583700000000000e+07 4.392583925640417419e+01 2.021857324290897040e+01
4.824136700000000000e+07 4.397890931842930939e+01 2.021599433648518840e+01
4.831235400000000000e+07 4.387270211509999740e+01 2.021571540998069594e+01
4.838320300000000000e+07 4.380671286609896953e+01 2.021020523932569901e+01
4.845360200000000000e+07 4.369756146875485570e+01 2.020841395540787389e+01
4.852782500000000000e+07 4.379259596548234157e+01 2.018394257807743841e+01
4.859849700000000000e+07 4.374725457844857601e+01 2.015986226970563067e+01
4.867225100000000000e+07 4.364721843559254921e+01 2.015544039518352548e+01
4.874365700000000000e+07 4.360171988823157108e+01 2.014355243000199636e+01
4.881651800000000000e+07 4.363714265216380284e+01 2.014836964066831015e+01
4.888588400000000000e+07 4.361721898951911669e+01 2.014161523185186198e+01
4.895644800000000000e+07 4.364992950806048810e+01 2.014141737512871799e+01
4.902703700000000000e+07 4.365639508746103559e+01 2.015712211453688951e+01
4.909792300000000000e+07 4.364034867906791249e+01 2.015672240042313845e+01
4.917036700000000000e+07 4.360606285826823125e+01 2.015732734204593157e+01
4.923981400000000000e+07 4.357445100139306504e+01 2.016673459800534118e+01
4.931105800000000000e+07 4.370940884249969827e+01 2.016717185996286332e+01
4.938045200000000000e+07 4.370338209535157148e+01 2.016729937339787426e+01
4.945125700000000000e+07 4.368552305554247539e+01 2.015389253507079914e+01
4.952508200000000000e+07 4.364740466270008312e+01 2.014905215818055950e+01
4.959663200000000000e+07 4.362478998994440360e+01 2.015235793381281226e+01
4.967044500000000000e+07 4.362374853174657829e+01 2.014593256397090570e+01
4.973867000000000000e+07 4.353695324102450570e+01 2.012015254229747896e+01
4.981006600000000000e+07 4.356156671342813524e+01 2.009638439454850456e+01
4.987939500000000000e+07 4.357918201826137761e+01 2.007124205435246367e+01
4.994772800000000000e+07 4.350416029943414742e+01 2.004212688802718745e+01
5.002007900000000000e+07 4.347633357688048505e+01 2.002455714938069065e+01
5.009184200000000000e+07 4.346893211987875816e+01 2.000140947514902123e+01
5.016002100000000000e+07 4.333349289988736786e+01 1.998015404995916455e+01
5.023048000000000000e+07 4.322481839046329100e+01 1.994559325062994759e+01
5.030426100000000000e+07 4.315711703152386747e+01 1.992166232011180327e+01
5.037312500000000000e+07 4.320361077570884589e+01 1.990934455769949096e+01
5.044466200000000000e+07 4.319761952200153843e+01 1.988423031664997609e+01
5.051454500000000000e+07 4.313774565929592342e+01 1.987007022972488812e+01
5.058393100000000000e+07 4.305899839515996774e+01 1.985808920746359618e+01
5.065479200000000000e+07 4.308039018133042219e+01 1.984614588345930031e+01
5.073072400000000000e+07 4.307225810845407921e+01 1.981754447163286059e+01
5.080131200000000000e+07 4.314714861260519996e+01 1.980241930331918354e+01
5.087636600000000000e+07 4.314179190720536639e+01 1.977704636953165362e+01
5.094714300000000000e+07 4.312371102689309055e+01 1.976672562019333057e+01
5.101752600000000000e+07 4.319199382255613529e+01 1.975516674166934905e+01
5.109050600000000000e+07 4.310757533755032256e+01 1.973329197098727761e+01
5.116207400000000000e+07 4.317995898668102939e+01 1.971329230994319914e+01
5.123261000000000000e+07 4.315664060351034692e+01 1.968375877549732067e+01
5.130291900000000000e+07 4.320334266348329066e+01 1.967571236107010080e+01
5.137556300000000000e+07 4.324096451485858239e+01 1.966343175450736069e+01
5.144966000000000000e+07 4.315840094366565438e+01 1.965081798382744438e+01
5.152319100000000000e+07 4.318214723504416952e+01 1.962850650892897164e+01
5.159328600000000000e+07 4.315353912002426284e+01 1.962406589098069531e+01
5.166243000000000000e+07 4.313860366908653532e+01 1.961016708041324108e+01
5.173512000000000000e+07 4.311067319852435986e+01 1.958693343417453647e+01
5.180781900000000000e+07 4.310608065993285720e+01 1.956014294866301739e+01
5.187985800000000000e+07 4.309624308060060827e+01 1.954311301587898697e+01
5.194899300000000000e+07 4.320085131383218879e+01 1.953706592070295756e+01
5.202319300000000000e+07 4.315347173847901274e+01 1.952891801095514523e+01
5.209416100000000000e+07 4.323769102826870636e+01 1.950485948175378681e+01
5.216544600000000000e+07 4.328260841881076004e+01 1.948779876686528922e+01
5.223436900000000000e+07 4.330076520456226064e+01 1.948074311610328380e+01
5.230783600000000000e+07 4.326902510954382564e+01 1.946392826528010289e+01
5.238176900000000000e+07 4.320504971961471341e+01 1.945306696981089800e+01
5.245445800000000000e+07 4.333011339037375365e+01 1.942779488743881444e+01
5.252569200000000000e+07 4.333226833829942848e+01 1.942949655500974515e+01
5.259581900000000000e+07 4.336002932174807967e+01 1.941578155691656349e+01
5.266832700000000000e+07 4.340992405969510060e+01 1.939557162684976532e+01
5.273801900000000000e+07 4.348727964426326764e+01 1.937704546288584950e+01
5.281157300000000000e+07 4.345067100628403267e+01 1.937114017587918013e+01
5.288667300000000000e+07 4.346669043747080252e+01 1.935579158665238708e+01
5.296099400000000000e+07 4.351978045000796413e+01 1.933541652409881451e+01
5.302701900000000000e+07 4.349785300715515035e+01 1.932857552588099281e+01
5.309426200000000000e+07 4.344667611036948784e+01 1.932317848298721330e+01
5.316740700000000000e+07 4.341340614130410813e+01 1.931271858348750214e+01
5.323918200000000000e+07 4.326715201491621343e+01 1.931575260042266606e+01
5.331332200000000000e+07 4.334491749472795874e+01 1.932529124355657046e+01
5.338318100000000000e+07 4.337135671446257845e+01 1.931735613813660635e+01
5.345444000000000000e+07 4.344398190134189974e+01 1.930512922033654633e+01
5.353080700000000000e+07 4.343350889276983651e+01 1.929318918896237278e+01
5.360107900000000000e+07 4.347364129177891101e+01 1.927994863251742430e+01
5.366994500000000000e+07 4.351525829955910041e+01 1.927253433312059627e+01
5.374263600000000000e+07 4.338440375867639176e+01 1.926946389583227059e+01
5.381533600000000000e+07 4.339744931955657847e+01 1.926397687230052114e+01
5.389225800000000000e+07 4.333296557570877638e+01 1.925312865522333183e+01
5.396432800000000000e+07 4.341345843786417902e+01 1.924759882954681345e+01
5.403624800000000000e+07 4.341825612853930494e+01 1.924119866092992126e+01
5.410704700000000000e+07 4.340754582150129437e+01 1.922281446959950202e+01
5.417923100000000000e+07 4.341222664593508540e+01 1.920909088329908698e+01
5.424705700000000000e+07 4.338722594839794766e+01 1.920468803830778270e+01
5.432237800000000000e+07 4.344235302645081731e+01 1.919530027491249058e+01
5.439672500000000000e+07 4.353638947752524757e+01 1.918949945373589117e+01
5.446753400000000000e+07 4.358649376455393565e+01 1.918811114324847011e+01
5.453795900000000000e+07 4.356882450299239196e+01 1.918685781637753962e+01
5.460516700000000000e+07 4.353298935211863352e+01 1.918620384781678467e+01
5.467852500000000000e+07 4.352140437750175295e+01 1.917905470597070661e+01
5.474925300000000000e+07 4.344423645664245726e+01 1.918566168745305589e+01
5.481989000000000000e+07 4.341943729334042246e+01 1.917972594201481940e+01
5.489109200000000000e+07 4.348103062046661194e+01 1.917198726917535723e+01
5.496091500000000000e+07 4.350997949105416751e+01 1.917277527259915360e+01
5.503740500000000000e+07 4.351126544939288721e+01 1.917498016113011516e+01
5.510880100000000000e+07 4.347176931530733413e+01 1.917271413330176699e+01
5.517880700000000000e+07 4.354737890285068858e+01 1.917386668087607404e+01
5.525330200000000000e+07 4.358879411600916143e+01 1.916476378174821349e+01
5.532279300000000000e+07 4.363055668066302673e+01 1.916045702790632532e+01
5.539606200000000000e+07 4.363070173807982144e+01 1.916611823147978200e+01
5.546737800000000000e+07 4.344334906952387598e+01 1.917722539414623384e+01
5.553925100000000000e+07 4.338785429473733757e+01 1.917472546686270007e+01
5.561244200000000000e+07 4.344830390798359332e+01 1.917367031223875884e+01
5.568679200000000000e+07 4.347849668506359677e+01 1.916854076632513681e+01
5.575866900000000000e+07 4.343820987000722056e+01 1.917359505956458321e+01
5.582796800000000000e+07 4.351213892363372793e+01 1.917163535130644547e+01
5.589724200000000000e+07 4.352367456669006884e+01 1.917542082461001485e+01
5.596813400000000000e+07 4.352018031011321852e+01 1.917514249694064787e+01
5.603731500000000000e+07 4.342419603648202298e+01 1.917194162733176199e+01
5.611019900000000000e+07 4.333703744296531113e+01 1.918065146613197314e+01
5.617957100000000000e+07 4.336755718591652453e+01 1.919077763950891580e+01
5.624933700000000000e+07 4.329259950154519743e+01 1.919259403305462541e+01
5.632033100000000000e+07 4.330945681670186076e+01 1.918405628569549393e+01
5.639037900000000000e+07 4.329646599435279342e+01 1.918029421913042398e+01
5.646203100000000000e+07 4.334150082232851275e+01 1.918245553120848257e+01
5.653425900000000000e+07 4.342413202935745886e+01 1.919814229056589028e+01
5.660273400000000000e+07 4.346864968807377494e+01 1.920127016030613376e+01
5.667402900000000000e+07 4.348854780789363872e+01 1.919873219264136210e+01
5.674533100000000000e+07 4.332020533987659405e+01 1.918998916633156071e+01
5.681762700000000000e+07 4.325962248115875752e+01 1.917002379800258183e+01
5.689129800000000000e+07 4.329078078930753293e+01 1.914465189806422529e+01
5.695966200000000000e+07 4.330346459956456329e+01 1.911671781672500003e+01
5.703273900000000000e+07 4.330015313386197562e+01 1.909509269643272589e+01
5.710311000000000000e+07 4.334859156863915075e+01 1.906846991730802543e+01
5.717577000000000000e+07 4.332122470495577460e+01 1.905069422125584566e+01
5.724622500000000000e+07 4.328734760310950946e+01 1.901748886033573172e+01
5.731526600000000000e+07 4.326477497996574328e+01 1.899960495659687254e+01
5.738747600000000000e+07 4.329933666551825411e+01 1.897966052040762719e+01
5.746075700000000000e+07 4.334657908471176313e+01 1.896454110960590711e+01
5.753600100000000000e+07 4.336420308304941074e+01 1.893986774604189804e+01
5.760586400000000000e+07 4.331457134544390897e+01 1.892246881899677291e+01
5.767917400000000000e+07 4.326288198252962758e+01 1.890296411359019046e+01
5.774870100000000000e+07 4.325307719854303912e+01 1.888722715863096724e+01
5.782377000000000000e+07 4.319627095385371973e+01 1.886585761810895434e+01
5.789621400000000000e+07 4.316149858179333876e+01 1.885611574281660907e+01
5.796636400000000000e+07 4.319388200581022375e+01 1.883480664618812384e+01
5.803868200000000000e+07 4.330206797237335792e+01 1.881548938785632430e+01
5.810800400000000000e+07 4.332328979878232644e+01 1.878637244187809330e+01
5.818056700000000000e+07 4.328362924652219590e+01 1.877905212663689838e+01
5.824696400000000000e+07 4.322138790736521941e+01 1.875761892091248484e+01
5.831801500000000000e+07 4.316738694466135939e+01 1.874489679279243859e+01
5.838888300000000000e+07 4.315353444268490790e+01 1.873372569734226545e+01
5.846170600000000000e+07 4.307391984750796610e+01 1.872631521482027139e+01
5.853138000000000000e+07 4.305025566791682223e+01 1.870622635245102217e+01
5.860422500000000000e+07 4.300304137297308671e+01 1.868531080110557596e+01
5.867182800000000000e+07 4.302075161953570870e+01 1.865593980343422942e+01
5.874843900000000000e+07 4.306472562036899632e+01 1.863839274385172828e+01
5.882046700000000000e+07 4.309458472985902233e+01 1.862575074644639983e+01
5.888960100000000000e+07 4.311887465155363941e+01 1.860817210336894689e+01
5.896532600000000000e+07 4.300032033239784113e+01 1.858710183451013975e+01
5.903934700000000000e+07 4.298484790009587897e+01 1.857460442712256210e+01
5.911456400000000000e+07 4.297274880188609814e+01 1.855625065220981895e+01
5.918754600000000000e+07 4.306133566676481905e+01 1.854711624944961201e+01
5.925981000000000000e+07 4.307806479787001308e+01 1.852816266451549509e+01
5.933319600000000000e+07 4.311047107615583229e+01 1.851981135731733374e+01
5.940183900000000000e+07 4.317434806630224386e+01 1.850277756302065058e+01
5.947420400000000000e+07 4.316597871522508001e+01 1.849015394160619508e+01
5.954740300000000000e+07 4.312094446329053454e+01 1.848396335042167848e+01
5.961902800000000000e+07 4.321509407679040038e+01 1.846730288610576665e+01
5.968764500000000000e+07 4.326059059653725569e+01 1.846331708106567859e+01
5.976229800000000000e+07 4.317540862530766077e+01 1.844512603536983164e+01
5.983257100000000000e+07 4.324159575540019773e+01 1.842703876975037858e+01
5.990576500000000000e+07 4.326742550127896436e+01 1.841272576141622963e+01
5.997572300000000000e+07 4.333969354921533323e+01 1.840631115473253132e+01
6.004673300000000000e+07 4.331780507801627067e+01 1.839608840403852241e+01
6.011382500000000000e+07 4.337573734532097802e+01 1.838359991749072364e+01
6.018261700000000000e+07 4.342842936379392427e+01 1.837219588102921008e+01
6.025742700000000000e+07 4.345394017538993126e+01 1.836968054695819319e+01
6.032954900000000000e+07 4.343474697290654518e+01 1.836067296978722752e+01
6.039677700000000000e+07 4.350778454166856335e+01 1.834825011695117780e+01
6.046761800000000000e+07 4.343168891533022702e+01 1.833286217569743215e+01
6.054234100000000000e+07 4.337063489595795573e+01 1.834401277125114404e+01
6.061571900000000000e+07 4.340874510411383369e+01 1.833835423146727805e+01
6.068778000000000000e+07 4.344124149615488051e+01 1.832826377438998122e+01
6.076253500000000000e+07 4.349643448553119640e+01 1.833460621760995579e+01
6.083315400000000000e+07 4.351658187946814849e+01 1.833511552357184726e+01
6.090479600000000000e+07 4.342095967865168404e+01 1.832623434118378825e+01
6.097551200000000000e+07 4.336782662570514901e+01 1.831790835438120268e+01
6.104821400000000000e+07 4.328568531596009450e+01 1.829956643914653469e+01
6.111367500000000000e+07 4.324727836863234387e+01 1.829585184345196325e+01
6.118482100000000000e+07 4.323501789755312075e+01 1.829080314253423722e+01
6.125518000000000000e+07 4.317203263692480419e+01 1.828781515459022700e+01
6.133039200000000000e+07 4.317093674598491049e+01 1.827495294768966261e+01
6.140508400000000000e+07 4.320759362246054991e+01 1.825505762895662443e+01
6.148166300000000000e+07 4.317558602904864529e+01 1.823719251779094819e+01
6.155184100000000000e+07 4.314837941118432951e+01 1.822992111134385596e+01
6.162350400000000000e+07 4.326800660396393994e+01 1.822761297610275122e+01
6.169208600000000000e+07 4.323121450766308982e+01 1.822752804898317081e+01
6.175902000000000000e+07 4.324015214546854224e+01 1.822092250438815242e+01
6.183326000000000000e+07 4.319965302388276740e+01 1.820093649672440606e+01
6.190340700000000000e+07 4.315435543372421279e+01 1.819573926174597389e+01
6.197551300000000000e+07 4.313813093081795103e+01 1.818615740051091123e+01
6.204343600000000000e+07 4.314359214344312932e+01 1.817673549699705404e+01
6.211517400000000000e+07 4.321444618852446240e+01 1.816834123331713258e+01
6.218924300000000000e+07 4.317062022211714378e+01 1.815685468600623054e+01
6.226166900000000000e+07 4.318547114381070884e+01 1.815514242274813483e+01
6.233391100000000000e+07 4.321727476463257744e+01 1.814933924986550551e+01
6.240301800000000000e+07 4.317415601718609963e+01 1.815048560540329703e+01
6.247262500000000000e+07 4.319237361177603418e+01 1.814946819205781381e+01
6.254378400000000000e+07 4.318822665964903962e+01 1.814089509968394509e+01
6.261627700000000000e+07 4.322929896886928702e+01 1.813945795314554132e+01
6.268724500000000000e+07 4.315547637782272972e+01 1.814113706670937987e+01
6.275967500000000000e+07 4.301918160697971416e+01 1.812986680454087818e+01
6.282739900000000000e+07 4.296823871471598721e+01 1.812717756056167318e+01
6.290022400000000000e+07 4.296921967043410007e+01 1.812776440360998720e+01
6.296856400000000000e+07 4.290491090140545793e+01 1.812230086379947736e+01
6.303870800000000000e+07 4.292926289759304836e+01 1.812157328247470645e+01
6.310887400000000000e+07 4.294444613687149825e+01 1.812672327488814261e+01
6.318043400000000000e+07 4.291533742168270749e+01 1.812251158629600312e+01
6.324878300000000000e+07 4.292483572996447094e+01 1.811435496514792476e+01
6.331935500000000000e+07 4.299877430058926109e+01 1.811271781937694669e+01
6.338892700000000000e+07 4.293333829932151247e+01 1.811297071399267011e+01
6.345822000000000000e+07 4.291354421789949924e+01 1.810425628248357555e+01
6.353030900000000000e+07 4.285285901674185993e+01 1.810088921593129285e+01
6.360092900000000000e+07 4.288010975510650979e+01 1.810209448488384965e+01
6.367522900000000000e+07 4.286769048352343958e+01 1.810472398403013372e+01
6.374456800000000000e+07 4.294551902411670596e+01 1.809481792761310004e+01
6.381039100000000000e+07 4.293941815571945142e+01 1.809775797189116631e+01
6.388073900000000000e+07 4.284574333115965317e+01 1.808312557094229689e+01
6.395247900000000000e+07 4.282415885471667849e+01 1.806074946788930191e+01
6.402573200000000000e+07 4.282107032009526648e+01 1.805128400952345302e+01
6.410084900000000000e+07 4.280480379321524964e+01 1.803366307676088454e+01
6.417145600000000000e+07 4.283729572308670441e+01 1.800685421674949538e+01
6.423985500000000000e+07 4.284701836846510759e+01 1.798198880857859905e+01
6.431077300000000000e+07 4.284248153024311279e+01 1.795579517285147020e+01
6.438362200000000000e+07 4.287296471526278907e+01 1.794216607116049289e+01
6.445098200000000000e+07 4.280143643166864820e+01 1.791339008693765678e+01
6.451753000000000000e+07 4.278832528260304713e+01 1.789602611070950999e+01
6.459179400000000000e+07 4.276752189919967151e+01 1.788408555731088967e+01
6.466246300000000000e+07 4.280046784012981220e+01 1.787857417790202774e+01
6.473505600000000000e+07 4.281507831173166778e+01 1.786939343551428294e+01
6.480434700000000000e+07 4.284956262692356432e+01 1.785599365046304854e+01
6.487457500000000000e+07 4.286182769642581292e+01 1.783963388160933050e+01
6.494244000000000000e+07 4.274776205959027209e+01 1.782670830906223358e+01
6.501065800000000000e+07 4.272185176592856237e+01 1.781408531786917493e+01
6.508489100000000000e+07 4.271386862868516943e+01 1.779619996382660929e+01
6.515487200000000000e+07 4.270453802751954697e+01 1.778789534172760511e+01
6.523050400000000000e+07 4.264937931524332981e+01 1.776550491193144055e+01
6.529701000000000000e+07 4.266192604745039318e+01 1.774850195330292379e+01
6.536789100000000000e+07 4.263314123465174532e+01 1.773239560487497002e+01
6.544016200000000000e+07 4.258584153098983194e+01 1.770867666984893418e+01
6.550692100000000000e+07 4.259095704941222493e+01 1.769356256090997093e+01
6.558039100000000000e+07 4.253151913009888574e+01 1.768229080583607171e+01
6.565004200000000000e+07 4.265889108974704413e+01 1.766541358083365409e+01
6.571820900000000000e+07 4.263226423681715715e+01 1.765959099568934221e+01
6.578848600000000000e+07 4.267429911595535685e+01 1.764731385409038822e+01
6.585910600000000000e+07 4.265169376949888402e+01 1.764028037688810713e+01
6.592736600000000000e+07 4.267398987355336004e+01 1.762561631077085167e+01
6.599581600000000000e+07 4.257512307409667329e+01 1.762154336682863232e+01
6.606772100000000000e+07 4.256184560197675637e+01 1.760578374771793619e+01
6.613955300000000000e+07 4.243820543037947601e+01 1.758276327776397707e+01
6.621095400000000000e+07 4.241355628581607817e+01 1.756040286374474135e+01
6.628125400000000000e+07 4.244968767170277602e+01 1.754500652583625708e+01
6.635391200000000000e+07 4.250718177954894372e+01 1.753147866912299691e+01
6.642362600000000000e+07 4.249560797818533331e+01 1.752110592238685172e+01
6.649898500000000000e+07 4.253967693164658215e+01 1.750579963947775397e+01
6.657002300000000000e+07 4.248941340890333862e+01 1.749224473621665510e+01
6.664284200000000000e+07 4.248852463439978777e+01 1.747962683625236480e+01
6.671222200000000000e+07 4.252081233346393674e+01 1.746261727946778919e+01
6.678452500000000000e+07 4.246552127459792558e+01 1.744515915417582974e+01
6.685452500000000000e+07 4.249343824422263083e+01 1.743892454891768651e+01
6.692746600000000000e+07 4.250260916945040890e+01 1.742473259034670363e+01
6.699698300000000000e+07 4.249551988068150621e+01 1.741707377268379631e+01
6.706924400000000000e+07 4.254563073534963991e+01 1.740603956850097944e+01
6.714158700000000000e+07 4.253763514962589909e+01 1.739411756195693570e+01
6.721318600000000000e+07 4.252769687982442548e+01 1.738764702096938564e+01
6.728743500000000000e+07 4.256182392529461112e+01 1.738276383366051903e+01
6.735850800000000000e+07 4.258396024034995264e+01 1.736567054684646294e+01
6.743061600000000000e+07 4.259159173862581582e+01 1.735128017856105487e+01
6.750553900000000000e+07 4.253770032227347997e+01 1.734193460272663145e+01
6.757700900000000000e+07 4.253923139441104695e+01 1.733057554638028464e+01
6.765241200000000000e+07 4.260776224414858859e+01 1.732427893289322540e+01
6.772666500000000000e+07 4.261144502280463087e+01 1.731289608324288665e+01
6.779814700000000000e+07 4.254480515210930491e+01 1.730297982483265784e+01
6.786924200000000000e+07 4.261546585703909074e+01 1.729321004192737021e+01
6.793884300000000000e+07 4.266352197928495116e+01 1.727956409482210276e+01
6.800825300000000000e+07 4.268982944997720352e+01 1.727248434402367394e+01
6.808082200000000000e+07 4.260945516423878132e+01 1.726611062876305880e+01
6.815514700000000000e+07 4.254773872041089078e+01 1.726056035423031432e+01
6.822985500000000000e+07 4.251999451086163617e+01 1.725022443917942994e+01
6.830564500000000000e+07 4.253750331005203833e+01 1.725377122828771093e+01
6.837434800000000000e+07 4.256147552918617549e+01 1.725212729388928068e+01
6.844361900000000000e+07 4.254674411494614361e+01 1.724546756658329372e+01
6.851311300000000000e+07 4.258457116451922531e+01 1.724018644490309171e+01
6.858511700000000000e+07 4.256037525649595921e+01 1.724776927303913965e+01
6.865499800000000000e+07 4.253427115803199854e+01 1.724198486484712944e+01
6.872569900000000000e+07 4.257154727320664733e+01 1.723415615356941899e+01
6.879601000000000000e+07 4.255648737581316254e+01 1.721288523151535443e+01
6.886656200000000000e+07 4.257869917141284333e+01 1.720882752235582913e+01
6.893997200000000000e+07 4.264084757828643291e+01 1.720802625782111406e+01
6.901303200000000000e+07 4.262120248792959387e+01 1.720143068931676922e+01
6.908495600000000000e+07 4.265599333090965928e+01 1.720089591151253572e+01
6.915888000000000000e+07 4.269432689518826152e+01 1.720400220371172040e+01
6.923331000000000000e+07 4.266727477425008175e+01 1.720432533440672884e+01
6.930283700000000000e+07 4.267034452143604284e+01 1.720632915697906995e+01
6.937298300000000000e+07 4.265087139942801286e+01 1.719053118871240571e+01
6.944361000000000000e+07 4.264172679423865731e+01 1.718664224345987535e+01
6.951395800000000000e+07 4.265611859875726708e+01 1.717810940043158752e+01
6.958536200000000000e+07 4.270527076548314227e+01 1.717393419624710660e+01
6.965621900000000000e+07 4.275355630540317264e+01 1.717269021524029426e+01
6.972899700000000000e+07 4.271893487407134415e+01 1.717819026104076841e+01
6.980252700000000000e+07 4.268865604655105983e+01 1.717568534464641061e+01
6.987297500000000000e+07 4.266067740337742009e+01 1.717264525224702965e+01
6.994585700000000000e+07 4.269396499677672807e+01 1.716752508594973747e+01
7.001894000000000000e+07 4.273131999095463129e+01 1.716192311264257597e+01
7.009048700000000000e+07 4.271900869011222568e+01 1.715720063107935545e+01
7.015985600000000000e+07 4.272050611223171046e+01 1.714332818790663637e+01
7.023413000000000000e+07 4.271625933540461517e+01 1.714399232268273821e+01
7.030153900000000000e+07 4.274223363907739781e+01 1.712569934651437364e+01
7.036483500000000000e+07 4.274152913292630274e+01 1.712833847735625881e+01
7.043352400000000000e+07 4.280838574784954886e+01 1.712870645343433651e+01
7.050732600000000000e+07 4.260370442367381827e+01 1.712267325026482823e+01
7.057844600000000000e+07 4.262931382109465517e+01 1.712209370413430420e+01
7.065100700000000000e+07 4.263229493651933666e+01 1.712551217987321195e+01
7.072369900000000000e+07 4.265695857595229512e+01 1.712532244007807236e+01
7.079519000000000000e+07 4.261014942134885075e+01 1.712935093174256096e+01
7.086944200000000000e+07 4.259726657523936666e+01 1.712935204680066192e+01
7.094256400000000000e+07 4.263953368092761309e+01 1.711318908202243350e+01
7.101363800000000000e+07 4.270544768810272984e+01 1.710034345655536825e+01
7.108517300000000000e+07 4.269006800459327167e+01 1.709280639958567605e+01
7.115611700000000000e+07 4.276203834873027887e+01 1.708216139715652204e+01
7.122932900000000000e+07 4.276373942503833092e+01 1.707148516558528328e+01
7.129916000000000000e+07 4.275868349677164559e+01 1.705513699986492782e+01
7.137601200000000000e+07 4.275489765961079058e+01 1.703951780807748762e+01
7.145024500000000000e+07 4.278600898759331272e+01 1.702511166700864820e+01
7.152178300000000000e+07 4.282307653485727172e+01 1.701935858588440098e+01
7.159147300000000000e+07 4.281066366154772851e+01 1.701244097195591465e+01
7.166240600000000000e+07 4.277391936035826348e+01 1.700024407995755027e+01
7.173248900000000000e+07 4.279017218482803031e+01 1.699083332501593802e+01
7.180323100000000000e+07 4.281161089408983145e+01 1.698156433586756364e+01
7.187404900000000000e+07 4.274448606256456884e+01 1.697106876570729739e+01
7.194783900000000000e+07 4.279188775329517824e+01 1.696508411219622658e+01
7.202044000000000000e+07 4.282958304769392299e+01 1.694921451131223478e+01
7.209194100000000000e+07 4.281754658522524437e+01 1.693921777219354041e+01
7.216108300000000000e+07 4.273009972311472637e+01 1.691864375628912853e+01
7.223273000000000000e+07 4.269202271704874363e+01 1.690763582945193733e+01
7.230461800000000000e+07 4.266586424312029635e+01 1.689877218008421522e+01
7.237577100000000000e+07 4.269658154190845778e+01 1.689368616905757392e+01
7.244916700000000000e+07 4.271009562066491583e+01 1.688648493837956366e+01
7.251763200000000000e+07 4.269632606702843702e+01 1.687238126684871631e+01
7.258602700000000000e+07 4.262072856657536590e+01 1.685655542549075037e+01
7.266027500000000000e+07 4.257474898604603908e+01 1.684132889561906410e+01
7.273510500000000000e+07 4.254384451537747935e+01 1.682758231703345686e+01
7.280713800000000000e+07 4.252659601902932707e+01 1.681499689766758365e+01
7.288077900000000000e+07 4.255338216999024326e+01 1.679992776051148695e+01
7.295196000000000000e+07 4.251934934200816230e+01 1.679327868188280704e+01
7.302844400000000000e+07 4.256934404781607384e+01 1.678377802174680866e+01
7.310125000000000000e+07 4.255572266169451012e+01 1.677067923688485962e+01
7.317269200000000000e+07 4.256597798690200563e+01 1.675831928772700152e+01
7.324592900000000000e+07 4.256912728037958971e+01 1.674726623017434335e+01
7.331936700000000000e+07 4.260445482916468052e+01 1.673629169804720007e+01
7.339414400000000000e+07 4.254796817384928431e+01 1.673492377673963460e+01
7.346570800000000000e+07 4.250290437827135293e+01 1.672791896477689733e+01
7.353551500000000000e+07 4.250400466466199845e+01 1.672324870649378070e+01
7.361039600000000000e+07 4.251224870024741165e+01 1.670665624707476482e+01
7.368338700000000000e+07 4.258201707063489039e+01 1.669589016807819348e+01
7.375359300000000000e+07 4.257321746316589639e+01 1.669573097003478424e+01
7.382816500000000000e+07 4.252043255133749255e+01 1.668600660023106030e+01
7.389966300000000000e+07 4.256107967181699081e+01 1.668391908553714842e+01
7.397210500000000000e+07 4.258243476392516413e+01 1.667641894931565716e+01
7.403996500000000000e+07 4.256799577097527987e+01 1.666186647122263764e+01
7.411563600000000000e+07 4.260119769399970124e+01 1.665364798543493308e+01
7.418607700000000000e+07 4.254629442822323426e+01 1.665173308127676677e+01
7.425492400000000000e+07 4.243233003017388683e+01 1.664928747498237271e+01
7.432494800000000000e+07 4.250372612619980828e+01 1.665320756528880963e+01
7.440006200000000000e+07 4.251940916230293510e+01 1.664880353161536775e+01
7.446902300000000000e+07 4.253377041396946368e+01 1.664776794416645700e+01
7.453852000000000000e+07 4.262983098385702618e+01 1.664308731802298880e+01
7.460800600000000000e+07 4.265491435382946861e+01 1.664413760938089837e+01
7.467759500000000000e+07 4.263448771976911189e+01 1.664429219076173183e+01
7.474644400000000000e+07 4.263236271191863125e+01 1.664106721140960232e+01
7.481859700000000000e+07 4.261681316298251687e+01 1.662853527665685505e+01
7.489115100000000000e+07 4.270901314044780150e+01 1.662078246731697106e+01
7.496578800000000000e+07 4.271754810583800577e+01 1.661555891878436597e+01
7.503578300000000000e+07 4.275564408256373383e+01 1.660263159399582023e+01
7.510850500000000000e+07 4.271192342279963583e+01 1.659455252858412777e+01
7.517876800000000000e+07 4.270423159438669813e+01 1.658083670743735283e+01
7.525219800000000000e+07 4.267619424793839045e+01 1.657506119551690915e+01
7.532771400000000000e+07 4.269213197341977661e+01 1.657958949957061989e+01
7.539833900000000000e+07 4.275697874857630154e+01 1.657892640180343591e+01
7.547216200000000000e+07 4.275199512186292594e+01 1.657236422605851445e+01
7.554639800000000000e+07 4.281744181680311812e+01 1.656854844269685501e+01
7.561898500000000000e+07 4.286643101974111403e+01 1.655807062409059682e+01
7.569029500000000000e+07 4.292592446287904551e+01 1.655488272186830656e+01
7.576142200000000000e+07 4.291012122030785036e+01 1.655659282604619165e+01
7.583491800000000000e+07 4.282989861880444948e+01 1.655230056727479138e+01
7.590766900000000000e+07 4.279598460598027287e+01 1.655059726239397477e+01
7.597854200000000000e+07 4.285668045025383321e+01 1.654665457462064637e+01
7.605121000000000000e+07 4.279891914882063020e+01 1.653944893446349340e+01
7.612180700000000000e+07 4.275981074731680565e+01 1.653781846797346233e+01
7.619243900000000000e+07 4.279933295388200776e+01 1.653279840208128704e+01
7.626425800000000000e+07 4.285103295257532352e+01 1.651988622567985843e+01
7.633665600000000000e+07 4.286943557419289874e+01 1.651210247100457806e+01
7.640771000000000000e+07 4.286455394274002373e+01 1.650477807420744369e+01
7.647777900000000000e+07 4.283523270985024567e+01 1.650310114305452913e+01
7.654775200000000000e+07 4.285643937276349646e+01 1.650161669769770612e+01
7.662100300000000000e+07 4.280775599647740393e+01 1.650101485065902551e+01
7.669029600000000000e+07 4.283705456251387744e+01 1.650011956684016923e+01
7.676208800000000000e+07 4.288732219945310931e+01 1.651092680379924005e+01
7.683447000000000000e+07 4.287649409207784856e+01 1.651329881615620465e+01
7.690313300000000000e+07 4.290832662734631242e+01 1.650906135501169203e+01
7.697314100000000000e+07 4.291902341890984474e+01 1.649682180611801741e+01
7.704700400000000000e+07 4.297297148874461215e+01 1.649438629033189230e+01
7.711935900000000000e+07 4.297549031689519694e+01 1.649023099070657139e+01
7.719181700000000000e+07 4.298370504795813218e+01 1.648845858715044344e+01
7.726490200000000000e+07 4.296257426741509278e+01 1.648524901207727922e+01
7.733861000000000000e+07 4.301301712063457927e+01 1.648000941313564383e+01
7.741402600000000000e+07 4.303148934690580063e+01 1.647566326651007884e+01
7.748691500000000000e+07 4.310181953921993880e+01 1.647292701781118396e+01
7.755728200000000000e+07 4.313795920888380664e+01 1.646075087908302237e+01
7.762728000000000000e+07 4.310055582099919036e+01 1.646106675339131442e+01
7.769858200000000000e+07 4.303895015352082254e+01 1.646609484591626682e+01
7.776742300000000000e+07 4.304818512763221605e+01 1.647002524372148002e+01
7.783846500000000000e+07 4.303896652820459678e+01 1.647560823965251942e+01
7.790784400000000000e+07 4.298669869942906985e+01 1.647914364583755287e+01
7.798191400000000000e+07 4.296188880992674797e+01 1.648910893446281989e+01
7.805137100000000000e+07 4.295446377888811185e+01 1.647544526212508842e+01
7.811978300000000000e+07 4.299890656819886914e+01 1.645947032534957799e+01
7.819227000000000000e+07 4.286539076294139505e+01 1.644904459338517810e+01
7.826357600000000000e+07 4.293660787218419728e+01 1.643429174828943218e+01
7.833393300000000000e+07 4.287238822763725921e+01 1.642378981741719457e+01
7.840333200000000000e+07 4.292365734004438593e+01 1.641207848670455860e+01
7.847185000000000000e+07 4.290219822063088628e+01 1.640379735951487206e+01
7.854331800000000000e+07 4.284569428548977044e+01 1.639257748617223243e+01
7.861254500000000000e+07 4.284777104289094041e+01 1.638046094590928803e+01
7.868251800000000000e+07 4.281385385035108015e+01 1.637391531787862675e+01
7.875595900000000000e+07 4.279103547904769300e+01 1.636840259635549089e+01
7.882657900000000000e+07 4.283740281167448671e+01 1.635965326953848731e+01
7.889506600000000000e+07 4.286126756028696860e+01 1.634591868997981834e+01
7.896510800000000000e+07 4.279272341785175371e+01 1.634150933685218021e+01
7.904219300000000000e+07 4.280471912630730458e+01 1.632661976118424008e+01
7.911255300000000000e+07 4.278765598599247966e+01 1.631673011268720330e+01
7.918370900000000000e+07 4.275242510492730474e+01 1.630198246439196197e+01
7.925512200000000000e+07 4.276488475810302958e+01 1.629535682708080202e+01
7.932627300000000000e+07 4.277708594954597743e+01 1.628851535022318586e+01
7.939561700000000000e+07 4.280159883422248157e+01 1.628289160928243362e+01
7.946582100000000000e+07 4.279230073566629500e+01 1.627002540435174183e+01
7.954344100000000000e+07 4.279510226071265322e+01 1.626419704121495968e+01
7.961361500000000000e+07 4.282068032730569485e+01 1.626172971964762226e+01
7.967959100000000000e+07 4.277252500420652837e+01 1.624959496190633956e+01
7.974916400000000000e+07 4.275158044154922266e+01 1.623495112603127311e+01
7.981974700000000000e+07 4.267808891921779946e+01 1.622582836036268716e+01
7.989233700000000000e+07 4.261216772127277608e+01 1.621868504645920339e+01
7.996508200000000000e+07 4.255177230277481470e+01 1.620740130666012035e+01
8.004052400000000000e+07 4.252546227925460443e+01 1.619983713098870837e+01
8.011265100000000000e+07 4.254460772965581583e+01 1.619464221686124361e+01
8.018173500000000000e+07 4.250515964210866571e+01 1.618262443661894423e+01
8.025288900000000000e+07 4.245250358146859071e+01 1.617383051744282696e+01
8.032259500000000000e+07 4.242021248879017747e+01 1.616188029216593236e+01
8.039405600000000000e+07 4.241398938874608859e+01 1.615614933068135173e+01
8.046374600000000000e+07 4.251338792457250548e+01 1.614872102842689117e+01
8.053785600000000000e+07 4.250345478393296617e+01 1.614597982488161421e+01
8.060706200000000000e+07 4.259387499638031471e+01 1.614171967812191255e+01
8.067940400000000000e+07 4.259255854641872219e+01 1.613173099674643396e+01
8.075132100000000000e+07 4.262670539294284566e+01 1.611833158453318759e+01
8.082241200000000000e+07 4.261767187776440835e+01 1.611614610786472213e+01
8.089320400000000000e+07 4.263535035559903008e+01 1.611617558837549780e+01
8.096602600000000000e+07 4.262827969698935249e+01 1.609815204978649916e+01
8.103865700000000000e+07 4.266207150970647888e+01 1.609122358442689560e+01
8.111063900000000000e+07 4.261821655962963717e+01 1.608601806732306727e+01
8.118351000000000000e+07 4.261434912385114870e+01 1.608034764625886481e+01
8.125361200000000000e+07 4.261867551216361250e+01 1.606656890166449259e+01
8.132313500000000000e+07 4.255743967776051306e+01 1.605424874674400471e+01
8.139359200000000000e+07 4.260098740322387556e+01 1.604854943003995515e+01
8.146078700000000000e+07 4.259129620436971919e+01 1.604269524428067939e+01
8.153259700000000000e+07 4.261391398697281829e+01 1.603326626414361300e+01
8.160610100000000000e+07 4.260302141677157550e+01 1.602708855083118067e+01
8.167838500000000000e+07 4.258991103620498819e+01 1.601936193959142685e+01
8.174989900000000000e+07 4.257125743447052457e+01 1.601564573913572076e+01
8.182314200000000000e+07 4.254944221801668647e+01 1.600215977475778573e+01
8.189202000000000000e+07 4.251738997508456208e+01 1.599447522028404123e+01
8.196172400000000000e+07 4.250679593432992931e+01 1.599239471528833079e+01
8.203232400000000000e+07 4.251785304003166033e+01 1.598036378540957614e+01
8.210438400000000000e+07 4.257434130981765463e+01 1.597754331499165836e+01
8.217667900000000000e+07 4.256866738771685021e+01 1.597580553063737163e+01
8.224823500000000000e+07 4.253266675029213673e+01 1.597186206132594499e+01
8.232030400000000000e+07 4.259191665396489412e+01 1.596417379806644554e+01
8.239020800000000000e+07 4.260508561601574939e+01 1.595292178280650397e+01
8.246180400000000000e+07 4.257677338393701660e+01 1.595245061955418464e+01
8.253201600000000000e+07 4.264813509418519288e+01 1.593770975372811627e+01
8.260296000000000000e+07 4.264028365190478098e+01 1.593406784480672478e+01
8.267366900000000000e+07 4.264720146075323015e+01 1.592654421721033309e+01
8.274824500000000000e+07 4.261337026172035536e+01 1.592703656220843556e+01
8.282285000000000000e+07 4.263673184737312738e+01 1.592505445923759844e+01
8.289445900000000000e+07 4.263384947540661329e+01 1.592123679003821657e+01
8.296291400000000000e+07 4.259803304816482239e+01 1.591286077322083869e+01
8.303313600000000000e+07 4.257439686565477643e+01 1.590996937003885492e+01
8.310335700000000000e+07 4.255466969738307625e+01 1.589672342033158081e+01
8.317497300000000000e+07 4.260159376907040496e+01 1.589214790424292190e+01
8.324658000000000000e+07 4.257659235890523775e+01 1.589238810939193947e+01
8.331901800000000000e+07 4.258054640288514747e+01 1.588473473079191223e+01
8.339166600000000000e+07 4.258670343517504620e+01 1.588432400200044015e+01
8.346133900000000000e+07 4.257016470397215357e+01 1.588003031867549275e+01
8.352999200000000000e+07 4.256325952730264817e+01 1.587146207343756998e+01
8.360281200000000000e+07 4.252299329952688822e+01 1.586600139713905122e+01
8.367363800000000000e+07 4.254419134200952612e+01 1.586990159374540532e+01
8.374745300000000000e+07 4.256679693083364668e+01 1.587223230479727398e+01
8.381852000000000000e+07 4.257889049900194323e+01 1.586692569800630004e+01
8.388730000000000000e+07 4.260398819820658645e+01 1.586093644572037320e+01
8.396261200000000000e+07 4.249527494078964196e+01 1.585999506486283828e+01
8.403530800000000000e+07 4.247931259118490033e+01 1.585990288426918937e+01
8.410708200000000000e+07 4.247438512596203708e+01 1.585672916118839915e+01
8.417804900000000000e+07 4.246117331537113415e+01 1.585532065894894416e+01
8.424859100000000000e+07 4.248293114908998547e+01 1.585298759942607560e+01
8.431825800000000000e+07 4.250127876114235903e+01 1.584465843277398989e+01
8.438788400000000000e+07 4.255306616151918320e+01 1.583584410986933300e+01
8.446065700000000000e+07 4.255432522484253610e+01 1.583628483050380709e+01
8.453460800000000000e+07 4.256768797736052079e+01 1.583413775415106883e+01
8.460781500000000000e+07 4.263285600069590231e+01 1.583313702301597026e+01
8.468083400000000000e+07 4.271468459208883672e+01 1.583135911439827836e+01
8.475244300000000000e+07 4.273095165149770480e+01 1.582969454222425654e+01
8.482463600000000000e+07 4.278695731015404391e+01 1.582322147074730800e+01
8.489694700000000000e+07 4.274375059555961798e+01 1.583117628548061973e+01
8.496806600000000000e+07 4.274407269668500930e+01 1.582475068058322698e+01
8.504235500000000000e+07 4.275216967643648758e+01 1.582325731642250233e+01
8.511727900000000000e+07 4.280104900210510266e+01 1.581708498701212662e+01
8.518762300000000000e+07 4.277018021277699944e+01 1.580331593471209395e+01
8.525804000000000000e+07 4.272285372999920128e+01 1.579140761905052415e+01
8.533125500000000000e+07 4.272702348204590805e+01 1.577685732587002043e+01
8.540275500000000000e+07 4.272107274193807314e+01 1.577592128454963749e+01
8.547048600000000000e+07 4.267122872860567639e+01 1.576897780045489839e+01
8.554440300000000000e+07 4.263066421553667595e+01 1.575873451121219126e+01
8.561614400000000000e+07 4.261089865717842429e+01 1.575576138348617938e+01
8.568453000000000000e+07 4.258193533073377068e+01 1.574327696195105553e+01
8.575431900000000000e+07 4.253304016732609227e+01 1.573139946973794423e+01
8.582330800000000000e+07 4.255310546637304725e+01 1.573825651931316116e+01
8.589457600000000000e+07 4.251577446315681641e+01 1.572586276688741158e+01
8.596447800000000000e+07 4.252368581230282274e+01 1.571771237163315682e+01
8.603700200000000000e+07 4.245087671334163559e+01 1.571316081255108266e+01
8.611013300000000000e+07 4.250582591139838229e+01 1.570795293741526955e+01
8.617983000000000000e+07 4.253467925472610744e+01 1.569807287585608968e+01
8.625174300000000000e+07 4.249733698826723582e+01 1.568850345688884929e+01
8.632286400000000000e+07 4.249837566720377424e+01 1.568104565211611678e+01
8.639296800000000000e+07 4.254350138616808152e+01 1.567428053627763340e+01
8.646264300000000000e+07 4.253742713354604632e+01 1.566685551579802826e+01
8.653126700000000000e+07 4.249868487998248412e+01 1.565594031599359681e+01
8.660176400000000000e+07 4.249228373714100115e+01 1.565122761792339467e+01
8.667596100000000000e+07 4.246523396173228093e+01 1.564442824738661919e+01
8.675126200000000000e+07 4.250671801009440287e+01 1.563370869072860359e+01
8.681720500000000000e+07 4.251689062415439935e+01 1.562208759304921379e+01
8.689133200000000000e+07 4.249993681463484307e+01 1.561878826985930324e+01
8.696128500000000000e+07 4.246252470645161736e+01 1.561009716433155070e+01
8.703299300000000000e+07 4.242013152256173214e+01 1.561427752145876369e+01
8.710489000000000000e+07 4.247313748972975844e+01 1.560824261537449331e+01
8.717649300000000000e+07 4.243776902187551769e+01 1.559823668430479771e+01
8.724391200000000000e+07 4.237082316380261915e+01 1.559396627795904600e+01
8.731437400000000000e+07 4.239093998627772208e+01 1.559082161327063787e+01
8.738847100000000000e+07 4.233720553658945107e+01 1.558959678738462351e+01
8.746315600000000000e+07 4.236499796704319465e+01 1.558255961493472874e+01
8.753518000000000000e+07 4.233331127142184158e+01 1.557887834278598405e+01
8.760995700000000000e+07 4.237590820631990596e+01 1.557723148481454700e+01
8.768637100000000000e+07 4.240237261311669670e+01 1.557296897003504377e+01
8.775731800000000000e+07 4.246171954783426372e+01 1.556653866734704472e+01
8.783093200000000000e+07 4.246553241595056249e+01 1.556328603804660737e+01
8.790442800000000000e+07 4.246536078988285823e+01 1.555879717017737995e+01
8.797223500000000000e+07 4.244509026566116461e+01 1.555927827823832388e+01
8.804486500000000000e+07 4.244821302427699550e+01 1.555130237838171503e+01
8.811629000000000000e+07 4.241810727389388092e+01 1.554442184429647966e+01
8.819100300000000000e+07 4.245018005556648433e+01 1.552893958206736258e+01
8.826107100000000000e+07 4.246593102558107091e+01 1.552800675249198825e+01
8.833336400000000000e+07 4.245882425144332473e+01 1.551828848042822884e+01
8.840834300000000000e+07 4.241492967635939948e+01 1.550833463582740102e+01
8.848182200000000000e+07 4.247733510339349294e+01 1.550271380568302249e+01
8.855029000000000000e+07 4.245484311205508021e+01 1.549822453923792054e+01
8.862158600000000000e+07 4.247486810715327010e+01 1.549308016797161791e+01
8.869321200000000000e+07 4.241517289143072844e+01 1.548559638606012889e+01
8.876286300000000000e+07 4.238193367770905695e+01 1.548479886277729456e+01
8.883519500000000000e+07 4.238299731913458857e+01 1.548096415315593255e+01
8.891006800000000000e+07 4.236909619658717929e+01 1.548154158516012480e+01
8.898117800000000000e+07 4.236927804283151033e+01 1.547942422066081924e+01
8.904807500000000000e+07 4.236748702345732198e+01 1.547735078289213284e+01
8.912076900000000000e+07 4.235496996846924844e+01 1.547122936900167645e+01
8.919345800000000000e+07 4.234152330210183379e+01 1.547024037631120308e+01
8.926213600000000000e+07 4.231804543582310174e+01 1.548064671725770047e+01
8.933278100000000000e+07 4.226596218180163333e+01 1.548203308079828489e+01
8.940206400000000000e+07 4.228239596425297009e+01 1.547645108293974303e+01
8.947231700000000000e+07 4.223141876165589537e+01 1.547067615532970564e+01
8.954214600000000000e+07 4.218668423536367840e+01 1.547307705081275486e+01
8.961347400000000000e+07 4.216416622408805637e+01 1.546385302982185372e+01
8.968732300000000000e+07 4.210473618176217059e+01 1.546121794916599157e+01
8.975935400000000000e+07 4.211406079178250650e+01 1.545886982445431457e+01
8.982981800000000000e+07 4.213263441113781482e+01 1.545802417188109779e+01
8.990137900000000000e+07 4.213131106107810098e+01 1.546557560748919258e+01
8.997292900000000000e+07 4.216536308840621672e+01 1.546175022084130468e+01
9.004509800000000000e+07 4.221600004080855939e+01 1.545764397768498633e+01
9.011495800000000000e+07 4.218293779426997503e+01 1.545364984128947938e+01
9.018684500000000000e+07 4.210053044327602834e+01 1.545077811739368023e+01
9.025394200000000000e+07 4.214812817096853337e+01 1.544763861065542088e+01
9.032667300000000000e+07 4.208345920516914873e+01 1.544843910870113568e+01
9.039966800000000000e+07 4.204824083738122198e+01 1.544975051435088176e+01
9.046764700000000000e+07 4.201826236413228344e+01 1.544949091958197052e+01
9.053956400000000000e+07 4.201474010244679391e+01 1.545191469969511111e+01
9.061472500000000000e+07 4.203195786170935833e+01 1.545289292521803048e+01
9.068245600000000000e+07 4.209479415414112680e+01 1.545193328144166856e+01
9.075185100000000000e+07 4.211161490254391992e+01 1.545624182459619611e+01
9.082411100000000000e+07 4.207831336812783007e+01 1.546323165116229781e+01
9.089733000000000000e+07 4.203967613185049856e+01 1.546946358652091824e+01
9.097076900000000000e+07 4.205737966144209139e+01 1.547112475525447906e+01
9.104214100000000000e+07 4.207377852591335454e+01 1.547460134012065858e+01
9.111633100000000000e+07 4.210609731173893522e+01 1.547116334293063389e+01
9.118521400000000000e+07 4.205440168860867800e+01 1.546888574206594669e+01
9.125688100000000000e+07 4.203912954910795463e+01 1.547158231096343073e+01
9.132657200000000000e+07 4.208937548087129699e+01 1.547561589873670940e+01
9.139775300000000000e+07 4.202756079900439090e+01 1.547157598625989650e+01
9.147136600000000000e+07 4.208875391826110501e+01 1.547116578021361732e+01
9.154674900000000000e+07 4.205707248610377746e+01 1.546747036027464972e+01
9.161587300000000000e+07 4.202984912878667245e+01 1.546491903790988687e+01
9.168900100000000000e+07 4.208117370501273768e+01 1.546928304986411717e+01
9.176175800000000000e+07 4.207291010375051599e+01 1.546565574378104557e+01
9.183698000000000000e+07 4.207208982807463826e+01 1.546507328385356317e+01
9.191046000000000000e+07 4.209200603475812130e+01 1.546587275765809899e+01
9.198305700000000000e+07 4.215128139990740408e+01 1.546896904020120012e+01
9.205507700000000000e+07 4.216783855764041533e+01 1.546720369251663563e+01
9.212794200000000000e+07 4.216755666221804688e+01 1.546427501187496389e+01
9.219918400000000000e+07 4.214055100371742668e+01 1.546066965139604754e+01
9.226795100000000000e+07 4.210999229947753975e+01 1.544657232014575854e+01
9.234282700000000000e+07 4.206756234550374529e+01 1.543229486512504067e+01
9.241313400000000000e+07 4.208130043762010075e+01 1.542216223570065381e+01
9.248760600000000000e+07 4.205442728335950875e+01 1.540181475630916275e+01
9.255799200000000000e+07 4.204482846062991541e+01 1.539042781950846006e+01
9.262954700000000000e+07 4.202380493252795901e+01 1.537959402899706518e+01
9.270190600000000000e+07 4.202541019132931410e+01 1.536798528181799384e+01
9.277328600000000000e+07 4.201377065605851158e+01 1.535989666855612512e+01
9.284033200000000000e+07 4.203957365440467697e+01 1.535401796659508911e+01
9.291194000000000000e+07 4.203699406047056897e+01 1.534372397516735376e+01
9.298485300000000000e+07 4.202018996615571211e+01 1.533334837561037745e+01
9.305523300000000000e+07 4.202201160981902461e+01 1.532696776341282252e+01
9.312695900000000000e+07 4.201702794116359740e+01 1.531473369372040594e+01
9.319610300000000000e+07 4.199298487052634954e+01 1.530260937100202412e+01
9.326938800000000000e+07 4.197914885167867283e+01 1.529094207861301413e+01
9.333743700000000000e+07 4.202596469465873241e+01 1.527750299713285287e+01
9.340973300000000000e+07 4.197819761845260444e+01 1.527021899265334426e+01
9.348072400000000000e+07 4.196784468993792672e+01 1.526396309230053738e+01
9.355203900000000000e+07 4.196051896931319192e+01 1.525813148790321705e+01
9.362549200000000000e+07 4.197820232285391739e+01 1.524768361614297874e+01
9.369965000000000000e+07 4.190229176953221213e+01 1.523742084412934972e+01
9.376946000000000000e+07 4.195452679673989138e+01 1.522787221708201955e+01
9.384075000000000000e+07 4.197258538138094508e+01 1.521613984824974786e+01
9.391176000000000000e+07 4.194517825061866745e+01 1.521697910840350154e+01
9.398672000000000000e+07 4.197783571943084269e+01 1.520816884927076629e+01
9.405677400000000000e+07 4.195663239785425702e+01 1.519946527950363624e+01
9.413118700000000000e+07 4.195191284195753667e+01 1.519142907467924353e+01
9.420243700000000000e+07 4.198943680787184718e+01 1.518323121554052513e+01
9.427390700000000000e+07 4.198210674028721456e+01 1.517107409275582874e+01
9.434792600000000000e+07 4.198016162009454177e+01 1.516449847013299213e+01
9.442068700000000000e+07 4.196655889560672392e+01 1.515917487577188716e+01
9.449418200000000000e+07 4.198214617112269309e+01 1.515593700433285917e+01
9.456851900000000000e+07 4.198006694734820599e+01 1.515269702050513345e+01
9.464468000000000000e+07 4.193041739967053871e+01 1.515086527028274155e+01
9.471697400000000000e+07 4.199561553446704920e+01 1.513880875717456576e+01
9.479001800000000000e+07 4.202735073268465271e+01 1.514005009977223892e+01
9.486314200000000000e+07 4.200489450656218082e+01 1.513447772438131089e+01
9.493065700000000000e+07 4.201862484223794780e+01 1.512024037776198959e+01
9.500431000000000000e+07 4.199328533948406061e+01 1.511529354474430420e+01
9.507653700000000000e+07 4.205063025060621840e+01 1.510575097091942354e+01
9.514856800000000000e+07 4.199347117672493113e+01 1.510043418358957368e+01
9.522084600000000000e+07 4.203379924949349089e+01 1.509903486739669631e+01
9.529289800000000000e+07 4.203198540297590569e+01 1.508600456662290767e+01
9.536102500000000000e+07 4.202483396893310896e+01 1.507962723628598489e+01
9.542991400000000000e+07 4.198968943782051610e+01 1.507366955767003880e+01
9.549864700000000000e+07 4.193935492971074552e+01 1.506731677699860406e+01
9.557151200000000000e+07 4.192323433230626506e+01 1.506704819872731704e+01
9.564169200000000000e+07 4.193859684318493208e+01 1.505986431976458917e+01
9.571515900000000000e+07 4.187712139651782906e+01 1.506060940927568659e+01
9.578503800000000000e+07 4.187641284618510440e+01 1.505420129649646377e+01
9.585756000000000000e+07 4.188335924199378013e+01 1.504663194125587289e+01
9.593011400000000000e+07 4.189480311862777739e+01 1.503890797489966502e+01
9.599677800000000000e+07 4.193938325903268094e+01 1.504026283757481330e+01
9.606677000000000000e+07 4.191884203460456604e+01 1.503386748533445250e+01
9.614141800000000000e+07 4.190846007860830014e+01 1.502843400529942208e+01
9.621046200000000000e+07 4.189297973874482750e+01 1.502209071787377148e+01
9.628524100000000000e+07 4.192911471264723389e+01 1.501766263158686066e+01
9.635810200000000000e+07 4.194241726369483558e+01 1.500558832202566961e+01
9.642625200000000000e+07 4.192806077811486887e+01 1.500372881618826248e+01
9.650123400000000000e+07 4.192280486417699592e+01 1.500652140647482291e+01
9.657134500000000000e+07 4.191287468328319932e+01 1.500603041064936960e+01
9.664248100000000000e+07 4.191560383482826069e+01 1.499802340419871705e+01
9.671341100000000000e+07 4.188531763337454095e+01 1.499960751623005528e+01
9.678489900000000000e+07 4.181688141088402233e+01 1.499537941301192312e+01
9.685588600000000000e+07 4.177143670809976328e+01 1.499544396056162832e+01
9.692852600000000000e+07 4.177737681398846092e+01 1.499017237580138051e+01
9.699804000000000000e+07 4.176783302991102431e+01 1.498375001709313281e+01
9.706824100000000000e+07 4.175398109713011507e+01 1.498347621372539784e+01
9.713896200000000000e+07 4.178258467154809352e+01 1.498046420221228558e+01
9.721139400000000000e+07 4.175099449723339262e+01 1.497554068312013520e+01
9.727890700000000000e+07 4.175958872608266148e+01 1.497791856382174380e+01
9.734688000000000000e+07 4.174036606697214324e+01 1.498092914116445407e+01
9.741724800000000000e+07 4.170273992051816947e+01 1.498561209018051521e+01
9.749274800000000000e+07 4.169698118188865266e+01 1.498745272701155606e+01
9.756522400000000000e+07 4.173882345560589613e+01 1.498026050335990789e+01
9.763832100000000000e+07 4.178453739453384941e+01 1.497751033368030349e+01
9.771165200000000000e+07 4.178748870927259418e+01 1.497001355455133087e+01
9.778417500000000000e+07 4.179781101172302016e+01 1.496772087084476865e+01
9.785451500000000000e+07 4.180588236118050105e+01 1.495804568782822130e+01
9.792867200000000000e+07 4.179906461860896627e+01 1.495627226142954136e+01
9.799302200000000000e+07 4.179426556405884696e+01 1.495065770808575856e+01
9.806504200000000000e+07 4.178512784925947443e+01 1.494713751359868326e+01
9.814035200000000000e+07 4.176467132104315994e+01 1.494453492265512295e+01
9.821070400000000000e+07 4.172305840059684812e+01 1.493923540528839844e+01
9.828022300000000000e+07 4.171193950562801689e+01 1.493657465841053700e+01
9.835387600000000000e+07 4.174540271045417938e+01 1.491885056664045983e+01
9.843544900000000000e+07 4.168636494532641734e+01 1.490820242079491464e+01
9.851099600000000000e+07 4.171309918489188107e+01 1.491177157903912942e+01
9.858285000000000000e+07 4.174822400684210777e+01 1.490772300181662224e+01
9.865328000000000000e+07 4.182246315993301522e+01 1.490605796054410703e+01
9.872587600000000000e+07 4.179173487778735563e+01 1.490731950281589668e+01
9.880283600000000000e+07 4.175629259787741887e+01 1.490399670159798085e+01
9.887548800000000000e+07 4.181376876593672876e+01 1.490580921087697597e+01
9.894486300000000000e+07 4.191658354936785713e+01 1.489715104712924187e+01
9.901369800000000000e+07 4.194968301409481626e+01 1.489756605992106842e+01
9.908570900000000000e+07 4.189048835897553857e+01 1.489842058461999486e+01
9.915903900000000000e+07 4.192389793243211926e+01 1.489026209815735946e+01
9.923108900000000000e+07 4.192847239690372163e+01 1.488582502548438136e+01
9.930323400000000000e+07 4.197846594829859868e+01 1.487368528865242290e+01
9.937611400000000000e+07 4.193548349775413442e+01 1.486627675425594752e+01
9.944645000000000000e+07 4.188130917127530495e+01 1.485511579163201645e+01
9.951790700000000000e+07 4.192079801833386199e+01 1.485000701164862491e+01
9.959132600000000000e+07 4.193706622088496516e+01 1.484561212900885785e+01
9.966413900000000000e+07 4.197402671638308647e+01 1.483351423082718767e+01
9.973824700000000000e+07 4.195730383565099686e+01 1.482389407748985377e+01
9.981238800000000000e+07 4.195187519094584161e+01 1.481689945232484007e+01
9.988506900000000000e+07 4.197144422891693694e+01 1.481480861011911188e+01
9.995323300000000000e+07 4.195786831036319597e+01 1.480534937065445078e+01
1.000204160000000000e+08 4.189982128609049994e+01 1.479414197382274487e+01
1.000953220000000000e+08 4.184740825968277278e+01 1.477807572970563754e+01
1.001655230000000000e+08 4.186332138664137403e+01 1.476751750167462340e+01
1.002368540000000000e+08 4.178362489413495950e+01 1.476036918095376649e+01
1.003086900000000000e+08 4.176259568659712329e+01 1.475126254904633960e+01
1.003822770000000000e+08 4.174232352187082995e+01 1.474530579021894994e+01
1.004565400000000000e+08 4.171016696136742041e+01 1.474097952887585627e+01
1.005271590000000000e+08 4.174681625683867736e+01 1.473541048086331173e+01
1.005995090000000000e+08 4.176070977036879128e+01 1.473764193424450042e+01
1.006722690000000000e+08 4.171265497959390700e+01 1.472954134495229539e+01
1.007411020000000000e+08 4.170043476622268486e+01 1.471753499468181836e+01
1.008133990000000000e+08 4.164911747346763349e+01 1.471496799369410269e+01
1.008858370000000000e+08 4.165459653317252275e+01 1.470714101279426522e+01
1.009559480000000000e+08 4.169258662070348009e+01 1.468961269398678482e+01
1.010269820000000000e+08 4.171784772387769635e+01 1.468028827913554046e+01
1.010998110000000000e+08 4.173037974274827633e+01 1.468238360008020926e+01
1.011686280000000000e+08 4.167805647265861069e+01 1.467483673330175620e+01
1.012363340000000000e+08 4.166903130303560943e+01 1.467182414378064870e+01
1.013105720000000000e+08 4.167512648274234976e+01 1.467249741475218094e+01
1.013858240000000000e+08 4.164695369912197265e+01 1.466339013382735068e+01
1.014587120000000000e+08 4.167512544333008861e+01 1.465284130525130379e+01
1.015322050000000000e+08 4.166766863167745782e+01 1.464825736806152001e+01
1.016035150000000000e+08 4.161226167428953460e+01 1.463636266188239965e+01
1.016726710000000000e+08 4.161515661022971813e+01 1.463504896413312473e+01
1.017432970000000000e+08 4.160067363160456466e+01 1.463006228435724054e+01
1.018136840000000000e+08 4.160624265759124540e+01 1.462437814859442042e+01
1.018852830000000000e+08 4.159351643683928046e+01 1.461868858371688695e+01
1.019533310000000000e+08 4.158269674312116138e+01 1.461428788247099675e+01
1.020230900000000000e+08 4.154966089187136902e+01 1.461043775540419887e+01
1.020951370000000000e+08 4.144887579722462334e+01 1.461168076068484645e+01
1.021682570000000000e+08 4.148518554637073663e+01 1.461183639799412326e+01
1.022368700000000000e+08 4.147705508045682166e+01 1.460340910978926665e+01
1.023077720000000000e+08 4.150371224568061734e+01 1.459845974772830957e+01
1.023797750000000000e+08 4.145578747605189562e+01 1.459386348049979176e+01
1.024480210000000000e+08 4.147754355148251193e+01 1.458740801997947756e+01
1.025196500000000000e+08 4.143234144290733667e+01 1.458564423182090231e+01
1.025915240000000000e+08 4.137431793923587975e+01 1.457730421308496815e+01
1.026649800000000000e+08 4.135938590461337583e+01 1.457396781561058852e+01
1.027377020000000000e+08 4.135417445873055442e+01 1.456852892559156132e+01
1.028045240000000000e+08 4.135576540542817980e+01 1.456052349043457284e+01
1.028773360000000000e+08 4.137831907824167388e+01 1.455182924469371208e+01
1.029473960000000000e+08 4.136063677307069497e+01 1.454964557562615113e+01
1.030202270000000000e+08 4.137932924364140774e+01 1.454846552408404037e+01
1.030915150000000000e+08 4.144958007126395216e+01 1.454353165264689451e+01
1.031661290000000000e+08 4.143187676142067488e+01 1.453240238281000174e+01
1.032371750000000000e+08 4.144022300704015294e+01 1.453103294509634402e+01
1.033091940000000000e+08 4.148314922010578698e+01 1.453130743384212131e+01
1.033800260000000000e+08 4.142952407454416175e+01 1.452280222721137726e+01
1.034520600000000000e+08 4.143988385700195920e+01 1.452072308145924140e+01
1.035245720000000000e+08 4.142949461127711430e+01 1.451888038276626780e+01
1.035970290000000000e+08 4.147242858825223522e+01 1.451791458614189878e+01
1.036727720000000000e+08 4.149912985371105378e+01 1.451420781698367790e+01
1.037446740000000000e+08 4.150117420331066853e+01 1.451468394936416217e+01
1.038154560000000000e+08 4.158074189055535896e+01 1.451743091898197591e+01
1.038880690000000000e+08 4.155915408949322654e+01 1.451632799187354017e+01
1.039605160000000000e+08 4.156072399068960266e+01 1.451615370128835458e+01
1.040330600000000000e+08 4.158031400286536439e+01 1.451808228385894317e+01
1.041048320000000000e+08 4.156646408254179903e+01 1.451664168600716209e+01
1.041745710000000000e+08 4.159177647007624756e+01 1.451240423925663059e+01
1.042455420000000000e+08 4.161774058128138165e+01 1.450675391218101851e+01
1.043170700000000000e+08 4.159449612451154366e+01 1.450669367294107381e+01
1.043892140000000000e+08 4.158669810446114923e+01 1.450990417039119862e+01
1.044651720000000000e+08 4.157569688315282974e+01 1.451151364007198374e+01
1.045408830000000000e+08 4.157205515087080272e+01 1.450752804455896161e+01
1.046126330000000000e+08 4.160009605934725130e+01 1.450976377370569814e+01
1.046825320000000000e+08 4.164488894612276226e+01 1.450693859580903045e+01
1.047534220000000000e+08 4.160908806981217367e+01 1.450739119821985845e+01
1.048287890000000000e+08 4.163947336387654730e+01 1.451033757524834655e+01
1.048989590000000000e+08 4.162066022807412224e+01 1.451865683800816420e+01
1.049708670000000000e+08 4.159200656033810617e+01 1.451544631455110590e+01
1.050420470000000000e+08 4.155651665851377174e+01 1.451540407743101468e+01
1.051138760000000000e+08 4.156112877984532616e+01 1.451521390994361838e+01
1.051833810000000000e+08 4.155969166933067527e+01 1.451001527615971298e+01
1.052531080000000000e+08 4.152166162671566951e+01 1.451057941119242223e+01
1.053231350000000000e+08 4.153263766429854087e+01 1.451172613876972939e+01
1.053948990000000000e+08 4.156991314491352085e+01 1.451005234365711516e+01
1.054652630000000000e+08 4.152817156484606897e+01 1.450118852274054149e+01
1.055379530000000000e+08 4.154092711444734221e+01 1.450310577097927833e+01
1.056087610000000000e+08 4.160269950306862086e+01 1.450615705139136757e+01
1.056787650000000000e+08 4.159420139610298151e+01 1.449892127514034001e+01
1.057479310000000000e+08 4.162059072524862557e+01 1.450145121965314132e+01
1.058172560000000000e+08 4.163032700564753696e+01 1.450727549193010191e+01
1.058873070000000000e+08 4.159147006801754998e+01 1.451082631737089379e+01
1.059594880000000000e+08 4.153863368577909654e+01 1.451222500063842524e+01
1.060323940000000000e+08 4.155268446790682191e+01 1.450048612261845271e+01
1.061069270000000000e+08 4.153899755944320304e+01 1.450673408649224250e+01
1.061790540000000000e+08 4.150064200498959366e+01 1.450415334625092179e+01
1.062494560000000000e+08 4.150941637912107041e+01 1.449683302298715581e+01
1.063225680000000000e+08 4.152664609224414960e+01 1.449978991449614796e+01
1.063903280000000000e+08 4.157244138603614658e+01 1.449563180706669030e+01
1.064604000000000000e+08 4.157009651467053857e+01 1.449127781675873550e+01
1.065340520000000000e+08 4.157091065883506076e+01 1.448164762223565916e+01
1.066061500000000000e+08 4.157652698214347708e+01 1.447842872071167619e+01
1.066791730000000000e+08 4.159677640720365588e+01 1.447578686683546678e+01
1.067516850000000000e+08 4.158260971698115327e+01 1.446722014455943395e+01
1.068211150000000000e+08 4.159000816712731563e+01 1.446057134530201616e+01
1.068944250000000000e+08 4.160327266306387628e+01 1.445290455906415161e+01
1.069669180000000000e+08 4.162353500369252401e+01 1.444102525653988245e+01
1.070421010000000000e+08 4.161123669775457756e+01 1.443973660781366064e+01
1.071138060000000000e+08 4.163290034104573323e+01 1.442938230770328545e+01
1.071843360000000000e+08 4.161104797889326079e+01 1.442746802660547978e+01
1.072585580000000000e+08 4.160956581848809321e+01 1.441818555330864804e+01
1.073323000000000000e+08 4.162793200684809136e+01 1.441120461715414969e+01
1.074024940000000000e+08 4.164402027621817126e+01 1.440784530858433854e+01
1.074731020000000000e+08 4.165962232097484019e+01 1.440117207043291891e+01
1.075453700000000000e+08 4.162081862872119586e+01 1.438688036756211375e+01
1.076164710000000000e+08 4.162374261280297105e+01 1.438566111104842982e+01
1.076860270000000000e+08 4.164227070935413622e+01 1.438557404758926594e+01
1.077579560000000000e+08 4.162905650337880559e+01 1.437535697121039746e+01
1.078335140000000000e+08 4.168315336884491273e+01 1.437242347540621168e+01
1.079041490000000000e+08 4.169427327934861438e+01 1.436751029115697698e+01
1.079765950000000000e+08 4.168099587817209795e+01 1.436069641919699613e+01
1.080475050000000000e+08 4.165739165022083057e+01 1.435349149412322234e+01
1.081150590000000000e+08 4.166336093497760373e+01 1.434389823492625382e+01
1.081896460000000000e+08 4.160884322296259796e+01 1.433377706354064962e+01
1.082603120000000000e+08 4.163583046476799154e+01 1.432850293328606739e+01
1.083319770000000000e+08 4.163512163278353029e+01 1.431699641004149370e+01
1.084049450000000000e+08 4.165400728724901569e+01 1.431745831527809365e+01
1.084779740000000000e+08 4.170215483624494368e+01 1.430854523957044400e+01
1.085490630000000000e+08 4.169681020469734278e+01 1.430356244900608154e+01
1.086228650000000000e+08 4.168435980708221678e+01 1.429611477078892712e+01
1.086914980000000000e+08 4.173036040051604800e+01 1.428938094890053812e+01
1.087644790000000000e+08 4.176074180769230537e+01 1.428622708494463822e+01
1.088378430000000000e+08 4.174201191732320382e+01 1.427695531934407214e+01
1.089112440000000000e+08 4.175303485128937098e+01 1.426591377683411288e+01
1.089843910000000000e+08 4.176061786412345356e+01 1.425566524303637195e+01
1.090550810000000000e+08 4.175276609533963779e+01 1.425485723672570337e+01
1.091274910000000000e+08 4.176209334386306438e+01 1.425572742868934384e+01
1.091985380000000000e+08 4.175108884428502165e+01 1.425262999909396022e+01
1.092672440000000000e+08 4.173079348634269792e+01 1.425216342136625336e+01
1.093391880000000000e+08 4.169340814499270209e+01 1.424631541434153803e+01
1.094125870000000000e+08 4.165048979866117662e+01 1.424518267434914520e+01
1.094819780000000000e+08 4.165473694085253697e+01 1.423623177869140655e+01
1.095505900000000000e+08 4.167417792168660640e+01 1.423353468988884529e+01
1.096186800000000000e+08 4.167120549477071023e+01 1.422364514750534070e+01
1.096908760000000000e+08 4.160756753571821065e+01 1.421739377068050736e+01
1.097615370000000000e+08 4.160721926430059625e+01 1.420822281953839905e+01
1.098358310000000000e+08 4.159520974279266881e+01 1.420518835178959982e+01
1.099093900000000000e+08 4.160501327115308356e+01 1.419866811268981621e+01
1.099803320000000000e+08 4.158627365688629141e+01 1.419693363248983609e+01
1.100520030000000000e+08 4.160329661551264735e+01 1.418961471905347160e+01
1.101268050000000000e+08 4.157306516477821390e+01 1.419252664545799192e+01
1.101992130000000000e+08 4.153251739527097186e+01 1.419410732049080792e+01
1.102705170000000000e+08 4.156830874761938333e+01 1.418396317525694172e+01
1.103403780000000000e+08 4.157242561149276838e+01 1.418237913121206617e+01
1.104123150000000000e+08 4.161107912124887775e+01 1.418125554043649217e+01
1.104837530000000000e+08 4.160662859782625844e+01 1.417202401037187265e+01
1.105567130000000000e+08 4.158464258243405709e+01 1.416678529298230416e+01
1.106289570000000000e+08 4.159945022918257251e+01 1.416195357986451242e+01
1.106985930000000000e+08 4.156819159819193032e+01 1.415664482737984819e+01
1.107675350000000000e+08 4.160636681051260410e+01 1.415463605497781074e+01
1.108418620000000000e+08 4.162172111826227194e+01 1.415095137489660360e+01
1.109132150000000000e+08 4.162075281489548928e+01 1.414997178323095994e+01
1.109826300000000000e+08 4.165020363362571487e+01 1.414567404964400765e+01
1.110525570000000000e+08 4.163611059646139978e+01 1.414608612789945497e+01
1.111285170000000000e+08 4.159157465514639540e+01 1.414286318017932054e+01
1.112012060000000000e+08 4.161295982801501481e+01 1.413942738400976395e+01
1.112749910000000000e+08 4.166239687313203888e+01 1.413577234111535752e+01
1.113484330000000000e+08 4.169586397664667743e+01 1.413835651731993970e+01
1.114194110000000000e+08 4.171905912108604042e+01 1.413492604528892116e+01
1.114902520000000000e+08 4.172533951132100327e+01 1.412625815046470734e+01
1.115630050000000000e+08 4.171715270087963034e+01 1.412176826004252383e+01
1.116327920000000000e+08 4.169337677915096663e+01 1.412920723493084907e+01
1.117076300000000000e+08 4.172114727747628393e+01 1.412348799923153386e+01
1.117794470000000000e+08 4.174956047675256343e+01 1.411923416441760004e+01
1.118507850000000000e+08 4.173590343710904449e+01 1.411207797837638367e+01
1.119239920000000000e+08 4.171402606400508262e+01 1.411023235529004261e+01
1.119959900000000000e+08 4.174842329617008829e+01 1.410914736581420925e+01
1.120673120000000000e+08 4.177557056450002193e+01 1.410661231738995980e+01
1.121374940000000000e+08 4.181676555778877713e+01 1.410435444546693873e+01
1.122080670000000000e+08 4.185592836516615733e+01 1.410541679772870616e+01
1.122802650000000000e+08 4.188095260503833117e+01 1.410701026207539144e+01
1.123492920000000000e+08 4.188782092487658559e+01 1.410513155113848960e+01
1.124208100000000000e+08 4.186482186652894910e+01 1.410050916807127841e+01
1.124909550000000000e+08 4.181965782501408313e+01 1.409809249701923228e+01
1.125606700000000000e+08 4.181473598427643168e+01 1.409781662090213672e+01
1.126350810000000000e+08 4.180884947379881567e+01 1.409356818238350328e+01
1.127014320000000000e+08 4.177584965320504296e+01 1.409569761302270763e+01
1.127737900000000000e+08 4.175258673016890754e+01 1.409622059879299805e+01
1.128463680000000000e+08 4.176669545022276253e+01 1.409509240362500471e+01
1.129185600000000000e+08 4.177388613278495200e+01 1.409210236194283539e+01
1.129914950000000000e+08 4.177203913952627801e+01 1.409874821256917166e+01
1.130611590000000000e+08 4.175347763673196511e+01 1.410069449435072464e+01
1.131329500000000000e+08 4.172112067471418584e+01 1.410520601913744976e+01
1.132038860000000000e+08 4.172557659840050093e+01 1.410369213945751810e+01
1.132739630000000000e+08 4.171591440929504557e+01 1.410560826345699148e+01
1.133435380000000000e+08 4.169626486337489268e+01 1.409827809772045981e+01
1.134186180000000000e+08 4.168599901313171330e+01 1.409514049840801242e+01
1.134852160000000000e+08 4.172590573947648807e+01 1.408393328514050502e+01
1.135575450000000000e+08 4.171426921597194593e+01 1.407572218564884459e+01
1.136262150000000000e+08 4.173520781852491979e+01 1.406989691748488980e+01
1.136987300000000000e+08 4.165880502464531787e+01 1.406225014500027548e+01
1.137704500000000000e+08 4.167719997840563906e+01 1.405644539829732587e+01
1.138420480000000000e+08 4.164156477224422304e+01 1.405095754101313332e+01
1.139185840000000000e+08 4.162204063641824803e+01 1.404373524473212953e+01
1.139913610000000000e+08 4.162444804149710365e+01 1.402745891410590495e+01
1.140664890000000000e+08 4.162317912900823558e+01 1.401567077466404143e+01
1.141383920000000000e+08 4.167857963460357951e+01 1.401038028640379451e+01
1.142076230000000000e+08 4.165272445404208668e+01 1.400403668943965663e+01
1.142803270000000000e+08 4.162534936606558489e+01 1.400093260803405926e+01
1.143537750000000000e+08 4.169796842854314889e+01 1.399754681176885107e+01
1.144242140000000000e+08 4.168577529089969858e+01 1.398349919366403782e+01
1.144969880000000000e+08 4.167560182789153345e+01 1.397285948319275484e+01
1.145700270000000000e+08 4.167892859331595190e+01 1.396926169702307163e+01
1.146373360000000000e+08 4.167301131990392804e+01 1.396068763708775506e+01
1.147096280000000000e+08 4.164530112969560349e+01 1.395693023110294817e+01
1.147795400000000000e+08 4.163116972193173382e+01 1.395024955314900339e+01
1.148512400000000000e+08 4.161099836824654830e+01 1.394036093977109481e+01
1.149239230000000000e+08 4.160083740618326686e+01 1.392928899362343742e+01
1.149946860000000000e+08 4.160802193337190147e+01 1.392532038852798948e+01
1.150636830000000000e+08 4.156461352065387871e+01 1.391220522135554738e+01
1.151367410000000000e+08 4.157592301853715355e+01 1.390528380717717027e+01
1.152077460000000000e+08 4.159407859458535484e+01 1.389634294707151341e+01
1.152766400000000000e+08 4.159755636462077888e+01 1.389184492587465236e+01
1.153479340000000000e+08 4.162997786067555950e+01 1.388121942441567214e+01
1.154230710000000000e+08 4.163559009386969478e+01 1.387930495629476368e+01
1.154953880000000000e+08 4.165279219302745162e+01 1.386919118289977071e+01
1.155660610000000000e+08 4.166192028991588359e+01 1.386022098154867699e+01
1.156390030000000000e+08 4.167335820917413258e+01 1.385775223753313412e+01
1.157128230000000000e+08 4.169220246467966007e+01 1.385113872120649958e+01
1.157879450000000000e+08 4.171932180689940139e+01 1.384906651725594884e+01
1.158569520000000000e+08 4.170110387851867273e+01 1.384266612716955969e+01
1.159276420000000000e+08 4.174617642139368456e+01 1.383860527900385229e+01
1.159973290000000000e+08 4.176728941430659603e+01 1.382739428382153335e+01
1.160673460000000000e+08 4.175963449120244775e+01 1.382020357929495624e+01
1.161367460000000000e+08 4.175485398538209125e+01 1.381576332440033639e+01
1.162054410000000000e+08 4.172022811276213616e+01 1.380688693824365387e+01
1.162742860000000000e+08 4.164870880056763269e+01 1.380608109189529387e+01
1.163489170000000000e+08 4.163482609305724935e+01 1.380412890877750343e+01
1.164225770000000000e+08 4.161800212447194269e+01 1.379484614045220781e+01
1.164959770000000000e+08 4.164875172191678132e+01 1.379674883354626758e+01
1.165637350000000000e+08 4.166902480567799216e+01 1.379705270573835918e+01
1.166342970000000000e+08 4.167201432324304733e+01 1.378747761270132877e+01
1.167040830000000000e+08 4.163769733696706510e+01 1.378918222770878543e+01
1.167739690000000000e+08 4.161667064875990718e+01 1.377938396849489600e+01
1.168431550000000000e+08 4.156560306603530819e+01 1.377019670846799215e+01
1.169159180000000000e+08 4.158106746420345701e+01 1.376563087592765022e+01
1.169871430000000000e+08 4.158197953595136198e+01 1.376509587162310311e+01
1.170568800000000000e+08 4.159133471580477703e+01 1.375487391394919889e+01
1.171319120000000000e+08 4.154617486388737291e+01 1.375048626524106155e+01
1.172041990000000000e+08 4.153850486510326334e+01 1.375135671363803880e+01
1.172724270000000000e+08 4.150735810719429253e+01 1.374850886756169643e+01
1.173405510000000000e+08 4.151492139699672634e+01 1.373946930761665364e+01
1.174103860000000000e+08 4.143149909451297219e+01 1.373527421646404356e+01
1.174823930000000000e+08 4.140700905460495562e+01 1.372629605539204434e+01
1.175536980000000000e+08 4.137651830116978147e+01 1.372031056436127905e+01
1.176271520000000000e+08 4.138877801427274505e+01 1.372221855594488993e+01
1.177015570000000000e+08 4.139595395372617048e+01 1.371704900476610334e+01
1.177746070000000000e+08 4.143964848610580987e+01 1.371197896934224936e+01
1.178453130000000000e+08 4.146298514941093316e+01 1.371179622250818930e+01
1.179195960000000000e+08 4.149428500220598437e+01 1.370635779182900649e+01
1.179918460000000000e+08 4.150083232588112025e+01 1.369768808218191047e+01
1.180620840000000000e+08 4.152554117058116390e+01 1.369533670430148042e+01
1.181323390000000000e+08 4.157597160562102800e+01 1.368808899102920940e+01
1.182001880000000000e+08 4.156671629270386603e+01 1.367885275456016636e+01
1.182722930000000000e+08 4.153339117157094762e+01 1.367778664598044536e+01
1.183428660000000000e+08 4.152094293811568804e+01 1.367532036859841149e+01
1.184168730000000000e+08 4.154592254305654109e+01 1.367201389235773235e+01
1.184894450000000000e+08 4.154152426532659348e+01 1.367064380954428771e+01
1.185608850000000000e+08 4.155739305675090378e+01 1.367019001449765980e+01
1.186322920000000000e+08 4.153986186638502431e+01 1.366739023057958669e+01
1.187068740000000000e+08 4.150862001797527512e+01 1.366271213613029190e+01
1.187795070000000000e+08 4.153353187025390980e+01 1.366197876640133302e+01
1.188520760000000000e+08 4.151196374688232282e+01 1.365777699545780166e+01
1.189223890000000000e+08 4.152060526887078851e+01 1.365880073825828767e+01
1.189918560000000000e+08 4.147337951376729137e+01 1.365505290333487487e+01
1.190640740000000000e+08 4.145619747014419687e+01 1.365365748143169355e+01
1.191376930000000000e+08 4.146517362450485678e+01 1.365246013846433826e+01
1.192095720000000000e+08 4.145523600003803466e+01 1.365037082533815394e+01
1.192766280000000000e+08 4.147233991451398794e+01 1.364801183241920945e+01
1.193444760000000000e+08 4.143393805408855002e+01 1.364710632897727294e+01
1.194163810000000000e+08 4.141726028495366307e+01 1.364032248641884770e+01
1.194859460000000000e+08 4.143065701903893938e+01 1.363557070179913033e+01
1.195550240000000000e+08 4.143302605296975827e+01 1.363496833099059913e+01
1.196262440000000000e+08 4.142639304066594264e+01 1.363008711390833128e+01
1.196969350000000000e+08 4.137500242655047344e+01 1.363303285106236018e+01
1.197665360000000000e+08 4.135061668172741633e+01 1.362794719285897216e+01
1.198367500000000000e+08 4.135894765191233802e+01 1.362698698262322239e+01
1.199104410000000000e+08 4.135952909035287206e+01 1.362713761401686519e+01
1.199852880000000000e+08 4.136623139075252453e+01 1.362104332245527871e+01
1.200561250000000000e+08 4.140041196291127790e+01 1.361213367790604956e+01
1.201264830000000000e+08 4.141037920832869901e+01 1.360605762936974550e+01
1.201958080000000000e+08 4.138595802955092751e+01 1.360751877264466536e+01
1.202649170000000000e+08 4.136083997359391162e+01 1.360388930013894537e+01
1.203352540000000000e+08 4.132371870289411220e+01 1.360921001424056698e+01
1.204085020000000000e+08 4.131599439859682832e+01 1.360806402632182355e+01
1.204748700000000000e+08 4.129735434861536447e+01 1.360264453150743336e+01
1.205434060000000000e+08 4.129246282263450496e+01 1.359277284174118705e+01
1.206148670000000000e+08 4.124948656172979611e+01 1.358159444725838938e+01
1.206866220000000000e+08 4.125679636899457137e+01 1.357145664648285610e+01
1.207625320000000000e+08 4.125995392648593452e+01 1.356477230207074314e+01
1.208362530000000000e+08 4.128602470627216547e+01 1.355338431570933544e+01
1.209103060000000000e+08 4.128493399621083881e+01 1.354931395551576756e+01
1.209784180000000000e+08 4.132129508796325723e+01 1.353824359510766406e+01
1.210506150000000000e+08 4.137019489033243502e+01 1.353037308535052752e+01
1.211231230000000000e+08 4.140302343174925426e+01 1.352253919717788477e+01
1.211915040000000000e+08 4.141707063357250718e+01 1.351754244696472718e+01
1.212647300000000000e+08 4.137600036993310937e+01 1.350840632039481015e+01
1.213330320000000000e+08 4.137860648976347022e+01 1.350242186734099548e+01
1.214092510000000000e+08 4.137310401020257444e+01 1.349772869145520815e+01
1.214805600000000000e+08 4.141067563163021958e+01 1.348830237819436562e+01
1.215544180000000000e+08 4.144801125895663318e+01 1.347951987406181829e+01
1.216252280000000000e+08 4.145766993514094878e+01 1.346922242885410093e+01
1.217001560000000000e+08 4.142877820542263123e+01 1.345808196395264034e+01
1.217720890000000000e+08 4.145852385310171684e+01 1.344620603466438880e+01
1.218384180000000000e+08 4.143900053813956674e+01 1.344094932100378159e+01
1.219099830000000000e+08 4.140000652585281671e+01 1.342796570013162061e+01
1.219812200000000000e+08 4.141410098938249718e+01 1.342390332823306487e+01
1.220509660000000000e+08 4.142644232650052061e+01 1.341984138845775298e+01
1.221276610000000000e+08 4.142744856253388264e+01 1.341534872922913557e+01
1.222010280000000000e+08 4.145615867446947789e+01 1.340597326845585613e+01
1.222709800000000000e+08 4.148634382122031639e+01 1.339814694521004057e+01
1.223394140000000000e+08 4.146139164277062861e+01 1.339326375105821754e+01
1.224109000000000000e+08 4.146678895328253844e+01 1.338009376480007795e+01
1.224841360000000000e+08 4.150782533702578547e+01 1.337172165920477518e+01
1.225553570000000000e+08 4.155549356413239082e+01 1.336861402916020936e+01
1.226273870000000000e+08 4.158485943851093225e+01 1.335935101117040347e+01
1.226990990000000000e+08 4.156552651246081354e+01 1.335450650179632248e+01
1.227696490000000000e+08 4.154265388818583915e+01 1.334966396157055080e+01
1.228413310000000000e+08 4.155599645119656316e+01 1.333952327273547134e+01
1.229111790000000000e+08 4.157921003715699726e+01 1.332870731868936431e+01
1.229818510000000000e+08 4.156101232929955103e+01 1.332168494250765889e+01
1.230510710000000000e+08 4.156366761234060192e+01 1.331298775151373270e+01
1.231198760000000000e+08 4.157348502252335010e+01 1.330572039269912032e+01
1.231888830000000000e+08 4.157099522257772151e+01 1.330172742801848251e+01
1.232594270000000000e+08 4.152194783989497751e+01 1.329832469879824508e+01
1.233307830000000000e+08 4.152371035701740709e+01 1.329784087980579343e+01
1.234044560000000000e+08 4.149811955228867077e+01 1.329285501788508483e+01
1.234768530000000000e+08 4.149302391955486513e+01 1.328805589860948189e+01
1.235501200000000000e+08 4.144431323892762720e+01 1.328061034389615536e+01
1.236208620000000000e+08 4.145623398799575199e+01 1.328128671833919938e+01
1.236910140000000000e+08 4.146404482581782958e+01 1.327628823253735213e+01
1.237646190000000000e+08 4.150244922279406978e+01 1.327251083236337870e+01
1.238367910000000000e+08 4.148532706103512879e+01 1.326383824900256947e+01
1.239054320000000000e+08 4.149624510330540517e+01 1.325911184435003953e+01
1.239747940000000000e+08 4.148326207054942216e+01 1.325197744432267299e+01
1.240453330000000000e+08 4.146841443193411436e+01 1.324437748341779830e+01
1.241151920000000000e+08 4.144989978091341243e+01 1.323332613104830102e+01
1.241894440000000000e+08 4.143576622785295172e+01 1.323251296734442484e+01
1.242607620000000000e+08 4.143077290755666553e+01 1.323016160430382548e+01
1.243363740000000000e+08 4.145672898157346253e+01 1.322389242889754080e+01
1.244107850000000000e+08 4.144405901682385007e+01 1.321647494295641678e+01
1.244814310000000000e+08 4.145652654763802758e+01 1.321242422654750470e+01
1.245574930000000000e+08 4.144326677413801008e+01 1.320395985037235675e+01
1.246253100000000000e+08 4.144686778897288093e+01 1.320190073731565050e+01
1.247002850000000000e+08 4.147781405653910980e+01 1.320219257085632947e+01
1.247723360000000000e+08 4.147562578618079954e+01 1.319428189410704810e+01
1.248431650000000000e+08 4.147235441025810587e+01 1.319397703589562987e+01
1.249221490000000000e+08 4.146217995127418732e+01 1.318955999129067358e+01
1.249943280000000000e+08 4.147425398614866054e+01 1.318938531855837937e+01
1.250654330000000000e+08 4.149995817065460813e+01 1.318520948177574148e+01
1.251352990000000000e+08 4.151951874411908960e+01 1.317908126751508213e+01
1.252058890000000000e+08 4.149174510200148092e+01 1.317101658754641491e+01
1.252775500000000000e+08 4.146527567741749465e+01 1.316702841934094792e+01
1.253525110000000000e+08 4.143292827998378414e+01 1.315564780813186374e+01
1.254229710000000000e+08 4.141619212361446500e+01 1.314713986334854390e+01
1.254957370000000000e+08 4.142328174784000794e+01 1.314756983980254468e+01
1.255650430000000000e+08 4.141752448352572458e+01 1.314233314407066011e+01
1.256335790000000000e+08 4.139269013080605930e+01 1.313651885159880095e+01
1.257054150000000000e+08 4.140209012034215164e+01 1.312751579667368418e+01
1.257766800000000000e+08 4.141248384500219970e+01 1.312535730306882442e+01
1.258471900000000000e+08 4.142692551010933499e+01 1.311505909408049675e+01
1.259190840000000000e+08 4.141058750588467774e+01 1.311470387757298006e+01
1.259932370000000000e+08 4.140756400466536746e+01 1.310994142972837118e+01
1.260661340000000000e+08 4.138372988168150357e+01 1.310519835984370296e+01
1.261386910000000000e+08 4.139251705115135138e+01 1.309807373862612145e+01
1.262084090000000000e+08 4.142696483329520163e+01 1.309559813585451948e+01
1.262831970000000000e+08 4.139223351090983982e+01 1.309097642874628953e+01
1.263522590000000000e+08 4.138761627517533981e+01 1.308648084074114593e+01
1.264230140000000000e+08 4.141131903080264465e+01 1.307943727168531645e+01
1.264952950000000000e+08 4.137897546994442877e+01 1.308213302592002059e+01
1.265656140000000000e+08 4.138948998798697687e+01 1.307576775932225388e+01
1.266367170000000000e+08 4.139327970175565952e+01 1.307381975123920093e+01
1.267092820000000000e+08 4.141624616880188370e+01 1.307140898459152645e+01
1.267807140000000000e+08 4.141337042081081421e+01 1.306767653731189682e+01
1.268541690000000000e+08 4.138937610122746236e+01 1.306366701583846890e+01
1.269284420000000000e+08 4.144410386629963483e+01 1.306015926566292862e+01
1.269995620000000000e+08 4.143332006808144286e+01 1.305771590457897879e+01
1.270676990000000000e+08 4.141506542968565441e+01 1.306005784131651914e+01
1.271375960000000000e+08 4.140477694247967122e+01 1.306077124601278605e+01
1.272105860000000000e+08 4.139469923521785688e+01 1.306093976079736230e+01
1.272796600000000000e+08 4.144665583166990075e+01 1.305604570596564962e+01
1.273523510000000000e+08 4.147200939246258855e+01 1.305170676791160744e+01
1.274247990000000000e+08 4.149799776850255739e+01 1.304717308900733386e+01
1.274935270000000000e+08 4.150584311417005523e+01 1.304291557655326628e+01
1.275681720000000000e+08 4.150228406355817157e+01 1.304420289017521561e+01
1.276420600000000000e+08 4.152617052094610983e+01 1.303976386227100370e+01
1.277133420000000000e+08 4.149397621009486414e+01 1.303352096788016823e+01
1.277849550000000000e+08 4.147633325851084152e+01 1.303264442642166543e+01
1.278557210000000000e+08 4.144415602732542681e+01 1.302443444975307862e+01
1.279259730000000000e+08 4.143453087906342347e+01 1.302160122326157854e+01
1.279979160000000000e+08 4.142130956106369410e+01 1.302058313133379563e+01
1.280685040000000000e+08 4.144521259118869239e+01 1.301903554707171828e+01
1.281436270000000000e+08 4.144609118133710268e+01 1.301722329367842690e+01
1.282166940000000000e+08 4.148341520201799426e+01 1.301096989608768695e+01
1.282879750000000000e+08 4.148368653767249725e+01 1.301125385498680131e+01
1.283587990000000000e+08 4.148273757912920701e+01 1.300616960348931705e+01
1.284318120000000000e+08 4.145274271646525222e+01 1.300326752036473366e+01
1.285062000000000000e+08 4.149288819450359966e+01 1.300003286242280609e+01
1.285802400000000000e+08 4.150914054284830712e+01 1.299848687380870516e+01
1.286525620000000000e+08 4.154700812872282256e+01 1.299762024977393438e+01
1.287215970000000000e+08 4.148976439894802581e+01 1.299899773880828491e+01
1.287939020000000000e+08 4.147691268635690420e+01 1.299938178377052189e+01
1.288662120000000000e+08 4.150490549847119581e+01 1.299186330139809797e+01
1.289386100000000000e+08 4.153638216682789164e+01 1.298675287079558593e+01
1.290073310000000000e+08 4.151895246720698651e+01 1.298096022924771731e+01
1.290772890000000000e+08 4.150409974413504699e+01 1.297589555708695563e+01
1.291528100000000000e+08 4.149308529930532785e+01 1.297003014392446296e+01
1.292254120000000000e+08 4.148928273834022207e+01 1.296970205042608093e+01
1.292931360000000000e+08 4.152641654560935791e+01 1.296747313150267189e+01
1.293650290000000000e+08 4.149642872603086374e+01 1.296190682312065690e+01
1.294347070000000000e+08 4.148197717548368502e+01 1.296118066213830744e+01
1.295067260000000000e+08 4.143617488479481636e+01 1.296239371184971034e+01
1.295823700000000000e+08 4.140652268772425515e+01 1.295735536535144306e+01
1.296576100000000000e+08 4.140535477240735673e+01 1.295983270349247896e+01
1.297288770000000000e+08 4.139954927322639833e+01 1.296442445988040681e+01
1.298000510000000000e+08 4.140833698874730828e+01 1.296720345174169609e+01
1.298748110000000000e+08 4.141488141741496776e+01 1.295872014434161734e+01
1.299495920000000000e+08 4.138580015518943611e+01 1.295542104315719811e+01
1.300188070000000000e+08 4.141246552255620372e+01 1.294942772103300044e+01
1.300911500000000000e+08 4.137397809174755992e+01 1.294827411507484527e+01
1.301622840000000000e+08 4.137169688761182584e+01 1.295259685124657345e+01
1.302321400000000000e+08 4.139053702334189921e+01 1.295240980091777416e+01
1.303080770000000000e+08 4.140487104784477879e+01 1.294913871209921830e+01
1.303777170000000000e+08 4.143679669773776908e+01 1.294948912046576339e+01
1.304498020000000000e+08 4.140439019121016173e+01 1.295233008525934437e+01
1.305156030000000000e+08 4.137290135376382239e+01 1.295240081120801889e+01
1.305864060000000000e+08 4.139909163620755805e+01 1.294884182429226449e+01
1.306572420000000000e+08 4.142038822455616298e+01 1.294632228209874114e+01
1.307256150000000000e+08 4.143353514287171180e+01 1.294361465934214550e+01
1.307973400000000000e+08 4.140282369449984401e+01 1.293945745802079550e+01
1.308688970000000000e+08 4.143846132845838781e+01 1.293775086488358639e+01
1.309402220000000000e+08 4.144575968559077950e+01 1.293532769663023707e+01
1.310102080000000000e+08 4.145405601170172361e+01 1.293415602448541613e+01
1.310784640000000000e+08 4.146333188095151456e+01 1.293762332832132067e+01
1.311495720000000000e+08 4.145601142356215263e+01 1.293742788514990849e+01
1.312203900000000000e+08 4.146048922664031267e+01 1.293616346062621858e+01
1.312886650000000000e+08 4.149652679355566676e+01 1.293885646661551370e+01
1.313591940000000000e+08 4.147640653841930458e+01 1.293363361191149608e+01
1.314269530000000000e+08 4.149918345874490910e+01 1.293226210931299924e+01
1.314950100000000000e+08 4.152320785223825794e+01 1.293367175949191861e+01
1.315665210000000000e+08 4.149462632152238228e+01 1.293408384147443790e+01
1.316367350000000000e+08 4.149903635406731439e+01 1.293168662699344118e+01
1.317055150000000000e+08 4.147915534109108648e+01 1.293573385738889492e+01
1.317758180000000000e+08 4.144947032837655598e+01 1.293497914901464441e+01
1.318471360000000000e+08 4.145435786936339184e+01 1.292977744898611370e+01
1.319187440000000000e+08 4.145906857910063792e+01 1.293194402587628744e+01
1.319905010000000000e+08 4.149523335959885628e+01 1.292837053267108871e+01
1.320637570000000000e+08 4.145545330783312465e+01 1.292166558417187261e+01
1.321395350000000000e+08 4.148469883771311117e+01 1.291459658457265824e+01
1.322094640000000000e+08 4.147319596669950670e+01 1.291663678604521337e+01
1.322831220000000000e+08 4.148248510009270973e+01 1.292073901770696587e+01
1.323579780000000000e+08 4.145927328218331809e+01 1.291873921087603883e+01
1.324293470000000000e+08 4.148688059525045446e+01 1.291678486227493927e+01
1.325018160000000000e+08 4.149495446094569218e+01 1.292237734323604492e+01
1.325723190000000000e+08 4.145713728505448614e+01 1.292445251914311655e+01
1.326488150000000000e+08 4.149060430185249260e+01 1.292825547148614440e+01
1.327169590000000000e+08 4.148630795572768193e+01 1.292754445390375828e+01
1.327945790000000000e+08 4.149730784357476665e+01 1.293013919448438287e+01
1.328675440000000000e+08 4.151847748414044759e+01 1.293520146151140615e+01
1.329412900000000000e+08 4.156177821935565930e+01 1.293337567181781189e+01
1.330108150000000000e+08 4.156498674678644534e+01 1.293255236226586291e+01
1.330820120000000000e+08 4.155504086222153148e+01 1.292844242614262740e+01
1.331514690000000000e+08 4.150950587773904488e+01 1.292678990197470767e+01
1.332247960000000000e+08 4.152377083321032103e+01 1.292936528879787517e+01
1.332961120000000000e+08 4.153145740289434684e+01 1.292883686048066494e+01
1.333667610000000000e+08 4.153814211708112225e+01 1.292891345429767824e+01
1.334386350000000000e+08 4.150740838948200917e+01 1.292550505431409924e+01
1.335075370000000000e+08 4.152629451252528980e+01 1.293049561720961371e+01
1.335831820000000000e+08 4.148273446442361490e+01 1.293086209681321996e+01
1.336524390000000000e+08 4.148219626027118068e+01 1.293093508732695796e+01
1.337210050000000000e+08 4.150191454983590944e+01 1.293187364653703852e+01
1.337946740000000000e+08 4.149392584037533993e+01 1.293647116464125624e+01
1.338644890000000000e+08 4.147139164455692395e+01 1.293651857950382933e+01
1.339376180000000000e+08 4.149295428939826280e+01 1.293929720996896648e+01
1.340065510000000000e+08 4.147227818935056121e+01 1.294772995017097195e+01
1.340785530000000000e+08 4.148231536001524233e+01 1.295152799444365854e+01
1.341472750000000000e+08 4.149782616407080127e+01 1.295929978589512999e+01
1.342206240000000000e+08 4.148890380256212040e+01 1.296372721724076804e+01
1.342883870000000000e+08 4.151292787857064326e+01 1.296749788212803445e+01
1.343599520000000000e+08 4.147228623445864315e+01 1.296644182956333857e+01
1.344318110000000000e+08 4.140668083095207663e+01 1.297182214813259193e+01
1.345042090000000000e+08 4.139826085802791056e+01 1.297635060688109832e+01
1.345720800000000000e+08 4.139232503812960573e+01 1.297624583224606631e+01
1.346383970000000000e+08 4.138491316160270372e+01 1.297609022247581478e+01
1.347104800000000000e+08 4.139768491370332271e+01 1.297233804116803846e+01
1.347799670000000000e+08 4.141533514413431760e+01 1.296219111651790890e+01
1.348517170000000000e+08 4.138389083447729888e+01 1.295130590131704018e+01
1.349241620000000000e+08 4.141984100618510212e+01 1.293956812364372766e+01
1.349967000000000000e+08 4.143700463134644707e+01 1.292980652149107179e+01
1.350687700000000000e+08 4.142842389527845626e+01 1.291773903547500879e+01
1.351405950000000000e+08 4.139588990522850764e+01 1.291157705552497958e+01
1.352104850000000000e+08 4.138415011301313484e+01 1.290884354964286906e+01
1.352806300000000000e+08 4.135340055551608884e+01 1.290276842552803593e+01
1.353514260000000000e+08 4.137419209089905792e+01 1.290133844382521744e+01
1.354262390000000000e+08 4.139088395493930506e+01 1.290043345309592127e+01
1.354982970000000000e+08 4.139082195693924859e+01 1.289253929037245072e+01
1.355684790000000000e+08 4.139293940960805429e+01 1.288463281356705359e+01
1.356397420000000000e+08 4.136863610550341974e+01 1.287994929193637184e+01
1.357126310000000000e+08 4.137112924013287341e+01 1.287200678278070853e+01
1.357853690000000000e+08 4.139933411717002798e+01 1.286353432831933041e+01
1.358596290000000000e+08 4.141883688936289332e+01 1.285603688113759091e+01
1.359305090000000000e+08 4.143683145870865303e+01 1.285261408300703856e+01
1.360005410000000000e+08 4.146104571576137943e+01 1.284752309590628272e+01
1.360729300000000000e+08 4.141992432018483328e+01 1.283874402347250943e+01
1.361420110000000000e+08 4.138400295090440295e+01 1.283341867210476472e+01
1.362140800000000000e+08 4.137682214642268974e+01 1.283343394644444935e+01
1.362852090000000000e+08 4.137174782685541885e+01 1.282716724048525769e+01
1.363611080000000000e+08 4.135881182703845838e+01 1.281818789423056693e+01
1.364338760000000000e+08 4.139673609859634951e+01 1.280967920526902937e+01
1.365047170000000000e+08 4.141443643363868432e+01 1.280618233965678598e+01
1.365751800000000000e+08 4.140764554271542153e+01 1.279821695702217887e+01
1.366413310000000000e+08 4.139747338907067586e+01 1.279571728022161103e+01
1.367157450000000000e+08 4.143386111387336257e+01 1.278794704516554326e+01
1.367908070000000000e+08 4.143045499169865309e+01 1.278443775101955993e+01
1.368603740000000000e+08 4.142052499046492642e+01 1.277995446496880660e+01
1.369319520000000000e+08 4.140469028244862670e+01 1.277875804578591534e+01
1.370008420000000000e+08 4.140569349038262459e+01 1.277331477674447413e+01
1.370737740000000000e+08 4.141925638967227741e+01 1.276606753510801262e+01
1.371464700000000000e+08 4.142367848472898828e+01 1.276410659541922499e+01
1.372216000000000000e+08 4.139937664782681281e+01 1.275412950788151534e+01
1.372917740000000000e+08 4.143726582088226706e+01 1.275218798361787975e+01
1.373626710000000000e+08 4.147770063410313668e+01 1.274777442034599773e+01
1.374316850000000000e+08 4.145908336174316133e+01 1.274507416117448777e+01
1.375032680000000000e+08 4.146518935549247686e+01 1.273524033220659923e+01
1.375721160000000000e+08 4.144320608011224039e+01 1.273319540077829615e+01
1.376463090000000000e+08 4.145502687090323946e+01 1.272907007458083051e+01
1.377173090000000000e+08 4.146782564883517352e+01 1.272108413461570997e+01
1.377921610000000000e+08 4.148533869500575122e+01 1.272033869773805037e+01
1.378600100000000000e+08 4.148774953569768797e+01 1.272057111437159271e+01
1.379348120000000000e+08 4.149465373068831298e+01 1.272031418618330711e+01
1.380059450000000000e+08 4.148292529638852955e+01 1.271627119435724218e+01
1.380745280000000000e+08 4.151685440854349451e+01 1.271362184828177710e+01
1.381460530000000000e+08 4.147148325345952458e+01 1.270627167250126632e+01
1.382190610000000000e+08 4.147797153250960633e+01 1.269791605703833071e+01
1.382908940000000000e+08 4.151557005423190105e+01 1.269906462221040222e+01
1.383607920000000000e+08 4.147120681303130141e+01 1.269065730122683533e+01
1.384371440000000000e+08 4.147921920252490224e+01 1.269031827902789900e+01
1.385088210000000000e+08 4.145957284213069016e+01 1.268329361114340692e+01
1.385806590000000000e+08 4.146044736914430473e+01 1.267895713865403806e+01
1.386535470000000000e+08 4.148622394601510877e+01 1.267827035828366888e+01
1.387262070000000000e+08 4.144255304374011928e+01 1.267130857685187095e+01
1.387988570000000000e+08 4.149876612602280801e+01 1.266996074424422147e+01
1.388695040000000000e+08 4.145620147310145143e+01 1.266737391635217769e+01
1.389426760000000000e+08 4.149125286177891070e+01 1.266289823936276093e+01
1.390119640000000000e+08 4.144967839342131555e+01 1.265786298648746744e+01
1.390831520000000000e+08 4.148876284272564874e+01 1.265264468152199662e+01
1.391487130000000000e+08 4.150756735319681212e+01 1.264865704420606107e+01
1.392216830000000000e+08 4.148818625375601243e+01 1.264882639746326731e+01
1.392900370000000000e+08 4.148098550873649515e+01 1.264348912360325805e+01
1.393596210000000000e+08 4.149400073856047300e+01 1.263520932960169141e+01
1.394282110000000000e+08 4.144488065366198981e+01 1.263338445648737363e+01
1.394954270000000000e+08 4.143526600954528760e+01 1.263154058123545198e+01
1.395692770000000000e+08 4.140982883741327925e+01 1.263113361839037729e+01
1.396384310000000000e+08 4.139356195444585751e+01 1.262718367239654604e+01
1.397073280000000000e+08 4.136733421321411441e+01 1.262870248076925606e+01
1.397806140000000000e+08 4.133589541765455522e+01 1.262696675730596496e+01
1.398532450000000000e+08 4.134156836892940845e+01 1.262256818635721345e+01
1.399249460000000000e+08 4.133271664512182042e+01 1.262275442958716276e+01
1.399987420000000000e+08 4.134973744554736896e+01 1.262370666052890122e+01
1.400704600000000000e+08 4.134363948979135728e+01 1.262092848563418279e+01
1.401433680000000000e+08 4.137006513156845955e+01 1.262041499888641383e+01
1.402150900000000000e+08 4.137409221714801788e+01 1.261689255857314507e+01
1.402881480000000000e+08 4.141641370152193957e+01 1.261299865395632480e+01
1.403578180000000000e+08 4.139246465161339472e+01 1.261602964992265186e+01
1.404272770000000000e+08 4.139828640958380390e+01 1.261347532941455185e+01
1.404988140000000000e+08 4.138914434874909887e+01 1.260540761094278039e+01
1.405714520000000000e+08 4.142525428107506968e+01 1.260388288846938920e+01
1.406417560000000000e+08 4.145819938099810997e+01 1.260460992301924499e+01
1.407135410000000000e+08 4.143323609593642232e+01 1.260167980402705723e+01
1.407883020000000000e+08 4.144964332145876540e+01 1.259614859801298614e+01
1.408585340000000000e+08 4.148614353645531594e+01 1.259301644891995586e+01
1.409281720000000000e+08 4.150601973676987910e+01 1.259272756224887857e+01
1.410071020000000000e+08 4.151679427327356819e+01 1.258948805208587096e+01
1.410782650000000000e+08 4.152650499538101769e+01 1.258484389295503547e+01
1.411480080000000000e+08 4.155717391573201525e+01 1.258129804724902989e+01
1.412194200000000000e+08 4.156318023260278949e+01 1.258004019440739363e+01
1.412915340000000000e+08 4.153364827709253149e+01 1.257788276623164947e+01
1.413615900000000000e+08 4.153529858468114355e+01 1.257484588796047831e+01
1.414327670000000000e+08 4.154443358540242315e+01 1.257290037347086553e+01
1.415074590000000000e+08 4.154750422036165958e+01 1.257133240372794525e+01
1.415830510000000000e+08 4.154362315922191584e+01 1.257109370444061014e+01
1.416552530000000000e+08 4.154302335090697085e+01 1.256840167426087262e+01
1.417274350000000000e+08 4.152551842871083210e+01 1.256779281715041030e+01
1.417998500000000000e+08 4.154312638019607817e+01 1.255986505859726776e+01
1.418733440000000000e+08 4.155577910416923260e+01 1.255693288571269584e+01
1.419411480000000000e+08 4.155889922421810212e+01 1.255404136428252393e+01
1.420135800000000000e+08 4.152714437456433672e+01 1.255133101426951114e+01
1.420851520000000000e+08 4.151584239945544397e+01 1.254946819615422449e+01
1.421558360000000000e+08 4.151719512273895418e+01 1.254641894607503794e+01
1.422260850000000000e+08 4.146238859242443198e+01 1.254026618658164516e+01
1.422984060000000000e+08 4.144455193774017943e+01 1.253850465890306864e+01
1.423688680000000000e+08 4.140781873764326804e+01 1.253624934636859578e+01
1.424420750000000000e+08 4.141354869522445625e+01 1.253656728909274065e+01
1.425157510000000000e+08 4.141714940144014889e+01 1.253607314948215112e+01
1.425857230000000000e+08 4.138996865305927031e+01 1.253280974257955371e+01
1.426529050000000000e+08 4.136097371035860704e+01 1.252519341390775232e+01
1.427227770000000000e+08 4.138492514584628879e+01 1.251777455569151698e+01
1.427927470000000000e+08 4.137501941742873157e+01 1.251360769969376996e+01
1.428658940000000000e+08 4.137902067744956014e+01 1.250706450792469049e+01
1.429331250000000000e+08 4.137140042748154656e+01 1.251016897526542238e+01
1.430045640000000000e+08 4.134802551728751041e+01 1.250721331325939722e+01
1.430735510000000000e+08 4.133808297908855423e+01 1.250214511877915768e+01
1.431444600000000000e+08 4.135414607120154784e+01 1.249707342778562946e+01
1.432196160000000000e+08 4.135252596190697716e+01 1.249008791476914837e+01
1.432872820000000000e+08 4.135803878294159830e+01 1.248671797348881896e+01
1.433543550000000000e+08 4.133658958073226586e+01 1.248694719581733992e+01
1.434243470000000000e+08 4.130793540109765161e+01 1.248767740678780314e+01
1.434946330000000000e+08 4.131523614055036120e+01 1.248293625811331609e+01
1.435686960000000000e+08 4.133117121181586384e+01 1.248455186316592425e+01
1.436424040000000000e+08 4.134336641779224664e+01 1.248247027715696689e+01
1.437113470000000000e+08 4.136271738390696129e+01 1.248196222822863177e+01
1.437829990000000000e+08 4.137101536666462209e+01 1.247819996596809844e+01
1.438536120000000000e+08 4.135023141878781416e+01 1.247400180057898567e+01
1.439276340000000000e+08 4.132808098370239236e+01 1.246403868951448146e+01
1.440004050000000000e+08 4.133204098952288064e+01 1.246022056700333458e+01
1.440683330000000000e+08 4.133657590641077206e+01 1.245569838990861733e+01
1.441404330000000000e+08 4.127577112607400522e+01 1.245224551874490260e+01
1.442124260000000000e+08 4.124025954826925044e+01 1.244785028252945125e+01
1.442865850000000000e+08 4.126986535447026938e+01 1.244983081447584539e+01
1.443628860000000000e+08 4.128269754914634859e+01 1.244678335129318647e+01
1.444305600000000000e+08 4.128454455943874279e+01 1.244889425064690336e+01
1.445021390000000000e+08 4.127442355475036351e+01 1.245149133193252311e+01
1.445724310000000000e+08 4.125455176965991910e+01 1.244905230684603836e+01
1.446413590000000000e+08 4.126874934918490112e+01 1.244235565887508344e+01
1.447107340000000000e+08 4.121662607817352608e+01 1.244597624591232687e+01
1.447813180000000000e+08 4.121420410253974609e+01 1.244383915080646474e+01
1.448491620000000000e+08 4.119448397137070828e+01 1.244130632027266259e+01
1.449204020000000000e+08 4.115840846618616666e+01 1.244018346809071573e+01
1.449902670000000000e+08 4.114137940554508788e+01 1.244054544991639766e+01
1.450618380000000000e+08 4.115734693742152217e+01 1.244252108039816562e+01
1.451311380000000000e+08 4.108262508873821162e+01 1.243861356644708671e+01
1.452029630000000000e+08 4.105427163314030281e+01 1.243923130029737578e+01
1.452797390000000000e+08 4.108736037100774041e+01 1.243760475589571257e+01
1.453507190000000000e+08 4.109473415478203151e+01 1.244119445635546839e+01
1.454226980000000000e+08 4.107200616957658923e+01 1.244345265476487583e+01
1.454958470000000000e+08 4.107900668586263038e+01 1.244698835699269068e+01
1.455689000000000000e+08 4.106685221824668020e+01 1.244579438482966971e+01
1.456430590000000000e+08 4.109159736360074078e+01 1.245140332375494552e+01
1.457112730000000000e+08 4.108304011433404668e+01 1.245365815805956089e+01
1.457811560000000000e+08 4.109335274094640056e+01 1.245476330703968948e+01
1.458535120000000000e+08 4.105605880610339398e+01 1.245932607600907360e+01
1.459252880000000000e+08 4.107146752752383634e+01 1.245994505796737783e+01
1.459939510000000000e+08 4.106382977232302522e+01 1.245923205411859946e+01
1.460657220000000000e+08 4.105668890859319475e+01 1.245798378093227043e+01
1.461364900000000000e+08 4.106373710138367983e+01 1.245589928307180649e+01
1.462092790000000000e+08 4.104218917292452318e+01 1.245977674397462032e+01
1.462793520000000000e+08 4.106065841868529276e+01 1.245873402199627655e+01
1.463526750000000000e+08 4.103832302227792894e+01 1.245610728755291596e+01
1.464248410000000000e+08 4.103167084686411670e+01 1.245215078248410201e+01
1.464945350000000000e+08 4.101475550793974634e+01 1.245002604334404950e+01
1.465652130000000000e+08 4.099291148989341593e+01 1.244632635968120127e+01
1.466389550000000000e+08 4.096841172042973511e+01 1.244385187523394087e+01
1.467135860000000000e+08 4.097993392838907312e+01 1.244466303237048699e+01
1.467881600000000000e+08 4.097399409069512899e+01 1.244645942939571448e+01
1.468565620000000000e+08 4.097170746826279952e+01 1.244371554343044117e+01
1.469327650000000000e+08 4.093777406715355482e+01 1.244746672925553277e+01
1.470046460000000000e+08 4.094101621827405069e+01 1.244854734450016664e+01
1.470776310000000000e+08 4.096338379393758089e+01 1.245150579935013013e+01
1.471501510000000000e+08 4.095547746283552470e+01 1.245356223673596396e+01
1.472174430000000000e+08 4.096814417600042191e+01 1.245397035750674064e+01
1.472888260000000000e+08 4.097450002724254148e+01 1.245802472703667441e+01
1.473607220000000000e+08 4.100367273684339153e+01 1.245524362975189092e+01
1.474320800000000000e+08 4.100007203422783419e+01 1.245268070808997507e+01
1.475063920000000000e+08 4.101156574685192879e+01 1.245344812720608019e+01
1.475789960000000000e+08 4.101280903616481766e+01 1.245252155250371651e+01
1.476501390000000000e+08 4.104258435036243213e+01 1.245072867721463794e+01
1.477179540000000000e+08 4.105390175812093645e+01 1.245151071504251838e+01
1.477892620000000000e+08 4.107149574790155810e+01 1.244963705438866874e+01
1.478578080000000000e+08 4.104866419564486080e+01 1.245006180252829786e+01
1.479280730000000000e+08 4.103651663654697757e+01 1.245424238305407805e+01
1.479990100000000000e+08 4.102708988883010477e+01 1.245718155709317188e+01
1.480687070000000000e+08 4.103268426713166406e+01 1.245540052515715423e+01
1.481424660000000000e+08 4.098042096575677107e+01 1.245441539002698050e+01
1.482186450000000000e+08 4.093476938564683820e+01 1.245718684368743290e+01
1.482893970000000000e+08 4.093778195546045140e+01 1.246013540060322455e+01
1.483628340000000000e+08 4.098005528976354128e+01 1.245883067552857959e+01
1.484360220000000000e+08 4.099615519906522820e+01 1.245756055147903929e+01
1.485095240000000000e+08 4.101566231637418980e+01 1.245871571733683680e+01
1.485832290000000000e+08 4.099001156179247829e+01 1.245782981323924510e+01
1.486581220000000000e+08 4.096596343113049699e+01 1.245957371993789486e+01
1.487275300000000000e+08 4.097139590756803784e+01 1.246167458943572726e+01
1.487998920000000000e+08 4.097800662312435094e+01 1.246222761615137742e+01
1.488723390000000000e+08 4.097461945126032390e+01 1.245435121076900309e+01
1.489412070000000000e+08 4.096586683654882677e+01 1.244994664473570545e+01
1.490093470000000000e+08 4.094846423424367288e+01 1.244968539267570407e+01
1.490831220000000000e+08 4.094244437427585837e+01 1.244388216217362242e+01
1.491517170000000000e+08 4.093681991887939375e+01 1.243793895389418047e+01
1.492205500000000000e+08 4.096738706863592938e+01 1.243894020999035632e+01
1.492923700000000000e+08 4.097201055811346748e+01 1.243967309864046200e+01
1.493607750000000000e+08 4.099592479013178803e+01 1.243700807908185446e+01
1.494343390000000000e+08 4.098956509156077743e+01 1.243390827533182197e+01
1.495045150000000000e+08 4.098774537129813922e+01 1.243095102875443736e+01
1.495723050000000000e+08 4.096530902971756660e+01 1.243346905749334397e+01
1.496444400000000000e+08 4.098759082126203879e+01 1.242809819295908191e+01
1.497187160000000000e+08 4.099000332589960749e+01 1.242629705700945486e+01
1.497902920000000000e+08 4.097516690015745411e+01 1.242310367331113952e+01
1.498608890000000000e+08 4.101566647270571764e+01 1.241494007128159183e+01
1.499284350000000000e+08 4.099905429625529507e+01 1.241046370999932513e+01
1.499988830000000000e+08 4.100220754864316319e+01 1.241288300896760433e+01
1.500689090000000000e+08 4.102221792482843199e+01 1.240777437941948591e+01
1.501405850000000000e+08 4.099906572828260209e+01 1.240543680522515047e+01
1.502115030000000000e+08 4.100035892060712683e+01 1.240416096280050340e+01
1.502880740000000000e+08 4.096716363172110675e+01 1.239615040397431756e+01
1.503571080000000000e+08 4.098047409331287128e+01 1.239326170006849104e+01
1.504286900000000000e+08 4.098429269014936693e+01 1.239025241238960717e+01
1.505025130000000000e+08 4.098690976703387179e+01 1.238982255795697185e+01
1.505707780000000000e+08 4.100288978149551156e+01 1.238660303639189841e+01
1.506400630000000000e+08 4.102325016356676457e+01 1.238702993715491907e+01
1.507134800000000000e+08 4.099049392767174993e+01 1.238485218140016109e+01
1.507818130000000000e+08 4.095958836750079257e+01 1.238615272984559823e+01
1.508549740000000000e+08 4.096659620761501230e+01 1.238198146417105328e+01
1.509262500000000000e+08 4.095493313384066170e+01 1.237614148110387546e+01
1.509962610000000000e+08 4.097109656156528246e+01 1.237467436072555671e+01
1.510661710000000000e+08 4.094442258338533946e+01 1.237075811431394179e+01
1.511364320000000000e+08 4.092719019425572213e+01 1.236960512788672162e+01
1.512086930000000000e+08 4.092570904334656490e+01 1.236536715449006252e+01
1.512770490000000000e+08 4.092334500655999108e+01 1.235984208182875932e+01
1.513484560000000000e+08 4.094971132029956351e+01 1.235731480054389664e+01
1.514194510000000000e+08 4.094583534667387426e+01 1.235517557114935272e+01
1.514893390000000000e+08 4.092941132799025183e+01 1.235636108409857847e+01
1.515619790000000000e+08 4.088637742135205144e+01 1.235981198306233786e+01
1.516339480000000000e+08 4.089862061887401978e+01 1.236018964239106133e+01
1.517045840000000000e+08 4.090343538868570050e+01 1.236031248897850432e+01
1.517757810000000000e+08 4.089831939319823562e+01 1.235726180089197968e+01
1.518492440000000000e+08 4.087204232461953524e+01 1.235305276640422889e+01
1.519182180000000000e+08 4.088443017255222145e+01 1.235192897564383685e+01
1.519885330000000000e+08 4.088708944972529480e+01 1.234720158218846464e+01
1.520629700000000000e+08 4.085693807775237474e+01 1.234359715266336899e+01
1.521352290000000000e+08 4.084050165581135872e+01 1.234590175483829455e+01
1.522054370000000000e+08 4.085976608287468537e+01 1.234367624670103503e+01
1.522781770000000000e+08 4.084592480413951421e+01 1.234468372010829817e+01
1.523479620000000000e+08 4.083829140322410467e+01 1.234556392454745577e+01
1.524168650000000000e+08 4.088004644109439312e+01 1.234567914454305892e+01
1.524845720000000000e+08 4.089991291913073468e+01 1.234292101892953220e+01
1.525543970000000000e+08 4.088434790624489779e+01 1.234028905872913562e+01
1.526275390000000000e+08 4.084634162168499927e+01 1.234189914473837746e+01
1.526960620000000000e+08 4.087477001066817905e+01 1.234135978051036098e+01
1.527651240000000000e+08 4.085198385399568366e+01 1.234394577304129825e+01
1.528398250000000000e+08 4.083554390326636963e+01 1.234555754937205840e+01
1.529131900000000000e+08 4.082568633886654652e+01 1.234117746645825520e+01
1.529845750000000000e+08 4.083878301805956568e+01 1.234354367060902291e+01
1.530550090000000000e+08 4.083956098658656941e+01 1.234717251623467504e+01
1.531260870000000000e+08 4.085422177130089239e+01 1.234679336728711441e+01
1.531959910000000000e+08 4.085082762432195125e+01 1.234396810519001519e+01
1.532662400000000000e+08 4.083680443460971787e+01 1.234493066915417003e+01
1.533388180000000000e+08 4.079609054805413138e+01 1.234852010865226646e+01
1.534074520000000000e+08 4.078524841035506654e+01 1.234491249273724733e+01
1.534814980000000000e+08 4.074969556991921138e+01 1.234797860528037461e+01
1.535489650000000000e+08 4.076715065876353350e+01 1.235158162581085151e+01
1.536212790000000000e+08 4.073531688994815880e+01 1.235615045680684787e+01
1.536904210000000000e+08 4.076178039967479094e+01 1.235421542959019447e+01
1.537599550000000000e+08 4.076186612795464725e+01 1.235693340613156543e+01
1.538286280000000000e+08 4.075266235534932235e+01 1.235745491115848793e+01
1.539006110000000000e+08 4.074549297055450836e+01 1.235670884074565556e+01
1.539694340000000000e+08 4.074281265855749012e+01 1.236449530064933100e+01
1.540419910000000000e+08 4.074330242396470680e+01 1.235661641223492069e+01
1.541094480000000000e+08 4.075472132017765148e+01 1.235860085000895303e+01
1.541834940000000000e+08 4.071947350654977527e+01 1.235729320130180042e+01
1.542505460000000000e+08 4.071881215363576700e+01 1.235600939949838128e+01
1.543232600000000000e+08 4.072054806520603876e+01 1.235509438989442721e+01
1.543926950000000000e+08 4.071968267939033126e+01 1.235682246462915934e+01
1.544659240000000000e+08 4.070955885805146579e+01 1.235712562013780236e+01
1.545355830000000000e+08 4.069275253545770710e+01 1.235892729773117082e+01
1.546059730000000000e+08 4.073060705881356824e+01 1.235946232071647266e+01
1.546785860000000000e+08 4.073181199168097066e+01 1.235902225891619999e+01
1.547515970000000000e+08 4.075997170656646063e+01 1.236000968270309563e+01
1.548241260000000000e+08 4.073164833708893440e+01 1.236059910930177175e+01
1.548942120000000000e+08 4.074294525131136169e+01 1.236325670870239257e+01
1.549671380000000000e+08 4.074151629315842627e+01 1.236562196025938931e+01
1.550410980000000000e+08 4.074970898295720190e+01 1.236605878260843738e+01
1.551152710000000000e+08 4.076005965469194336e+01 1.236493341714817618e+01
1.551830080000000000e+08 4.076997220442808612e+01 1.236555525765525942e+01
1.552552670000000000e+08 4.080837558013880084e+01 1.236273095973134417e+01
1.553250730000000000e+08 4.077700278519451160e+01 1.236734878498715240e+01
1.553940870000000000e+08 4.077431202758100426e+01 1.236797090139420696e+01
1.554668930000000000e+08 4.074387431905748969e+01 1.236905341587390872e+01
1.555381480000000000e+08 4.072412315537192740e+01 1.236851061532397900e+01
1.556101990000000000e+08 4.074826446509240441e+01 1.237396811862493173e+01
1.556825320000000000e+08 4.071298643134222317e+01 1.237361442989870497e+01
1.557524070000000000e+08 4.073143674789430690e+01 1.238048194402773916e+01
1.558237130000000000e+08 4.076124120291918018e+01 1.238406586300322942e+01
1.558966360000000000e+08 4.075761415831384227e+01 1.238243594340156051e+01
1.559612930000000000e+08 4.076892869196049674e+01 1.238116543022446869e+01
1.560397340000000000e+08 4.075211243004164885e+01 1.237991117591118950e+01
1.561083810000000000e+08 4.076686667227019711e+01 1.237550471524924234e+01
1.561799180000000000e+08 4.077520912356034444e+01 1.237149894453522059e+01
1.562520270000000000e+08 4.079714764236782543e+01 1.236633872972034887e+01
1.563244250000000000e+08 4.078677335419234140e+01 1.236115876681095216e+01
1.563991170000000000e+08 4.080196010905544313e+01 1.235617362668786434e+01
1.564710730000000000e+08 4.080072253271435301e+01 1.234767663419045292e+01
1.565424970000000000e+08 4.080522113882881285e+01 1.234632043957489067e+01
1.566141270000000000e+08 4.081045789105073140e+01 1.234584500606873192e+01
1.566843140000000000e+08 4.082534365608645288e+01 1.234810653377398282e+01
1.567537340000000000e+08 4.081807762020977037e+01 1.234262949137434084e+01
1.568222780000000000e+08 4.080170735212065125e+01 1.234043106240090282e+01
1.568971380000000000e+08 4.079864905572165412e+01 1.234169939111138170e+01
1.569650130000000000e+08 4.081239037069575204e+01 1.234303569070340956e+01
1.570375980000000000e+08 4.078638339342881380e+01 1.234413014920624896e+01
1.571062040000000000e+08 4.079056303018186469e+01 1.234021505192419710e+01
1.571812080000000000e+08 4.078412850242542476e+01 1.233677700814411615e+01
1.572527110000000000e+08 4.078826983445858190e+01 1.233258700222962823e+01
1.573238380000000000e+08 4.081077221670782507e+01 1.232983982169540838e+01
1.573967730000000000e+08 4.080705905858913241e+01 1.232533567331001301e+01
1.574680400000000000e+08 4.082265063579033892e+01 1.233149008900610433e+01
1.575339080000000000e+08 4.085481031397168294e+01 1.233228497576843274e+01
1.576066050000000000e+08 4.082757903767429752e+01 1.233029536635774548e+01
1.576770810000000000e+08 4.082205582613482164e+01 1.233202094352132328e+01
1.577516230000000000e+08 4.082937379826898194e+01 1.233358203448812418e+01
1.578215490000000000e+08 4.081262125570540888e+01 1.233432894611806141e+01
1.578947390000000000e+08 4.081279103909952966e+01 1.233629459296176378e+01
1.579667210000000000e+08 4.080843037723513334e+01 1.233692008243238014e+01
1.580354790000000000e+08 4.080309870785600879e+01 1.233683364981288655e+01
1.581076070000000000e+08 4.080856177031928667e+01 1.233661863323848706e+01
1.581771030000000000e+08 4.077728121604211964e+01 1.233688560454693040e+01
1.582458370000000000e+08 4.078249488546926926e+01 1.234104686310415744e+01
1.583188990000000000e+08 4.075983848471685178e+01 1.234202025307297923e+01
1.583901330000000000e+08 4.073321371359691057e+01 1.234160509670681805e+01
1.584604470000000000e+08 4.074767628638754502e+01 1.234544344288712736e+01
1.585312930000000000e+08 4.075695901631095097e+01 1.234369933620788728e+01
1.586055630000000000e+08 4.074759052048994334e+01 1.233873995721025985e+01
1.586794700000000000e+08 4.073153864669883006e+01 1.234107613221227062e+01
1.587532030000000000e+08 4.073929761710853370e+01 1.234016557468025610e+01
1.588286610000000000e+08 4.075128652373955873e+01 1.233883854712788697e+01
1.589038170000000000e+08 4.077731699398290743e+01 1.233634834297614624e+01
1.589779050000000000e+08 4.077173612908119082e+01 1.233598919950150652e+01
1.590471410000000000e+08 4.075534276847975690e+01 1.233583012714139571e+01
1.591166900000000000e+08 4.075912848896004448e+01 1.233934042599403647e+01
1.591899280000000000e+08 4.078536482921813899e+01 1.234264427479643977e+01
1.592604440000000000e+08 4.081073140164677682e+01 1.234165094079913416e+01
1.593287210000000000e+08 4.081107892936881143e+01 1.234650137334096698e+01
1.593992750000000000e+08 4.081252806967442837e+01 1.235220014412710654e+01
1.594675670000000000e+08 4.080574464929333089e+01 1.235121887535017748e+01
1.595387650000000000e+08 4.078492799018254544e+01 1.235445439908236231e+01
1.596092360000000000e+08 4.075824015416849022e+01 1.235401720220585631e+01
1.596808230000000000e+08 4.076808020676714506e+01 1.235564932145007866e+01
1.597540100000000000e+08 4.076477722815108251e+01 1.235762547806002232e+01
1.598267550000000000e+08 4.073541116756797464e+01 1.235713202036227898e+01
1.598982560000000000e+08 4.073676223517864514e+01 1.235866799946434647e+01
1.599670190000000000e+08 4.073098327881977809e+01 1.235590768389861616e+01
1.600400020000000000e+08 4.071111384501018904e+01 1.235792511617791334e+01
1.601077170000000000e+08 4.070398206084814063e+01 1.236163774026539741e+01
1.601799110000000000e+08 4.068052385917012259e+01 1.236021057386484223e+01
1.602515870000000000e+08 4.069913406068526029e+01 1.236286910622414581e+01
1.603239510000000000e+08 4.071789121732985706e+01 1.236706505123754773e+01
1.603952320000000000e+08 4.070862948247982160e+01 1.237114549510399009e+01
1.604635920000000000e+08 4.072258870899776895e+01 1.237538432113949582e+01
1.605328770000000000e+08 4.073115658325255595e+01 1.237482779616206052e+01
1.606027980000000000e+08 4.070123791147718606e+01 1.237331156621606532e+01
1.606714220000000000e+08 4.071803018922413742e+01 1.237620533611677764e+01
1.607409240000000000e+08 4.070967958037125811e+01 1.238001005096168150e+01
1.608103810000000000e+08 4.070479276763671095e+01 1.237915573255664725e+01
1.608816630000000000e+08 4.068079082097629140e+01 1.237579877211905455e+01
1.609512910000000000e+08 4.068584811730852380e+01 1.237659123491323498e+01
1.610204350000000000e+08 4.067845217967991545e+01 1.237990851111378987e+01
1.610968950000000000e+08 4.066031594136967442e+01 1.237877693884887620e+01
1.611682310000000000e+08 4.066215766313217728e+01 1.238032654096871177e+01
1.612385960000000000e+08 4.070518818968469787e+01 1.238634218551378829e+01
1.613092240000000000e+08 4.066924430740369445e+01 1.238557162284269708e+01
1.613799860000000000e+08 4.067312075367339474e+01 1.239205642753307401e+01
1.614537340000000000e+08 4.066509219366886185e+01 1.239745115695255251e+01
1.615273900000000000e+08 4.066057726528379135e+01 1.239961087557006003e+01
1.615999310000000000e+08 4.067045044021604383e+01 1.239941756496966008e+01
1.616733010000000000e+08 4.066987232345797310e+01 1.239791458241596622e+01
1.617431370000000000e+08 4.066264726474867786e+01 1.239396194300447718e+01
1.618148330000000000e+08 4.065835758348708850e+01 1.239971182418820916e+01
1.618857420000000000e+08 4.066469268649412072e+01 1.240114220475973106e+01
1.619561020000000000e+08 4.064567617538126143e+01 1.240250273056036079e+01
1.620255750000000000e+08 4.064297744448717964e+01 1.240548568553683317e+01
1.620981770000000000e+08 4.062441108413354129e+01 1.239744654237499333e+01
1.621710490000000000e+08 4.059402931286577143e+01 1.239689912265917116e+01
1.622442320000000000e+08 4.059938626427907593e+01 1.239394144251957464e+01
1.623130700000000000e+08 4.060177340356599274e+01 1.240050050269358550e+01
1.623858930000000000e+08 4.057645942508488446e+01 1.239936076881790683e+01
1.624540040000000000e+08 4.060714608539318959e+01 1.240311121609818024e+01
1.625271080000000000e+08 4.056881248001710816e+01 1.240810545320629110e+01
1.625955840000000000e+08 4.052768515895241563e+01 1.240831792211033857e+01
1.626641190000000000e+08 4.051675140088488547e+01 1.240882922881827355e+01
1.627316380000000000e+08 4.050258380745743381e+01 1.241187716161989840e+01
1.628040630000000000e+08 4.049500110011831566e+01 1.240812259514350480e+01
1.628762540000000000e+08 4.049816799977802617e+01 1.240533392845159888e+01
1.629486160000000000e+08 4.049537631068103138e+01 1.239785093821953943e+01
1.630215460000000000e+08 4.052642862910205679e+01 1.239161513774533141e+01
1.630904850000000000e+08 4.053380075053333087e+01 1.238806044194054046e+01
1.631632020000000000e+08 4.055698134875520822e+01 1.238215009107760878e+01
1.632357240000000000e+08 4.056062423004321715e+01 1.237709340973143313e+01
1.633061940000000000e+08 4.056910284270954747e+01 1.237438733274801450e+01
1.633809340000000000e+08 4.056260996884596892e+01 1.237559134517310078e+01
1.634544230000000000e+08 4.058336780650476783e+01 1.237316930944601268e+01
1.635287490000000000e+08 4.060459250443290813e+01 1.236828716963334784e+01
1.636026420000000000e+08 4.061101058639003725e+01 1.236541262997642576e+01
1.636741710000000000e+08 4.062665113169244080e+01 1.236514357864435176e+01
1.637455460000000000e+08 4.063829063620308091e+01 1.236193027386660148e+01
1.638175960000000000e+08 4.063231251573493097e+01 1.236356957015027724e+01
1.638853030000000000e+08 4.062615339185284569e+01 1.235434147259632631e+01
1.639572350000000000e+08 4.064028127081759578e+01 1.235323702698969051e+01
1.640237830000000000e+08 4.064671355466553138e+01 1.234491818201004776e+01
1.640968040000000000e+08 4.063002551901166726e+01 1.234660102596721742e+01
1.641663740000000000e+08 4.062762209151123471e+01 1.234410097441784515e+01
1.642409570000000000e+08 4.063252164111175091e+01 1.234145538525631025e+01
1.643160550000000000e+08 4.062212051631271947e+01 1.234277413520006661e+01
1.643881090000000000e+08 4.066030953575477724e+01 1.234294375649999154e+01
1.644607580000000000e+08 4.066596895818188528e+01 1.234551687825442379e+01
1.645336980000000000e+08 4.069296824863751283e+01 1.234502225396992969e+01
1.646066040000000000e+08 4.069513400557313076e+01 1.234269441125697142e+01
1.646793060000000000e+08 4.073288463203267185e+01 1.233840686214590932e+01
1.647503790000000000e+08 4.073130993552135948e+01 1.233511674030030747e+01
1.648242820000000000e+08 4.074578516026660679e+01 1.234088386289117523e+01
1.648951630000000000e+08 4.074523594713254937e+01 1.234025505113227617e+01
1.649642100000000000e+08 4.077913600439870834e+01 1.233387963804174525e+01
1.650359120000000000e+08 4.078135130535439856e+01 1.233518970873406140e+01
1.651101530000000000e+08 4.078717861251512744e+01 1.233744197020374678e+01
1.651818040000000000e+08 4.077780868158649241e+01 1.233864739307576031e+01
1.652499450000000000e+08 4.078960775280081208e+01 1.233685641530541588e+01
1.653228250000000000e+08 4.080713332840197438e+01 1.233779061656277776e+01
1.653962380000000000e+08 4.079010550238761112e+01 1.233718339618931203e+01
1.654691070000000000e+08 4.080988997976294286e+01 1.233656228454913695e+01
1.655401940000000000e+08 4.080973623405044037e+01 1.233864892998137819e+01
1.656115580000000000e+08 4.083293966435313394e+01 1.233413857320793383e+01
1.656821970000000000e+08 4.081555143126524143e+01 1.233260778585665030e+01
1.657554150000000000e+08 4.082297079381996951e+01 1.233423275542144282e+01
1.658269170000000000e+08 4.083086829823918151e+01 1.233337940670902277e+01
1.658970530000000000e+08 4.083211033543029345e+01 1.233766874287671023e+01
1.659685400000000000e+08 4.082477846087597584e+01 1.234354520373968178e+01
1.660383080000000000e+08 4.082719895991730397e+01 1.234439828509965942e+01
1.661082500000000000e+08 4.083058103329355504e+01 1.234608014080264304e+01
1.661790300000000000e+08 4.082856457468764688e+01 1.235040469425982224e+01
1.662533480000000000e+08 4.083724012751902421e+01 1.235070416779310776e+01
1.663225980000000000e+08 4.084376751636216341e+01 1.235493205615818546e+01
1.663946840000000000e+08 4.079188104537701776e+01 1.235030537250636762e+01
1.664663550000000000e+08 4.081835534347725059e+01 1.234887829234577161e+01
1.665408560000000000e+08 4.081426820269629729e+01 1.235093468020727414e+01
1.666117320000000000e+08 4.080758468537252526e+01 1.235406471543255869e+01
1.666798020000000000e+08 4.081125238990364323e+01 1.235361226214127939e+01
1.667518170000000000e+08 4.082945294021374139e+01 1.235617364656255290e+01
1.668235390000000000e+08 4.085409717674022545e+01 1.236116164020286057e+01
1.668920610000000000e+08 4.083409659407409009e+01 1.235979486348146850e+01
1.669603410000000000e+08 4.083199511266305137e+01 1.235827836603932539e+01
1.670334920000000000e+08 4.081341936172359652e+01 1.236018403672186139e+01
1.671054310000000000e+08 4.083368779436136009e+01 1.236054599287619737e+01
1.671768140000000000e+08 4.082437560086414408e+01 1.236365763071732893e+01
1.672512600000000000e+08 4.082398931160741284e+01 1.236409422289702142e+01
1.673248830000000000e+08 4.082417687184295829e+01 1.236129917693019564e+01
1.673995630000000000e+08 4.081556699353286177e+01 1.235479241562397235e+01
1.674723340000000000e+08 4.084106166683058348e+01 1.235914507047171185e+01
1.675398810000000000e+08 4.087956254307629678e+01 1.236073051461462313e+01
1.676094590000000000e+08 4.086954804036193423e+01 1.236030672558748655e+01
1.676800390000000000e+08 4.085796043499307473e+01 1.236200355508425197e+01
1.677570850000000000e+08 4.085238360873096752e+01 1.235858860715444862e+01
1.678282340000000000e+08 4.088012348022429165e+01 1.235858459948263643e+01
1.679031650000000000e+08 4.088441036411351348e+01 1.234990153771513377e+01
1.679782190000000000e+08 4.089711048013778338e+01 1.234894444008556924e+01
1.680504320000000000e+08 4.092396140809896821e+01 1.235060490051487747e+01
1.681219090000000000e+08 4.096143741767715341e+01 1.235417909629672550e+01
1.681947960000000000e+08 4.092912747199327583e+01 1.235458938655933991e+01
1.682686750000000000e+08 4.093457017846110091e+01 1.235443024361342168e+01
1.683394270000000000e+08 4.090996488093873751e+01 1.236184722392080104e+01
1.684115330000000000e+08 4.091908189379673644e+01 1.236091755820457649e+01
1.684843350000000000e+08 4.089920845797642812e+01 1.235614626595073418e+01
1.685596720000000000e+08 4.091753334069208137e+01 1.235644344683986162e+01
1.686322540000000000e+08 4.089961042067705677e+01 1.236294822200202859e+01
1.687052530000000000e+08 4.092009534718557973e+01 1.236078179288801770e+01
1.687791660000000000e+08 4.091318813451101022e+01 1.235866685584012536e+01
1.688541740000000000e+08 4.089564907459212151e+01 1.236385751007115275e+01
1.689220330000000000e+08 4.087424759282438202e+01 1.236413195424721145e+01
1.689911300000000000e+08 4.084331923798888653e+01 1.236259808125321058e+01
1.690633430000000000e+08 4.083115151997984071e+01 1.236189326162409330e+01
1.691322380000000000e+08 4.082885687360613503e+01 1.236405209358908586e+01
1.692007690000000000e+08 4.084846127181999975e+01 1.236417179013476719e+01
1.692710190000000000e+08 4.083536176700261677e+01 1.236472177743477907e+01
1.693415580000000000e+08 4.081520755573963299e+01 1.236424889381861902e+01
1.694143640000000000e+08 4.084239995753317487e+01 1.235941561484025897e+01
1.694830820000000000e+08 4.080660266215014076e+01 1.235963066056718418e+01
1.695530120000000000e+08 4.081042506478235765e+01 1.235701211687674217e+01
1.696252820000000000e+08 4.079874134191771162e+01 1.235715449770153285e+01
1.696991030000000000e+08 4.079117526604608202e+01 1.236503495320681623e+01
1.697725370000000000e+08 4.076207788209574545e+01 1.236532817077624458e+01
1.698467910000000000e+08 4.078411128025843624e+01 1.237034479498513839e+01
1.699136560000000000e+08 4.080591349118114408e+01 1.237284392444629866e+01
1.699852710000000000e+08 4.079344988924226811e+01 1.237693672369747233e+01
1.700607550000000000e+08 4.080931139510546046e+01 1.236870922828904185e+01
1.701334570000000000e+08 4.082153802894296035e+01 1.236424795516112596e+01
1.702026870000000000e+08 4.082863528615477833e+01 1.236353370357863568e+01
1.702750960000000000e+08 4.081363320860739918e+01 1.236447664804536650e+01
1.703465530000000000e+08 4.080524108982070430e+01 1.235390765604460661e+01
1.704198510000000000e+08 4.081670471551303336e+01 1.234845406672930324e+01
1.704894260000000000e+08 4.079013603630288998e+01 1.234593137873231861e+01
1.705589910000000000e+08 4.078165561457533528e+01 1.234212006877181445e+01
1.706315280000000000e+08 4.077095933398032201e+01 1.233312339515136635e+01
1.707061430000000000e+08 4.074636088162854719e+01 1.233015226239813522e+01
1.707777090000000000e+08 4.075101196617902133e+01 1.232689588565996175e+01
1.708473580000000000e+08 4.079912096903387919e+01 1.232691539108675727e+01
1.709220250000000000e+08 4.079344167692584477e+01 1.233032694437886079e+01
1.709937860000000000e+08 4.080148457132611384e+01 1.232581565751437758e+01
1.710626130000000000e+08 4.080180800902234495e+01 1.231596453086629239e+01
1.711341840000000000e+08 4.079989649897648718e+01 1.230980548739150926e+01
1.712056110000000000e+08 4.077799407513298746e+01 1.230687484872334991e+01
1.712777500000000000e+08 4.079280446799202053e+01 1.230705668340064562e+01
1.713492860000000000e+08 4.083846111478425911e+01 1.230427770877519578e+01
1.714159800000000000e+08 4.086074606295356659e+01 1.229764499876988637e+01
1.714878920000000000e+08 4.085866494839839902e+01 1.229087790850978834e+01
1.715595560000000000e+08 4.086974148908466020e+01 1.228670013545459305e+01
1.716335140000000000e+08 4.085102900558553074e+01 1.228639458130054685e+01
1.717034970000000000e+08 4.084982758765151800e+01 1.228447360801649957e+01
1.717730250000000000e+08 4.084076200557606029e+01 1.228164116083859980e+01
1.718404700000000000e+08 4.081977973808250937e+01 1.228296406346439440e+01
1.719124820000000000e+08 4.082288230278115293e+01 1.228134646330805779e+01
1.719850580000000000e+08 4.083130672595375898e+01 1.227590649201345130e+01
1.720612370000000000e+08 4.082721326600579914e+01 1.227169635057298080e+01
1.721326750000000000e+08 4.084367057729519246e+01 1.226635221118800878e+01
1.722042480000000000e+08 4.083390610806893051e+01 1.226282687370752100e+01
1.722748600000000000e+08 4.083714799131304574e+01 1.225699793170834795e+01
1.723421000000000000e+08 4.085666465262727343e+01 1.225242255111142953e+01
1.724114560000000000e+08 4.084029751176382916e+01 1.225227040736169748e+01
1.724806940000000000e+08 4.086251914972766031e+01 1.225316003061358394e+01
1.725522850000000000e+08 4.084658212322303683e+01 1.225059024072741565e+01
1.726240920000000000e+08 4.086604082466891441e+01 1.224537946888375650e+01
1.726982630000000000e+08 4.087213221813063058e+01 1.224402023720533705e+01
1.727689490000000000e+08 4.086053337413557784e+01 1.223896333768346700e+01
1.728388630000000000e+08 4.085892378862013175e+01 1.223307287947895183e+01
1.729110130000000000e+08 4.088720994737288805e+01 1.223018632445543297e+01
1.729817030000000000e+08 4.088518769204762293e+01 1.223027152221665936e+01
1.730513830000000000e+08 4.088925750747022647e+01 1.223037047588329074e+01
1.731262160000000000e+08 4.089166051489913656e+01 1.222390348128339888e+01
1.732015980000000000e+08 4.087669605663511874e+01 1.221890310176122618e+01
1.732713280000000000e+08 4.090386658077805038e+01 1.221519063019112039e+01
1.733449230000000000e+08 4.092247877738342510e+01 1.222024703027528858e+01
1.734171000000000000e+08 4.091584391907946383e+01 1.221736475878246075e+01
1.734878160000000000e+08 4.094945600117322471e+01 1.220790077720510602e+01
1.735572040000000000e+08 4.093204112048210419e+01 1.220635147658058273e+01
1.736297250000000000e+08 4.092494413088755323e+01 1.220182975752178933e+01
1.737009210000000000e+08 4.096744482721238256e+01 1.219506139314231064e+01
1.737747960000000000e+08 4.096165408736008118e+01 1.219076937991215104e+01
1.738412090000000000e+08 4.097318932263395652e+01 1.218488558465436888e+01
1.739093150000000000e+08 4.097596488268792569e+01 1.218258575853601400e+01
1.739803660000000000e+08 4.097183304564249795e+01 1.217927456183458723e+01
1.740539090000000000e+08 4.098002156402559137e+01 1.217709644829709070e+01
1.741287740000000000e+08 4.098416124635753022e+01 1.217335503295319654e+01
1.741973500000000000e+08 4.100411528756208668e+01 1.216929868444320384e+01
1.742721460000000000e+08 4.098723949036111236e+01 1.216555569632421019e+01
1.743444610000000000e+08 4.098685503379643791e+01 1.216144688593192846e+01
1.744144050000000000e+08 4.100216071648689820e+01 1.216383242459460945e+01
1.744861680000000000e+08 4.100460084835016517e+01 1.216464214869082205e+01
1.745559630000000000e+08 4.101455382335444000e+01 1.216525362085386774e+01
1.746291380000000000e+08 4.100202100751855028e+01 1.216566315579946611e+01
1.746978450000000000e+08 4.100540867860638627e+01 1.216601482709131687e+01
1.747673770000000000e+08 4.101584201781419381e+01 1.216336917866573586e+01
1.748386130000000000e+08 4.098386096980600257e+01 1.216528257471022023e+01
1.749119750000000000e+08 4.100694862819730702e+01 1.215728449965724955e+01
1.749812080000000000e+08 4.100391470497497437e+01 1.215744174969472624e+01
1.750511890000000000e+08 4.098952913493584305e+01 1.215631373038099206e+01
1.751235530000000000e+08 4.099815805509515343e+01 1.215236982761819995e+01
1.751938290000000000e+08 4.100730591360841260e+01 1.214864207773452698e+01
1.752660870000000000e+08 4.098552159448887267e+01 1.214786447179029416e+01
1.753372760000000000e+08 4.095355403050092491e+01 1.214631025430550260e+01
1.754073600000000000e+08 4.098843583559367687e+01 1.213650200437315085e+01
1.754809090000000000e+08 4.097581394823327372e+01 1.213225474145788851e+01
1.755511450000000000e+08 4.097711833220522237e+01 1.213048455005500159e+01
1.756209540000000000e+08 4.096881890715333441e+01 1.212855889950576760e+01
1.756933910000000000e+08 4.095298161984767660e+01 1.212490695803920993e+01
1.757655820000000000e+08 4.093676368636379692e+01 1.212046172829714408e+01
1.758339180000000000e+08 4.095497075432249545e+01 1.211684062763182901e+01
1.759031910000000000e+08 4.094603738251434066e+01 1.210899178049747960e+01
1.759756090000000000e+08 4.095439414592029692e+01 1.211031015836316094e+01
1.760480810000000000e+08 4.098425529300321557e+01 1.210846745983432982e+01
1.761185830000000000e+08 4.099010598771468494e+01 1.210460542560426411e+01
1.761881660000000000e+08 4.100888750863888532e+01 1.210433747677437921e+01
1.762580070000000000e+08 4.101293052020980667e+01 1.210156775161427767e+01
1.763322230000000000e+08 4.100592199823589823e+01 1.209765250916341373e+01
1.764062250000000000e+08 4.101609025270229836e+01 1.209882620013765653e+01
1.764756140000000000e+08 4.104311489496080867e+01 1.210048651780362228e+01
1.765474450000000000e+08 4.104187677847452420e+01 1.209982237248421022e+01
1.766176380000000000e+08 4.106794620381835870e+01 1.209353381014691031e+01
1.766911030000000000e+08 4.105004094548749549e+01 1.209164020251030713e+01
1.767613060000000000e+08 4.105833739267875870e+01 1.208965647961984047e+01
1.768321910000000000e+08 4.103871978642180807e+01 1.208719835198794712e+01
1.769032310000000000e+08 4.101504159344896294e+01 1.208659497936631588e+01
1.769727870000000000e+08 4.102202531125900009e+01 1.208865204750651046e+01
1.770483700000000000e+08 4.101535124820631495e+01 1.208819895411522083e+01
1.771226850000000000e+08 4.102462052512422730e+01 1.208388355456966323e+01
1.771954320000000000e+08 4.102363221096821633e+01 1.208532406322027697e+01
1.772658050000000000e+08 4.105812761293572066e+01 1.208018706222999583e+01
1.773381450000000000e+08 4.108649186827953770e+01 1.207848088679685183e+01
1.774069710000000000e+08 4.110747331251187120e+01 1.207544807785721730e+01
1.774745580000000000e+08 4.111294530994825891e+01 1.207648686790986936e+01
1.775460340000000000e+08 4.111152976743547072e+01 1.207200219551873843e+01
1.776184740000000000e+08 4.113627606502603840e+01 1.207169954567987702e+01
1.776883220000000000e+08 4.113173284032913557e+01 1.206743834246975844e+01
1.777577990000000000e+08 4.111215975111279164e+01 1.206660168774896746e+01
1.778333730000000000e+08 4.107330070384697507e+01 1.205659920096268678e+01
1.779026520000000000e+08 4.104610144441669917e+01 1.205382071334251393e+01
1.779718320000000000e+08 4.107771270705564604e+01 1.204858161222785284e+01
1.780426940000000000e+08 4.106779987059105252e+01 1.204456219996016486e+01
1.781120670000000000e+08 4.105060286609518272e+01 1.204249009029808448e+01
1.781808340000000000e+08 4.107195188343450809e+01 1.204000938960015432e+01
1.782545750000000000e+08 4.105139939351956002e+01 1.203703153079337973e+01
1.783237540000000000e+08 4.104978521062050589e+01 1.203233181527828677e+01
1.783929420000000000e+08 4.104782011819111887e+01 1.202330931531943392e+01
1.784680950000000000e+08 4.105744654006421257e+01 1.202051417550594437e+01
1.785409880000000000e+08 4.107352339859650669e+01 1.201426636119822611e+01
1.786103970000000000e+08 4.109110958225748078e+01 1.201124750077276815e+01
1.786801580000000000e+08 4.108157047115081895e+01 1.200817485570249410e+01
1.787510400000000000e+08 4.108999362012678347e+01 1.200299113599015222e+01
1.788235380000000000e+08 4.108306589127609953e+01 1.199466433879971028e+01
1.788935910000000000e+08 4.108127399740902774e+01 1.199616266158163036e+01
1.789635080000000000e+08 4.107635794859130129e+01 1.198913424860393029e+01
1.790342300000000000e+08 4.106693845835079060e+01 1.199025819796231751e+01
1.791075180000000000e+08 4.105661446517151347e+01 1.198466260901335367e+01
1.791793730000000000e+08 4.105504252486019112e+01 1.198281312826265221e+01
1.792493880000000000e+08 4.106184212293601377e+01 1.198289387089650759e+01
1.793192210000000000e+08 4.105572703318889438e+01 1.197878192541826969e+01
1.793941300000000000e+08 4.102966184218360723e+01 1.197336430790612560e+01
1.794684030000000000e+08 4.102484619409410271e+01 1.197233928786271662e+01
1.795404740000000000e+08 4.105302539638208259e+01 1.196430619626245750e+01
1.796119600000000000e+08 4.104651436325519853e+01 1.195947231753428319e+01
1.796869930000000000e+08 4.101445903359638123e+01 1.195481436042405754e+01
1.797551560000000000e+08 4.103118990454292714e+01 1.195394922486723210e+01
1.798259010000000000e+08 4.101223944300757296e+01 1.194942102780490600e+01
1.798951050000000000e+08 4.104354233988424738e+01 1.194344908250596049e+01
1.799680780000000000e+08 4.106577216166810729e+01 1.193934745229179661e+01
1.800395290000000000e+08 4.106731324288929130e+01 1.193671489943268682e+01
1.801096890000000000e+08 4.106730947285191036e+01 1.193687860229656827e+01
1.801832030000000000e+08 4.106341499767518854e+01 1.193394982512805136e+01
1.802534750000000000e+08 4.103227638343363282e+01 1.193043643163495560e+01
1.803272980000000000e+08 4.102505614304752868e+01 1.192748971009481984e+01
1.803961970000000000e+08 4.105426732997101169e+01 1.192509404026391806e+01
1.804673360000000000e+08 4.108393223081331058e+01 1.191852135174803884e+01
1.805400960000000000e+08 4.107712324203061627e+01 1.191665521291095153e+01
1.806109100000000000e+08 4.108460710730732757e+01 1.191666370317010859e+01
1.806814250000000000e+08 4.108509556970917487e+01 1.191379897129008114e+01
1.807502900000000000e+08 4.113068948532244207e+01 1.190404658426541218e+01
1.808218290000000000e+08 4.113895836445990284e+01 1.190498921557275658e+01
1.808928090000000000e+08 4.112560483653462740e+01 1.190323576365541314e+01
1.809653720000000000e+08 4.110634438056549556e+01 1.189986135000711087e+01
1.810361640000000000e+08 4.115051193406735308e+01 1.189587108139101090e+01
1.811087750000000000e+08 4.115415862079349552e+01 1.189351670257871518e+01
1.811790470000000000e+08 4.117233902303098603e+01 1.189373429470320431e+01
1.812511350000000000e+08 4.117779835114494347e+01 1.189007968795673342e+01
1.813254440000000000e+08 4.117792146536690012e+01 1.188787789660385386e+01
1.813988860000000000e+08 4.118225950525199153e+01 1.188479789938574704e+01
1.814743560000000000e+08 4.122176423403089274e+01 1.188197497758567955e+01
1.815428560000000000e+08 4.125241322005813061e+01 1.188198862259555710e+01
1.816146300000000000e+08 4.123618404084490408e+01 1.188218879497435232e+01
1.816825150000000000e+08 4.122716521517422450e+01 1.188357188616601867e+01
1.817552730000000000e+08 4.121672981227948185e+01 1.187661423384615844e+01
1.818257860000000000e+08 4.119582206740401631e+01 1.187527955197351126e+01
1.818988470000000000e+08 4.121204474117079286e+01 1.187411342051960261e+01
1.819715010000000000e+08 4.118862175054010777e+01 1.187284838152767641e+01
1.820442530000000000e+08 4.120007233662089874e+01 1.187332648347333297e+01
1.821127400000000000e+08 4.122197329824221157e+01 1.187669552874833379e+01
1.821835160000000000e+08 4.123739684356486634e+01 1.187228404796568348e+01
1.822536110000000000e+08 4.123623253836557723e+01 1.186420051790412522e+01
1.823236820000000000e+08 4.124287464999899555e+01 1.186061446169560618e+01
1.823932730000000000e+08 4.123790081880418512e+01 1.186116146946980621e+01
1.824628500000000000e+08 4.123175474055848611e+01 1.185771718638223327e+01
1.825341470000000000e+08 4.121710884035296374e+01 1.185447031532584461e+01
1.826052850000000000e+08 4.119387135616265283e+01 1.185051031137449939e+01
1.826761490000000000e+08 4.121470091070002439e+01 1.185140646388145136e+01
1.827515330000000000e+08 4.120651335061198495e+01 1.184727054126960510e+01
1.828207230000000000e+08 4.122682337216220105e+01 1.184637578060971030e+01
1.828906650000000000e+08 4.124255484844908182e+01 1.184355157209239984e+01
1.829616270000000000e+08 4.124726705969217733e+01 1.184054400648503602e+01
1.830351950000000000e+08 4.121978278889336167e+01 1.183828623111400624e+01
1.831086200000000000e+08 4.120774194851356498e+01 1.183690797912235659e+01
1.831821220000000000e+08 4.118074037019736977e+01 1.183656232966740518e+01
1.832551400000000000e+08 4.117363421019160796e+01 1.183177458391286585e+01
1.833299050000000000e+08 4.115538607707373586e+01 1.183628779469165870e+01
1.834007580000000000e+08 4.114829366986917591e+01 1.183822957624510863e+01
1.834781470000000000e+08 4.112069132093031953e+01 1.183659572348669542e+01
1.835473470000000000e+08 4.114058318028416750e+01 1.183400556490456346e+01
1.836169830000000000e+08 4.115679470486410452e+01 1.182981868618173849e+01
1.836880770000000000e+08 4.113751051421537852e+01 1.182933923826162825e+01
1.837589000000000000e+08 4.113971278765495754e+01 1.182447965026989323e+01
1.838295660000000000e+08 4.112797748653198937e+01 1.182330662555821554e+01
1.838994850000000000e+08 4.114005976975075640e+01 1.182651597217469508e+01
1.839675240000000000e+08 4.116390765012686614e+01 1.182722764891765266e+01
1.840386500000000000e+08 4.115362329134499930e+01 1.182543294944648515e+01
1.841081050000000000e+08 4.116656110393525125e+01 1.182889060884317090e+01
1.841789820000000000e+08 4.116633282078893785e+01 1.181909262243449454e+01
1.842512350000000000e+08 4.117138538099862899e+01 1.181893005176676503e+01
1.843223910000000000e+08 4.116168369488939049e+01 1.181791927854839486e+01
1.843897120000000000e+08 4.117769582780380944e+01 1.181415748118774722e+01
1.844605380000000000e+08 4.114073592795096346e+01 1.181484583303341296e+01
1.845316010000000000e+08 4.114235138773960188e+01 1.180495037912275968e+01
1.846040150000000000e+08 4.112260574446850825e+01 1.180014231913795086e+01
1.846707410000000000e+08 4.110742127780410726e+01 1.179492993218502406e+01
1.847435780000000000e+08 4.110476088183871468e+01 1.178795704819079759e+01
1.848165810000000000e+08 4.110391521328609343e+01 1.178399369042118217e+01
1.848909330000000000e+08 4.110199127631548066e+01 1.178425446402163423e+01
1.849605710000000000e+08 4.112312420007941682e+01 1.177976949541134211e+01
1.850324730000000000e+08 4.113566971702987018e+01 1.177516264871542440e+01
1.851039040000000000e+08 4.113485107763951731e+01 1.177278404663169376e+01
1.851761640000000000e+08 4.116366354890232060e+01 1.177218566221196561e+01
1.852492210000000000e+08 4.120251095025288635e+01 1.177395387176308184e+01
1.853210980000000000e+08 4.119103774627969727e+01 1.177617570497491783e+01
1.853915460000000000e+08 4.119832747707243925e+01 1.177548244924156329e+01
1.854617170000000000e+08 4.119237791171791230e+01 1.177394657940911671e+01
1.855325220000000000e+08 4.118223544305568851e+01 1.177470764486363741e+01
1.856044230000000000e+08 4.120287831875323548e+01 1.177523296916403339e+01
1.856786420000000000e+08 4.119739115929227324e+01 1.177641531727737245e+01
1.857501440000000000e+08 4.118259096227502170e+01 1.177739702006968159e+01
1.858240990000000000e+08 4.118773722526514547e+01 1.177416626945081646e+01
1.858935160000000000e+08 4.117435385817139348e+01 1.177167257831537128e+01
1.859625710000000000e+08 4.117145483122724414e+01 1.176900805096190084e+01
1.860361230000000000e+08 4.116714785182534797e+01 1.176665270933947660e+01
1.861071900000000000e+08 4.121067969393549646e+01 1.176330782157737609e+01
1.861753720000000000e+08 4.121887479334262849e+01 1.175847293807726857e+01
1.862506790000000000e+08 4.118045479282083221e+01 1.175796297726737905e+01
1.863190880000000000e+08 4.120922812145480663e+01 1.175397241008002247e+01
1.863912670000000000e+08 4.121158450101322046e+01 1.175219055275194613e+01
1.864621490000000000e+08 4.121697452646625237e+01 1.174775198972897527e+01
1.865339240000000000e+08 4.121705251267439252e+01 1.174398693495485446e+01
1.866042800000000000e+08 4.122406735035446701e+01 1.173848952481671226e+01
1.866762570000000000e+08 4.122148121051126424e+01 1.173539537540598587e+01
1.867434420000000000e+08 4.121288203591225141e+01 1.173703331528931848e+01
1.868174310000000000e+08 4.119771415531766223e+01 1.173313253159684244e+01
1.868896860000000000e+08 4.119785779923420677e+01 1.173224312985216145e+01
1.869624960000000000e+08 4.120039787957185240e+01 1.172414366765939597e+01
1.870344930000000000e+08 4.121399929510685922e+01 1.172683260242433789e+01
1.871080110000000000e+08 4.123270418857876507e+01 1.172816746109657160e+01
1.871795910000000000e+08 4.121588879349772583e+01 1.173099318540844749e+01
1.872499640000000000e+08 4.125032630139492085e+01 1.173136380031803050e+01
1.873206220000000000e+08 4.123641905107081129e+01 1.173377247286493841e+01
1.873905170000000000e+08 4.127367174467937616e+01 1.172984343277224006e+01
1.874620760000000000e+08 4.125149531869996622e+01 1.172663431103417331e+01
1.875334920000000000e+08 4.127083877685534929e+01 1.172816400405020332e+01
1.876069170000000000e+08 4.127116068640712143e+01 1.172828924269174067e+01
1.876788160000000000e+08 4.123109023357703506e+01 1.172730447052891378e+01
1.877528620000000000e+08 4.124077951584836654e+01 1.173146305918364618e+01
1.878218440000000000e+08 4.125036084516924006e+01 1.173082914584042236e+01
1.878954120000000000e+08 4.124128140774951135e+01 1.172476456516397292e+01
1.879675850000000000e+08 4.123602225714240888e+01 1.172321580707703070e+01
1.880417590000000000e+08 4.124661081317655231e+01 1.172028002369686561e+01
1.881077460000000000e+08 4.126024620754577654e+01 1.171831525779445471e+01
1.881797330000000000e+08 4.124154759700408590e+01 1.170915057741538412e+01
1.882528080000000000e+08 4.123092393868220995e+01 1.170626469983002416e+01
1.883226150000000000e+08 4.124131487614734937e+01 1.170553864372207542e+01
1.883933790000000000e+08 4.122582340758498276e+01 1.170221592674319666e+01
1.884638560000000000e+08 4.120954623966397179e+01 1.169907464575831213e+01
1.885334380000000000e+08 4.121656779717679342e+01 1.170545922341408485e+01
1.886056720000000000e+08 4.122089174173100901e+01 1.170511824392160172e+01
1.886751020000000000e+08 4.124257108033140184e+01 1.170430965441131654e+01
1.887468030000000000e+08 4.126365783944120835e+01 1.170840177335055543e+01
1.888188280000000000e+08 4.124598368866127629e+01 1.171321923027063150e+01
1.888916410000000000e+08 4.125896521720817134e+01 1.171736220461058409e+01
1.889643680000000000e+08 4.125298185478898461e+01 1.171696179542678706e+01
1.890365300000000000e+08 4.127504916969071758e+01 1.171861462089512784e+01
1.891100240000000000e+08 4.128745524058870586e+01 1.172070737265345031e+01
1.891779710000000000e+08 4.129226545491987110e+01 1.172057889862231050e+01
1.892479780000000000e+08 4.129428723876396390e+01 1.172178227336560852e+01
1.893178900000000000e+08 4.128241774936702058e+01 1.172662203015083726e+01
1.893874970000000000e+08 4.130071806457155503e+01 1.172348087493086055e+01
1.894625040000000000e+08 4.129894616436828869e+01 1.171780275573083330e+01
1.895338880000000000e+08 4.130417922492765825e+01 1.171460529272700946e+01
1.896073150000000000e+08 4.133336923031643551e+01 1.171190563859826383e+01
1.896763700000000000e+08 4.131822095336742962e+01 1.170659803810447563e+01
1.897495100000000000e+08 4.133633842612614018e+01 1.170449228396337737e+01
1.898230100000000000e+08 4.133817560879097641e+01 1.170254737874573259e+01
1.898959330000000000e+08 4.134916420615181920e+01 1.170368683526131903e+01
1.899650040000000000e+08 4.134545876216608207e+01 1.169967960944646634e+01
1.900349510000000000e+08 4.134398758684134378e+01 1.169829302955381145e+01
1.901039890000000000e+08 4.136779561555489693e+01 1.169734315689546200e+01
1.901777550000000000e+08 4.138065759492665308e+01 1.170197696692502909e+01
1.902506330000000000e+08 4.137599467080561766e+01 1.170238090776408768e+01
1.903219500000000000e+08 4.136126714689115147e+01 1.170129953526178745e+01
1.903916380000000000e+08 4.133500820351062544e+01 1.170234505721774987e+01
1.904675250000000000e+08 4.131039343431027078e+01 1.170263958378421520e+01
1.905397030000000000e+08 4.129682621543503274e+01 1.170646263834446010e+01
1.906129390000000000e+08 4.132545090822505784e+01 1.170441352599460494e+01
1.906850130000000000e+08 4.132609499362121142e+01 1.170023929256647577e+01
1.907580160000000000e+08 4.134863139361295481e+01 1.170306922375333691e+01
1.908290290000000000e+08 4.138511023817768120e+01 1.170258102090926400e+01
1.909000880000000000e+08 4.138239427759148015e+01 1.170238706495573844e+01
1.909710680000000000e+08 4.138871388897037207e+01 1.169716734254428303e+01
1.910429350000000000e+08 4.135102058926402435e+01 1.169479794377462589e+01
1.911158960000000000e+08 4.133545246421530095e+01 1.169662080639490753e+01
1.911879600000000000e+08 4.134590261522435384e+01 1.169412091358940664e+01
1.912632840000000000e+08 4.134407463589789700e+01 1.169066305779492865e+01
1.913320740000000000e+08 4.136321152772043774e+01 1.168375711573787612e+01
1.914027720000000000e+08 4.138019022392258961e+01 1.167552749091816011e+01
1.914716070000000000e+08 4.138384956116995994e+01 1.166988060588290033e+01
1.915396050000000000e+08 4.137942883787265202e+01 1.166700074716779234e+01
1.916098740000000000e+08 4.134882562262078665e+01 1.166336222021862667e+01
1.916826200000000000e+08 4.131774738637842859e+01 1.165877629628568535e+01
1.917542020000000000e+08 4.132224508362602933e+01 1.166117420080805545e+01
1.918230090000000000e+08 4.129065660895392398e+01 1.165708416641805023e+01
1.918974480000000000e+08 4.130476765724105803e+01 1.165605891716637643e+01
1.919722620000000000e+08 4.132973337673255543e+01 1.165513965276664443e+01
1.920460230000000000e+08 4.132902734235529607e+01 1.165447453661415445e+01
1.921208750000000000e+08 4.131740556307459400e+01 1.165600237815517737e+01
1.921918540000000000e+08 4.133967534688925127e+01 1.165337970357520092e+01
1.922638390000000000e+08 4.135187911263997762e+01 1.165069343917796729e+01
1.923351880000000000e+08 4.135405964215975416e+01 1.164982620298913218e+01
1.924106500000000000e+08 4.136708619990376690e+01 1.164611263999653090e+01
1.924807010000000000e+08 4.135371203783557092e+01 1.164798715983406652e+01
1.925524530000000000e+08 4.134260907590416423e+01 1.164673479158383351e+01
1.926256440000000000e+08 4.134294156771328943e+01 1.164821014758511097e+01
1.926962660000000000e+08 4.135280905947249153e+01 1.164981919670888288e+01
1.927678400000000000e+08 4.135768272466291506e+01 1.164892488517513058e+01
1.928341850000000000e+08 4.137716643201423494e+01 1.164567209838231143e+01
1.929033470000000000e+08 4.136140318174620489e+01 1.164242543423184273e+01
1.929723880000000000e+08 4.134803326236363574e+01 1.164101698469281843e+01
1.930413550000000000e+08 4.133327389523730488e+01 1.163965149970459301e+01
1.931116180000000000e+08 4.131648534109369564e+01 1.163559586148920211e+01
1.931838160000000000e+08 4.130983467044183044e+01 1.163632386600692037e+01
1.932555160000000000e+08 4.128394188470657866e+01 1.163230091132452415e+01
1.933300510000000000e+08 4.129153176365122846e+01 1.163050814222378904e+01
1.933971960000000000e+08 4.130554664273708454e+01 1.162771814564494655e+01
1.934673570000000000e+08 4.128900214339376618e+01 1.162436309637247689e+01
1.935388840000000000e+08 4.128543413648941396e+01 1.162076746380329517e+01
1.936113420000000000e+08 4.127928608635813390e+01 1.161419017496331207e+01
1.936875250000000000e+08 4.125397421144920429e+01 1.160963833479876506e+01
1.937583420000000000e+08 4.127932710101359248e+01 1.160659676068723911e+01
1.938295780000000000e+08 4.127574126373969676e+01 1.160524063811529061e+01
1.939020930000000000e+08 4.127655926363395622e+01 1.160304327295005145e+01
1.939743390000000000e+08 4.128940847944981130e+01 1.160419100164426531e+01
1.940479930000000000e+08 4.127254834416672225e+01 1.160329037194831514e+01
1.941174500000000000e+08 4.127185297401537412e+01 1.160041018919531730e+01
1.941868010000000000e+08 4.127008047077002573e+01 1.159275947049983380e+01
1.942589570000000000e+08 4.126311364052190100e+01 1.158970253891102331e+01
1.943336010000000000e+08 4.127750161317326416e+01 1.158406691407360256e+01
1.944057010000000000e+08 4.127481496858943188e+01 1.158164095928810866e+01
1.944800990000000000e+08 4.127384143701966224e+01 1.158064790861337023e+01
1.945529790000000000e+08 4.126871910530125120e+01 1.157628201248888189e+01
1.946246760000000000e+08 4.129194443900379952e+01 1.157628115829595927e+01
1.946943810000000000e+08 4.130647971492984993e+01 1.157132940160323820e+01
1.947673550000000000e+08 4.130619230221013538e+01 1.157144231708104165e+01
1.948384840000000000e+08 4.131628186656832469e+01 1.157029885266654112e+01
1.949120280000000000e+08 4.130602530551411888e+01 1.157349354953207587e+01
1.949866850000000000e+08 4.130584955712186712e+01 1.156771306650204600e+01
1.950642530000000000e+08 4.130589676504230567e+01 1.156227382249011093e+01
1.951364490000000000e+08 4.132942384118738488e+01 1.156258887155820503e+01
1.952072640000000000e+08 4.131641883056980902e+01 1.156294741250992963e+01
1.952759840000000000e+08 4.131621281958441472e+01 1.155459961189936102e+01
1.953480370000000000e+08 4.131718675498421334e+01 1.155291737943387709e+01
1.954177880000000000e+08 4.133351797813658379e+01 1.155126816283089752e+01
1.954889770000000000e+08 4.134307198370673575e+01 1.155209366101517254e+01
1.955604310000000000e+08 4.133794454566214682e+01 1.155081850916771913e+01
1.956287260000000000e+08 4.134266415955131890e+01 1.154975808814991822e+01
1.956964390000000000e+08 4.134167706989622104e+01 1.154834928026284047e+01
1.957618900000000000e+08 4.135712025486783716e+01 1.154298959071182296e+01
1.958355630000000000e+08 4.134346539133684217e+01 1.153969027322812124e+01
1.959081990000000000e+08 4.134511644861920132e+01 1.153979205623375037e+01
1.959811840000000000e+08 4.133987243122202671e+01 1.153764021881456614e+01
1.960557600000000000e+08 4.134254640969562899e+01 1.153515535114103585e+01
1.961304580000000000e+08 4.136951614098720142e+01 1.152625850861523027e+01
1.962044460000000000e+08 4.138241570922357937e+01 1.152662253659657843e+01
1.962779410000000000e+08 4.139172809258823094e+01 1.152641929064031956e+01
1.963504010000000000e+08 4.137429565465978953e+01 1.152150329996499245e+01
1.964229380000000000e+08 4.134779006977282023e+01 1.152531679208432180e+01
1.964920650000000000e+08 4.133262479263488842e+01 1.153043648761315687e+01
1.965629730000000000e+08 4.132972035920447951e+01 1.153006376399301303e+01
1.966339030000000000e+08 4.135354105193721352e+01 1.152649860741051491e+01
1.967034240000000000e+08 4.133917640945799832e+01 1.152538354005447019e+01
1.967737320000000000e+08 4.135081674821628184e+01 1.152252711217642300e+01
1.968444220000000000e+08 4.136778648642994938e+01 1.151703678086199467e+01
1.969171440000000000e+08 4.135134083124204096e+01 1.151354596107368700e+01
1.969875410000000000e+08 4.133100988189291058e+01 1.151396096180691586e+01
1.970539180000000000e+08 4.131854838581668332e+01 1.151623232372739913e+01
1.971286470000000000e+08 4.130967083868302581e+01 1.151255872141807046e+01
1.971989290000000000e+08 4.132177997375583089e+01 1.150801792414069169e+01
1.972705350000000000e+08 4.134422268954183721e+01 1.150992084861148257e+01
1.973434890000000000e+08 4.132148605816533404e+01 1.150889624751415141e+01
1.974183400000000000e+08 4.131994268509529178e+01 1.150781750436159001e+01
1.974929930000000000e+08 4.132147552415068503e+01 1.150418851834867340e+01
1.975667350000000000e+08 4.133803500338744641e+01 1.149811574572287931e+01
1.976421750000000000e+08 4.136012927808112494e+01 1.149838430580928694e+01
1.977098270000000000e+08 4.137353926966368078e+01 1.149563027059419262e+01
1.977787950000000000e+08 4.138482936251595135e+01 1.149472547258309518e+01
1.978501330000000000e+08 4.136273081737650870e+01 1.149740578693131887e+01
1.979223180000000000e+08 4.133791269844454064e+01 1.149909406152126401e+01
1.979902130000000000e+08 4.136736329995201800e+01 1.149898648225695474e+01
1.980638900000000000e+08 4.138648287814544346e+01 1.149986659108040143e+01
1.981329130000000000e+08 4.141579009149978674e+01 1.150356611852201283e+01
1.982023970000000000e+08 4.141701227888609793e+01 1.149914756812652428e+01
1.982715790000000000e+08 4.138437233670023119e+01 1.150430263402434683e+01
1.983468900000000000e+08 4.140700147134886322e+01 1.149308778899491834e+01
1.984178090000000000e+08 4.141890638990030027e+01 1.148661261637071718e+01
1.984933540000000000e+08 4.143028063876710121e+01 1.148331804724041305e+01
1.985680610000000000e+08 4.144418544380483382e+01 1.148134379146792661e+01
1.986424430000000000e+08 4.144471063703468161e+01 1.148319877265060995e+01
1.987133460000000000e+08 4.147164656672997296e+01 1.147810177050578062e+01
1.987831190000000000e+08 4.146776210438171262e+01 1.147564785787037422e+01
1.988586250000000000e+08 4.144711484258873924e+01 1.147333983009036018e+01
1.989279490000000000e+08 4.144787886271815580e+01 1.147166221771396266e+01
1.989979510000000000e+08 4.143171105158683787e+01 1.146509046102021578e+01
1.990717200000000000e+08 4.143786611176631141e+01 1.146088871048550040e+01
1.991443220000000000e+08 4.143204752674687086e+01 1.145849278296263485e+01
1.992141870000000000e+08 4.140612358930559367e+01 1.145484110484182239e+01
1.992858510000000000e+08 4.142110912013627910e+01 1.145038455758833251e+01
1.993520060000000000e+08 4.145347772841261502e+01 1.145152839728138261e+01
1.994218330000000000e+08 4.143001490082142624e+01 1.144826456139800364e+01
1.994942470000000000e+08 4.145912517972880096e+01 1.144860088144751664e+01
1.995640220000000000e+08 4.143777634607922522e+01 1.144124884780031692e+01
1.996343100000000000e+08 4.142531778297910705e+01 1.143862332723952591e+01
1.997015830000000000e+08 4.142270472958168881e+01 1.143944458817960808e+01
1.997690030000000000e+08 4.140734184529642903e+01 1.143748276197342406e+01
1.998380640000000000e+08 4.140476179827312109e+01 1.143664627752074203e+01
1.999129440000000000e+08 4.140174228365750508e+01 1.143010426090007492e+01
1.999849440000000000e+08 4.143462538405296414e+01 1.142475707455591660e+01
2.000561390000000000e+08 4.141255102961694234e+01 1.142209006241524527e+01
2.001287210000000000e+08 4.141222798077514966e+01 1.142039584887483628e+01
2.002001800000000000e+08 4.139551367521104908e+01 1.142068012327038673e+01
2.002700250000000000e+08 4.140707647509213274e+01 1.141715467115502669e+01
2.003411010000000000e+08 4.143067199927141075e+01 1.141598765225578305e+01
2.004087580000000000e+08 4.145570549419370820e+01 1.141334694191357713e+01
2.004871640000000000e+08 4.144758498840749894e+01 1.141044090777677944e+01
2.005562100000000000e+08 4.148508466110201454e+01 1.141372074389401270e+01
2.006308590000000000e+08 4.145804330741191990e+01 1.141129877474393872e+01
2.007002000000000000e+08 4.146888768789602864e+01 1.140930713060291524e+01
2.007706680000000000e+08 4.147980374397192804e+01 1.140402386445667204e+01
2.008436850000000000e+08 4.148136252183789452e+01 1.140001996540610563e+01
2.009101370000000000e+08 4.148057822572110354e+01 1.140055972053591304e+01
2.009821510000000000e+08 4.146143322315836599e+01 1.140437918781049831e+01
2.010548150000000000e+08 4.144794327982465632e+01 1.139867391171907407e+01
2.011251800000000000e+08 4.146829417130944506e+01 1.139713839547475693e+01
2.011965320000000000e+08 4.148286950562179953e+01 1.139961546892691935e+01
2.012684550000000000e+08 4.148647752547792322e+01 1.139768034355030224e+01
2.013367640000000000e+08 4.147861319119503065e+01 1.139483305036344163e+01
2.014073810000000000e+08 4.144938063382508631e+01 1.139419204210246761e+01
2.014783550000000000e+08 4.142256018204908230e+01 1.139074807732764327e+01
2.015477750000000000e+08 4.144340084076154795e+01 1.139009634847667307e+01
2.016184190000000000e+08 4.144310828660457702e+01 1.139066216399204201e+01
2.016906800000000000e+08 4.146804166071044762e+01 1.138452666399550672e+01
2.017652670000000000e+08 4.149443473516194558e+01 1.137983936818576858e+01
2.018391360000000000e+08 4.152027918228171899e+01 1.138035559230541871e+01
2.019080630000000000e+08 4.152463464136347682e+01 1.138153537504645030e+01
2.019790780000000000e+08 4.150623274855004041e+01 1.137523988013745146e+01
2.020490540000000000e+08 4.147220239162966493e+01 1.137162060094335025e+01
2.021188490000000000e+08 4.148123348350017636e+01 1.137235376792704677e+01
2.021916900000000000e+08 4.149854979019121259e+01 1.136737414870450458e+01
2.022614120000000000e+08 4.146780341366172706e+01 1.136552413474124812e+01
2.023312800000000000e+08 4.145937926916761995e+01 1.136361048389840001e+01
2.024015440000000000e+08 4.143079746671289598e+01 1.136632125578169550e+01
2.024770750000000000e+08 4.142963422649602023e+01 1.136060944773480763e+01
2.025486130000000000e+08 4.141616107766243715e+01 1.136310631947913841e+01
2.026197840000000000e+08 4.140362924679152457e+01 1.136052080115392116e+01
2.026927660000000000e+08 4.141677658438642595e+01 1.135762833920252568e+01
2.027613450000000000e+08 4.139713168924411946e+01 1.135438102142951777e+01
2.028291740000000000e+08 4.137952939584896939e+01 1.135049822441566114e+01
2.028997110000000000e+08 4.136467323594303025e+01 1.135282032268199970e+01
2.029713990000000000e+08 4.136865947573089386e+01 1.135030104451132971e+01
2.030395290000000000e+08 4.134869801284587965e+01 1.135155426897004283e+01
2.031127940000000000e+08 4.136472690103548189e+01 1.134393574343939903e+01
2.031876320000000000e+08 4.136638865535575604e+01 1.134230252398654137e+01
2.032603030000000000e+08 4.138201964720395409e+01 1.134310755874320620e+01
2.033327660000000000e+08 4.136807848653481301e+01 1.134142535087836912e+01
2.034012470000000000e+08 4.135111649357616415e+01 1.134083187415058447e+01
2.034730590000000000e+08 4.131707486992695522e+01 1.133831813868521543e+01
2.035447710000000000e+08 4.132050988070253084e+01 1.134154451482909920e+01
2.036166520000000000e+08 4.132412973402158229e+01 1.134271663339893621e+01
2.036902660000000000e+08 4.132770079422642340e+01 1.134194293126041941e+01
2.037626630000000000e+08 4.132017506766916171e+01 1.134595007127412103e+01
2.038358870000000000e+08 4.134267599814539551e+01 1.134600118185491091e+01
2.039046390000000000e+08 4.135831638268309263e+01 1.134988126376044271e+01
2.039768690000000000e+08 4.137553009007476845e+01 1.135063929289797002e+01
2.040478520000000000e+08 4.137291331689059604e+01 1.135366194926466221e+01
2.041216940000000000e+08 4.135568493950026436e+01 1.135846774377058210e+01
2.041899860000000000e+08 4.139232963690714939e+01 1.135996188925268768e+01
2.042601540000000000e+08 4.139064614862919456e+01 1.136424064735227546e+01
2.043317070000000000e+08 4.138852452368156065e+01 1.136536908733726747e+01
2.044010490000000000e+08 4.138973130216113816e+01 1.136365904475042576e+01
2.044712160000000000e+08 4.136725449089882289e+01 1.136130354451479718e+01
2.045433370000000000e+08 4.137260438817288843e+01 1.135927865471907339e+01
2.046181660000000000e+08 4.135318855667484428e+01 1.135955987074138385e+01
2.046878850000000000e+08 4.133991151710458212e+01 1.135950812721199377e+01
2.047599560000000000e+08 4.130307411684496799e+01 1.135746282615263958e+01
2.048300110000000000e+08 4.129448742843165121e+01 1.135324141275208909e+01
2.048990440000000000e+08 4.133204087404839555e+01 1.135910118068809105e+01
2.049668720000000000e+08 4.129732311841547698e+01 1.135661384583552902e+01
2.050396870000000000e+08 4.129371344845585412e+01 1.135301212712452390e+01
2.051126580000000000e+08 4.127678992515819090e+01 1.135534371496050277e+01
2.051864360000000000e+08 4.129662422266430610e+01 1.135305796158998781e+01
2.052571610000000000e+08 4.128852165300349952e+01 1.135162482478174084e+01
2.053283840000000000e+08 4.130252594107147246e+01 1.135166186085045403e+01
2.054011950000000000e+08 4.129845479927439555e+01 1.134652399103502418e+01
2.054752560000000000e+08 4.127652908601579185e+01 1.134096414902807481e+01
2.055440370000000000e+08 4.125144714800152457e+01 1.134109748567932918e+01
2.056169150000000000e+08 4.126527233321507993e+01 1.133842385329835700e+01
2.056866660000000000e+08 4.127563696300789786e+01 1.133832822593564060e+01
2.057627680000000000e+08 4.129023210537619093e+01 1.133684547324094005e+01
2.058304900000000000e+08 4.129557710563198469e+01 1.133326539883780804e+01
2.058962320000000000e+08 4.128082649900220957e+01 1.132585033934403462e+01
2.059704970000000000e+08 4.128567991717709162e+01 1.132306274372082555e+01
2.060396170000000000e+08 4.129486486165981773e+01 1.131976351001517322e+01
2.061116460000000000e+08 4.128883890212605934e+01 1.131296566389633185e+01
2.061822770000000000e+08 4.127541932141910763e+01 1.131198335169958291e+01
2.062505930000000000e+08 4.125932342992389579e+01 1.130821860787559174e+01
2.063194170000000000e+08 4.124625672446390467e+01 1.130276458683652763e+01
2.063922510000000000e+08 4.126168467130820261e+01 1.130269949173670874e+01
2.064609180000000000e+08 4.125520761781881163e+01 1.129540193313932583e+01
2.065324460000000000e+08 4.126227181485668183e+01 1.129092355770887046e+01
2.066048830000000000e+08 4.125413532156810703e+01 1.129018713775814398e+01
2.066761320000000000e+08 4.125751542355666146e+01 1.128959390215172753e+01
2.067478080000000000e+08 4.126256847786829240e+01 1.128983770250815155e+01
2.068158520000000000e+08 4.129155585221992197e+01 1.129026598326224651e+01
2.068902590000000000e+08 4.131292142840924697e+01 1.128561628261413574e+01
2.069602890000000000e+08 4.134997965651037077e+01 1.127743465799736278e+01
2.070330030000000000e+08 4.135372989446290859e+01 1.127639921440908388e+01
2.071033960000000000e+08 4.136733026127032531e+01 1.127210275252827998e+01
2.071725540000000000e+08 4.134311440275216398e+01 1.127592546608064872e+01
2.072413920000000000e+08 4.136376105204173115e+01 1.127308329391620489e+01
2.073125460000000000e+08 4.136632224081438380e+01 1.127417608073924171e+01
2.073873680000000000e+08 4.137920617286469849e+01 1.127238593578661074e+01
2.074547620000000000e+08 4.139031400128263982e+01 1.127605610904924305e+01
2.075249210000000000e+08 4.140445478697937176e+01 1.127322369136457958e+01
2.075936630000000000e+08 4.141431070185382879e+01 1.127015190936849720e+01
2.076633020000000000e+08 4.137903139560203414e+01 1.126950913690100542e+01
2.077339500000000000e+08 4.135064207659984703e+01 1.126854984012200944e+01
2.078108520000000000e+08 4.135882987170756309e+01 1.126628795892579582e+01
2.078847580000000000e+08 4.136481315744481435e+01 1.126942006987265010e+01
2.079566520000000000e+08 4.136836170461669582e+01 1.127097308600417769e+01
2.080275230000000000e+08 4.135734027525321466e+01 1.126903401250494063e+01
2.081023820000000000e+08 4.134914508190653493e+01 1.126779762770825144e+01
2.081726200000000000e+08 4.135956391389339615e+01 1.126796278848077648e+01
2.082434880000000000e+08 4.137348424456614282e+01 1.126107673584401780e+01
2.083154180000000000e+08 4.135287202207936019e+01 1.126261007002274006e+01
2.083854740000000000e+08 4.133727929640155452e+01 1.126279245328437284e+01
2.084576860000000000e+08 4.136824460708248097e+01 1.125850983313229037e+01
2.085261860000000000e+08 4.137223212603267797e+01 1.125397906956466976e+01
2.085980040000000000e+08 4.137490123863326374e+01 1.125231976971135062e+01
2.086687550000000000e+08 4.138720071544477008e+01 1.124926901336529994e+01
2.087377350000000000e+08 4.136853826446741067e+01 1.124500775080086967e+01
2.088113260000000000e+08 4.133884138615272974e+01 1.124322709960967259e+01
2.088877790000000000e+08 4.131491189849258916e+01 1.124133654010724648e+01
2.089587120000000000e+08 4.133823560902572325e+01 1.124049914397915195e+01
2.090313290000000000e+08 4.135324861038235156e+01 1.123881999293301170e+01
2.091035110000000000e+08 4.134412156486554579e+01 1.123886732028212876e+01
2.091749870000000000e+08 4.131307336311765255e+01 1.124016399156682411e+01
2.092492850000000000e+08 4.131575856711414474e+01 1.123508083079602038e+01
2.093191800000000000e+08 4.132810439081202958e+01 1.123712749127182775e+01
2.093912740000000000e+08 4.133752462264363459e+01 1.123192133402739223e+01
2.094623200000000000e+08 4.135884186980626254e+01 1.123156899256321140e+01
2.095313790000000000e+08 4.134726834513502780e+01 1.123147012961310054e+01
2.096025220000000000e+08 4.133949417091884015e+01 1.123154794858254668e+01
2.096751340000000000e+08 4.132789988465502518e+01 1.122961609565743757e+01
2.097480970000000000e+08 4.133202489284300185e+01 1.122444147852865015e+01
2.098161450000000000e+08 4.135327363213600904e+01 1.122279460103915127e+01
2.098864950000000000e+08 4.135399529270910080e+01 1.122350291177570192e+01
2.099576050000000000e+08 4.132865095387206367e+01 1.122729114420700824e+01
2.100269980000000000e+08 4.133067691092644935e+01 1.122678415856043976e+01
2.100965250000000000e+08 4.134912806830993759e+01 1.122853402202701112e+01
2.101695130000000000e+08 4.135373484623244167e+01 1.123113589573896753e+01
2.102429110000000000e+08 4.136178941291709776e+01 1.123013246173323942e+01
2.103082750000000000e+08 4.135094648315218535e+01 1.122856604527564528e+01
2.103748890000000000e+08 4.135217487054686103e+01 1.122639616594081780e+01
2.104447220000000000e+08 4.132853850764023917e+01 1.122464342445523044e+01
2.105119770000000000e+08 4.133329773544972596e+01 1.122259156282605019e+01
2.105863330000000000e+08 4.132065287738163306e+01 1.122278192001727248e+01
2.106582300000000000e+08 4.130515672883326062e+01 1.122728559218166744e+01
2.107285610000000000e+08 4.130796377337934899e+01 1.122321941410148582e+01
2.108043710000000000e+08 4.129747578756405346e+01 1.122341095546346779e+01
2.108791380000000000e+08 4.129688525510626107e+01 1.122470333495304118e+01
2.109509930000000000e+08 4.132607459097380342e+01 1.122509996404283505e+01
2.110235610000000000e+08 4.134681116541035095e+01 1.122203814260109667e+01
2.110982210000000000e+08 4.133491186125498729e+01 1.122069491220327464e+01
2.111718610000000000e+08 4.131428570110559662e+01 1.122004288799795013e+01
2.112437860000000000e+08 4.133517883586920050e+01 1.121413398464823707e+01
2.113159620000000000e+08 4.133939939891388349e+01 1.121308145372273302e+01
2.113893300000000000e+08 4.131043545707592557e+01 1.120888660315686280e+01
2.114615240000000000e+08 4.130604547341084043e+01 1.120745126749672593e+01
2.115344130000000000e+08 4.132782272457025385e+01 1.120670151135986714e+01
2.116079970000000000e+08 4.133070672419643898e+01 1.120420711321279228e+01
2.116819390000000000e+08 4.132709854006393613e+01 1.120356272967569744e+01
2.117547910000000000e+08 4.134158241708916393e+01 1.120280148884257265e+01
2.118252020000000000e+08 4.134528296115312429e+01 1.119997862725781523e+01
2.118965800000000000e+08 4.134558399205603507e+01 1.119853310888725950e+01
2.119657780000000000e+08 4.134592899964643919e+01 1.119891789505900270e+01
2.120359310000000000e+08 4.136674180601558959e+01 1.119952415955998148e+01
2.121093500000000000e+08 4.134459535249488482e+01 1.120201963009345469e+01
2.121813760000000000e+08 4.135861635247663060e+01 1.120383060158922106e+01
2.122519530000000000e+08 4.133112360280347275e+01 1.120570732104927281e+01
2.123231780000000000e+08 4.133901428623611451e+01 1.120360736795064405e+01
2.123944780000000000e+08 4.135273804986476875e+01 1.120552944480187740e+01
2.124659890000000000e+08 4.134802226716747242e+01 1.119698791199926191e+01
2.125374000000000000e+08 4.137061436598846598e+01 1.119452509181789779e+01
2.126116090000000000e+08 4.138595014593242638e+01 1.118897683342048666e+01
2.126857470000000000e+08 4.139895013867288753e+01 1.118460551527092406e+01
2.127599620000000000e+08 4.140174975988595918e+01 1.118202461163340899e+01
2.128321050000000000e+08 4.140634132168087689e+01 1.117341631019380976e+01
2.129033890000000000e+08 4.141183356228788881e+01 1.117436748731083718e+01
2.129726160000000000e+08 4.142297640339111098e+01 1.117332219261806081e+01
2.130472590000000000e+08 4.140618995163140426e+01 1.116749357188177072e+01
2.131180930000000000e+08 4.141075963073247124e+01 1.116392790372779231e+01
2.131891690000000000e+08 4.140453964187987168e+01 1.116089282469282828e+01
2.132618820000000000e+08 4.139329592359449350e+01 1.115800721311363475e+01
2.133341650000000000e+08 4.139941812421318446e+01 1.115808337809280637e+01
2.134115080000000000e+08 4.137824702982763370e+01 1.115602105829644586e+01
2.134826840000000000e+08 4.140141621253211213e+01 1.115224601495105894e+01
2.135542540000000000e+08 4.139275170545381854e+01 1.115081113589259232e+01
2.136257240000000000e+08 4.138717669079569816e+01 1.114576103573822508e+01
2.137005320000000000e+08 4.141652212696688196e+01 1.114686541316740964e+01
2.137753090000000000e+08 4.144472860293328154e+01 1.114699429307874112e+01
2.138467170000000000e+08 4.145071892412748582e+01 1.114305607219744942e+01
2.139165850000000000e+08 4.143923867866298849e+01 1.114334128378378885e+01
2.139870420000000000e+08 4.143467702887926407e+01 1.114292814021105649e+01
2.140578910000000000e+08 4.143504798677297174e+01 1.114097166784553394e+01
2.141277200000000000e+08 4.143452055532155498e+01 1.113813831132214638e+01
2.141984340000000000e+08 4.144308264209743697e+01 1.113139961841829439e+01
2.142720350000000000e+08 4.145288712015982213e+01 1.112885263455476448e+01
2.143440480000000000e+08 4.145329413903308335e+01 1.112374559379393979e+01
2.144142470000000000e+08 4.145782763642723978e+01 1.112050632800902328e+01
2.144833650000000000e+08 4.147536505419271435e+01 1.111747917574126809e+01
2.145537960000000000e+08 4.145052840549148954e+01 1.111833470937307489e+01
2.146237400000000000e+08 4.144745438996878306e+01 1.111468129101638525e+01
2.146964030000000000e+08 4.145426614186450820e+01 1.111137660301472430e+01
2.147680530000000000e+08 4.144432274268606875e+01 1.110904283196800790e+01
2.148367020000000000e+08 4.143696721774745129e+01 1.110619673939916652e+01
2.149170680000000000e+08 4.141146965704819394e+01 1.110475886804987944e+01
2.149898900000000000e+08 4.141760144474717720e+01 1.110338092537933719e+01
2.150611380000000000e+08 4.141228108995824186e+01 1.109912779780863978e+01
2.151342890000000000e+08 4.139725503849665245e+01 1.109345620814785782e+01
2.152066330000000000e+08 4.139195742431188307e+01 1.109290205419967812e+01
2.152782600000000000e+08 4.137603571359913701e+01 1.109158189970732877e+01
2.153489230000000000e+08 4.141190063385169395e+01 1.109490459614102242e+01
2.154193520000000000e+08 4.141008120794635516e+01 1.109515708757414743e+01
2.154877870000000000e+08 4.139417954124377275e+01 1.109360123900192541e+01
2.155576720000000000e+08 4.139304281443786238e+01 1.109273267908559646e+01
2.156313120000000000e+08 4.137054461897598401e+01 1.109382942309621889e+01
2.157050900000000000e+08 4.138903927028913188e+01 1.109013600494587060e+01
2.157760490000000000e+08 4.138060359768076779e+01 1.108894915166990636e+01
2.158523280000000000e+08 4.134771651894392619e+01 1.108832911068841298e+01
2.159260780000000000e+08 4.135389499693535242e+01 1.108320994262889769e+01
2.160002460000000000e+08 4.136798375441175324e+01 1.108177542783882430e+01
2.160734770000000000e+08 4.135890853672336220e+01 1.108210815320514264e+01
2.161422480000000000e+08 4.134648100989245023e+01 1.108020729896704459e+01
2.162153420000000000e+08 4.134300309673314189e+01 1.107882642579438937e+01
2.162882640000000000e+08 4.135451512096206272e+01 1.107952591012987043e+01
2.163599820000000000e+08 4.134471850633320855e+01 1.107417317527719547e+01
2.164343600000000000e+08 4.133440829310205800e+01 1.107098035154084315e+01
2.165043500000000000e+08 4.134199126989435058e+01 1.107433711675806620e+01
2.165801660000000000e+08 4.134491683972733966e+01 1.107225032123710662e+01
2.166499670000000000e+08 4.135077756698805018e+01 1.107112780775990579e+01
2.167230270000000000e+08 4.134580563836162526e+01 1.106749247098840883e+01
2.167944000000000000e+08 4.133508563235096034e+01 1.106453518950458381e+01
2.168630640000000000e+08 4.131748743103788968e+01 1.106117654076763301e+01
2.169284480000000000e+08 4.131468001542003776e+01 1.105247933564044160e+01
2.170005930000000000e+08 4.128508202886148837e+01 1.105163202317970317e+01
2.170728950000000000e+08 4.128873415715156625e+01 1.104904910384627925e+01
2.171440910000000000e+08 4.131312656698990793e+01 1.104665206215793738e+01
2.172146450000000000e+08 4.130800534668638591e+01 1.104334535826210129e+01
2.172857150000000000e+08 4.130915805892093573e+01 1.104220739585081823e+01
2.173562410000000000e+08 4.129917046315932794e+01 1.104079706519784132e+01
2.174279380000000000e+08 4.129220552007966205e+01 1.104293446373456788e+01
2.174987730000000000e+08 4.128379732011150338e+01 1.104185108578255736e+01
2.175716380000000000e+08 4.128941242511013598e+01 1.103807607089530052e+01
2.176424750000000000e+08 4.131580984192657979e+01 1.103414958470106200e+01
2.177128300000000000e+08 4.132157052122010299e+01 1.102401301984117765e+01
2.177822520000000000e+08 4.132920352151351295e+01 1.102248345613766034e+01
2.178472020000000000e+08 4.131101688893122059e+01 1.102102129076480175e+01
2.179170800000000000e+08 4.130696617581378405e+01 1.102058311994560214e+01
2.179925840000000000e+08 4.131020469058737632e+01 1.102078761032835885e+01
2.180649540000000000e+08 4.132513908001554626e+01 1.101425964811251923e+01
2.181386770000000000e+08 4.132416337125200556e+01 1.100915702004787988e+01
2.182114230000000000e+08 4.130375805495932440e+01 1.100830937589458713e+01
2.182828400000000000e+08 4.129035228195011342e+01 1.100682760377633151e+01
2.183571580000000000e+08 4.128015480379102087e+01 1.100697940606771219e+01
2.184294370000000000e+08 4.128831322296698403e+01 1.100356253314278376e+01
2.185001900000000000e+08 4.130254269563766911e+01 1.100154303855818405e+01
2.185744230000000000e+08 4.132467265489285779e+01 1.100339462760027232e+01
2.186469900000000000e+08 4.131024254575698507e+01 1.100395474854300382e+01
2.187173090000000000e+08 4.129835489194601195e+01 1.100199385968752885e+01
2.187905500000000000e+08 4.128634000964319029e+01 1.099997114088385786e+01
2.188621120000000000e+08 4.131009812068190712e+01 1.099786535025590872e+01
2.189328940000000000e+08 4.131307252156288712e+01 1.099818180317034688e+01
2.190046480000000000e+08 4.133335464608905596e+01 1.099585273261360818e+01
2.190759050000000000e+08 4.135805810884628642e+01 1.099560908248683333e+01
2.191478710000000000e+08 4.136498617713819215e+01 1.099394977630682213e+01
2.192206000000000000e+08 4.136503184404252664e+01 1.098932306828151262e+01
2.192905050000000000e+08 4.138051488970324243e+01 1.098788688952054216e+01
2.193650120000000000e+08 4.138366821196098044e+01 1.098899779989830527e+01
2.194382510000000000e+08 4.138448410166066793e+01 1.098863087021516094e+01
2.195100700000000000e+08 4.139157771616315529e+01 1.099103356709841606e+01
2.195854940000000000e+08 4.140220870102903916e+01 1.098600736878887929e+01
2.196574220000000000e+08 4.139792563499326405e+01 1.097983344987079057e+01
2.197323680000000000e+08 4.139164407947168201e+01 1.097742699643405295e+01
2.198011990000000000e+08 4.138880052942833032e+01 1.097130042185697896e+01
2.198743950000000000e+08 4.138338237752903126e+01 1.096783028556142625e+01
2.199458720000000000e+08 4.137656504882140496e+01 1.096361510748696766e+01
2.200154090000000000e+08 4.135524725719471206e+01 1.096212778158220047e+01
2.200870320000000000e+08 4.134173814899853738e+01 1.095863995690086945e+01
2.201612710000000000e+08 4.134323835076857989e+01 1.095331224735008391e+01
2.202338070000000000e+08 4.136392176577133739e+01 1.095169040906481150e+01
2.203086120000000000e+08 4.136018875580889187e+01 1.094731488151206378e+01
2.203775650000000000e+08 4.135974966331889391e+01 1.094541502324405968e+01
2.204510300000000000e+08 4.135436129504092406e+01 1.094626401846024777e+01
2.205194890000000000e+08 4.135783774200134388e+01 1.094214173965903747e+01
2.205949100000000000e+08 4.135003128449170617e+01 1.093978979018302411e+01
2.206704470000000000e+08 4.137555056702876044e+01 1.093817856237544817e+01
2.207446170000000000e+08 4.138910806293198164e+01 1.093743717437670782e+01
2.208163810000000000e+08 4.138438915712511346e+01 1.093912284397707957e+01
2.208846450000000000e+08 4.138325688132469082e+01 1.093513602252800432e+01
2.209538060000000000e+08 4.140324366889839069e+01 1.093077154514910099e+01
2.210263570000000000e+08 4.137571978772569281e+01 1.092558005632250939e+01
2.211028830000000000e+08 4.137081057328659739e+01 1.092331067412825440e+01
2.211738740000000000e+08 4.137937060060642835e+01 1.092228888744929804e+01
2.212431060000000000e+08 4.138036427615435997e+01 1.091715581940381696e+01
2.213134730000000000e+08 4.138937286223597312e+01 1.091101853096761509e+01
2.213852020000000000e+08 4.137590205049172454e+01 1.090986089150046467e+01
2.214559420000000000e+08 4.137210624371027734e+01 1.090897290288887689e+01
2.215271620000000000e+08 4.136136568987891593e+01 1.090373169086632643e+01
2.215973660000000000e+08 4.135570386812941734e+01 1.090358950351282807e+01
2.216695530000000000e+08 4.135580140734584376e+01 1.090156491529107008e+01
2.217435690000000000e+08 4.136998101994323918e+01 1.089740935773578911e+01
2.218178020000000000e+08 4.139745187017017969e+01 1.089346246390986650e+01
2.218882070000000000e+08 4.140046723491917646e+01 1.088924562210346281e+01
2.219557240000000000e+08 4.139527460715824247e+01 1.088603567475615819e+01
2.220225100000000000e+08 4.139475997542450614e+01 1.088491352646430421e+01
2.220915890000000000e+08 4.139122442186215522e+01 1.088122543520826291e+01
2.221629660000000000e+08 4.138619536527832565e+01 1.087859856262733693e+01
2.222360330000000000e+08 4.138215050648188509e+01 1.087705464213599704e+01
2.223077830000000000e+08 4.137560114951036638e+01 1.087227077512038775e+01
2.223791020000000000e+08 4.137575960853184398e+01 1.087047775062369048e+01
2.224526200000000000e+08 4.138048094400795662e+01 1.087015197838559644e+01
2.225257610000000000e+08 4.138955642866605444e+01 1.086798645747533421e+01
2.225926880000000000e+08 4.139251476557551968e+01 1.086602685271008895e+01
2.226635890000000000e+08 4.139053319927870689e+01 1.086226133698230178e+01
2.227419330000000000e+08 4.136378839392678941e+01 1.085809852843428480e+01
2.228127790000000000e+08 4.139936752316081225e+01 1.085384700572056360e+01
2.228870910000000000e+08 4.139468259088728530e+01 1.084908171564515911e+01
2.229620630000000000e+08 4.140586552141742516e+01 1.084785638046488998e+01
2.230336980000000000e+08 4.141763692839804634e+01 1.084162203788858747e+01
2.231065960000000000e+08 4.141460274428193600e+01 1.083772468677505607e+01
2.231772680000000000e+08 4.141002690173827006e+01 1.083329673397479631e+01
2.232500590000000000e+08 4.140678165694748714e+01 1.083336310050312257e+01
2.233202140000000000e+08 4.139463852822591150e+01 1.083021278817794375e+01
2.233858200000000000e+08 4.138792823695337830e+01 1.082885642674557403e+01
2.234554680000000000e+08 4.138840871621687256e+01 1.082872797613727123e+01
2.235274360000000000e+08 4.139288100537171289e+01 1.082378749280989894e+01
2.236025150000000000e+08 4.141699923367811209e+01 1.082280757515563430e+01
2.236718230000000000e+08 4.144079918486423253e+01 1.081708965366487085e+01
2.237423750000000000e+08 4.144539726514458522e+01 1.081224443292424553e+01
2.238127810000000000e+08 4.145255583876347316e+01 1.080922822372688330e+01
2.238833360000000000e+08 4.144538376484732112e+01 1.080602751221345947e+01
2.239555470000000000e+08 4.143739752647197605e+01 1.080627812590992320e+01
2.240265280000000000e+08 4.142702691307798801e+01 1.080219087804990785e+01
2.241021120000000000e+08 4.143419018248523145e+01 1.079789964876099617e+01
2.241722070000000000e+08 4.144144978566460225e+01 1.079790508430530949e+01
2.242447140000000000e+08 4.143092698822521669e+01 1.079736893515098295e+01
2.243155580000000000e+08 4.141180584373757512e+01 1.079456440020315533e+01
2.243872780000000000e+08 4.141743034729901751e+01 1.079168448287244786e+01
2.244586100000000000e+08 4.144191499996038885e+01 1.078993725127593706e+01
2.245304450000000000e+08 4.146201974480559471e+01 1.078718343048498873e+01
2.246040280000000000e+08 4.147310445551831748e+01 1.078902866136846939e+01
2.246715890000000000e+08 4.149666536989818866e+01 1.078713037482594572e+01
2.247447760000000000e+08 4.148342448517376368e+01 1.078230225180363355e+01
2.248231850000000000e+08 4.148654923926282834e+01 1.078015010037655586e+01
2.248939090000000000e+08 4.149822975213221810e+01 1.077749291101681983e+01
2.249649580000000000e+08 4.150395671704264089e+01 1.077565106206834145e+01
2.250385260000000000e+08 4.149726632261258885e+01 1.077370144196050994e+01
2.251071160000000000e+08 4.153271699573774356e+01 1.077220179373104969e+01
2.251773440000000000e+08 4.152774512922545824e+01 1.077043638577712770e+01
2.252498110000000000e+08 4.151500429358878108e+01 1.076911009243369222e+01
2.253189580000000000e+08 4.150874272001743037e+01 1.076737064336853500e+01
2.253908970000000000e+08 4.152705289972389835e+01 1.076212932607985273e+01
2.254641970000000000e+08 4.151178267532648647e+01 1.075647661555784040e+01
2.255363230000000000e+08 4.153111183578853627e+01 1.075180869019909125e+01
2.256078300000000000e+08 4.153811411683462751e+01 1.075422547802185314e+01
2.256753970000000000e+08 4.152686384958530397e+01 1.075038421257748844e+01
2.257451400000000000e+08 4.151251072724087265e+01 1.074544816193186136e+01
2.258205670000000000e+08 4.150707663372583056e+01 1.074332005251741506e+01
2.258893270000000000e+08 4.149894159571569929e+01 1.074019337522781647e+01
2.259614750000000000e+08 4.152014282621107100e+01 1.073815641156338074e+01
2.260320710000000000e+08 4.152181901948649312e+01 1.073765906737098064e+01
2.261052510000000000e+08 4.150782181290724537e+01 1.073631367488571620e+01
2.261780220000000000e+08 4.149763914392637787e+01 1.073769721259698962e+01
2.262516300000000000e+08 4.150275952471894669e+01 1.073786828607767774e+01
2.263217230000000000e+08 4.151837349312652492e+01 1.073300924829872827e+01
2.263961540000000000e+08 4.152066468533554655e+01 1.073187274478083708e+01
2.264662760000000000e+08 4.152884773159973264e+01 1.073266996866850143e+01
2.265375270000000000e+08 4.154721762868337720e+01 1.072632050261577064e+01
2.266077360000000000e+08 4.154606438697896209e+01 1.072035078811589415e+01
2.266816050000000000e+08 4.156430061990542413e+01 1.071944104921920271e+01
2.267523020000000000e+08 4.159204449512891699e+01 1.071245190230571254e+01
2.268242710000000000e+08 4.157789489145344675e+01 1.070978671851254660e+01
2.268913070000000000e+08 4.158159971634906071e+01 1.070985600890011114e+01
2.269639020000000000e+08 4.155920397255528798e+01 1.070325220879709782e+01
2.270380120000000000e+08 4.156316071689179381e+01 1.070046859962846497e+01
2.271100980000000000e+08 4.154111045755503540e+01 1.069545748032581578e+01
2.271861890000000000e+08 4.153759543676250132e+01 1.069244415274246585e+01
2.272587640000000000e+08 4.155820579501950363e+01 1.068983913356586868e+01
2.273298400000000000e+08 4.155882153746291863e+01 1.068736324001574189e+01
2.273996170000000000e+08 4.155349134994682458e+01 1.068486815365051079e+01
2.274711240000000000e+08 4.156447204049914745e+01 1.067864355699911627e+01
2.275410930000000000e+08 4.157582669886256355e+01 1.067366802247529911e+01
2.276162990000000000e+08 4.157593694339168877e+01 1.067367489505361000e+01
2.276861870000000000e+08 4.159258250473300222e+01 1.067267584398823566e+01
2.277543840000000000e+08 4.159946972189774073e+01 1.067241810866338447e+01
2.278253940000000000e+08 4.158755577573561624e+01 1.067132208377691605e+01
2.278969040000000000e+08 4.157370108878852477e+01 1.066750527085420686e+01
2.279650380000000000e+08 4.158597878878206444e+01 1.066566546685374561e+01
2.280339440000000000e+08 4.160722875649373265e+01 1.066317229490335450e+01
2.281025340000000000e+08 4.162892315518851660e+01 1.066237511571041985e+01
2.281707250000000000e+08 4.160858367095988086e+01 1.065940296718745017e+01
2.282436360000000000e+08 4.162440071377215389e+01 1.065371685788771750e+01
2.283135560000000000e+08 4.162130653227502108e+01 1.064744898725283662e+01
2.283845190000000000e+08 4.163465755022803449e+01 1.064546947063943527e+01
2.284545950000000000e+08 4.162920914379563442e+01 1.064560742465736531e+01
2.285289610000000000e+08 4.162326289538337676e+01 1.064589787453294889e+01
2.286053570000000000e+08 4.164047819273979201e+01 1.064259424129076059e+01
2.286767590000000000e+08 4.166825291585646340e+01 1.064213775385668370e+01
2.287468440000000000e+08 4.166928392730704189e+01 1.063921600047337179e+01
2.288193040000000000e+08 4.166579255994102482e+01 1.063604056117845609e+01
2.288865420000000000e+08 4.166405555946251127e+01 1.063481547147033091e+01
2.289567870000000000e+08 4.165750660277373640e+01 1.063495991612176717e+01
2.290270760000000000e+08 4.166338824727731094e+01 1.063550671786659940e+01
2.291007200000000000e+08 4.166273787725751276e+01 1.063430699590403528e+01
2.291742510000000000e+08 4.165058002627310429e+01 1.063131230416468043e+01
2.292478160000000000e+08 4.168677981706331082e+01 1.062759425527817214e+01
2.293194250000000000e+08 4.167547550315837412e+01 1.062847037612174539e+01
2.293929270000000000e+08 4.168666541132189707e+01 1.062766027817075454e+01
2.294669310000000000e+08 4.169808585749336771e+01 1.062466494659136274e+01
2.295415020000000000e+08 4.171143424071138384e+01 1.062293180108724755e+01
2.296137530000000000e+08 4.171435450301836312e+01 1.061956710464372833e+01
2.296863970000000000e+08 4.171892981455420113e+01 1.061877778282906704e+01
2.297583850000000000e+08 4.174146752760279355e+01 1.061721182007200781e+01
2.298303250000000000e+08 4.173040923926913592e+01 1.061245367446384869e+01
2.299019660000000000e+08 4.174864408816951311e+01 1.061009638282732048e+01
2.299714970000000000e+08 4.172788233967332872e+01 1.060973428387743134e+01
2.300423010000000000e+08 4.171592886535542277e+01 1.060909717304957134e+01
2.301124660000000000e+08 4.169452228338530375e+01 1.060872854943396959e+01
2.301834260000000000e+08 4.171222719316381244e+01 1.060884004039970741e+01
2.302510980000000000e+08 4.170128364553244893e+01 1.060863054389846383e+01
2.303209450000000000e+08 4.170284076819755370e+01 1.060875404213508588e+01
2.303894660000000000e+08 4.168174091125727188e+01 1.060658798211377807e+01
2.304606950000000000e+08 4.166468400230857583e+01 1.060759807096459184e+01
2.305286940000000000e+08 4.165257031608673799e+01 1.060454701310249526e+01
2.306010980000000000e+08 4.163720249976970678e+01 1.060769324523738000e+01
2.306714360000000000e+08 4.164189706971814786e+01 1.060769136185393435e+01
2.307397950000000000e+08 4.163645189802301161e+01 1.060587655652524397e+01
2.308071170000000000e+08 4.164677882986248392e+01 1.060368353681273312e+01
2.308768820000000000e+08 4.163698396447976080e+01 1.060163450219487835e+01
2.309507290000000000e+08 4.162036222863513046e+01 1.060176583692252983e+01
2.310248150000000000e+08 4.165010886935166212e+01 1.059805861164545604e+01
2.310986730000000000e+08 4.165702073708180819e+01 1.059832149098052589e+01
2.311705800000000000e+08 4.166212995304469757e+01 1.059842191997486971e+01
2.312386620000000000e+08 4.167486779852701773e+01 1.059348662841599875e+01
2.313094420000000000e+08 4.167445598177955901e+01 1.059188328394750300e+01
2.313821300000000000e+08 4.169052587027975676e+01 1.059063701918050882e+01
2.314547940000000000e+08 4.169645506835713888e+01 1.059312006758376334e+01
2.315226020000000000e+08 4.168954575737740953e+01 1.059252841853286853e+01
2.315941000000000000e+08 4.168309468211428737e+01 1.059292087773444635e+01
2.316671660000000000e+08 4.167569742921853759e+01 1.059008852935068568e+01
2.317419710000000000e+08 4.167245143594576007e+01 1.059251388759145129e+01
2.318129580000000000e+08 4.169337516988898784e+01 1.059279738223458622e+01
2.318870560000000000e+08 4.169153335147780837e+01 1.059080048161216858e+01
2.319583050000000000e+08 4.170634713728045284e+01 1.058844055684108199e+01
2.320292480000000000e+08 4.170845067349799251e+01 1.058664960706595615e+01
2.321046590000000000e+08 4.171284396349294354e+01 1.058607492921295368e+01
2.321748590000000000e+08 4.173090863741288103e+01 1.058547158157306001e+01
2.322447260000000000e+08 4.174571668445586425e+01 1.058395810055843889e+01
2.323119050000000000e+08 4.172169202493859075e+01 1.058891627656473133e+01
2.323869310000000000e+08 4.174083119251239538e+01 1.059045435133247892e+01
2.324545190000000000e+08 4.174208142358138929e+01 1.059218648502655924e+01
2.325256850000000000e+08 4.174630195374537323e+01 1.059125171849465730e+01
2.325981660000000000e+08 4.175587912520044398e+01 1.058945925164271529e+01
2.326722200000000000e+08 4.173917153732323726e+01 1.058879620746199457e+01
2.327466060000000000e+08 4.173677321944471430e+01 1.058818443398579845e+01
2.328199260000000000e+08 4.173657765908488670e+01 1.059032810384847778e+01
2.328890920000000000e+08 4.174211858599542069e+01 1.058925039703999360e+01
2.329616910000000000e+08 4.174689247539784276e+01 1.059156382187470768e+01
2.330333540000000000e+08 4.174845498570707036e+01 1.059455364627425311e+01
2.331038360000000000e+08 4.174251538784835702e+01 1.059527248470228677e+01
2.331768400000000000e+08 4.175796558345090403e+01 1.059593065942234880e+01
2.332504000000000000e+08 4.175646233869188251e+01 1.059468421090682533e+01
2.333197990000000000e+08 4.174601819837720740e+01 1.059390824565739386e+01
2.333895750000000000e+08 4.173382655278477671e+01 1.059376862984467493e+01
2.334614780000000000e+08 4.172445229314133996e+01 1.059142902814803300e+01
2.335316500000000000e+08 4.170267964411460326e+01 1.059052000686614825e+01
2.336004750000000000e+08 4.169485276744264013e+01 1.059302533905801447e+01
2.336737380000000000e+08 4.167653492736182130e+01 1.059246507060660392e+01
2.337465340000000000e+08 4.166627603460430151e+01 1.059142406666886949e+01
2.338186800000000000e+08 4.165882860419237232e+01 1.058800926621783667e+01
2.338927590000000000e+08 4.163485139011423541e+01 1.058833140578235898e+01
2.339605180000000000e+08 4.163374891263794808e+01 1.058566353818002170e+01
2.340363930000000000e+08 4.162323329803794536e+01 1.058240888914052746e+01
2.341099930000000000e+08 4.162290875629890508e+01 1.057648055360300887e+01
2.341794010000000000e+08 4.160961013571053257e+01 1.057362554277306188e+01
2.342548810000000000e+08 4.158563807969010639e+01 1.057083843358445741e+01
2.343299810000000000e+08 4.160094413063865915e+01 1.056805514707278704e+01
2.344018830000000000e+08 4.159555489973573827e+01 1.056543576438295773e+01
2.344745760000000000e+08 4.162119202634013959e+01 1.056284943916069352e+01
2.345455270000000000e+08 4.162038815264187974e+01 1.055691624344041557e+01
2.346168060000000000e+08 4.159217108388057227e+01 1.055592597617630979e+01
2.346867380000000000e+08 4.157963793068906710e+01 1.055331019932595282e+01
2.347574980000000000e+08 4.159519359655896409e+01 1.055036079432945684e+01
2.348258420000000000e+08 4.159916045449586619e+01 1.054801373933724307e+01
2.348990850000000000e+08 4.160655709612931474e+01 1.054477835384413886e+01
2.349667890000000000e+08 4.162889386515644929e+01 1.054405549398700437e+01
2.350376120000000000e+08 4.162665377920371412e+01 1.054472620250430559e+01
2.351064340000000000e+08 4.164641133738808065e+01 1.054427009859997000e+01
2.351776430000000000e+08 4.164674113451026471e+01 1.054390465196291693e+01
2.352498530000000000e+08 4.162883182740884536e+01 1.054317187592734228e+01
2.353221380000000000e+08 4.163280389004178517e+01 1.053814516594360207e+01
2.353924460000000000e+08 4.162842923656406668e+01 1.053568388075967377e+01
2.354666440000000000e+08 4.163165709906839140e+01 1.053319026942264180e+01
2.355318480000000000e+08 4.162592898562336785e+01 1.052989231508103529e+01
2.356019110000000000e+08 4.160224568407716106e+01 1.052523205713986520e+01
2.356754200000000000e+08 4.159804292552544780e+01 1.052565660877042575e+01
2.357466990000000000e+08 4.159889083713859748e+01 1.052380504006950801e+01
2.358174950000000000e+08 4.161117374562429205e+01 1.052237938139444928e+01
2.358890280000000000e+08 4.162933916915935129e+01 1.051871980078737678e+01
2.359593740000000000e+08 4.163304501830602078e+01 1.051328679771635066e+01
2.360286080000000000e+08 4.163983109330450105e+01 1.051092795678769498e+01
2.361024410000000000e+08 4.164090693241930552e+01 1.050894106023890195e+01
2.361781610000000000e+08 4.164214389115987558e+01 1.050639399236150950e+01
2.362483180000000000e+08 4.162228193720896030e+01 1.050082992864135534e+01
2.363220370000000000e+08 4.162161258729120306e+01 1.050125110124025518e+01
2.363949340000000000e+08 4.163700323330751019e+01 1.049850249126321167e+01
2.364686990000000000e+08 4.165455922518914633e+01 1.049573756321390228e+01
2.365417270000000000e+08 4.165105638408902422e+01 1.049374732877159921e+01
2.366144590000000000e+08 4.165891516439822340e+01 1.049081107825831616e+01
2.366858990000000000e+08 4.166229244791939124e+01 1.048534657571553019e+01
2.367581580000000000e+08 4.166177084705692835e+01 1.048122359688229110e+01
2.368273650000000000e+08 4.168210285281094940e+01 1.048151006987174938e+01
2.368979940000000000e+08 4.166344505815089860e+01 1.047896925732474394e+01
2.369689350000000000e+08 4.167261240667445321e+01 1.047591698716042785e+01
2.370378060000000000e+08 4.167794299284931725e+01 1.047702455924392417e+01
2.371082630000000000e+08 4.164501428817511197e+01 1.047213637227991079e+01
2.371790710000000000e+08 4.167626903014826212e+01 1.046817024433102183e+01
2.372467060000000000e+08 4.168151093685516173e+01 1.046577298438694115e+01
2.373168230000000000e+08 4.167379333720532486e+01 1.046551159414313048e+01
2.373872750000000000e+08 4.168664241341333820e+01 1.046196807626420089e+01
2.374634660000000000e+08 4.168436277314359018e+01 1.046200401511165801e+01
2.375339740000000000e+08 4.167441372318653237e+01 1.046151510776342697e+01
2.376049450000000000e+08 4.169135717314545531e+01 1.046246191585057872e+01
2.376780250000000000e+08 4.168792984900751009e+01 1.046378686012392656e+01
2.377498780000000000e+08 4.170824607991180955e+01 1.046171898126210209e+01
2.378196040000000000e+08 4.171067051711087004e+01 1.045715191833198432e+01
2.378907680000000000e+08 4.172288761834457205e+01 1.045611243248543332e+01
2.379595360000000000e+08 4.169730455037662864e+01 1.045341590592025760e+01
2.380261770000000000e+08 4.167281843490642501e+01 1.045404758960657077e+01
2.381046480000000000e+08 4.167561453608588096e+01 1.044898513156991449e+01
2.381751070000000000e+08 4.168438837128207552e+01 1.044541953750606389e+01
2.382458640000000000e+08 4.169980473344020311e+01 1.044529245140197382e+01
2.383188430000000000e+08 4.169605881509183121e+01 1.044501681360315004e+01
2.383905870000000000e+08 4.169349550801278070e+01 1.044321124632301512e+01
2.384619280000000000e+08 4.170410380363402680e+01 1.044299510500857231e+01
2.385338370000000000e+08 4.170391712900733694e+01 1.044386014465355750e+01
2.386035600000000000e+08 4.171057252229560675e+01 1.044049804671296577e+01
2.386753560000000000e+08 4.171194234803525802e+01 1.044160285918444053e+01
2.387484230000000000e+08 4.169273676793990546e+01 1.044460128664958454e+01
2.388185080000000000e+08 4.172974748317821536e+01 1.044509293385669579e+01
2.388920340000000000e+08 4.173650569565776181e+01 1.044288043630436391e+01
2.389592170000000000e+08 4.173056659123602685e+01 1.044185255387431610e+01
2.390300550000000000e+08 4.171033159613593710e+01 1.044197000791328556e+01
2.390985770000000000e+08 4.171966924132773613e+01 1.044294821069740742e+01
2.391712130000000000e+08 4.172629058855815742e+01 1.044387277953417836e+01
2.392397960000000000e+08 4.172859907289192449e+01 1.044757935290079232e+01
2.393093880000000000e+08 4.173201134313632821e+01 1.045131545308780474e+01
2.393815240000000000e+08 4.172850872795451949e+01 1.044961431917021955e+01
2.394534130000000000e+08 4.172813013262104676e+01 1.045139557041590983e+01
2.395241650000000000e+08 4.170729679128027101e+01 1.045187413252565278e+01
2.395980590000000000e+08 4.171959547053549500e+01 1.044984770070261071e+01
2.396647500000000000e+08 4.172518740971238316e+01 1.044836706379557612e+01
2.397351980000000000e+08 4.172407149933596315e+01 1.044864731365055377e+01
2.398057190000000000e+08 4.171811005763890989e+01 1.044656874981024863e+01
2.398761190000000000e+08 4.173976787319931958e+01 1.044622912736234710e+01
2.399493520000000000e+08 4.172704127602513324e+01 1.044703424769514299e+01
2.400202270000000000e+08 4.172611063567904921e+01 1.044552335802532994e+01
2.400942520000000000e+08 4.172643077186489791e+01 1.044600887988305615e+01
2.401624850000000000e+08 4.174813285198953849e+01 1.044299082794681688e+01
2.402339270000000000e+08 4.173410892164181263e+01 1.043909554768967141e+01
2.403077000000000000e+08 4.172775446001103461e+01 1.043596585044855729e+01
2.403762200000000000e+08 4.171132155822049015e+01 1.043693515423002083e+01
2.404496490000000000e+08 4.171021190061393469e+01 1.044067544704646266e+01
2.405248810000000000e+08 4.170092907846686359e+01 1.043583188853290089e+01
2.405961840000000000e+08 4.167560235560772242e+01 1.043531700506378712e+01
2.406677720000000000e+08 4.166950801066619192e+01 1.043302140618052576e+01
2.407425540000000000e+08 4.166993901816392309e+01 1.043154103110790309e+01
2.408149640000000000e+08 4.167714421145713999e+01 1.043026119585740474e+01
2.408846810000000000e+08 4.167052246324141151e+01 1.042833490409067210e+01
2.409584780000000000e+08 4.166230934845596323e+01 1.042348125928481117e+01
2.410297060000000000e+08 4.167014861120583902e+01 1.042248902721988735e+01
2.411019980000000000e+08 4.168278903881054731e+01 1.041842486224131648e+01
2.411735930000000000e+08 4.169360318274093657e+01 1.041704653679849635e+01
2.412465340000000000e+08 4.169245286261096339e+01 1.041661561417100934e+01
2.413162800000000000e+08 4.169481265940040515e+01 1.041344038961310581e+01
2.413880140000000000e+08 4.170665965764685268e+01 1.040991456568005624e+01
2.414587140000000000e+08 4.169657403061263068e+01 1.040711041269636894e+01
2.415322870000000000e+08 4.169482816184388696e+01 1.040814509769165497e+01
2.416051020000000000e+08 4.170531156809045825e+01 1.040767039432634711e+01
2.416809020000000000e+08 4.169434193056979154e+01 1.040543669574552510e+01
2.417519440000000000e+08 4.168323715049212552e+01 1.040534732183029298e+01
2.418240720000000000e+08 4.166694184152515135e+01 1.040582032378888933e+01
2.418952450000000000e+08 4.165655684681629367e+01 1.039930423047635344e+01
2.419650730000000000e+08 4.166317771017930482e+01 1.039683337944426711e+01
2.420383110000000000e+08 4.165097217515649675e+01 1.039705940966298670e+01
2.421135520000000000e+08 4.165414577151246789e+01 1.039529729393607838e+01
2.421850280000000000e+08 4.164948287972011087e+01 1.038941943658312184e+01
2.422555330000000000e+08 4.164522615412757744e+01 1.038691117569371514e+01
2.423266480000000000e+08 4.162720680471036161e+01 1.038540149736240714e+01
2.423936440000000000e+08 4.163591719409377134e+01 1.038671504690077185e+01
2.424669310000000000e+08 4.162097014282080210e+01 1.038749232189090677e+01
2.425385400000000000e+08 4.160434896285833872e+01 1.038815746417690811e+01
2.426101820000000000e+08 4.161019963523459353e+01 1.038549115263617040e+01
2.426771790000000000e+08 4.160182326341227821e+01 1.038299717348944462e+01
2.427457850000000000e+08 4.158844082056820923e+01 1.038360742597183339e+01
2.428212060000000000e+08 4.158870706012974949e+01 1.038281726801011828e+01
2.428929220000000000e+08 4.159145607296211011e+01 1.038063666797234852e+01
2.429643190000000000e+08 4.159798122691613287e+01 1.037893984839827510e+01
2.430317370000000000e+08 4.159605231832412642e+01 1.037781284175525265e+01
2.431043550000000000e+08 4.159097318383877706e+01 1.037880524354837775e+01
2.431750310000000000e+08 4.158804722783884245e+01 1.037561601085335639e+01
2.432463080000000000e+08 4.157249416317746693e+01 1.037527941983963231e+01
2.433146730000000000e+08 4.158055922566022389e+01 1.037179997700672196e+01
2.433875120000000000e+08 4.156529324322386998e+01 1.037038534775662413e+01
2.434572960000000000e+08 4.157131682961468044e+01 1.036796003142057643e+01
2.435283370000000000e+08 4.155572061814233820e+01 1.036783062930265231e+01
2.436001420000000000e+08 4.156887012279969440e+01 1.036586213141657531e+01
2.436755220000000000e+08 4.158911414505117676e+01 1.036584816256200092e+01
2.437499470000000000e+08 4.159843860512809499e+01 1.036544346112814807e+01
2.438198390000000000e+08 4.160444771256626240e+01 1.036293433128020425e+01
2.438935740000000000e+08 4.161200910828541311e+01 1.036062572287271522e+01
2.439619140000000000e+08 4.162982962709401136e+01 1.036072534203835538e+01
2.440319020000000000e+08 4.163573114620249527e+01 1.035858939175079385e+01
2.441048430000000000e+08 4.162503409312584068e+01 1.035462466166377560e+01
2.441797450000000000e+08 4.164831413646641778e+01 1.035365553369701885e+01
2.442499820000000000e+08 4.164237415090096306e+01 1.034938537947156689e+01
2.443236760000000000e+08 4.165164536484922309e+01 1.035197787849800122e+01
2.443943330000000000e+08 4.165013965142507857e+01 1.034838105982569267e+01
2.444632930000000000e+08 4.164971403248725323e+01 1.034643330181566512e+01
2.445409660000000000e+08 4.164257663439946811e+01 1.034544688728970918e+01
2.446120400000000000e+08 4.166796126610424267e+01 1.034318147644856190e+01
2.446851310000000000e+08 4.167470834652098688e+01 1.034164640771621002e+01
2.447544260000000000e+08 4.168923470148812527e+01 1.033798961076904632e+01
2.448267920000000000e+08 4.166844201420894223e+01 1.033757589473308514e+01
2.448982660000000000e+08 4.165425489846133900e+01 1.033767130782942090e+01
2.449716570000000000e+08 4.164879209191784781e+01 1.033740084873038967e+01
2.450471860000000000e+08 4.164067615068918826e+01 1.033805693417240334e+01
2.451157880000000000e+08 4.166010104933278058e+01 1.033608654359834489e+01
2.451860000000000000e+08 4.165069457436520395e+01 1.033829431247645125e+01
2.452539490000000000e+08 4.164638365497136618e+01 1.033782103261986940e+01
2.453249950000000000e+08 4.162508432413436310e+01 1.033751630018428358e+01
2.453932580000000000e+08 4.162835041409962855e+01 1.033547815049112728e+01
2.454645700000000000e+08 4.164050674604471425e+01 1.033261573761280872e+01
2.455361670000000000e+08 4.163025695598834375e+01 1.033290904213666650e+01
2.456074070000000000e+08 4.160642966372354579e+01 1.033441385585380345e+01
2.456774930000000000e+08 4.161450656038977058e+01 1.033138795684208233e+01
2.457494530000000000e+08 4.161611155745406165e+01 1.033252028732573180e+01
2.458196810000000000e+08 4.158922284113990031e+01 1.033268684282543326e+01
2.458932090000000000e+08 4.157679723612175593e+01 1.033329931213450514e+01
2.459679640000000000e+08 4.158491740679813375e+01 1.033195047418949031e+01
2.460403520000000000e+08 4.157282698786401198e+01 1.033071203418552386e+01
2.461123950000000000e+08 4.156580511053416416e+01 1.032754839428753968e+01
2.461810760000000000e+08 4.155135540629759561e+01 1.032846905105179403e+01
2.462550450000000000e+08 4.154548321605425798e+01 1.032731876951181427e+01
2.463255660000000000e+08 4.154434558705653302e+01 1.032776133622216541e+01
2.463951460000000000e+08 4.152838684053272544e+01 1.032704488421853206e+01
2.464659370000000000e+08 4.152696725410451961e+01 1.032730753601321538e+01
2.465397100000000000e+08 4.151675968445119480e+01 1.032402359924121349e+01
2.466114620000000000e+08 4.151939838226888924e+01 1.032201516811131725e+01
2.466870020000000000e+08 4.151543711017503568e+01 1.032202023897082910e+01
2.467609490000000000e+08 4.150738935342916847e+01 1.032051149178662008e+01
2.468335820000000000e+08 4.153394446947594787e+01 1.031799637274323267e+01
2.469018130000000000e+08 4.151954351140469157e+01 1.031671742399058367e+01
2.469726300000000000e+08 4.153291434581086605e+01 1.031804148834582158e+01
2.470417470000000000e+08 4.156090550357176028e+01 1.031601667440499703e+01
2.471144380000000000e+08 4.156627742897739353e+01 1.031468222216102149e+01
2.471838170000000000e+08 4.155431719204182883e+01 1.031526674741367167e+01
2.472536680000000000e+08 4.152892091687009213e+01 1.031600157609277169e+01
2.473236540000000000e+08 4.153684246862364660e+01 1.031369445185336176e+01
2.473993420000000000e+08 4.152308709512795559e+01 1.031562773146058376e+01
2.474707990000000000e+08 4.153911299246404099e+01 1.031564197239079661e+01
2.475415090000000000e+08 4.155411566249309629e+01 1.031135441822036469e+01
2.476098890000000000e+08 4.153606461988898957e+01 1.030908062431265293e+01
2.476817060000000000e+08 4.154907304417635316e+01 1.030923774499678025e+01
2.477502800000000000e+08 4.154160892480126677e+01 1.030705530045636564e+01
2.478202340000000000e+08 4.152600274770030353e+01 1.030316775545264818e+01
2.478945020000000000e+08 4.152774065447133012e+01 1.030042017032803159e+01
2.479658370000000000e+08 4.154095669644576816e+01 1.029749876860631908e+01
2.480375140000000000e+08 4.151123130205298395e+01 1.029447882692890204e+01
2.481050750000000000e+08 4.150407081726092429e+01 1.029403370988765687e+01
2.481769240000000000e+08 4.150815000875205385e+01 1.029199916467168663e+01
2.482514790000000000e+08 4.150424569427240584e+01 1.028981865009659913e+01
2.483234680000000000e+08 4.153233266449474570e+01 1.028993394241054737e+01
2.483950240000000000e+08 4.153280703560919562e+01 1.028906864117385034e+01
2.484650050000000000e+08 4.153235955813935476e+01 1.028720622346824953e+01
2.485333240000000000e+08 4.153263918250824815e+01 1.028689584293467973e+01
2.486064870000000000e+08 4.151846022356932053e+01 1.028605731677347279e+01
2.486811950000000000e+08 4.152985336509719616e+01 1.028660805861252037e+01
2.487536660000000000e+08 4.154711091510147725e+01 1.028598144944661463e+01
2.488241260000000000e+08 4.152843554175261431e+01 1.028491584699846406e+01
2.488968950000000000e+08 4.153267669817115859e+01 1.028378228358148228e+01
2.489689090000000000e+08 4.152917657259443729e+01 1.028436048977804695e+01
2.490382660000000000e+08 4.152577858667500976e+01 1.028326696345364333e+01
2.491055250000000000e+08 4.152374484146422162e+01 1.028350905807996796e+01
2.491800460000000000e+08 4.151548362156000849e+01 1.028219776298355725e+01
2.492515030000000000e+08 4.151929835998805629e+01 1.027702235649779539e+01
2.493236370000000000e+08 4.151486143515766969e+01 1.027775899960758643e+01
2.493969150000000000e+08 4.151437692932752554e+01 1.027872162549312129e+01
2.494656140000000000e+08 4.152541384015950143e+01 1.027695829098209401e+01
2.495356430000000000e+08 4.153855335689473804e+01 1.027528245495749637e+01
2.496089710000000000e+08 4.154074290548372517e+01 1.027439515873944487e+01
2.496796010000000000e+08 4.154442058461207665e+01 1.027601273699524675e+01
2.497533150000000000e+08 4.152627450721043800e+01 1.027474294760936324e+01
2.498256880000000000e+08 4.151314226286790188e+01 1.027483578330559943e+01
2.498899930000000000e+08 4.149854344419143359e+01 1.027302468081335540e+01
2.499649970000000000e+08 4.146092481499502469e+01 1.027340760425233945e+01
2.500411870000000000e+08 4.146966612564973076e+01 1.027220508785102027e+01
2.501093300000000000e+08 4.147737191140969060e+01 1.027100078318128773e+01
2.501780970000000000e+08 4.149056887944556138e+01 1.027084133127122101e+01
2.502501700000000000e+08 4.149044967560640629e+01 1.027125298558100752e+01
2.503219240000000000e+08 4.148340363159218214e+01 1.026758031294696849e+01
2.503939910000000000e+08 4.146494988845156371e+01 1.026708220001062344e+01
2.504683350000000000e+08 4.146162863051366543e+01 1.026467250988980062e+01
2.505414530000000000e+08 4.146023426367586495e+01 1.026395507330887114e+01
2.506154370000000000e+08 4.144627282150742076e+01 1.026219237637512549e+01
2.506883550000000000e+08 4.147712388385260596e+01 1.026146369371539357e+01
2.507589030000000000e+08 4.147615780882325254e+01 1.026129575663447469e+01
2.508367190000000000e+08 4.146165537839548421e+01 1.026023626072615080e+01
2.509081950000000000e+08 4.145830347432695362e+01 1.025922015825685563e+01
2.509796400000000000e+08 4.146587249277581577e+01 1.025457946620438321e+01
2.510480320000000000e+08 4.146530332737453506e+01 1.025433023195626880e+01
2.511183560000000000e+08 4.146733319832084419e+01 1.025024278619819995e+01
2.511951300000000000e+08 4.144008369692578952e+01 1.025147866595245283e+01
2.512645690000000000e+08 4.143355272779469090e+01 1.025183893122685319e+01
2.513333550000000000e+08 4.145176973855612346e+01 1.025095609159547294e+01
2.514026450000000000e+08 4.145704056382487579e+01 1.024985749430058490e+01
2.514747160000000000e+08 4.142750438840382543e+01 1.024761495546954215e+01
2.515450440000000000e+08 4.144192604331408347e+01 1.024987286620618399e+01
2.516182510000000000e+08 4.143051230002020446e+01 1.024873190144326607e+01
2.516876870000000000e+08 4.142429590123899175e+01 1.024631914446561787e+01
2.517587400000000000e+08 4.141194972962316712e+01 1.024902031309185269e+01
2.518330170000000000e+08 4.141761880702154031e+01 1.024658931170771758e+01
2.519060970000000000e+08 4.142591488236565311e+01 1.024584886721080146e+01
2.519773460000000000e+08 4.145034380389808604e+01 1.024799758370596869e+01
2.520451300000000000e+08 4.145806762059302741e+01 1.024727343251283251e+01
2.521176540000000000e+08 4.144111107298265750e+01 1.024345991713977533e+01
2.521875740000000000e+08 4.142767280794448936e+01 1.024486575017761680e+01
2.522614140000000000e+08 4.142392912896745827e+01 1.024274262031491389e+01
2.523320690000000000e+08 4.142894051004763156e+01 1.024378526466592376e+01
2.524029980000000000e+08 4.143261507543904543e+01 1.024500651715538879e+01
2.524694400000000000e+08 4.140930041732278966e+01 1.024504173962573006e+01
2.525396010000000000e+08 4.139957064128856246e+01 1.024003019522357327e+01
2.526090780000000000e+08 4.140344937944333026e+01 1.023885606588890518e+01
2.526762770000000000e+08 4.140564623693165203e+01 1.023921161430750004e+01
2.527456030000000000e+08 4.139354749266032485e+01 1.023607791506325526e+01
2.528142650000000000e+08 4.139057633163391614e+01 1.023504830601019933e+01
2.528849540000000000e+08 4.141769335667222407e+01 1.023485561367015961e+01
2.529556790000000000e+08 4.139856188288662509e+01 1.023574633988587834e+01
2.530263030000000000e+08 4.140359460622786969e+01 1.023521114906187357e+01
2.530945330000000000e+08 4.139840882622245744e+01 1.023571803094072408e+01
2.531651910000000000e+08 4.140023490111155979e+01 1.023522147916483327e+01
2.532361710000000000e+08 4.137522305744735007e+01 1.023875706600908941e+01
2.533079310000000000e+08 4.136016184851314392e+01 1.023637712972409908e+01
2.533819010000000000e+08 4.135888828680941742e+01 1.023306561868327336e+01
2.534537490000000000e+08 4.137950622567997527e+01 1.023403691253693104e+01
2.535221280000000000e+08 4.135060037621768458e+01 1.023224243141616796e+01
2.535969430000000000e+08 4.134189010775005357e+01 1.023182704272449506e+01
2.536698830000000000e+08 4.131879992546299718e+01 1.022758579033241766e+01
2.537430750000000000e+08 4.133243330386854097e+01 1.022731644942864015e+01
2.538112960000000000e+08 4.133459472996858608e+01 1.022616958713180324e+01
2.538854190000000000e+08 4.132119277062813012e+01 1.022461117838829558e+01
2.539592640000000000e+08 4.131342777190454285e+01 1.022280417814217657e+01
2.540321820000000000e+08 4.132323575021187878e+01 1.022229641228561015e+01
2.541059910000000000e+08 4.131416293940559115e+01 1.021930476264259369e+01
2.541790520000000000e+08 4.131251851388055485e+01 1.021995424900851646e+01
2.542542540000000000e+08 4.131094281985964756e+01 1.022023161368866262e+01
2.543269020000000000e+08 4.129252351481942185e+01 1.021820394469693483e+01
2.544015630000000000e+08 4.131637827192393786e+01 1.021722841815668481e+01
2.544707460000000000e+08 4.130715130806582636e+01 1.021534925291786422e+01
2.545441800000000000e+08 4.130595704057451911e+01 1.021490802868830627e+01
2.546160600000000000e+08 4.131741687027530219e+01 1.020939587532208392e+01
2.546857100000000000e+08 4.130860426399072338e+01 1.020996179620118482e+01
2.547593970000000000e+08 4.132445008955104981e+01 1.020922276667891282e+01
2.548307450000000000e+08 4.131010844863916986e+01 1.020868372791918155e+01
2.548982960000000000e+08 4.130173396752724813e+01 1.020633920018518914e+01
2.549680530000000000e+08 4.128904517243770300e+01 1.020458779272103378e+01
2.550456970000000000e+08 4.128078020008776861e+01 1.020613392039393297e+01
2.551169030000000000e+08 4.127413943925269280e+01 1.020354393662482195e+01
2.551878510000000000e+08 4.127980865033765667e+01 1.020475055455274749e+01
2.552596630000000000e+08 4.127290953502184578e+01 1.020004907117722759e+01
2.553293770000000000e+08 4.127892398616523195e+01 1.019908682015911516e+01
2.554008110000000000e+08 4.127772027912866548e+01 1.019820185530723577e+01
2.554719620000000000e+08 4.128902363244714024e+01 1.019812365690587974e+01
2.555457990000000000e+08 4.128817526610224320e+01 1.019649755962131010e+01
2.556141830000000000e+08 4.128683985015857871e+01 1.019609267103987804e+01
2.556886660000000000e+08 4.129599690719195593e+01 1.019530478239373572e+01
2.557635430000000000e+08 4.128972072391281500e+01 1.019508037392532351e+01
2.558314180000000000e+08 4.127655217396053189e+01 1.019229174251025505e+01
2.559014270000000000e+08 4.125073348003234486e+01 1.019341100139182110e+01
2.559720630000000000e+08 4.124682944430703913e+01 1.019293197868590006e+01
2.560411710000000000e+08 4.123918843202166329e+01 1.018718975315702302e+01
2.561130970000000000e+08 4.125055231470764028e+01 1.018536761237958999e+01
2.561867830000000000e+08 4.125910480882881615e+01 1.018272545034178300e+01
2.562581250000000000e+08 4.127286159734485693e+01 1.018099758037361013e+01
2.563256670000000000e+08 4.126518447263232048e+01 1.017720049416517192e+01
2.564010220000000000e+08 4.124794495189628663e+01 1.017302811191639478e+01
2.564763780000000000e+08 4.125564366723986609e+01 1.017238448219375080e+01
2.565490820000000000e+08 4.123992442791081459e+01 1.016445236458409163e+01
2.566192130000000000e+08 4.122545970486396527e+01 1.016545556515552740e+01
2.566953350000000000e+08 4.121580870308262945e+01 1.016243358776847039e+01
2.567705510000000000e+08 4.120289030065732305e+01 1.016013734323437667e+01
2.568417610000000000e+08 4.120704361385954684e+01 1.015933498653077116e+01
2.569111980000000000e+08 4.120988621519041573e+01 1.015437240763977655e+01
2.569806220000000000e+08 4.121098433128994287e+01 1.015040625936404162e+01
2.570535980000000000e+08 4.119678847954008916e+01 1.014972386403635163e+01
2.571284660000000000e+08 4.121372836040681875e+01 1.014926765937763342e+01
2.572008960000000000e+08 4.123591596909484736e+01 1.014800677923950190e+01
2.572740790000000000e+08 4.123737681823195089e+01 1.014787771412147421e+01
2.573476690000000000e+08 4.124048940732826907e+01 1.014667146315744262e+01
2.574253600000000000e+08 4.125089573316004987e+01 1.014268431331562148e+01
2.574997010000000000e+08 4.127671479230554752e+01 1.014368915995828502e+01
2.575695750000000000e+08 4.130902136379284428e+01 1.014144101072028370e+01
2.576427650000000000e+08 4.133086338469432519e+01 1.014280317698041678e+01
2.577126380000000000e+08 4.136688898090507394e+01 1.014143670685594500e+01
2.577850240000000000e+08 4.135084598659166488e+01 1.014055729082269153e+01
2.578528850000000000e+08 4.134339213989981232e+01 1.014142012294991524e+01
2.579227500000000000e+08 4.133998175212400383e+01 1.014152349177213885e+01
2.579958870000000000e+08 4.131565390371489599e+01 1.014087154384535872e+01
2.580662210000000000e+08 4.132361939973314691e+01 1.013823357775928358e+01
2.581374650000000000e+08 4.131730194441341553e+01 1.013542093808155364e+01
2.582111960000000000e+08 4.133500688215124796e+01 1.013182688943913057e+01
2.582863340000000000e+08 4.135137120072153749e+01 1.012915882959753588e+01
2.583572920000000000e+08 4.136794593159727640e+01 1.012265323956215290e+01
2.584249550000000000e+08 4.138029439528236963e+01 1.011911140864250491e+01
2.584964280000000000e+08 4.137007991522199291e+01 1.011766374112617584e+01
2.585672090000000000e+08 4.135270601306929450e+01 1.011496399867027129e+01
2.586359760000000000e+08 4.135013864125382099e+01 1.011671578951909112e+01
2.587097570000000000e+08 4.134647816251972330e+01 1.011512400306551562e+01
2.587807820000000000e+08 4.136144684615749156e+01 1.011331332944884664e+01
2.588530790000000000e+08 4.137121929426597688e+01 1.011294106728166220e+01
2.589271920000000000e+08 4.136928234523799119e+01 1.011281003024533121e+01
2.589977070000000000e+08 4.136323902994349311e+01 1.011309638943668077e+01
2.590683450000000000e+08 4.136692013791174816e+01 1.011530606830670820e+01
2.591398470000000000e+08 4.137310243306222191e+01 1.011565902721135934e+01
2.592143600000000000e+08 4.137341972242320765e+01 1.011390258356885674e+01
2.592857470000000000e+08 4.138700943792838416e+01 1.011193214323557399e+01
2.593549680000000000e+08 4.137664757273929439e+01 1.010995856990924580e+01
2.594299460000000000e+08 4.137310690695289139e+01 1.010863581249061127e+01
2.594986020000000000e+08 4.136396151593021386e+01 1.010468785479848819e+01
2.595705680000000000e+08 4.137071196918995497e+01 1.010333859105866239e+01
2.596406300000000000e+08 4.136856414490955558e+01 1.010131771155274194e+01
2.597087620000000000e+08 4.135844804996868618e+01 1.009998519675241901e+01
2.597831350000000000e+08 4.134595249512654647e+01 1.009641394816335236e+01
2.598519790000000000e+08 4.135314687004801470e+01 1.009869012465167870e+01
2.599250010000000000e+08 4.133294916599847824e+01 1.009504041976365762e+01
2.599953690000000000e+08 4.135721008700933510e+01 1.009360905524024865e+01
2.600699040000000000e+08 4.135453301774318646e+01 1.009342374011641574e+01
2.601393680000000000e+08 4.136636493316405705e+01 1.009013217907706661e+01
2.602134630000000000e+08 4.135506969518662146e+01 1.008773667375337979e+01
2.602842170000000000e+08 4.135184216616666930e+01 1.008634925737258214e+01
2.603581990000000000e+08 4.134564686790854893e+01 1.008512128871620384e+01
2.604285330000000000e+08 4.133582937264166191e+01 1.008462360688024440e+01
2.605013330000000000e+08 4.133716096368082304e+01 1.008297434977508722e+01
2.605737090000000000e+08 4.132563241089503947e+01 1.008230567831394531e+01
2.606455170000000000e+08 4.133097984867647057e+01 1.008081321267968811e+01
2.607178010000000000e+08 4.134713377349328312e+01 1.008123215136700601e+01
2.607849060000000000e+08 4.133291199016642281e+01 1.008065744716637013e+01
2.608556850000000000e+08 4.130540722819145572e+01 1.008016970168156234e+01
2.609273460000000000e+08 4.127646566853334775e+01 1.007781874533897870e+01
2.609953680000000000e+08 4.125612011193108231e+01 1.007778453805893015e+01
2.610675510000000000e+08 4.125758669613045981e+01 1.007713224386938755e+01
2.611388550000000000e+08 4.124119641540019643e+01 1.007485930532207696e+01
2.612097920000000000e+08 4.124481895137210330e+01 1.007425825534011921e+01
2.612813300000000000e+08 4.123864703244912278e+01 1.007113445054102741e+01
2.613544280000000000e+08 4.122568451637062736e+01 1.007280436919127276e+01
2.614250940000000000e+08 4.123834351525255926e+01 1.007256308709779091e+01
2.614994450000000000e+08 4.122741139965440027e+01 1.007291863884797145e+01
2.615720910000000000e+08 4.121364634949267725e+01 1.007361454135677725e+01
2.616466400000000000e+08 4.120921370206214362e+01 1.007140731787700716e+01
2.617191250000000000e+08 4.121545750347473813e+01 1.007068469267248645e+01
2.617936940000000000e+08 4.122494261806582472e+01 1.006689266182218034e+01
2.618641020000000000e+08 4.123166933239453869e+01 1.006204287211122406e+01
2.619394890000000000e+08 4.124095189227112002e+01 1.005676052979841195e+01
2.620149630000000000e+08 4.124601092131818092e+01 1.005650722518145557e+01
2.620852290000000000e+08 4.126387700733123864e+01 1.005596298439061265e+01
2.621573940000000000e+08 4.126608511655280864e+01 1.005189304794394367e+01
2.622289330000000000e+08 4.129131452856034201e+01 1.005071485262877928e+01
2.623034350000000000e+08 4.128034699790396900e+01 1.004800954477260078e+01
2.623716750000000000e+08 4.128092972696084928e+01 1.004633524778678400e+01
2.624472910000000000e+08 4.130585434804843459e+01 1.004379034466099441e+01
2.625219250000000000e+08 4.129689673994666776e+01 1.004377638973986109e+01
2.625920910000000000e+08 4.129631512506398394e+01 1.004104151707117154e+01
2.626637800000000000e+08 4.131157211519490602e+01 1.003885151709796730e+01
2.627350750000000000e+08 4.132422836034712788e+01 1.003587581905699011e+01
2.628071680000000000e+08 4.130970950825609123e+01 1.003666230476240351e+01
2.628767940000000000e+08 4.131403791689663052e+01 1.003262213482177501e+01
2.629479420000000000e+08 4.131948324048384080e+01 1.002813941778628326e+01
2.630172350000000000e+08 4.132966638859599584e+01 1.002634949444198220e+01
2.630886700000000000e+08 4.132825836607534598e+01 1.002434587131412513e+01
2.631613260000000000e+08 4.134043329662444677e+01 1.002206648499107544e+01
2.632340680000000000e+08 4.134771052250327728e+01 1.001996085559308014e+01
2.633036820000000000e+08 4.134098613592423987e+01 1.001636678674787184e+01
2.633761910000000000e+08 4.132116132107118034e+01 1.001934213989941647e+01
2.634426580000000000e+08 4.131836651727719101e+01 1.001735897767423467e+01
2.635138110000000000e+08 4.131635917042458317e+01 1.001462820981361723e+01
2.635802120000000000e+08 4.133652217227448489e+01 1.001538403124634691e+01
2.636530390000000000e+08 4.134463362120231977e+01 1.001256488799240607e+01
2.637292950000000000e+08 4.136189995633350946e+01 1.001270797340034235e+01
2.637998550000000000e+08 4.139254083670305562e+01 1.001064164934046907e+01
2.638725300000000000e+08 4.137269017800694115e+01 1.001109801339991279e+01
2.639441950000000000e+08 4.135679079605808539e+01 1.000999892598915153e+01
2.640164610000000000e+08 4.133862063106327867e+01 1.000703310969354654e+01
2.640878190000000000e+08 4.135639257807879687e+01 1.000104560001659593e+01
2.641560930000000000e+08 4.135161912846462684e+01 9.998395227606140523e+00
2.642290060000000000e+08 4.132377220970292342e+01 9.999441424929875311e+00
2.643018040000000000e+08 4.130770635624760700e+01 9.999684532860648289e+00
2.643731710000000000e+08 4.132066957646142669e+01 9.998911677571037160e+00
2.644469790000000000e+08 4.131329403612222961e+01 9.998864733170561792e+00
2.645191470000000000e+08 4.129474194292606626e+01 9.997967296407912485e+00
2.645915850000000000e+08 4.131125576966282864e+01 9.996358812228535839e+00
2.646650650000000000e+08 4.132676701309272715e+01 9.995577181230631325e+00
2.647359100000000000e+08 4.132785921785584549e+01 9.994912197232380890e+00
2.648079740000000000e+08 4.133627993598615546e+01 9.990375150314489971e+00
2.648778520000000000e+08 4.133192775733760982e+01 9.987836353329822003e+00
2.649491980000000000e+08 4.133785693057859589e+01 9.984040185492016661e+00
2.650201420000000000e+08 4.135217032521818936e+01 9.981458168499688810e+00
2.650903780000000000e+08 4.134678442014257627e+01 9.980634845068115268e+00
2.651653180000000000e+08 4.133884802576272222e+01 9.982069252798464021e+00
2.652359420000000000e+08 4.135254039547471905e+01 9.980772690208763009e+00
2.653056020000000000e+08 4.134717930775794770e+01 9.979824804505266655e+00
2.653754180000000000e+08 4.134649180890352937e+01 9.978284629688083385e+00
2.654476990000000000e+08 4.134336970344863715e+01 9.976040411957326270e+00
2.655156500000000000e+08 4.135220938600696883e+01 9.973994607278120483e+00
2.655882050000000000e+08 4.135594590510791591e+01 9.976184045048096749e+00
2.656590180000000000e+08 4.137459030497801393e+01 9.976960853737235624e+00
2.657309070000000000e+08 4.135792769165825433e+01 9.976980475884747790e+00
2.658016060000000000e+08 4.135167840062549516e+01 9.974694660701723947e+00
2.658667060000000000e+08 4.135849272214324657e+01 9.974191028426666605e+00
2.659423460000000000e+08 4.136213739652527721e+01 9.976833891434765178e+00
2.660131800000000000e+08 4.138344379771746873e+01 9.973700485467700716e+00
2.660845200000000000e+08 4.139159786105687999e+01 9.972848752214899193e+00
2.661631740000000000e+08 4.139928219755789485e+01 9.973804265461341245e+00
2.662362120000000000e+08 4.142205886494950562e+01 9.972106576686726953e+00
2.663081990000000000e+08 4.142412429278015651e+01 9.972974077391832282e+00
2.663800370000000000e+08 4.142896104476507446e+01 9.972916310034150911e+00
2.664510980000000000e+08 4.142213127074656143e+01 9.971279648143227092e+00
2.665231510000000000e+08 4.144330331966511238e+01 9.970511784573897529e+00
2.665943110000000000e+08 4.143952520123164618e+01 9.970591233943672194e+00
2.666660110000000000e+08 4.144879299537438300e+01 9.972213731371130763e+00
2.667393770000000000e+08 4.145046667322469602e+01 9.968632024113809109e+00
2.668089260000000000e+08 4.145560515597546924e+01 9.970259435964003103e+00
2.668826050000000000e+08 4.145126640287423214e+01 9.969202515098441353e+00
2.669532960000000000e+08 4.145398912085363463e+01 9.969485903710705088e+00
2.670236220000000000e+08 4.143581725860452991e+01 9.965029100022610109e+00
2.670968680000000000e+08 4.145333536005242081e+01 9.964663257513109329e+00
2.671673710000000000e+08 4.145242603258309089e+01 9.963553865713858926e+00
2.672362420000000000e+08 4.143388708818513066e+01 9.965163690951504449e+00
2.673104030000000000e+08 4.141725130948609745e+01 9.966351378692801077e+00
2.673842050000000000e+08 4.142540933228747235e+01 9.968678227861161645e+00
2.674554960000000000e+08 4.142965123127896732e+01 9.965617563812044111e+00
2.675269250000000000e+08 4.142753838867062655e+01 9.968952066164270320e+00
2.676022680000000000e+08 4.145114236195200164e+01 9.968358481256872849e+00
2.676753590000000000e+08 4.144963929159970206e+01 9.964633344826427930e+00
2.677421320000000000e+08 4.147726377010301491e+01 9.963804878226969919e+00
2.678124440000000000e+08 4.146241376857904726e+01 9.961791558044971850e+00
2.678821240000000000e+08 4.145844253548088432e+01 9.961746659581102392e+00
2.679525240000000000e+08 4.144485123536526316e+01 9.963368377675109855e+00
2.680237540000000000e+08 4.144645801576880473e+01 9.963526621623643109e+00
2.680951410000000000e+08 4.143103425103225135e+01 9.964221013063738752e+00
2.681660430000000000e+08 4.141637971702139254e+01 9.961699359742461013e+00
2.682397010000000000e+08 4.139789075003729124e+01 9.961742111836011659e+00
2.683106670000000000e+08 4.140697763665838238e+01 9.960493448398750616e+00
2.683804870000000000e+08 4.139718318756154503e+01 9.956833452600921675e+00
2.684512260000000000e+08 4.139369632593651005e+01 9.953497651541219682e+00
2.685248780000000000e+08 4.138604555852447220e+01 9.954249977943103289e+00
2.685970190000000000e+08 4.138351593005618412e+01 9.953105684636023298e+00
2.686679970000000000e+08 4.139803951175571939e+01 9.954400612286310235e+00
2.687382360000000000e+08 4.140047802057245008e+01 9.952487062587113797e+00
2.688102260000000000e+08 4.140333961457479717e+01 9.953536935407187869e+00
2.688792220000000000e+08 4.140621827836826441e+01 9.954472496789097846e+00
2.689489150000000000e+08 4.140808082838147897e+01 9.954233083610759536e+00
2.690195410000000000e+08 4.141740714681412072e+01 9.954531749572945287e+00
2.690901830000000000e+08 4.142570409930998920e+01 9.954025618169339396e+00
2.691596090000000000e+08 4.141190896052083303e+01 9.950199689772746936e+00
2.692309870000000000e+08 4.140760144003208154e+01 9.949054415989108335e+00
2.693054490000000000e+08 4.142178873486664514e+01 9.944140067719908771e+00
2.693803380000000000e+08 4.143795833138022999e+01 9.937797894086459749e+00
2.694541220000000000e+08 4.144660150507773011e+01 9.934407040681525913e+00
2.695234200000000000e+08 4.144444406032918948e+01 9.929714703590494906e+00
2.695952080000000000e+08 4.146554467956974577e+01 9.928568462428392749e+00
2.696657920000000000e+08 4.148015453509245276e+01 9.927073057494759212e+00
2.697362750000000000e+08 4.147973583807360143e+01 9.925818875578363176e+00
2.698104380000000000e+08 4.148208473249994199e+01 9.927708752799073721e+00
2.698783220000000000e+08 4.149049677960812232e+01 9.923875507266325613e+00
2.699503400000000000e+08 4.147667740230483702e+01 9.922269331409781401e+00
2.700204480000000000e+08 4.148638927515865760e+01 9.920001281051915143e+00
2.700959910000000000e+08 4.148117920755838384e+01 9.919873361403976020e+00
2.701648020000000000e+08 4.149874754960529799e+01 9.914996992308244828e+00
2.702359680000000000e+08 4.149256056481009836e+01 9.911287701858107368e+00
2.703110110000000000e+08 4.149599534677039259e+01 9.907820331163637917e+00
2.703854450000000000e+08 4.151756888193020956e+01 9.904743855812647269e+00
2.704569810000000000e+08 4.151056717235940141e+01 9.902792819602396435e+00
2.705266020000000000e+08 4.149243970525073166e+01 9.901009332212694858e+00
2.705980730000000000e+08 4.150384350246540066e+01 9.899477416156221565e+00
2.706703500000000000e+08 4.150830200805295789e+01 9.896877063923284368e+00
2.707455200000000000e+08 4.152057839706617415e+01 9.895251325435049594e+00
2.708159130000000000e+08 4.153512222836020840e+01 9.893003587193978987e+00
2.708857860000000000e+08 4.152112302779347175e+01 9.892254677600851309e+00
2.709563400000000000e+08 4.150452527340468833e+01 9.890176380357749153e+00
2.710293850000000000e+08 4.149597048748663752e+01 9.885042885786656797e+00
2.711018890000000000e+08 4.148957144439256695e+01 9.879595145379882482e+00
2.711707240000000000e+08 4.150274557719068724e+01 9.874514372678087071e+00
2.712400980000000000e+08 4.149067905774758458e+01 9.872361514300749263e+00
2.713129630000000000e+08 4.149036679404912320e+01 9.866579125576349085e+00
2.713865570000000000e+08 4.148760967946162737e+01 9.864127110016749356e+00
2.714587060000000000e+08 4.148683087203080788e+01 9.863901759297672101e+00
2.715328020000000000e+08 4.147558746702844701e+01 9.861020734170411473e+00
2.716058230000000000e+08 4.145735030482690320e+01 9.859958975967570538e+00
2.716784530000000000e+08 4.145796657748913816e+01 9.857769027573400678e+00
2.717519510000000000e+08 4.146284514083854589e+01 9.854975752047321791e+00
2.718244650000000000e+08 4.148436147343630864e+01 9.853564935990236862e+00
2.719009300000000000e+08 4.150347604158254455e+01 9.852099220149256098e+00
2.719746710000000000e+08 4.152000946737929610e+01 9.849686371350712122e+00
2.720425730000000000e+08 4.152747143657536100e+01 9.849712391425835989e+00
2.721134730000000000e+08 4.151862797929639015e+01 9.848799264633147033e+00
2.721815990000000000e+08 4.152118466789963236e+01 9.846311173134687067e+00
2.722533190000000000e+08 4.149742527718113649e+01 9.842304126573528933e+00
2.723287520000000000e+08 4.148023534728410766e+01 9.837238545372537502e+00
2.724000720000000000e+08 4.149023266484951478e+01 9.836199676314885565e+00
2.724698920000000000e+08 4.149256679662638447e+01 9.835492633664673079e+00
2.725430190000000000e+08 4.150323598619431209e+01 9.832816221813706292e+00
2.726136550000000000e+08 4.150339722202919290e+01 9.830754275435170442e+00
2.726897370000000000e+08 4.151633501309776619e+01 9.829622599333353250e+00
2.727619020000000000e+08 4.154428702731579648e+01 9.828920142403992699e+00
2.728350670000000000e+08 4.155319290246734454e+01 9.824354341177402361e+00
2.729052230000000000e+08 4.156761462692951170e+01 9.821634925073500000e+00
2.729765310000000000e+08 4.158637905508092558e+01 9.818446443412421232e+00
2.730495890000000000e+08 4.160198732698540169e+01 9.815794048608983857e+00
2.731218470000000000e+08 4.159685715962579167e+01 9.814482598222472376e+00
2.731909890000000000e+08 4.158898788520707512e+01 9.811728656643232682e+00
2.732589480000000000e+08 4.157570293071697165e+01 9.809179788294004609e+00
2.733354810000000000e+08 4.158977115306284844e+01 9.807291278891057118e+00
2.734051420000000000e+08 4.162288564320070350e+01 9.808839389714401946e+00
2.734763060000000000e+08 4.160965521713266924e+01 9.804474229517659012e+00
2.735465720000000000e+08 4.161488164398598144e+01 9.804315747827487826e+00
2.736194130000000000e+08 4.162641665820514447e+01 9.801638529310354286e+00
2.736931360000000000e+08 4.162241007648520963e+01 9.800612547736776037e+00
2.737694510000000000e+08 4.164078112060485637e+01 9.801287910835460693e+00
2.738432980000000000e+08 4.163629959367268185e+01 9.799247626142246759e+00
2.739161320000000000e+08 4.163743923565306204e+01 9.800106204145063060e+00
2.739896870000000000e+08 4.161496678902761914e+01 9.795939655401753043e+00
2.740609200000000000e+08 4.160294051435455032e+01 9.794291126592234775e+00
2.741304130000000000e+08 4.161635843022416736e+01 9.793227991393420595e+00
2.742068900000000000e+08 4.160843956811234534e+01 9.791847570415807667e+00
2.742792810000000000e+08 4.163637185241787364e+01 9.792785323386535623e+00
2.743490790000000000e+08 4.164150169341145613e+01 9.789417848519846643e+00
2.744250150000000000e+08 4.162809907219621408e+01 9.787039227113602635e+00
2.744961450000000000e+08 4.164842212191224036e+01 9.784121763935729632e+00
2.745695930000000000e+08 4.166213524502245491e+01 9.784045269409739731e+00
2.746448290000000000e+08 4.167996974620456996e+01 9.778351558524761344e+00
2.747177400000000000e+08 4.168147282248099117e+01 9.775670725163266184e+00
2.747896090000000000e+08 4.166958213804758770e+01 9.770945189227287386e+00
2.748579010000000000e+08 4.168714810562562434e+01 9.768324523348695720e+00
2.749292490000000000e+08 4.166168780320014520e+01 9.767279539040956138e+00
2.750028910000000000e+08 4.165657043345346722e+01 9.762408915402920329e+00
2.750755360000000000e+08 4.166462400047814896e+01 9.761929742822529121e+00
2.751463410000000000e+08 4.166562887238047352e+01 9.759215222761030262e+00
2.752186390000000000e+08 4.166929192098087498e+01 9.756823890477654970e+00
2.752917590000000000e+08 4.167425374278433026e+01 9.754110077235438325e+00
2.753661080000000000e+08 4.171146390513576563e+01 9.756799205711642387e+00
2.754382410000000000e+08 4.170017488763235747e+01 9.754842400302807803e+00
2.755057450000000000e+08 4.170363272971899704e+01 9.752608574802264840e+00
2.755735120000000000e+08 4.168658253593277152e+01 9.748196496193649807e+00
2.756412530000000000e+08 4.167400634018838446e+01 9.747086696430898201e+00
2.757138160000000000e+08 4.166370801318606709e+01 9.746455682085100491e+00
2.757857310000000000e+08 4.167248415810754381e+01 9.743457846976882664e+00
2.758557340000000000e+08 4.166960468278303864e+01 9.741087681713333168e+00
2.759278640000000000e+08 4.165406051963070411e+01 9.737140974007141736e+00
2.759961760000000000e+08 4.164449651460493129e+01 9.738087727799483062e+00
2.760664480000000000e+08 4.163542335453927734e+01 9.737617735223004445e+00
2.761347300000000000e+08 4.162751169501233761e+01 9.737462561191406962e+00
2.762058100000000000e+08 4.160871373657359129e+01 9.735657049347777203e+00
2.762741330000000000e+08 4.160082496299112620e+01 9.731393846663625169e+00
2.763484060000000000e+08 4.161046992563420588e+01 9.731891490967697678e+00
2.764149370000000000e+08 4.160389790633905704e+01 9.729505729386399793e+00
2.764891300000000000e+08 4.160702746519488926e+01 9.728052849831509974e+00
2.765585250000000000e+08 4.162902518177900646e+01 9.724342255338148888e+00
2.766308470000000000e+08 4.160022442846145907e+01 9.720976342107906731e+00
2.767055900000000000e+08 4.158478360890819658e+01 9.718082384472793933e+00
2.767763980000000000e+08 4.158113046261122747e+01 9.716583253240623108e+00
2.768476060000000000e+08 4.158176510379698954e+01 9.715942143042651580e+00
2.769218010000000000e+08 4.156379092374868378e+01 9.713448965496196408e+00
2.769914590000000000e+08 4.156703855769794131e+01 9.712744168789175347e+00
2.770626280000000000e+08 4.155429630218291948e+01 9.708947685795811466e+00
2.771323460000000000e+08 4.155990089334085980e+01 9.708439984987577986e+00
2.772017300000000000e+08 4.156528710109594726e+01 9.708091103791536725e+00
2.772707720000000000e+08 4.156262969159756437e+01 9.705877849053436535e+00
2.773444240000000000e+08 4.155334691968384675e+01 9.704074170393029775e+00
2.774115540000000000e+08 4.156438197151482683e+01 9.701769975256320677e+00
2.774841200000000000e+08 4.154423406863458013e+01 9.701858509197640146e+00
2.775549550000000000e+08 4.154247498442889963e+01 9.701344905563246357e+00
2.776259610000000000e+08 4.154086714580267881e+01 9.700663186731079080e+00
2.776961690000000000e+08 4.153129629707066073e+01 9.699084984700764522e+00
2.777658050000000000e+08 4.154099168474154880e+01 9.693514885629204159e+00
2.778364870000000000e+08 4.156084002478204553e+01 9.690286937756003027e+00
2.779082240000000000e+08 4.156345847791307335e+01 9.688521309856767516e+00
2.779780410000000000e+08 4.155744415682156756e+01 9.690521707937254092e+00
2.780512090000000000e+08 4.153684527362042900e+01 9.689972706475675324e+00
2.781212610000000000e+08 4.155626451812618427e+01 9.689442036042123618e+00
2.781915640000000000e+08 4.153941723903165695e+01 9.686395843204710587e+00
2.782602120000000000e+08 4.153533799274049443e+01 9.683286913492526793e+00
2.783321460000000000e+08 4.153372103812763072e+01 9.682828073676390090e+00
2.784037190000000000e+08 4.153641384288810912e+01 9.682717754378426633e+00
2.784738070000000000e+08 4.152563378627471735e+01 9.683128238412670896e+00
2.785487310000000000e+08 4.151774812404656956e+01 9.681967988578429996e+00
2.786183540000000000e+08 4.154434904891051161e+01 9.679567487408395010e+00
2.786942090000000000e+08 4.155173459452725382e+01 9.675724531529285244e+00
2.787649100000000000e+08 4.156779057526540555e+01 9.673687025678372464e+00
2.788377680000000000e+08 4.156100115148841212e+01 9.671425971805382105e+00
2.789112490000000000e+08 4.154995822205667366e+01 9.669492135951774259e+00
2.789807950000000000e+08 4.155217341638572748e+01 9.668485577076387116e+00
2.790503260000000000e+08 4.155024487339117911e+01 9.666713538776424031e+00
2.791208810000000000e+08 4.153452050311104671e+01 9.663984481450350827e+00
2.791891130000000000e+08 4.151658485622038341e+01 9.663259180532941528e+00
2.792587430000000000e+08 4.151342959399222110e+01 9.665737851930879643e+00
2.793273920000000000e+08 4.151102043335122715e+01 9.664219494195624094e+00
2.794001470000000000e+08 4.152012189211310300e+01 9.662679145549091686e+00
2.794761980000000000e+08 4.150925539530262398e+01 9.660958493791305557e+00
2.795466260000000000e+08 4.152858885181208137e+01 9.658005361936357502e+00
2.796170740000000000e+08 4.151092142951856090e+01 9.660974845628143015e+00
2.796867750000000000e+08 4.149750668718871793e+01 9.659731772695424823e+00
2.797571560000000000e+08 4.148329389203704665e+01 9.656001705038793403e+00
2.798269040000000000e+08 4.146193769180688093e+01 9.655965164625282426e+00
2.798973910000000000e+08 4.145646516374233670e+01 9.653158757910045296e+00
2.799692570000000000e+08 4.146981119842067187e+01 9.651436815720224160e+00
2.800376530000000000e+08 4.147468557681978751e+01 9.650205271635927673e+00
2.801080390000000000e+08 4.145472732617260903e+01 9.648509294086792920e+00
2.801781330000000000e+08 4.143226709200254732e+01 9.646816900390280836e+00
2.802498070000000000e+08 4.144644405955099131e+01 9.645353000960158241e+00
2.803234650000000000e+08 4.143827314943111872e+01 9.645103045618492743e+00
2.803976030000000000e+08 4.143576383850840728e+01 9.646921896884029124e+00
2.804665380000000000e+08 4.145926355106888650e+01 9.647386770554641444e+00
2.805383590000000000e+08 4.146012992080542858e+01 9.646963832795441007e+00
2.806068550000000000e+08 4.144649418218489245e+01 9.647174236958582227e+00
2.806792170000000000e+08 4.143954778998502064e+01 9.646680543148038467e+00
2.807483220000000000e+08 4.144847208392658899e+01 9.646208058167347943e+00
2.808221080000000000e+08 4.143756070849810413e+01 9.647034351813255526e+00
2.808927960000000000e+08 4.144564819388353527e+01 9.647233560131200036e+00
2.809639730000000000e+08 4.143374476260110839e+01 9.646588536762369159e+00
2.810359180000000000e+08 4.143470226356841124e+01 9.646451319047628203e+00
2.811070000000000000e+08 4.143245780261326416e+01 9.644167956977236500e+00
2.811764490000000000e+08 4.144108146616780175e+01 9.641186419209558878e+00
2.812458390000000000e+08 4.143322634730849785e+01 9.640188219491763633e+00
2.813180050000000000e+08 4.142779059890683158e+01 9.639757865851851903e+00
2.813914250000000000e+08 4.142982846241088879e+01 9.640742035731477699e+00
2.814637440000000000e+08 4.142660695636134705e+01 9.640651673119991827e+00
2.815360960000000000e+08 4.142036173945781741e+01 9.639914675986313242e+00
2.816059130000000000e+08 4.141202742299280004e+01 9.641322457652083955e+00
2.816798990000000000e+08 4.140508704754648761e+01 9.643364936457915704e+00
2.817501700000000000e+08 4.140561698520807710e+01 9.643137907457390412e+00
2.818219840000000000e+08 4.140204931197431648e+01 9.644701918729680301e+00
2.818904080000000000e+08 4.137143369530422632e+01 9.644052275387741346e+00
2.819611030000000000e+08 4.136832947179804165e+01 9.647149243982084954e+00
2.820351280000000000e+08 4.137600026437952749e+01 9.645796692409415840e+00
2.821047730000000000e+08 4.137494659250534568e+01 9.644191129572215360e+00
2.821789260000000000e+08 4.137761245717900493e+01 9.642455862695808122e+00
2.822514250000000000e+08 4.136694699786303886e+01 9.643673987097798772e+00
2.823215860000000000e+08 4.137920204426346515e+01 9.643237031501589840e+00
2.823921970000000000e+08 4.137948971185676328e+01 9.643744599525472694e+00
2.824640820000000000e+08 4.138705903464241942e+01 9.643618145683936049e+00
2.825326030000000000e+08 4.139787425430437651e+01 9.645060742577717505e+00
2.826055480000000000e+08 4.138836495491523237e+01 9.645705575230143936e+00
2.826811180000000000e+08 4.139125062111990161e+01 9.647461995252275102e+00
2.827494240000000000e+08 4.140720977676377856e+01 9.648710169197533659e+00
2.828172490000000000e+08 4.139265553399389574e+01 9.647356071970053293e+00
2.828907040000000000e+08 4.139968777323214510e+01 9.644401754083165912e+00
2.829591740000000000e+08 4.141446474041361370e+01 9.646678468432156706e+00
2.830313650000000000e+08 4.142161976580592153e+01 9.643757711954721756e+00
2.831032080000000000e+08 4.141689266420878823e+01 9.644502207345723832e+00
2.831767980000000000e+08 4.143728475611827378e+01 9.645586084539383265e+00
2.832519020000000000e+08 4.142654735787148468e+01 9.645568251082965006e+00
2.833208610000000000e+08 4.143493617100422455e+01 9.646188856240254239e+00
2.833936420000000000e+08 4.142466601306260543e+01 9.643565685901815954e+00
2.834685320000000000e+08 4.144595753995369591e+01 9.641810443206887626e+00
2.835386680000000000e+08 4.145487508513073038e+01 9.642318436766426970e+00
2.836110880000000000e+08 4.144886434225496430e+01 9.639173027736351429e+00
2.836827390000000000e+08 4.145754375321152452e+01 9.637480940236470062e+00
2.837529220000000000e+08 4.145063810968441942e+01 9.638024097111280497e+00
2.838284370000000000e+08 4.143475614809857888e+01 9.637886978768975155e+00
2.838981560000000000e+08 4.143432778728836041e+01 9.636761907559360907e+00
2.839693370000000000e+08 4.142545142725641227e+01 9.639597357396889166e+00
2.840412940000000000e+08 4.144445048527511943e+01 9.637823646887460072e+00
2.841121320000000000e+08 4.143406160186425780e+01 9.634909463730643608e+00
2.841844060000000000e+08 4.143879277768215985e+01 9.632292079726523681e+00
2.842544900000000000e+08 4.144771578013195779e+01 9.632413117919130130e+00
2.843216310000000000e+08 4.147438344961674517e+01 9.631483486686155615e+00
2.843923440000000000e+08 4.144932252144821661e+01 9.628935476836876006e+00
2.844632520000000000e+08 4.142926276208233816e+01 9.628543035666895733e+00
2.845286600000000000e+08 4.143286689332452255e+01 9.627814318897128132e+00
2.845992550000000000e+08 4.143121410630843826e+01 9.629245980097266511e+00
2.846735650000000000e+08 4.143213449136406723e+01 9.628117691942522427e+00
2.847502590000000000e+08 4.144930748116237851e+01 9.626071356066285389e+00
2.848169800000000000e+08 4.143153572816165564e+01 9.626480759645827945e+00
2.848884120000000000e+08 4.142937496274228693e+01 9.628226565760572342e+00
2.849631070000000000e+08 4.141725156856512058e+01 9.627161706706672817e+00
2.850337070000000000e+08 4.140923718383312746e+01 9.626094338299635567e+00
2.851035600000000000e+08 4.139799567413109571e+01 9.627162983912693761e+00
2.851740220000000000e+08 4.141790982873662585e+01 9.624820323572116365e+00
2.852449330000000000e+08 4.141575489549791200e+01 9.623851754505510669e+00
2.853161090000000000e+08 4.140297282186306660e+01 9.623918959327975031e+00
2.853857600000000000e+08 4.138691934289259677e+01 9.627329175701524022e+00
2.854596060000000000e+08 4.137421245807379222e+01 9.628286618378085748e+00
2.855321720000000000e+08 4.137693790675426442e+01 9.626530060629116647e+00
2.856022230000000000e+08 4.136438055750421938e+01 9.623346511794267144e+00
2.856734170000000000e+08 4.135598330343415796e+01 9.625339641162646842e+00
2.857446950000000000e+08 4.135515952110647220e+01 9.624848415386351164e+00
2.858155380000000000e+08 4.136188332044059024e+01 9.624015130664108852e+00
2.858860700000000000e+08 4.135850980756697481e+01 9.624135618634864997e+00
2.859552410000000000e+08 4.136301039623639753e+01 9.622684987580935712e+00
2.860252690000000000e+08 4.134139186310868297e+01 9.622335928008229899e+00
2.860928320000000000e+08 4.133228900336438727e+01 9.621753981710961412e+00
2.861645830000000000e+08 4.132644410447441885e+01 9.621704400759291786e+00
2.862349260000000000e+08 4.131764095228250255e+01 9.621490354740465989e+00
2.863057890000000000e+08 4.132559662443676274e+01 9.621662914772231900e+00
2.863784830000000000e+08 4.132031647328985002e+01 9.621624409174561521e+00
2.864495440000000000e+08 4.131213874947845710e+01 9.620009686871696886e+00
2.865197180000000000e+08 4.131408163609929574e+01 9.621623629113599918e+00
2.865905420000000000e+08 4.129935369008978796e+01 9.621969020281571972e+00
2.866624500000000000e+08 4.128914567609383113e+01 9.621160951939616623e+00
2.867338170000000000e+08 4.129741533420477850e+01 9.622902836051107300e+00
2.868050600000000000e+08 4.128748381762518704e+01 9.622722266839588201e+00
2.868818980000000000e+08 4.127928963103774862e+01 9.623658983083480223e+00
2.869501170000000000e+08 4.128022832523154761e+01 9.624203835309019794e+00
2.870212580000000000e+08 4.128326876264916478e+01 9.623555884493976365e+00
2.870952320000000000e+08 4.129331041076488162e+01 9.621866972285461728e+00
2.871681720000000000e+08 4.129196871117071765e+01 9.621578232931236485e+00
2.872422260000000000e+08 4.130099737705319995e+01 9.621944832727571395e+00
2.873146870000000000e+08 4.130437080559787688e+01 9.621446975757761422e+00
2.873820120000000000e+08 4.129907394507022644e+01 9.621948753120260989e+00
2.874474060000000000e+08 4.129315812073733838e+01 9.620390360984009348e+00
2.875182370000000000e+08 4.128685041021570612e+01 9.620519198959190277e+00
2.875913630000000000e+08 4.128561628482390944e+01 9.618035201695176895e+00
2.876608310000000000e+08 4.128600704342592564e+01 9.617880430135976155e+00
2.877332520000000000e+08 4.127826366366153366e+01 9.617360738518764052e+00
2.878027620000000000e+08 4.126937405776241974e+01 9.616095534765948472e+00
2.878735350000000000e+08 4.126838843121243627e+01 9.617164173417945605e+00
2.879495410000000000e+08 4.127234703092143775e+01 9.617126210844121559e+00
2.880195190000000000e+08 4.127556735683263867e+01 9.616594151575144522e+00
2.880909340000000000e+08 4.128298793943715594e+01 9.615993792453123135e+00
2.881605020000000000e+08 4.127945717288505989e+01 9.616652667789796993e+00
2.882364620000000000e+08 4.128691640041033395e+01 9.615586880117399815e+00
2.883084730000000000e+08 4.129156093597460853e+01 9.618064568888417654e+00
2.883773570000000000e+08 4.129838950620020910e+01 9.618498876663140962e+00
2.884526600000000000e+08 4.129367716381840836e+01 9.617173119903682732e+00
2.885240960000000000e+08 4.129333441209648470e+01 9.616921106294553212e+00
2.885972190000000000e+08 4.129528770728609288e+01 9.617448653906620848e+00
2.886687280000000000e+08 4.128175834703591818e+01 9.617883147032925351e+00
2.887395780000000000e+08 4.128045143737632117e+01 9.618704502286078650e+00
2.888113000000000000e+08 4.127707506109094027e+01 9.620235930023719462e+00
2.888830150000000000e+08 4.127554779443372723e+01 9.619736296780196483e+00
2.889579170000000000e+08 4.126284930886075131e+01 9.619711424393507571e+00
2.890291330000000000e+08 4.127454176991072643e+01 9.620471964326370085e+00
2.891021400000000000e+08 4.126342642962309526e+01 9.621433816138415196e+00
2.891727400000000000e+08 4.127579552438076149e+01 9.622264692769789463e+00
2.892459070000000000e+08 4.124995632389476441e+01 9.623207259097744881e+00
2.893181100000000000e+08 4.125681293466681154e+01 9.627431015511849210e+00
2.893923190000000000e+08 4.126926774611599313e+01 9.626882188254642259e+00
2.894624380000000000e+08 4.128588340337869056e+01 9.625973032738723845e+00
2.895336210000000000e+08 4.129123412418075389e+01 9.625629298427094582e+00
2.896052600000000000e+08 4.128999586837620228e+01 9.624412726854428612e+00
2.896751420000000000e+08 4.128916423757798526e+01 9.625104642633900198e+00
2.897458010000000000e+08 4.128904785925718102e+01 9.626901890481335045e+00
2.898188050000000000e+08 4.130350527979795316e+01 9.629860329238525196e+00
2.898936620000000000e+08 4.128543851336392123e+01 9.629362824895515871e+00
2.899661860000000000e+08 4.129134391911023982e+01 9.631229708899153863e+00
2.900361000000000000e+08 4.129600893055164335e+01 9.630546469013388844e+00
2.901058070000000000e+08 4.130172930201187853e+01 9.631612858343675754e+00
2.901764230000000000e+08 4.128503153424173888e+01 9.632124023283850534e+00
2.902477300000000000e+08 4.127766138905666793e+01 9.633889069414522055e+00
2.903183330000000000e+08 4.128834855937849824e+01 9.635592943760908469e+00
2.903911950000000000e+08 4.128737952674074307e+01 9.634211476158704102e+00
2.904623160000000000e+08 4.129721538880298226e+01 9.632229544528923881e+00
2.905322630000000000e+08 4.128769708573994990e+01 9.627829870464433171e+00
2.906039850000000000e+08 4.129621263353696747e+01 9.628318976349380165e+00
2.906718480000000000e+08 4.130998014502634419e+01 9.627908424621551831e+00
2.907441250000000000e+08 4.130391943209178152e+01 9.625533087185477399e+00
2.908139360000000000e+08 4.129940514689707953e+01 9.623205066177416001e+00
2.908866740000000000e+08 4.132422636797975457e+01 9.622773775545130803e+00
2.909570110000000000e+08 4.129821848975993248e+01 9.619913551570959953e+00
2.910266020000000000e+08 4.129307616599594155e+01 9.619303876168851630e+00
2.910994410000000000e+08 4.129103479792347287e+01 9.618620377032353730e+00
2.911680620000000000e+08 4.128345562402608948e+01 9.618525070525629772e+00
2.912411570000000000e+08 4.130239685571167030e+01 9.616605279949753893e+00
2.913137140000000000e+08 4.132899536312211808e+01 9.614800083462966995e+00
2.913839400000000000e+08 4.133383884444027956e+01 9.613465547848340620e+00
2.914538680000000000e+08 4.130918591518398841e+01 9.614040531663430755e+00
2.915273840000000000e+08 4.132312955862933279e+01 9.612138771037670892e+00
2.915978740000000000e+08 4.134004339867676947e+01 9.612147204432181624e+00
2.916699950000000000e+08 4.132544854036417803e+01 9.611803064367858696e+00
2.917410630000000000e+08 4.131592790178000030e+01 9.608195996489438784e+00
2.918140130000000000e+08 4.131919596595988509e+01 9.608861911720799398e+00
2.918845100000000000e+08 4.130997032182484219e+01 9.609835997768595206e+00
2.919539780000000000e+08 4.130520630987422948e+01 9.608477492182798230e+00
2.920272910000000000e+08 4.130779211716984634e+01 9.604689184358232268e+00
2.920980740000000000e+08 4.129386914098939343e+01 9.605935545135519504e+00
2.921691580000000000e+08 4.129111724098849123e+01 9.604817816988223456e+00
2.922367570000000000e+08 4.128721235275705936e+01 9.602491261180279736e+00
2.923078790000000000e+08 4.127727671010656252e+01 9.598213122129692465e+00
2.923788940000000000e+08 4.128980269695790639e+01 9.598440074478940431e+00
2.924498020000000000e+08 4.127043950555583507e+01 9.597854367878404958e+00
2.925174910000000000e+08 4.128675898193266391e+01 9.596214462351619900e+00
2.925897120000000000e+08 4.129722549809628163e+01 9.594063445293352643e+00
2.926575480000000000e+08 4.130326926304915247e+01 9.591428372309568573e+00
2.927281550000000000e+08 4.130514914143613225e+01 9.590030017001023310e+00
2.928013900000000000e+08 4.130226306419692861e+01 9.588543661433652332e+00
2.928739510000000000e+08 4.129418906248073995e+01 9.587491967075976618e+00
2.929463990000000000e+08 4.131996928068946318e+01 9.587859466174652567e+00
2.930196370000000000e+08 4.131919963780165972e+01 9.588090874377968476e+00
2.930876690000000000e+08 4.131336515765423201e+01 9.588697719701217537e+00
2.931601640000000000e+08 4.131596842925505797e+01 9.588213335564491402e+00
2.932328640000000000e+08 4.131191321006624406e+01 9.588588169595627875e+00
2.933070340000000000e+08 4.130366772041006840e+01 9.588880096937039355e+00
2.933794030000000000e+08 4.130845619483490339e+01 9.587842316538669252e+00
2.934520020000000000e+08 4.131039944420211896e+01 9.586394013752300935e+00
2.935228050000000000e+08 4.131958611295317496e+01 9.586013832064024243e+00
2.935951940000000000e+08 4.131811099975447377e+01 9.583117135562185140e+00
2.936655860000000000e+08 4.132152727300766060e+01 9.582988768241298416e+00
2.937381620000000000e+08 4.134408553393349450e+01 9.582164686760311412e+00
2.938118080000000000e+08 4.134465217104665413e+01 9.581759165444520221e+00
2.938880750000000000e+08 4.135135858211125992e+01 9.580040830656141537e+00
2.939628460000000000e+08 4.134968408299213394e+01 9.579069327639546216e+00
2.940347090000000000e+08 4.134582894965984678e+01 9.578765581849109978e+00
2.941058810000000000e+08 4.133573357840715801e+01 9.577378619142963956e+00
2.941735680000000000e+08 4.133615482649568662e+01 9.577204114282389824e+00
2.942470410000000000e+08 4.132335084967854755e+01 9.576110861117856032e+00
2.943196630000000000e+08 4.133858245901238604e+01 9.575603814571223893e+00
2.943934930000000000e+08 4.131667196332600156e+01 9.575726308999062297e+00
2.944697130000000000e+08 4.131624645607057289e+01 9.576755539344304680e+00
2.945408010000000000e+08 4.131805012285452250e+01 9.577004793601947341e+00
2.946114540000000000e+08 4.130909226671778356e+01 9.578936380030510733e+00
2.946848290000000000e+08 4.130531655140651992e+01 9.577799030627787147e+00
2.947519320000000000e+08 4.131531346485639489e+01 9.576705288469925748e+00
2.948216180000000000e+08 4.128599932733200006e+01 9.578450822628493455e+00
2.948941310000000000e+08 4.128829493337423884e+01 9.577542876792424664e+00
2.949683620000000000e+08 4.128369095230458896e+01 9.576018352835383496e+00
2.950380670000000000e+08 4.128898117861502470e+01 9.574790870790971908e+00
2.951070360000000000e+08 4.130434193683178989e+01 9.573120176231917355e+00
2.951796460000000000e+08 4.130684896638103965e+01 9.572399699845345111e+00
2.952504950000000000e+08 4.131218649261076337e+01 9.574485239211218968e+00
2.953238180000000000e+08 4.130985177584474854e+01 9.575798165634067161e+00
2.953921610000000000e+08 4.131978128639445913e+01 9.575522916687182473e+00
2.954604490000000000e+08 4.131992076180211626e+01 9.576913976986668686e+00
2.955325110000000000e+08 4.131050215032662720e+01 9.576061075587569249e+00
2.956044880000000000e+08 4.131842075464792430e+01 9.574395891520454782e+00
2.956735250000000000e+08 4.131485645695808273e+01 9.575338387470790025e+00
2.957448560000000000e+08 4.131514352209067198e+01 9.574098383706626691e+00
2.958177590000000000e+08 4.130838544591937733e+01 9.573958956758414018e+00
2.958892420000000000e+08 4.131545442443965754e+01 9.571738993859185030e+00
2.959644170000000000e+08 4.131935394832232333e+01 9.573304536736801040e+00
2.960339190000000000e+08 4.134045540231653604e+01 9.573099388530602383e+00
2.961046120000000000e+08 4.134216075918817523e+01 9.573595852231559178e+00
2.961768190000000000e+08 4.133037894207173935e+01 9.574294878868510494e+00
2.962474920000000000e+08 4.133156805453845095e+01 9.575342633954287308e+00
2.963184090000000000e+08 4.134869964605955062e+01 9.573847385612703320e+00
2.963882090000000000e+08 4.134679419458884553e+01 9.574631345012832639e+00
2.964608000000000000e+08 4.135989397330295958e+01 9.575916085258430854e+00
2.965357860000000000e+08 4.134689398125199489e+01 9.573818305757807678e+00
2.966105330000000000e+08 4.135854389051343105e+01 9.574381438287831614e+00
2.966851780000000000e+08 4.134651957028187752e+01 9.575098230868922755e+00
2.967562850000000000e+08 4.134062267233789356e+01 9.574669434775060495e+00
2.968252730000000000e+08 4.134355093352827026e+01 9.576325972312506707e+00
2.968974280000000000e+08 4.135958492775794326e+01 9.576406632726532919e+00
2.969712250000000000e+08 4.137091575313157676e+01 9.575633403884555861e+00
2.970443310000000000e+08 4.136116104825487838e+01 9.574595638561561373e+00
2.971192340000000000e+08 4.135891335715125194e+01 9.577510667882586759e+00
2.971892940000000000e+08 4.135172548335178533e+01 9.575155438270876118e+00
2.972591370000000000e+08 4.136667427531018149e+01 9.574103550028036480e+00
2.973319310000000000e+08 4.136490049549446013e+01 9.573398138302664506e+00
2.974010960000000000e+08 4.136280832901064031e+01 9.574163055194953031e+00
2.974713520000000000e+08 4.136746922238204149e+01 9.570522884041100298e+00
2.975428860000000000e+08 4.136573622729395083e+01 9.570163360103173034e+00
2.976124830000000000e+08 4.136430183659885529e+01 9.571176379273662604e+00
2.976858340000000000e+08 4.137505817418276166e+01 9.568735410340423186e+00
2.977593080000000000e+08 4.138658137082430954e+01 9.568203318085028997e+00
2.978275520000000000e+08 4.137951760953738045e+01 9.564937435301917645e+00
2.978971900000000000e+08 4.137929313947267218e+01 9.564296270114430953e+00
2.979705960000000000e+08 4.138242999045170478e+01 9.562391110136017502e+00
2.980407430000000000e+08 4.138110196469311575e+01 9.560027601480010517e+00
2.981148260000000000e+08 4.137737115413997913e+01 9.559748503638434869e+00
2.981836260000000000e+08 4.138643498052229575e+01 9.557049955840708932e+00
2.982540210000000000e+08 4.136891076386403654e+01 9.554838748927851455e+00
2.983256360000000000e+08 4.138658392447538148e+01 9.555629238148819482e+00
2.983983000000000000e+08 4.138836674776451474e+01 9.554514306201344453e+00
2.984720180000000000e+08 4.137596075066494450e+01 9.553135573169633687e+00
2.985440620000000000e+08 4.135119812097104841e+01 9.550075529006045727e+00
2.986172410000000000e+08 4.135606633980609814e+01 9.549161067418269866e+00
2.986861360000000000e+08 4.136361389381720244e+01 9.549324573646060799e+00
2.987574500000000000e+08 4.136308478206223782e+01 9.545599956919193829e+00
2.988269660000000000e+08 4.136815883402074689e+01 9.547102296978204450e+00
2.989020310000000000e+08 4.136256025337821995e+01 9.546743693047062607e+00
2.989731820000000000e+08 4.136908160467068996e+01 9.544033983955166889e+00
2.990403790000000000e+08 4.137114478016827945e+01 9.542358696657482042e+00
2.991129430000000000e+08 4.137122891141595460e+01 9.542085184376757567e+00
2.991832510000000000e+08 4.137620210391888520e+01 9.540122285409852410e+00
2.992524600000000000e+08 4.138770724926793321e+01 9.541001331442769740e+00
2.993265690000000000e+08 4.138160352870733050e+01 9.541542211554196129e+00
2.993979610000000000e+08 4.138390957755937904e+01 9.540009671535331748e+00
2.994686090000000000e+08 4.139148920870966464e+01 9.537097275949511399e+00
2.995397470000000000e+08 4.139375415629478994e+01 9.536808488046338184e+00
2.996117580000000000e+08 4.140100198786847585e+01 9.535289670902749037e+00
2.996829110000000000e+08 4.140655358076583070e+01 9.533653596453955714e+00
2.997516130000000000e+08 4.141258379753221419e+01 9.532867391345066110e+00
2.998240390000000000e+08 4.141325147238193694e+01 9.532835980487542216e+00
2.998957820000000000e+08 4.143480668653204191e+01 9.532142979961369278e+00
2.999639510000000000e+08 4.144239420363626891e+01 9.529726363476317630e+00
3.000344570000000000e+08 4.144110601339268385e+01 9.528594111937147559e+00
3.001089500000000000e+08 4.142891285358152942e+01 9.528311367862583481e+00
3.001810380000000000e+08 4.144223280589314129e+01 9.529197908492177405e+00
3.002534120000000000e+08 4.145249858257168540e+01 9.527958870245624823e+00
3.003242710000000000e+08 4.142906274376500164e+01 9.527214897297575646e+00
3.003977200000000000e+08 4.142905043766070605e+01 9.524610552940528052e+00
3.004694850000000000e+08 4.143414281893835494e+01 9.524010275838429962e+00
3.005453800000000000e+08 4.144357903794154652e+01 9.521096883994227156e+00
3.006179210000000000e+08 4.145284978381576479e+01 9.519303538614295235e+00
3.006908440000000000e+08 4.145591547458552384e+01 9.519041903783865166e+00
3.007620720000000000e+08 4.146759851077461434e+01 9.518410738442169006e+00
3.008375130000000000e+08 4.146001221884133514e+01 9.518051956268831049e+00
3.009072990000000000e+08 4.147201243867509390e+01 9.518897518350360798e+00
3.009781240000000000e+08 4.147222549773423594e+01 9.520354684381311827e+00
3.010484630000000000e+08 4.145115561929573289e+01 9.518136642542222248e+00
3.011165340000000000e+08 4.143218040050469142e+01 9.516962091484426622e+00
3.011891290000000000e+08 4.142660961716968870e+01 9.515249232953726377e+00
3.012614030000000000e+08 4.144234176491802657e+01 9.511949439793585981e+00
3.013326260000000000e+08 4.144209897190543757e+01 9.510794161475955022e+00
3.014054310000000000e+08 4.142804554461839217e+01 9.511873268151353145e+00
3.014742640000000000e+08 4.142647462847379813e+01 9.512818881095892465e+00
3.015445610000000000e+08 4.142813564197038545e+01 9.510283126783324548e+00
3.016166640000000000e+08 4.143346903407656612e+01 9.509234609283709005e+00
3.016882080000000000e+08 4.141562461500182479e+01 9.508630838185190726e+00
3.017597110000000000e+08 4.141230557793305422e+01 9.507786815677823355e+00
3.018288070000000000e+08 4.143033406963750309e+01 9.505823653352884151e+00
3.019054100000000000e+08 4.142355533397361000e+01 9.507584827534216743e+00
3.019773960000000000e+08 4.144147341194661038e+01 9.505964138187255941e+00
3.020496820000000000e+08 4.145760406309089774e+01 9.505078446286811200e+00
3.021213630000000000e+08 4.144691769312657925e+01 9.506754629793977784e+00
3.021912920000000000e+08 4.142739335603963013e+01 9.507267334107066148e+00
3.022623270000000000e+08 4.141957201049881832e+01 9.505950715865578715e+00
3.023335720000000000e+08 4.142083716553097616e+01 9.507198527020420897e+00
3.024051680000000000e+08 4.143371721538085950e+01 9.504600251894336438e+00
3.024752020000000000e+08 4.144669048614734663e+01 9.499983204777826984e+00
3.025441710000000000e+08 4.145395079400126548e+01 9.499822214978586032e+00
3.026183420000000000e+08 4.146336329697662393e+01 9.500471952206767767e+00
3.026897620000000000e+08 4.147277952477866592e+01 9.501915618994404511e+00
3.027565740000000000e+08 4.147542126828882658e+01 9.502370198952146296e+00
3.028302070000000000e+08 4.146300739082744258e+01 9.502566522232793744e+00
3.028983360000000000e+08 4.146027410560672877e+01 9.502438892487058197e+00
3.029683700000000000e+08 4.146568243191153158e+01 9.498979621548025776e+00
3.030380260000000000e+08 4.147285440962286884e+01 9.498594248530723760e+00
3.031105050000000000e+08 4.146953600330860468e+01 9.499518518438831549e+00
3.031801100000000000e+08 4.146845637194678602e+01 9.497253421901906023e+00
3.032535430000000000e+08 4.147846710840209283e+01 9.495696424978113726e+00
3.033252670000000000e+08 4.147846027295831561e+01 9.497300940730378116e+00
3.033975900000000000e+08 4.146890061930655946e+01 9.496448029003587976e+00
3.034674480000000000e+08 4.145279358597944253e+01 9.497551042539987165e+00
3.035397760000000000e+08 4.145056553978667324e+01 9.495409691324159240e+00
3.036120240000000000e+08 4.143587777831761798e+01 9.494670352264742874e+00
3.036827420000000000e+08 4.142399584784391209e+01 9.493824761492398068e+00
3.037558120000000000e+08 4.141220334399682912e+01 9.494497912723552702e+00
3.038257770000000000e+08 4.140712969681937494e+01 9.494556823959321434e+00
3.038938860000000000e+08 4.139143397136827218e+01 9.497902196732132651e+00
3.039665380000000000e+08 4.138217566269228342e+01 9.495851132752790136e+00
3.040390690000000000e+08 4.136625270913879149e+01 9.496356034099157739e+00
3.041139450000000000e+08 4.138243611642999298e+01 9.495652818031906861e+00
3.041867510000000000e+08 4.138003978571707364e+01 9.493408341149107699e+00
3.042603570000000000e+08 4.137911989217436570e+01 9.495435876867116320e+00
3.043286390000000000e+08 4.138161549973274589e+01 9.495829801032035888e+00
3.044004080000000000e+08 4.137979428356715061e+01 9.494813964258302263e+00
3.044716740000000000e+08 4.136858277386972560e+01 9.493936946451746905e+00
3.045393310000000000e+08 4.138410943254459795e+01 9.492950065688335215e+00
3.046139780000000000e+08 4.138973493238288626e+01 9.490301826253874751e+00
3.046837020000000000e+08 4.138398189479464406e+01 9.487758150014858671e+00
3.047588760000000000e+08 4.138010735932147810e+01 9.486060203246312383e+00
3.048327660000000000e+08 4.138553643730718079e+01 9.486681657496502496e+00
3.049054180000000000e+08 4.137999523605613916e+01 9.485722513224986940e+00
3.049752540000000000e+08 4.136934935642944566e+01 9.483430500147756348e+00
3.050462820000000000e+08 4.137201358822751018e+01 9.482413380906768552e+00
3.051159000000000000e+08 4.137387614435964878e+01 9.483469297293218858e+00
3.051856560000000000e+08 4.135166807848995774e+01 9.483213443064824943e+00
3.052582470000000000e+08 4.136184965760981669e+01 9.482954189221693753e+00
3.053279440000000000e+08 4.135903486108948357e+01 9.477577381048060801e+00
3.053996420000000000e+08 4.135551846096083040e+01 9.476933559457147993e+00
3.054688400000000000e+08 4.135265596335989358e+01 9.475898993871346931e+00
3.055388570000000000e+08 4.134512072056728726e+01 9.474051885956466634e+00
3.056134800000000000e+08 4.134971261728498604e+01 9.470834362842891707e+00
3.056874610000000000e+08 4.134837092929358704e+01 9.472431952337069916e+00
3.057597130000000000e+08 4.133801440048288356e+01 9.470528468753618867e+00
3.058325640000000000e+08 4.134339067761402475e+01 9.469414533698325087e+00
3.059020730000000000e+08 4.133054642837447545e+01 9.466682428091656831e+00
3.059719360000000000e+08 4.132192448784971361e+01 9.464619150851435236e+00
3.060424270000000000e+08 4.134007697193931818e+01 9.463426555066085655e+00
3.061132310000000000e+08 4.134119929306037022e+01 9.461295649011967512e+00
3.061847380000000000e+08 4.133689340483724095e+01 9.463220672345963536e+00
3.062545830000000000e+08 4.134325882745564229e+01 9.462360776205796853e+00
3.063278240000000000e+08 4.135104534363220807e+01 9.461846404405346078e+00
3.063976660000000000e+08 4.134186277514449159e+01 9.459359327844794052e+00
3.064707490000000000e+08 4.133391819351052732e+01 9.459851168864929605e+00
3.065443000000000000e+08 4.132775742080670511e+01 9.458439026740135702e+00
3.066149970000000000e+08 4.133111314138424319e+01 9.454203547581354172e+00
3.066898040000000000e+08 4.134181029861601786e+01 9.454312508438144746e+00
3.067583330000000000e+08 4.135005372723534123e+01 9.453074928041869995e+00
3.068292980000000000e+08 4.135045265756301092e+01 9.453342866119937682e+00
3.069000850000000000e+08 4.133574913736855905e+01 9.451493784066405723e+00
3.069694310000000000e+08 4.133351892320121124e+01 9.447523350409131382e+00
3.070424380000000000e+08 4.132751411063609481e+01 9.445911566665285974e+00
3.071152930000000000e+08 4.134322164398965072e+01 9.444559379578052472e+00
3.071868270000000000e+08 4.137108284849411177e+01 9.442755247391232842e+00
3.072563680000000000e+08 4.137534373478648320e+01 9.442208462946492631e+00
3.073263220000000000e+08 4.136923874842310056e+01 9.442806269304613309e+00
3.073944560000000000e+08 4.137311164133433294e+01 9.440618131395700274e+00
3.074693970000000000e+08 4.135787513435103335e+01 9.441008514723275624e+00
3.075397450000000000e+08 4.137380923151860657e+01 9.440944517357896970e+00
3.076111430000000000e+08 4.137871759972858854e+01 9.438883481877530457e+00
3.076856410000000000e+08 4.135989916599303484e+01 9.438235643072484748e+00
3.077576410000000000e+08 4.136657564424464795e+01 9.435590830496956016e+00
3.078285940000000000e+08 4.135813404702779650e+01 9.433135002006565628e+00
3.078941470000000000e+08 4.137823509119598242e+01 9.434048142750670607e+00
3.079664340000000000e+08 4.137068445740079881e+01 9.435508837464576359e+00
3.080379840000000000e+08 4.136990686510819870e+01 9.436962888900591651e+00
3.081109930000000000e+08 4.135344244675987824e+01 9.437326854165396739e+00
3.081854460000000000e+08 4.135869685180414024e+01 9.439767689617351465e+00
3.082566240000000000e+08 4.137024415075584471e+01 9.437151945328199787e+00
3.083276200000000000e+08 4.136037851259305853e+01 9.435610715235123180e+00
3.083983510000000000e+08 4.136944492795654327e+01 9.435007891351993692e+00
3.084713320000000000e+08 4.136648748837808398e+01 9.433845094995797709e+00
3.085415320000000000e+08 4.135224120781938950e+01 9.434680784944687204e+00
3.086093830000000000e+08 4.134641678721006031e+01 9.434551989117238691e+00
3.086808780000000000e+08 4.135642065657015820e+01 9.433504493774913513e+00
3.087539790000000000e+08 4.134120381472467898e+01 9.430353447909874731e+00
3.088264090000000000e+08 4.136459484053527547e+01 9.429700325894099677e+00
3.088973910000000000e+08 4.136331933761179869e+01 9.426357260792700643e+00
3.089689240000000000e+08 4.137246407450619756e+01 9.428432210125299306e+00
3.090433000000000000e+08 4.137590009097251453e+01 9.428809214563985464e+00
3.091148130000000000e+08 4.139905175620418021e+01 9.426559878203915943e+00
3.091847960000000000e+08 4.139161159715632010e+01 9.425511936766616472e+00
3.092581600000000000e+08 4.141478673817684353e+01 9.424095425392238212e+00
3.093319150000000000e+08 4.141711205261159279e+01 9.424358855351377073e+00
3.094021190000000000e+08 4.142485147165437098e+01 9.423964187855759178e+00
3.094723710000000000e+08 4.143996750516117089e+01 9.422806153857724354e+00
3.095431760000000000e+08 4.143442851661677651e+01 9.421905047862626503e+00
3.096129930000000000e+08 4.142065442799005126e+01 9.420674486672183434e+00
3.096805620000000000e+08 4.142417591195961535e+01 9.418455788727804645e+00
3.097518700000000000e+08 4.142633381454449903e+01 9.420557828416031398e+00
3.098215590000000000e+08 4.142519266255374077e+01 9.420481834972168400e+00
3.098905200000000000e+08 4.143219132559434570e+01 9.420647881030825843e+00
3.099594180000000000e+08 4.142583942770624361e+01 9.422048407005171100e+00
3.100291920000000000e+08 4.142353317200655027e+01 9.420477314230137011e+00
3.100961650000000000e+08 4.141324304280460922e+01 9.419782474070183653e+00
3.101669680000000000e+08 4.140281633572073616e+01 9.419938367222759013e+00
3.102380970000000000e+08 4.140947308463840670e+01 9.420438931333402266e+00
3.103064270000000000e+08 4.141807120515361618e+01 9.421200753411927309e+00
3.103731980000000000e+08 4.140812683949352646e+01 9.421519733152742049e+00
3.104431160000000000e+08 4.141929151365174278e+01 9.421819802019509638e+00
3.105123190000000000e+08 4.141515097734252748e+01 9.420743701412984450e+00
3.105819550000000000e+08 4.143019835599756107e+01 9.420783853660521956e+00
3.106539890000000000e+08 4.142507565832282523e+01 9.420907772313446671e+00
3.107204540000000000e+08 4.141618138597522858e+01 9.418828598110062345e+00
3.107901140000000000e+08 4.141201972766543093e+01 9.418374060234015133e+00
3.108631680000000000e+08 4.141744182514330674e+01 9.418277766912185101e+00
3.109338820000000000e+08 4.142335391471962680e+01 9.416311544276199541e+00
3.110048300000000000e+08 4.143025154494075935e+01 9.414356079771300401e+00
3.110785530000000000e+08 4.143812710509013897e+01 9.414745390452395668e+00
3.111537990000000000e+08 4.142323728278604733e+01 9.417751884980459565e+00
3.112234860000000000e+08 4.141934934701382076e+01 9.415595660073476481e+00
3.112936710000000000e+08 4.142474911341041377e+01 9.417711575127379220e+00
3.113631470000000000e+08 4.142411840653461041e+01 9.417139522428410459e+00
3.114346070000000000e+08 4.141226408106630430e+01 9.417589775032913835e+00
3.115035230000000000e+08 4.141198296022542280e+01 9.415516039623115674e+00
3.115772650000000000e+08 4.140031309283915562e+01 9.416644726360329898e+00
3.116496340000000000e+08 4.139838294630956028e+01 9.414771881488913863e+00
3.117220060000000000e+08 4.140085759744587790e+01 9.413711638673976978e+00
3.117915250000000000e+08 4.141595650426132380e+01 9.413177529236332219e+00
3.118631870000000000e+08 4.140849891685748219e+01 9.411898220239311996e+00
3.119357350000000000e+08 4.141253996214317823e+01 9.408154873905761661e+00
3.120064380000000000e+08 4.142314713383102998e+01 9.403930245426799672e+00
3.120765060000000000e+08 4.142219316437897447e+01 9.400371286252012126e+00
3.121480100000000000e+08 4.143736724692574569e+01 9.400126264887202154e+00
3.122232400000000000e+08 4.145070932101669570e+01 9.400246226186146359e+00
3.122930820000000000e+08 4.145449145983913297e+01 9.398594227533482837e+00
3.123679880000000000e+08 4.146372741882848345e+01 9.398896903734520691e+00
3.124373160000000000e+08 4.146253014012864213e+01 9.399475068564719038e+00
3.125065100000000000e+08 4.145286704897186780e+01 9.399682572384275403e+00
3.125798240000000000e+08 4.144100554385725133e+01 9.396866735846176155e+00
3.126467380000000000e+08 4.145132318104802494e+01 9.393391624432252840e+00
3.127166360000000000e+08 4.143848140155772342e+01 9.392947487028731501e+00
3.127894610000000000e+08 4.143894936602695367e+01 9.390946316167610775e+00
3.128606620000000000e+08 4.144353801432344397e+01 9.392253079549769623e+00
3.129296040000000000e+08 4.142900807941620656e+01 9.389201600767895783e+00
3.130011560000000000e+08 4.142392862588215507e+01 9.390874758528488186e+00
3.130717140000000000e+08 4.142622499094651545e+01 9.390615684010633402e+00
3.131443920000000000e+08 4.143056731923665126e+01 9.389776416119680391e+00
3.132181940000000000e+08 4.144636709558402288e+01 9.389959438930777225e+00
3.132855480000000000e+08 4.142552657820692019e+01 9.387901603446422882e+00
3.133565530000000000e+08 4.142889014787451885e+01 9.386780355376330931e+00
3.134274530000000000e+08 4.142179137794366284e+01 9.386716966980188204e+00
3.134999880000000000e+08 4.143433482560070047e+01 9.386026432435063072e+00
3.135725470000000000e+08 4.144798973783412777e+01 9.386213307469642331e+00
3.136443950000000000e+08 4.143982549466370102e+01 9.385945649820618186e+00
3.137135220000000000e+08 4.142954622476764825e+01 9.386379306048587168e+00
3.137844340000000000e+08 4.141916916813771365e+01 9.385270034813329332e+00
3.138550200000000000e+08 4.140627998843181956e+01 9.383360664204976942e+00
3.139264010000000000e+08 4.139490078323925815e+01 9.380382355482772994e+00
3.139960350000000000e+08 4.138780819081507190e+01 9.381051274992818989e+00
3.140661890000000000e+08 4.138263491076963163e+01 9.379991098682612716e+00
3.141360640000000000e+08 4.136733017058296724e+01 9.379302899731852605e+00
3.142085360000000000e+08 4.136922613173801722e+01 9.381371075170214624e+00
3.142772890000000000e+08 4.138618375198760191e+01 9.379135200610448919e+00
3.143487850000000000e+08 4.138217975561425277e+01 9.378817927171663626e+00
3.144217600000000000e+08 4.138033058185059332e+01 9.377640184269365520e+00
3.144949420000000000e+08 4.136507970017195390e+01 9.376680403226554716e+00
3.145682170000000000e+08 4.136293552269500395e+01 9.376705957983915596e+00
3.146368000000000000e+08 4.137650851328571378e+01 9.375982962958389066e+00
3.147087220000000000e+08 4.138508692293155633e+01 9.375975401640671336e+00
3.147824870000000000e+08 4.138550767275911824e+01 9.374108090986954522e+00
3.148550510000000000e+08 4.140052122172066618e+01 9.373366623608410109e+00
3.149288480000000000e+08 4.140330636166518730e+01 9.370268650648744924e+00
3.150014240000000000e+08 4.140276925158246968e+01 9.368873688138744882e+00
3.150732090000000000e+08 4.140024601966248952e+01 9.368709965784248084e+00
3.151426930000000000e+08 4.139491373689347853e+01 9.367125911971498908e+00
3.152107670000000000e+08 4.139455054893453223e+01 9.366445781798793391e+00
3.152825180000000000e+08 4.136247411482901981e+01 9.367880226275502764e+00
3.153537670000000000e+08 4.136497439653457775e+01 9.367151326662451538e+00
3.154263900000000000e+08 4.137233975517554541e+01 9.366837346174595069e+00
3.154992300000000000e+08 4.137499128652267188e+01 9.364591208565059333e+00
3.155691190000000000e+08 4.139536717359901274e+01 9.364379702123187599e+00
3.156406770000000000e+08 4.138344527999386457e+01 9.363647869200384832e+00
3.157127460000000000e+08 4.140292361923505382e+01 9.362725890102527870e+00
3.157817570000000000e+08 4.141017433216796206e+01 9.364029193761652436e+00
3.158564380000000000e+08 4.138867486018350661e+01 9.364683504782949086e+00
3.159232930000000000e+08 4.139508855127418485e+01 9.364967494536790227e+00
3.159976950000000000e+08 4.139139339112774252e+01 9.365026545804472136e+00
3.160709590000000000e+08 4.137772580875842721e+01 9.367822552148151516e+00
3.161430920000000000e+08 4.139861447501188252e+01 9.367236251422433213e+00
3.162157700000000000e+08 4.141389281804556077e+01 9.367303107772249504e+00
3.162834320000000000e+08 4.142441140168510572e+01 9.366518115276141643e+00
3.163555850000000000e+08 4.143477453091952611e+01 9.365693836922794446e+00
3.164240650000000000e+08 4.143994490604431036e+01 9.366207617039361111e+00
3.164975630000000000e+08 4.144221503750205216e+01 9.362654868560795762e+00
3.165671070000000000e+08 4.144276277921131424e+01 9.362996959398170560e+00
3.166352490000000000e+08 4.142772214534714692e+01 9.365152933183026107e+00
3.167069630000000000e+08 4.140733893147903899e+01 9.364026926464195100e+00
3.167815240000000000e+08 4.140254196471840942e+01 9.362787894915170384e+00
3.168512340000000000e+08 4.140170824246276027e+01 9.365155478128395217e+00
3.169221930000000000e+08 4.141724382857231035e+01 9.364426993214042483e+00
3.169901710000000000e+08 4.143204107106961942e+01 9.366568385060894286e+00
3.170625100000000000e+08 4.141669515468500151e+01 9.367379944903939659e+00
3.171327260000000000e+08 4.142109886569443233e+01 9.367516106168654488e+00
3.172056880000000000e+08 4.142612062754476199e+01 9.366364670067678588e+00
3.172765550000000000e+08 4.142629083929125500e+01 9.366452927290376707e+00
3.173479620000000000e+08 4.141580075019587781e+01 9.368305953927917429e+00
3.174185010000000000e+08 4.143071303739697697e+01 9.366770172086082979e+00
3.174940390000000000e+08 4.142925684725962299e+01 9.370984638110396503e+00
3.175635820000000000e+08 4.143778323949919695e+01 9.371618790282381539e+00
3.176322120000000000e+08 4.144947636106363120e+01 9.371602722949299746e+00
3.177043760000000000e+08 4.144601691272745114e+01 9.371399559676062196e+00
3.177743710000000000e+08 4.143741402871976476e+01 9.372610833881777737e+00
3.178462620000000000e+08 4.141852139869811822e+01 9.372475208394927648e+00
3.179218540000000000e+08 4.141312028548073698e+01 9.372231577582036621e+00
3.179930070000000000e+08 4.141332781101239391e+01 9.371120420637739201e+00
3.180636550000000000e+08 4.142689917168159752e+01 9.372104468431935231e+00
3.181375820000000000e+08 4.140570329113150905e+01 9.373377562138907493e+00
3.182061130000000000e+08 4.138472386927363544e+01 9.373239717975611285e+00
3.182762380000000000e+08 4.139940892843681297e+01 9.369935978146131106e+00
3.183502500000000000e+08 4.141806445998410169e+01 9.370463291185947341e+00
3.184214060000000000e+08 4.141982405327156869e+01 9.371427548737020885e+00
3.184925350000000000e+08 4.139175378985554232e+01 9.369356963568490571e+00
3.185627720000000000e+08 4.139726623247204884e+01 9.368612380083087388e+00
3.186354590000000000e+08 4.139701796689676883e+01 9.369762421878505165e+00
3.187117080000000000e+08 4.139312940806469499e+01 9.368355503238456450e+00
3.187805790000000000e+08 4.141130335877368651e+01 9.367695724740059404e+00
3.188536190000000000e+08 4.140905085420632048e+01 9.368188733156777914e+00
3.189264800000000000e+08 4.142166555864536548e+01 9.370040446334391149e+00
3.189981420000000000e+08 4.140924231522640753e+01 9.368560273029785890e+00
3.190703250000000000e+08 4.141801446033316836e+01 9.368035870294091794e+00
3.191423420000000000e+08 4.142557537770439069e+01 9.369871548628944780e+00
3.192117380000000000e+08 4.142770934677974992e+01 9.370342930943124315e+00
3.192836650000000000e+08 4.142691933163641238e+01 9.369233355682265341e+00
3.193488430000000000e+08 4.141504647524035931e+01 9.369720970369366242e+00
3.194218910000000000e+08 4.140566013821763391e+01 9.368443782083961224e+00
3.194933970000000000e+08 4.140190007517594495e+01 9.365824194658779689e+00
3.195648720000000000e+08 4.140562793041694079e+01 9.366564123752159077e+00
3.196365070000000000e+08 4.139858643070692068e+01 9.365906316999888404e+00
3.197110420000000000e+08 4.140819105758417606e+01 9.366320852264408359e+00
3.197816790000000000e+08 4.142245920008299720e+01 9.364798411459878125e+00
3.198530460000000000e+08 4.141551874012214540e+01 9.364411445318236105e+00
3.199234280000000000e+08 4.140212448029095782e+01 9.359617650524532095e+00
3.199965880000000000e+08 4.140306254668679031e+01 9.358964823165152325e+00
3.200704110000000000e+08 4.140906463533873705e+01 9.358153582591242525e+00
3.201417320000000000e+08 4.142497224712832349e+01 9.356186448025693991e+00
3.202105120000000000e+08 4.140586697936993232e+01 9.354601880642062994e+00
3.202824380000000000e+08 4.139442890572841804e+01 9.355369027680938032e+00
3.203538080000000000e+08 4.140201411249765329e+01 9.354507708951231848e+00
3.204254770000000000e+08 4.138532354848923944e+01 9.354144642886147665e+00
3.204958460000000000e+08 4.138395924972122941e+01 9.355388678294085381e+00
3.205670400000000000e+08 4.138763386069222605e+01 9.353307779047693060e+00
3.206433830000000000e+08 4.139238061940454116e+01 9.351494621507125515e+00
3.207160570000000000e+08 4.141960703086908069e+01 9.352294497152733754e+00
3.207889230000000000e+08 4.141671577624265410e+01 9.353123922143479874e+00
3.208611170000000000e+08 4.143799244749110500e+01 9.352349878146352324e+00
3.209318220000000000e+08 4.144200269815331694e+01 9.351050577836177879e+00
3.210051140000000000e+08 4.144475726348603928e+01 9.348328658226717991e+00
3.210763750000000000e+08 4.145177275903708392e+01 9.347116196913813013e+00
3.211453980000000000e+08 4.144314534653774018e+01 9.344464281045278042e+00
3.212116920000000000e+08 4.143388628221577363e+01 9.347567772422522125e+00
3.212876340000000000e+08 4.143348999884629791e+01 9.347162436067334212e+00
3.213625480000000000e+08 4.144818931221303160e+01 9.345982951908874625e+00
3.214293710000000000e+08 4.145973985878992352e+01 9.345755935249753676e+00
3.214976810000000000e+08 4.144320566317927046e+01 9.345329998959932993e+00
3.215681400000000000e+08 4.143162426332758486e+01 9.344632566877008273e+00
3.216386600000000000e+08 4.144961883412417336e+01 9.344045684131884855e+00
3.217098860000000000e+08 4.144998193897743022e+01 9.344277395238655970e+00
3.217853640000000000e+08 4.143262895597531781e+01 9.346016721887981049e+00
3.218549910000000000e+08 4.143890464544163166e+01 9.346779566769841452e+00
3.219276570000000000e+08 4.143348691632974834e+01 9.349900292682741920e+00
3.219986950000000000e+08 4.143450210363823771e+01 9.349858363730202626e+00
3.220719580000000000e+08 4.143877442855415438e+01 9.350781809274833378e+00
3.221419830000000000e+08 4.142447156156166699e+01 9.349491740759228620e+00
3.222142000000000000e+08 4.142866659485171255e+01 9.350399030883341567e+00
3.222864490000000000e+08 4.143483005229267491e+01 9.349249659792091549e+00
3.223551620000000000e+08 4.144219343369491071e+01 9.349387390414740651e+00
3.224291190000000000e+08 4.143481555760796198e+01 9.348203528457844413e+00
3.224959690000000000e+08 4.143437779519942410e+01 9.345182279803493586e+00
3.225679150000000000e+08 4.141983527368221019e+01 9.345947435872171027e+00
3.226389050000000000e+08 4.141381079514995633e+01 9.347096244355277861e+00
3.227128070000000000e+08 4.140891711201058456e+01 9.349643222707914703e+00
3.227832970000000000e+08 4.141463165874051811e+01 9.351235349693991949e+00
3.228505170000000000e+08 4.141423291602951906e+01 9.349398303177601122e+00
3.229212510000000000e+08 4.140399897116021322e+01 9.348899819678825551e+00
3.229927430000000000e+08 4.140936496388235355e+01 9.347948004081027662e+00
3.230652920000000000e+08 4.141590017148755010e+01 9.346827129257743394e+00
3.231346000000000000e+08 4.140388798276177340e+01 9.345033122941424963e+00
3.232086230000000000e+08 4.139036557101957925e+01 9.343579246072380329e+00
3.232792310000000000e+08 4.138136290640860437e+01 9.343911995469058596e+00
3.233522230000000000e+08 4.137292512554388679e+01 9.342391588844140671e+00
3.234243820000000000e+08 4.137186901209452117e+01 9.340858106998959798e+00
3.234966980000000000e+08 4.138436795224115627e+01 9.340164730880159638e+00
3.235659970000000000e+08 4.139327791260807032e+01 9.339117638552924205e+00
3.236395570000000000e+08 4.140509733931871494e+01 9.336943848454518857e+00
3.237101480000000000e+08 4.138696013361072090e+01 9.337896153643136188e+00
3.237805710000000000e+08 4.139603194975980216e+01 9.338273531372987435e+00
3.238543470000000000e+08 4.139274925623526968e+01 9.334634341100626287e+00
3.239276900000000000e+08 4.139543287266813110e+01 9.333498808599296481e+00
3.239971240000000000e+08 4.140402360514482893e+01 9.335067001042041568e+00
3.240647220000000000e+08 4.141467953227917320e+01 9.332535537782563395e+00
3.241378900000000000e+08 4.139904855099651826e+01 9.331978053937479700e+00
3.242076570000000000e+08 4.139867550785739070e+01 9.332841934931897399e+00
3.242801580000000000e+08 4.140732440132921965e+01 9.332272201685348989e+00
3.243521810000000000e+08 4.140898250686879578e+01 9.333570856925566872e+00
3.244230300000000000e+08 4.139846406199847451e+01 9.332295352815547673e+00
3.244924330000000000e+08 4.139894379742096930e+01 9.330081919316242534e+00
3.245618480000000000e+08 4.139569214948330966e+01 9.330432057932240397e+00
3.246373080000000000e+08 4.139925783977822960e+01 9.331063916787726953e+00
3.247077570000000000e+08 4.139223047939879763e+01 9.329950777263661621e+00
3.247796880000000000e+08 4.139314659830453280e+01 9.329319071800917129e+00
3.248537440000000000e+08 4.138791198870441690e+01 9.329742841487986382e+00
3.249216700000000000e+08 4.138716139790523840e+01 9.330085772929017196e+00
3.249965840000000000e+08 4.138689662734064001e+01 9.328194218787253078e+00
3.250664140000000000e+08 4.136588173107669064e+01 9.329717153715090916e+00
3.251406720000000000e+08 4.136655761251402907e+01 9.328832442778658418e+00
3.252085960000000000e+08 4.136039203706819478e+01 9.330454031571511209e+00
3.252834210000000000e+08 4.136653193145360774e+01 9.330403111123789728e+00
3.253535190000000000e+08 4.136824718730601091e+01 9.328662570320755520e+00
3.254209100000000000e+08 4.137397908270153124e+01 9.328021648249418263e+00
3.254943670000000000e+08 4.136169773336246891e+01 9.328393741928470817e+00
3.255599850000000000e+08 4.134602966489043041e+01 9.328885982644413488e+00
3.256328850000000000e+08 4.134416009129665781e+01 9.329730739678955942e+00
3.257053320000000000e+08 4.133199517271791734e+01 9.326859177007980506e+00
3.257803210000000000e+08 4.133276453575291498e+01 9.325756643924208333e+00
3.258523730000000000e+08 4.133808644059038784e+01 9.324970907981349200e+00
3.259240530000000000e+08 4.133996837043505934e+01 9.323658668654204007e+00
3.259989500000000000e+08 4.134231603453341108e+01 9.320522741990025395e+00
3.260731900000000000e+08 4.135608331030099549e+01 9.319300389519682426e+00
3.261442870000000000e+08 4.136701406534156433e+01 9.317181825800329165e+00
3.262134450000000000e+08 4.137496961571520160e+01 9.312959761863803365e+00
3.262850760000000000e+08 4.136971598285407481e+01 9.310208670443509860e+00
3.263579420000000000e+08 4.139173257638910286e+01 9.307549772842202529e+00
3.264266960000000000e+08 4.138493381503642610e+01 9.305322965132637236e+00
3.264997290000000000e+08 4.138957559191895541e+01 9.302802453418534512e+00
3.265693820000000000e+08 4.138917575164891360e+01 9.303884488357908822e+00
3.266408870000000000e+08 4.136749424531193853e+01 9.304664061535177666e+00
3.267133700000000000e+08 4.137204778403464189e+01 9.301946938506956641e+00
3.267855380000000000e+08 4.137344802017107526e+01 9.302856863746644223e+00
3.268587260000000000e+08 4.139494088978521802e+01 9.303428046465933576e+00
3.269289560000000000e+08 4.138329295676664543e+01 9.302415602497701386e+00
3.270007090000000000e+08 4.137648991948225330e+01 9.298456468035160682e+00
3.270753310000000000e+08 4.137935833780063177e+01 9.297830282033860527e+00
3.271444600000000000e+08 4.137775132128865607e+01 9.295340363352602608e+00
3.272174570000000000e+08 4.137511949658711075e+01 9.293875825872994767e+00
3.272908900000000000e+08 4.138821859275069670e+01 9.292139832015282153e+00
3.273632780000000000e+08 4.138610792224266532e+01 9.290610912606757310e+00
3.274392620000000000e+08 4.140170587104842070e+01 9.287937366865948619e+00
3.275132290000000000e+08 4.140853327056765210e+01 9.285011785695306941e+00
3.275828440000000000e+08 4.140278405487595847e+01 9.280663443127236789e+00
3.276492490000000000e+08 4.139947081497767556e+01 9.280538808465072620e+00
3.277209750000000000e+08 4.140665434128432310e+01 9.278610689935836930e+00
3.277923840000000000e+08 4.141546408911208488e+01 9.277817699228629422e+00
3.278614260000000000e+08 4.140641150744653487e+01 9.276253868289765947e+00
3.279345050000000000e+08 4.139596394261496926e+01 9.275904984026681177e+00
3.280090540000000000e+08 4.139873156607851001e+01 9.274553854620814164e+00
3.280770650000000000e+08 4.141143434481569585e+01 9.273874451638045358e+00
3.281510740000000000e+08 4.139081588027147518e+01 9.272051024466804847e+00
3.282220440000000000e+08 4.139330684502962754e+01 9.271963160850724250e+00
3.282977070000000000e+08 4.138704741528965769e+01 9.268251282023856064e+00
3.283684250000000000e+08 4.138617414077246082e+01 9.268304555033282099e+00
3.284387140000000000e+08 4.140313523101765725e+01 9.264129342324311622e+00
3.285113920000000000e+08 4.140408165373116134e+01 9.262360427589390710e+00
3.285815010000000000e+08 4.140635551458967711e+01 9.259438661133694737e+00
3.286549210000000000e+08 4.140900196300733427e+01 9.262105030108227055e+00
3.287213570000000000e+08 4.140346234423432747e+01 9.261993669914955873e+00
3.287942980000000000e+08 4.140438149757925146e+01 9.258839202659517653e+00
3.288667450000000000e+08 4.140924787293601383e+01 9.258163815084092363e+00
3.289392170000000000e+08 4.140671584483740020e+01 9.256142559468859332e+00
3.290145640000000000e+08 4.140819381960294976e+01 9.255299717841543483e+00
3.290862980000000000e+08 4.140572314131485854e+01 9.254455455580282930e+00
3.291612860000000000e+08 4.139919491438332244e+01 9.253282369407809682e+00
3.292298720000000000e+08 4.142853373785470694e+01 9.254146220690843805e+00
3.293051120000000000e+08 4.143085595104042795e+01 9.249992577446505493e+00
3.293775630000000000e+08 4.144252297946231067e+01 9.248850349776107649e+00
3.294511290000000000e+08 4.143796783350717305e+01 9.245672022272191981e+00
3.295247940000000000e+08 4.144262134269838072e+01 9.245761703342791904e+00
3.295954470000000000e+08 4.145828671532373733e+01 9.243977250142364710e+00
3.296664730000000000e+08 4.144806333245887231e+01 9.241583924692564622e+00
3.297377680000000000e+08 4.143628208062320795e+01 9.240369355792651618e+00
3.298093300000000000e+08 4.143989962035097818e+01 9.242494487552338711e+00
3.298815010000000000e+08 4.141853231932994817e+01 9.242271563501905263e+00
3.299466330000000000e+08 4.142773626122757946e+01 9.240477708362742959e+00
3.300155240000000000e+08 4.140476739527443328e+01 9.239330433222576744e+00
3.300889640000000000e+08 4.138912742406683520e+01 9.237768619709868290e+00
3.301638370000000000e+08 4.139763432213548811e+01 9.235889452672592981e+00
3.302363510000000000e+08 4.139841003648921003e+01 9.235535607425786608e+00
3.303127600000000000e+08 4.140260835569618791e+01 9.234961432944874815e+00
3.303826200000000000e+08 4.140593339306983722e+01 9.233308169463398940e+00
3.304577240000000000e+08 4.140783925357187911e+01 9.231374649950538469e+00
3.305318900000000000e+08 4.139991078064176833e+01 9.230710566621841195e+00
3.306012680000000000e+08 4.142190975274053955e+01 9.231230440012208049e+00
3.306693110000000000e+08 4.142760685794527831e+01 9.230550398471525142e+00
3.307396360000000000e+08 4.142705428699622416e+01 9.230400452357640617e+00
3.308103520000000000e+08 4.141679756925299216e+01 9.230482501616144475e+00
3.308813590000000000e+08 4.143110684836720026e+01 9.228069540017177275e+00
3.309533650000000000e+08 4.143553028766402946e+01 9.226710060464847984e+00
3.310232150000000000e+08 4.142491803523424920e+01 9.226115670451568107e+00
3.310938120000000000e+08 4.142076726910693907e+01 9.224794860211151359e+00
3.311646560000000000e+08 4.141996601299875636e+01 9.223345032071359029e+00
3.312371510000000000e+08 4.143401137811481050e+01 9.224006463260646882e+00
3.313093290000000000e+08 4.143277616451678114e+01 9.222724430982378152e+00
3.313818490000000000e+08 4.143083896541309485e+01 9.222885075534406951e+00
3.314556390000000000e+08 4.144433822616073826e+01 9.219812989641599899e+00
3.315286850000000000e+08 4.145014589933111182e+01 9.217858219337704995e+00
3.315968260000000000e+08 4.145637882129994267e+01 9.215882249717365582e+00
3.316700040000000000e+08 4.143797489730775396e+01 9.214687307509860759e+00
3.317425730000000000e+08 4.144533942075760535e+01 9.212816651516043009e+00
3.318170800000000000e+08 4.145306758125809665e+01 9.212374136446381812e+00
3.318887800000000000e+08 4.146710655348626062e+01 9.212807756448995633e+00
3.319590540000000000e+08 4.145264613154159861e+01 9.213746691910161601e+00
3.320318430000000000e+08 4.146317985398015082e+01 9.211039213623610777e+00
3.321031890000000000e+08 4.145736509739302988e+01 9.210050889829798137e+00
3.321745620000000000e+08 4.145430127447441038e+01 9.208531384837094436e+00
3.322458400000000000e+08 4.144455895356357900e+01 9.207474644901287419e+00
3.323161250000000000e+08 4.145527886986190680e+01 9.207275986685782954e+00
3.323890840000000000e+08 4.144139055585956299e+01 9.207193214382986213e+00
3.324630560000000000e+08 4.143091915325030783e+01 9.207134196984524621e+00
3.325304440000000000e+08 4.143156033671652949e+01 9.206491262519756802e+00
3.325996720000000000e+08 4.142370265297891052e+01 9.205701619419954795e+00
3.326692290000000000e+08 4.142989919909522456e+01 9.207869158697551626e+00
3.327416690000000000e+08 4.142423279209848630e+01 9.208048913492440590e+00
3.328112950000000000e+08 4.141413552172711832e+01 9.207945635071288493e+00
3.328864910000000000e+08 4.141408074750498258e+01 9.207010685058566679e+00
3.329549360000000000e+08 4.141935123647923689e+01 9.205172773807666076e+00
3.330235950000000000e+08 4.140625577820262038e+01 9.204096872581615685e+00
3.330924490000000000e+08 4.140283622779968908e+01 9.203570854636076604e+00
3.331626730000000000e+08 4.140030829202851947e+01 9.203721037587552445e+00
3.332353230000000000e+08 4.139829052692718392e+01 9.202080174717508498e+00
3.333042090000000000e+08 4.138443590445638876e+01 9.199557696684083297e+00
3.333762970000000000e+08 4.138303728805882287e+01 9.198591586158411104e+00
3.334470940000000000e+08 4.139037608213388353e+01 9.198685397652182516e+00
3.335196840000000000e+08 4.137248720175022498e+01 9.197876277509207554e+00
3.335884990000000000e+08 4.138397005988837662e+01 9.197682999784454694e+00
3.336609470000000000e+08 4.138139698303319136e+01 9.194865867728310604e+00
3.337335820000000000e+08 4.138505686808719020e+01 9.193903910783488342e+00
3.338051610000000000e+08 4.139594608630532946e+01 9.192525026263506760e+00
3.338761970000000000e+08 4.138039157550643665e+01 9.189598726132967244e+00
3.339498030000000000e+08 4.137532382070195069e+01 9.188661790144703190e+00
3.340182140000000000e+08 4.140076173411343774e+01 9.184997181610562222e+00
3.340900630000000000e+08 4.138589694991751600e+01 9.184662039644960529e+00
3.341611030000000000e+08 4.136807474146339558e+01 9.183590420821904132e+00
3.342333920000000000e+08 4.136594421232056362e+01 9.184947781163625535e+00
3.343011320000000000e+08 4.135584884942766593e+01 9.183642936155676395e+00
3.343726700000000000e+08 4.134973813762917416e+01 9.183522488859935606e+00
3.344466800000000000e+08 4.135118082540798667e+01 9.182964295523376563e+00
3.345198850000000000e+08 4.135623639413945085e+01 9.183018490309756032e+00
3.345916130000000000e+08 4.134813026043168094e+01 9.180775587377182134e+00
3.346624040000000000e+08 4.136015084625472582e+01 9.179489315028630969e+00
3.347320820000000000e+08 4.135626811151000481e+01 9.180005188807303540e+00
3.348017700000000000e+08 4.134110330466303651e+01 9.181290894551768389e+00
3.348742740000000000e+08 4.132683075703278064e+01 9.183202016146644553e+00
3.349421850000000000e+08 4.132704421012223861e+01 9.182545612184304318e+00
3.350158290000000000e+08 4.131859027938203610e+01 9.183192694432339209e+00
3.350908290000000000e+08 4.133084726359838612e+01 9.182316901658994723e+00
3.351620510000000000e+08 4.133238138310403542e+01 9.181216727794661026e+00
3.352322350000000000e+08 4.134783144399992949e+01 9.179908062230836663e+00
3.353032610000000000e+08 4.135206846643428236e+01 9.179835383951822081e+00
3.353744870000000000e+08 4.134976356598955505e+01 9.181479659375447966e+00
3.354456810000000000e+08 4.133727037773443413e+01 9.182101028320035496e+00
3.355173070000000000e+08 4.133493625658766035e+01 9.182572188457417184e+00
3.355868590000000000e+08 4.134002193294605831e+01 9.180234537025262043e+00
3.356608650000000000e+08 4.132907923512088644e+01 9.180819357177719908e+00
3.357314080000000000e+08 4.133651637487344033e+01 9.181228268123701852e+00
3.358011410000000000e+08 4.132475746734878186e+01 9.180623151547056437e+00
3.358731220000000000e+08 4.130193969726975212e+01 9.180987923382563309e+00
3.359453550000000000e+08 4.130840718740474671e+01 9.182673062437473277e+00
3.360158010000000000e+08 4.131792000886564864e+01 9.181030038002290894e+00
3.360870780000000000e+08 4.131844614577564556e+01 9.181451562180935611e+00
3.361588880000000000e+08 4.132932772983674852e+01 9.180537350734413238e+00
3.362269230000000000e+08 4.132877701663246484e+01 9.182169158177618584e+00
3.362966670000000000e+08 4.133194540893914848e+01 9.181877716319425176e+00
3.363674940000000000e+08 4.133485485123274117e+01 9.180400654086785295e+00
3.364384290000000000e+08 4.133161497503625981e+01 9.180932021658794184e+00
3.365084010000000000e+08 4.133885835936089848e+01 9.182170978977136855e+00
3.365810680000000000e+08 4.135013639737386626e+01 9.181807014387077359e+00
3.366522980000000000e+08 4.134201567650127629e+01 9.181890536287617977e+00
3.367225690000000000e+08 4.133458259356746112e+01 9.181953562083435827e+00
3.367929170000000000e+08 4.133984280791755594e+01 9.184408868298000073e+00
3.368638540000000000e+08 4.134432981104643545e+01 9.182733031928442813e+00
3.369342960000000000e+08 4.133252663632233492e+01 9.182615814518419128e+00
3.370032360000000000e+08 4.133450615169272879e+01 9.180829123155362481e+00
3.370756240000000000e+08 4.130585887298700243e+01 9.179810548788024605e+00
3.371467360000000000e+08 4.131141830528780190e+01 9.180755683232575848e+00
3.372184880000000000e+08 4.129674291098319117e+01 9.180841091851631219e+00
3.372901950000000000e+08 4.129477033965645916e+01 9.180406308220613099e+00
3.373644300000000000e+08 4.129962900506414059e+01 9.178868621475363199e+00
3.374369050000000000e+08 4.129444214940289726e+01 9.178243382264053452e+00
3.375053130000000000e+08 4.130967618361098914e+01 9.178283120320614330e+00
3.375778800000000000e+08 4.131177776689324332e+01 9.177873125585524150e+00
3.376516880000000000e+08 4.131150115757139218e+01 9.179549454150928156e+00
3.377202990000000000e+08 4.130498478321659661e+01 9.181108706339278669e+00
3.377898930000000000e+08 4.130508227205856286e+01 9.180134274580893816e+00
3.378604710000000000e+08 4.129294946414175627e+01 9.179594463742519750e+00
3.379339530000000000e+08 4.129004120925876720e+01 9.179720267573726389e+00
3.380042530000000000e+08 4.129428975101667731e+01 9.177643906729183954e+00
3.380749090000000000e+08 4.128742213874954814e+01 9.176976222403322225e+00
3.381445490000000000e+08 4.129027970639415202e+01 9.176603227462628354e+00
3.382213290000000000e+08 4.127757672535352640e+01 9.177178804383427035e+00
3.382911830000000000e+08 4.129389305473350191e+01 9.179370382779902471e+00
3.383604640000000000e+08 4.128531033417186791e+01 9.179389029230511809e+00
3.384334980000000000e+08 4.130113457538524813e+01 9.179097884454748169e+00
3.385036160000000000e+08 4.131503919800298519e+01 9.177289765245232545e+00
3.385742980000000000e+08 4.132166674130601791e+01 9.176244007654153378e+00
3.386465780000000000e+08 4.130304892067547229e+01 9.178323917027761070e+00
3.387191030000000000e+08 4.131132579990086384e+01 9.180597367106352991e+00
3.387928580000000000e+08 4.132684433491137810e+01 9.178784772689121851e+00
3.388642960000000000e+08 4.133211878846393006e+01 9.178954839120732956e+00
3.389339100000000000e+08 4.133480166266448919e+01 9.177729370592436098e+00
3.390058200000000000e+08 4.132833831590809837e+01 9.176938698755124690e+00
3.390728120000000000e+08 4.133976688160458934e+01 9.174847294603667436e+00
3.391402660000000000e+08 4.133253671483043945e+01 9.176460786117644375e+00
3.392120680000000000e+08 4.134354572059072552e+01 9.180062185024757682e+00
3.392847730000000000e+08 4.135029713537675633e+01 9.181966954378262713e+00
3.393557370000000000e+08 4.136284595243481732e+01 9.181811934608848702e+00
3.394243800000000000e+08 4.136263542018911465e+01 9.182431451978349202e+00
3.394957760000000000e+08 4.136518652272801688e+01 9.181848293971242470e+00
3.395678590000000000e+08 4.136620364644910097e+01 9.181879489898674862e+00
3.396380130000000000e+08 4.134630303493297276e+01 9.181694728922243698e+00
3.397083240000000000e+08 4.135744960350614718e+01 9.182735985817418012e+00
3.397828710000000000e+08 4.134688982482381192e+01 9.181403680331543526e+00
3.398531350000000000e+08 4.134186792217530382e+01 9.180316583725019797e+00
3.399222050000000000e+08 4.133320146313283061e+01 9.179106863144586015e+00
3.399931160000000000e+08 4.131055395877275771e+01 9.177336565134551094e+00
3.400594050000000000e+08 4.133428033647189181e+01 9.175624841737807458e+00
3.401307600000000000e+08 4.132931666083787547e+01 9.175724499644996257e+00
3.402040080000000000e+08 4.132943463535359285e+01 9.174166199705927838e+00
3.402782350000000000e+08 4.132838327908859810e+01 9.173729415667441600e+00
3.403484200000000000e+08 4.133394810262199570e+01 9.172351432422274797e+00
3.404196650000000000e+08 4.133431286041031427e+01 9.171709848934769482e+00
3.404924790000000000e+08 4.131943022350607464e+01 9.171555897285102787e+00
3.405624660000000000e+08 4.132989324761248895e+01 9.169860838501898925e+00
3.406298770000000000e+08 4.133954014452233139e+01 9.167977309181431167e+00
3.407041400000000000e+08 4.133979200168241164e+01 9.165294398797975362e+00
3.407779410000000000e+08 4.134859135636787641e+01 9.165882596080345834e+00
3.408488250000000000e+08 4.134312539882690629e+01 9.166278280474788431e+00
3.409229390000000000e+08 4.132741983467872871e+01 9.164877064553907715e+00
3.409929770000000000e+08 4.133426169722890364e+01 9.164151594301117143e+00
3.410677140000000000e+08 4.133208583427121852e+01 9.161479732061568626e+00
3.411405130000000000e+08 4.134088385575185498e+01 9.162243284070875404e+00
3.412093430000000000e+08 4.133635781442966106e+01 9.159331834853576382e+00
3.412847330000000000e+08 4.133164523294333037e+01 9.158386106778889868e+00
3.413545210000000000e+08 4.132554975606512926e+01 9.160275539751340901e+00
3.414232380000000000e+08 4.131773384564854723e+01 9.156410603709103313e+00
3.414933140000000000e+08 4.132870201704401580e+01 9.154655452006295491e+00
3.415624860000000000e+08 4.130619165835208406e+01 9.154620883020927025e+00
3.416335490000000000e+08 4.131012743781737839e+01 9.154128911767282162e+00
3.417051120000000000e+08 4.130716228719290939e+01 9.152979740621249860e+00
3.417760910000000000e+08 4.131201425443184405e+01 9.151199252941621509e+00
3.418458750000000000e+08 4.130951608156090771e+01 9.151157135008087806e+00
3.419210080000000000e+08 4.132002468716432020e+01 9.148194881760122854e+00
3.419923110000000000e+08 4.133635469847043709e+01 9.147751385947689329e+00
3.420654120000000000e+08 4.134785855927403020e+01 9.147669652635221027e+00
3.421374570000000000e+08 4.135736070669568676e+01 9.148552599189684997e+00
3.422121140000000000e+08 4.137089712332985414e+01 9.148578382693967725e+00
3.422842620000000000e+08 4.136848694976321639e+01 9.147782083187102842e+00
3.423583320000000000e+08 4.136271390713982044e+01 9.147135320618847487e+00
3.424285650000000000e+08 4.135819496378523752e+01 9.145091199721202102e+00
3.424979150000000000e+08 4.134181510540165760e+01 9.145336885532390880e+00
3.425665260000000000e+08 4.135724287005358946e+01 9.146101161504262222e+00
3.426395770000000000e+08 4.135651342558323762e+01 9.145822033210947666e+00
3.427070980000000000e+08 4.135584557660229166e+01 9.146154240682063730e+00
3.427777050000000000e+08 4.135159886537559260e+01 9.145884719511570893e+00
3.428488160000000000e+08 4.135578747076652917e+01 9.146349599969957112e+00
3.429225550000000000e+08 4.137075315020275923e+01 9.146917602758822596e+00
3.429951810000000000e+08 4.137759851710521275e+01 9.146393975466944326e+00
3.430626210000000000e+08 4.139729225288181169e+01 9.144387777912449167e+00
3.431355510000000000e+08 4.140429385688086228e+01 9.142455305273180954e+00
3.432042710000000000e+08 4.140622263707032857e+01 9.142050707020606737e+00
3.432753480000000000e+08 4.139444154686454880e+01 9.142688598750591922e+00
3.433483000000000000e+08 4.138880115570105289e+01 9.141861489651029515e+00
3.434220330000000000e+08 4.139144586164015038e+01 9.140793512188574610e+00
3.434922210000000000e+08 4.139555775811487592e+01 9.140091869613129916e+00
3.435634740000000000e+08 4.138675954190974693e+01 9.139948875516232363e+00
3.436339440000000000e+08 4.139438015859035147e+01 9.139819335769361786e+00
3.437071070000000000e+08 4.137071571733732611e+01 9.140466149653459382e+00
3.437795040000000000e+08 4.137875099508539734e+01 9.139407761160516230e+00
3.438515290000000000e+08 4.138676736558032587e+01 9.140051162240657945e+00
3.439250040000000000e+08 4.139310726008864805e+01 9.140426296281010110e+00
3.439952230000000000e+08 4.139149186190353191e+01 9.140661378068529075e+00
3.440693550000000000e+08 4.138881572752684690e+01 9.140807745145485441e+00
3.441421030000000000e+08 4.139623010796984914e+01 9.139808239417568814e+00
3.442145030000000000e+08 4.140894572260916107e+01 9.137195474205816126e+00
3.442875850000000000e+08 4.142079122335227481e+01 9.135116772575477384e+00
3.443582510000000000e+08 4.142721265250094831e+01 9.133763219856874116e+00
3.444320540000000000e+08 4.143401923614879934e+01 9.134980872494702808e+00
3.445036150000000000e+08 4.142000733596125883e+01 9.137234100387347624e+00
3.445729210000000000e+08 4.140937877174364701e+01 9.137914936726296844e+00
3.446449580000000000e+08 4.140634288995961754e+01 9.137081166409137367e+00
3.447184560000000000e+08 4.139530356013522550e+01 9.136892985701154046e+00
3.447895680000000000e+08 4.140099646956081614e+01 9.135597013066059091e+00
3.448601170000000000e+08 4.139756800995305497e+01 9.137406063078065799e+00
3.449320100000000000e+08 4.139129037326978278e+01 9.137676504901840246e+00
3.450043260000000000e+08 4.137920871968623260e+01 9.138292445932988173e+00
3.450764210000000000e+08 4.138534215496036950e+01 9.135454908988362988e+00
3.451490470000000000e+08 4.139150907901031218e+01 9.136065677298955023e+00
3.452216960000000000e+08 4.140374452069671918e+01 9.134783546231366458e+00
3.452893440000000000e+08 4.139759565012856513e+01 9.136302414961201990e+00
3.453605960000000000e+08 4.141240506847295677e+01 9.136143054993858925e+00
3.454315570000000000e+08 4.140928994921632267e+01 9.132819357320798304e+00
3.454995690000000000e+08 4.139801756335772609e+01 9.132968099618441471e+00
3.455722390000000000e+08 4.139847123298219600e+01 9.132923431438143780e+00
3.456428860000000000e+08 4.141235160180625030e+01 9.130063853781479111e+00
3.457155590000000000e+08 4.141145212382247820e+01 9.128181620219502079e+00
3.457877020000000000e+08 4.140463432686091494e+01 9.128865993835539427e+00
3.458613510000000000e+08 4.142031919610825952e+01 9.128459693184760582e+00
3.459365250000000000e+08 4.141121214195420208e+01 9.129177770865844366e+00
3.460064410000000000e+08 4.142439042788332415e+01 9.128369760664858390e+00
3.460739120000000000e+08 4.143839560177944747e+01 9.127763124282093798e+00
3.461438860000000000e+08 4.141482195451040837e+01 9.127168731527428136e+00
3.462119620000000000e+08 4.141543422846004319e+01 9.128350219511393249e+00
3.462811140000000000e+08 4.140650023682597691e+01 9.129361624683225429e+00
3.463520960000000000e+08 4.141383049987999243e+01 9.131918569761658944e+00
3.464242180000000000e+08 4.140659841365838645e+01 9.132785933574188775e+00
3.464985040000000000e+08 4.138970399236800546e+01 9.132784213876050217e+00
3.465711350000000000e+08 4.138802961112668299e+01 9.132911441419951259e+00
3.466437550000000000e+08 4.139322617992959863e+01 9.131813865023108434e+00
3.467118140000000000e+08 4.140091118226010991e+01 9.133476201243176718e+00
3.467800530000000000e+08 4.141759491162839169e+01 9.134645962546203535e+00
3.468487680000000000e+08 4.140189547351975818e+01 9.134108964046866674e+00
3.469194320000000000e+08 4.140129059285090563e+01 9.132666782909726777e+00
3.469929410000000000e+08 4.139337103631947912e+01 9.131308855459415952e+00
3.470685040000000000e+08 4.139677028743303566e+01 9.132230459021750235e+00
3.471402470000000000e+08 4.138831505421779866e+01 9.130915402969964845e+00
3.472130520000000000e+08 4.140844077305808923e+01 9.127132322007666332e+00
3.472869370000000000e+08 4.140517586995425603e+01 9.126143537446333553e+00
3.473543890000000000e+08 4.139526670929658536e+01 9.124195353387507978e+00
3.474306610000000000e+08 4.138691609516747150e+01 9.124161431798022193e+00
3.475035690000000000e+08 4.138816565022724348e+01 9.122382024129670697e+00
3.475736930000000000e+08 4.139109084116363846e+01 9.120973894602519394e+00
3.476467830000000000e+08 4.140521648058813753e+01 9.117661525596064465e+00
3.477229720000000000e+08 4.141365248951524336e+01 9.116807774040589507e+00
3.477948960000000000e+08 4.140376333515729357e+01 9.113311519939575334e+00
3.478670060000000000e+08 4.139401594375868143e+01 9.112547623999061486e+00
3.479391640000000000e+08 4.138548045675118203e+01 9.110027664028663708e+00
3.480094590000000000e+08 4.138149461135444085e+01 9.109061228313967362e+00
3.480825990000000000e+08 4.138781183887361692e+01 9.108624798805482925e+00
3.481528680000000000e+08 4.138490125759348359e+01 9.108213962473215020e+00
3.482249070000000000e+08 4.138180914491348261e+01 9.105714561590923850e+00
3.482973820000000000e+08 4.137464527196224395e+01 9.105011786775159877e+00
3.483685890000000000e+08 4.138035923180333242e+01 9.104074908927053400e+00
3.484393350000000000e+08 4.139024261105275571e+01 9.103873095901112933e+00
3.485106840000000000e+08 4.137868325789037982e+01 9.102936614901551593e+00
3.485839620000000000e+08 4.137969055017836695e+01 9.102458174539284741e+00
3.486540720000000000e+08 4.138300847701972174e+01 9.099888639297621040e+00
3.487253210000000000e+08 4.138938118917036491e+01 9.096393671970748329e+00
3.487972670000000000e+08 4.140027370638457427e+01 9.096280431852449055e+00
3.488700370000000000e+08 4.141348792065630846e+01 9.095010262025347458e+00
3.489428470000000000e+08 4.142575597615600458e+01 9.095619005090309628e+00
3.490150560000000000e+08 4.141998113141744398e+01 9.094291437621695451e+00
3.490853470000000000e+08 4.141700729319882157e+01 9.092191807339528253e+00
3.491573890000000000e+08 4.141158678231323620e+01 9.093390031048114608e+00
3.492319520000000000e+08 4.142843668396959345e+01 9.090479500297302451e+00
3.493060080000000000e+08 4.142621485469874898e+01 9.089953011683205020e+00
3.493815950000000000e+08 4.143682389878490824e+01 9.092089196981294918e+00
3.494515000000000000e+08 4.142142309202595385e+01 9.090880838799973773e+00
3.495210190000000000e+08 4.141710884077722454e+01 9.089523002520980555e+00
3.495936270000000000e+08 4.141688822341627940e+01 9.088883840907985956e+00
3.496656000000000000e+08 4.140992456353233564e+01 9.088495054118629568e+00
3.497383500000000000e+08 4.140206798457546711e+01 9.089292798851538180e+00
3.498076270000000000e+08 4.140811348967808669e+01 9.088154974368078953e+00
3.498763990000000000e+08 4.140259002200223648e+01 9.085577353743204299e+00
3.499478640000000000e+08 4.139617892241674468e+01 9.085185921068005044e+00
3.500228840000000000e+08 4.139859495378266985e+01 9.085746643867590677e+00
3.500982630000000000e+08 4.139984301176257731e+01 9.084097789319141469e+00
3.501712420000000000e+08 4.141658328948543755e+01 9.085946380908955788e+00
3.502392050000000000e+08 4.142539788764189268e+01 9.083800026034312580e+00
3.503134320000000000e+08 4.142416805767317101e+01 9.084144563450173848e+00
3.503859250000000000e+08 4.142071592573531547e+01 9.083611336417751758e+00
3.504559750000000000e+08 4.142622096613409610e+01 9.082013358383917989e+00
3.505266930000000000e+08 4.142717080209884983e+01 9.085300902477099427e+00
3.505991170000000000e+08 4.142913923244849883e+01 9.084702966162435445e+00
3.506693860000000000e+08 4.143697707656690454e+01 9.086180297447377541e+00
3.507406180000000000e+08 4.142972682888310487e+01 9.083624045890875465e+00
3.508107400000000000e+08 4.143627384551446369e+01 9.082452488431270510e+00
3.508762400000000000e+08 4.144096951747447122e+01 9.080505997064950208e+00
3.509473470000000000e+08 4.143039054769216989e+01 9.079557998919989714e+00
3.510147730000000000e+08 4.143515636498134569e+01 9.078632053535748980e+00
3.510861350000000000e+08 4.144548793470974601e+01 9.077806530110629879e+00
3.511569030000000000e+08 4.144354472486103447e+01 9.078312539673081716e+00
3.512237810000000000e+08 4.142310241849461505e+01 9.078164311409283371e+00
3.512992700000000000e+08 4.142331021163033000e+01 9.077560659709860147e+00
3.513705000000000000e+08 4.142990521326378683e+01 9.076093385444428563e+00
3.514430520000000000e+08 4.144976182742523463e+01 9.078291446993681291e+00
3.515112530000000000e+08 4.146289128898533249e+01 9.076428448170867469e+00
3.515839900000000000e+08 4.145286812850553559e+01 9.076095132217613326e+00
3.516565270000000000e+08 4.145669532824928893e+01 9.075278895751321073e+00
3.517277360000000000e+08 4.145083608738835323e+01 9.074067841885714358e+00
3.517982010000000000e+08 4.145552756352266499e+01 9.073159390826138093e+00
3.518720000000000000e+08 4.145412845196893414e+01 9.073158347964469073e+00
3.519492740000000000e+08 4.146782434689144026e+01 9.072748009959161308e+00
3.520197890000000000e+08 4.146791041912538844e+01 9.070795658753342039e+00
3.520927240000000000e+08 4.146367917868833075e+01 9.070930922139474717e+00
3.521646530000000000e+08 4.146378283861212566e+01 9.070996114395923016e+00
3.522372840000000000e+08 4.146515169711808824e+01 9.071340326104406770e+00
3.523088300000000000e+08 4.146214185802367780e+01 9.069788477200500409e+00
3.523828290000000000e+08 4.146044136888517784e+01 9.071586116896607876e+00
3.524546840000000000e+08 4.145262891591442411e+01 9.072795916411276806e+00
3.525237590000000000e+08 4.146870866747105566e+01 9.072100145197325105e+00
3.525976540000000000e+08 4.145776280714505191e+01 9.071718680712381300e+00
3.526687780000000000e+08 4.147498023940526934e+01 9.071296618837880743e+00
3.527403780000000000e+08 4.148245482464182032e+01 9.070600635499154407e+00
3.528105930000000000e+08 4.149315224910515809e+01 9.069821051110711352e+00
3.528855640000000000e+08 4.149834209877860047e+01 9.070338106018350999e+00
3.529557580000000000e+08 4.150198883258671856e+01 9.068463887566270643e+00
3.530271500000000000e+08 4.149672543236015088e+01 9.069870773386199403e+00
3.531018470000000000e+08 4.149103026985887510e+01 9.070300756465769609e+00
3.531753960000000000e+08 4.149587385835570785e+01 9.069670524393044886e+00
3.532497010000000000e+08 4.149716330049248114e+01 9.067707943737314480e+00
3.533203850000000000e+08 4.148167995940531227e+01 9.067082028534693805e+00
3.533936020000000000e+08 4.149236998981636759e+01 9.065683549925095619e+00
3.534640280000000000e+08 4.150629937207637710e+01 9.064211452909393785e+00
3.535381500000000000e+08 4.150315531508077527e+01 9.063122303614937536e+00
3.536109930000000000e+08 4.149760417330281825e+01 9.062236032985895307e+00
3.536821230000000000e+08 4.151094258982082152e+01 9.062692284842336576e+00
3.537541200000000000e+08 4.150239860441941175e+01 9.062760690538992137e+00
3.538279480000000000e+08 4.151649771965458058e+01 9.062077314561568286e+00
3.539000850000000000e+08 4.151166174590657931e+01 9.061999980572037927e+00
3.539331380000000000e+08 4.150365045357609262e+01 9.061829962021770157e+00
