2.359160000000000000e+05 3.713763952927805008e+02
3.526130000000000000e+05 2.791248082130019270e+02
4.699240000000000000e+05 2.202293756576342787e+02
5.920260000000000000e+05 1.862284619842274651e+02
7.114410000000000000e+05 1.641375151745517087e+02
8.330220000000000000e+05 1.463887581021044184e+02
9.532340000000000000e+05 1.360093038542658235e+02
1.068315000000000000e+06 1.279185433389795605e+02
1.182313000000000000e+06 1.219608439695360858e+02
1.301769000000000000e+06 1.160386864245322300e+02
1.419091000000000000e+06 1.116558019284035197e+02
1.538744000000000000e+06 1.053911698067343679e+02
1.657006000000000000e+06 1.017624429681258107e+02
1.777058000000000000e+06 9.746532735845435980e+01
1.896770000000000000e+06 9.360116535048032915e+01
2.015186000000000000e+06 9.136294932690164217e+01
2.134858000000000000e+06 9.066801979816597168e+01
2.251100000000000000e+06 8.729575077635183789e+01
2.369655000000000000e+06 8.412906299403380217e+01
2.488010000000000000e+06 8.126129509047098054e+01
2.607359000000000000e+06 7.944528466187769311e+01
2.723476000000000000e+06 7.776023981903529148e+01
2.843037000000000000e+06 7.602207798754920987e+01
2.964241000000000000e+06 7.420410844901068970e+01
3.079245000000000000e+06 7.272590788813648999e+01
3.198124000000000000e+06 7.173250582861872715e+01
3.316393000000000000e+06 7.116514774823893674e+01
3.432645000000000000e+06 6.977265841035604410e+01
3.548618000000000000e+06 6.876823447225822861e+01
3.666047000000000000e+06 6.837349591472239752e+01
3.788562000000000000e+06 6.742173406490813647e+01
3.909399000000000000e+06 6.646801994990616436e+01
4.025468000000000000e+06 6.525245654406631957e+01
4.142775000000000000e+06 6.381803419599366123e+01
4.262863000000000000e+06 6.256847583014912573e+01
4.379518000000000000e+06 6.127177355243298251e+01
4.499900000000000000e+06 6.043287983167643063e+01
4.618299000000000000e+06 5.981883958182034178e+01
4.736578000000000000e+06 5.888166638602869085e+01
4.856248000000000000e+06 5.841540789642075993e+01
4.978840000000000000e+06 5.795179307993140583e+01
5.097103000000000000e+06 5.752320837698602674e+01
5.214892000000000000e+06 5.743929307076022184e+01
5.334893000000000000e+06 5.668367205958556099e+01
5.452303000000000000e+06 5.553271879892497509e+01
5.572532000000000000e+06 5.514229462045710761e+01
5.693371000000000000e+06 5.469163516602428388e+01
5.811553000000000000e+06 5.435433803123566321e+01
5.929687000000000000e+06 5.343989147735700840e+01
6.047755000000000000e+06 5.302134616452396898e+01
6.163946000000000000e+06 5.238019361788442296e+01
6.281335000000000000e+06 5.202293998143571940e+01
6.395952000000000000e+06 5.103255389236656470e+01
6.512726000000000000e+06 5.029410997105131287e+01
6.630951000000000000e+06 4.951262274004943009e+01
6.750599000000000000e+06 4.920568268977646653e+01
6.870440000000000000e+06 4.889393067417694283e+01
6.989371000000000000e+06 4.857543191131694726e+01
7.106887000000000000e+06 4.829949184547621144e+01
7.224419000000000000e+06 4.776814865354450035e+01
7.342969000000000000e+06 4.708415242478217522e+01
7.462471000000000000e+06 4.698790707599563632e+01
7.580431000000000000e+06 4.628482102980223090e+01
7.697537000000000000e+06 4.552801154240362536e+01
7.815177000000000000e+06 4.527935453352223760e+01
7.935332000000000000e+06 4.511576447337721163e+01
8.052586000000000000e+06 4.504638772323260554e+01
8.169988000000000000e+06 4.495865480030323624e+01
8.287457000000000000e+06 4.516975262634538524e+01
8.403761000000000000e+06 4.529363596890268440e+01
8.522851000000000000e+06 4.497958035051688341e+01
8.642769000000000000e+06 4.456699487816948135e+01
8.761998000000000000e+06 4.443268316550715014e+01
8.878848000000000000e+06 4.447632118602973605e+01
8.997287000000000000e+06 4.410837599152568345e+01
9.114916000000000000e+06 4.361418016350436488e+01
9.235017000000000000e+06 4.314376457966536549e+01
9.351746000000000000e+06 4.274712374224164790e+01
9.469991000000000000e+06 4.220129776223058116e+01
9.586360000000000000e+06 4.173087911345551504e+01
9.703038000000000000e+06 4.140767713162617980e+01
9.820997000000000000e+06 4.113579287649384497e+01
9.942365000000000000e+06 4.104898898365611615e+01
1.005966700000000000e+07 4.051903611640565117e+01
1.017947900000000000e+07 3.999600492533600971e+01
1.029468300000000000e+07 3.977686648446045581e+01
1.041338600000000000e+07 3.952123504820097111e+01
1.053171800000000000e+07 3.916091189013690865e+01
1.064982500000000000e+07 3.896939580331064690e+01
1.076536600000000000e+07 3.911335411083341995e+01
1.088519300000000000e+07 3.867856495774367431e+01
1.100127700000000000e+07 3.845221950418177670e+01
1.112212800000000000e+07 3.827160446501246582e+01
1.124081000000000000e+07 3.810159888832657060e+01
1.135975600000000000e+07 3.789293221906648057e+01
1.148025600000000000e+07 3.759903665621310154e+01
1.159704500000000000e+07 3.741047332788766511e+01
1.171623600000000000e+07 3.734529358601069760e+01
1.183399900000000000e+07 3.715046808650776455e+01
1.195212900000000000e+07 3.700039484624303299e+01
1.207101300000000000e+07 3.693949538182145176e+01
1.218691600000000000e+07 3.675830701789998756e+01
1.230776300000000000e+07 3.656641799277529969e+01
1.242472000000000000e+07 3.641129790570440150e+01
1.254314200000000000e+07 3.614289536123898472e+01
1.266101400000000000e+07 3.624544969306907660e+01
1.277861600000000000e+07 3.607736754110825217e+01
1.289859100000000000e+07 3.605809504120891518e+01
1.301857700000000000e+07 3.578885893243491978e+01
1.313770400000000000e+07 3.562521132010189007e+01
1.325447200000000000e+07 3.551838946035950784e+01
1.337317800000000000e+07 3.536113547842234084e+01
1.349457800000000000e+07 3.520558662135530881e+01
1.361344800000000000e+07 3.513851060914255697e+01
1.373137600000000000e+07 3.487967908389192218e+01
1.384902600000000000e+07 3.467766554776051890e+01
1.396721300000000000e+07 3.431395717070198970e+01
1.408426400000000000e+07 3.414825937801091271e+01
1.420229000000000000e+07 3.403967116232028900e+01
1.431817200000000000e+07 3.385707331172915246e+01
1.443367500000000000e+07 3.379521343336905659e+01
1.455111000000000000e+07 3.350370881604266060e+01
1.467024800000000000e+07 3.337646604605215117e+01
1.478653500000000000e+07 3.346640526908862512e+01
1.490309400000000000e+07 3.329073772595261715e+01
1.502093000000000000e+07 3.330667390742297584e+01
1.513843300000000000e+07 3.322154405757704865e+01
1.525805700000000000e+07 3.310126736063258335e+01
1.537353000000000000e+07 3.289256425576726173e+01
1.549443600000000000e+07 3.290316071310894586e+01
1.561170600000000000e+07 3.285642875537934771e+01
1.572818600000000000e+07 3.279079389605485773e+01
1.584631400000000000e+07 3.278790654254947157e+01
1.596116400000000000e+07 3.280145953239545520e+01
1.608073400000000000e+07 3.299277864591701359e+01
1.619642400000000000e+07 3.278620277068949207e+01
1.631610100000000000e+07 3.258588696036664345e+01
1.643457300000000000e+07 3.237539659464763986e+01
1.655280300000000000e+07 3.210756200568887664e+01
1.666995300000000000e+07 3.195097873608397165e+01
1.678963100000000000e+07 3.187080794402512751e+01
1.690724600000000000e+07 3.184837014826126023e+01
1.702508900000000000e+07 3.165711164440891068e+01
1.714496300000000000e+07 3.173241738069080853e+01
1.726289900000000000e+07 3.178407882339705282e+01
1.738054000000000000e+07 3.186541219390880642e+01
1.750070300000000000e+07 3.176360919701323837e+01
1.762075500000000000e+07 3.165032365932045977e+01
1.773647400000000000e+07 3.162267425777377028e+01
1.785893800000000000e+07 3.178584725667688460e+01
1.798067700000000000e+07 3.177378104224787236e+01
1.809757300000000000e+07 3.162056595888637389e+01
1.821665300000000000e+07 3.152394240462981756e+01
1.833821100000000000e+07 3.131985813525576035e+01
1.845857500000000000e+07 3.146132610296371368e+01
1.857496000000000000e+07 3.134700612409534415e+01
1.869505700000000000e+07 3.143375699715078753e+01
1.881419700000000000e+07 3.124783799070988266e+01
1.893396000000000000e+07 3.098866774314280548e+01
1.905428100000000000e+07 3.082416110495951145e+01
1.917208500000000000e+07 3.074217479142518883e+01
1.929011500000000000e+07 3.075075024659598100e+01
1.940703300000000000e+07 3.044756652344432268e+01
1.952482200000000000e+07 3.044121514604540835e+01
1.964293700000000000e+07 3.025003376183194703e+01
1.976152600000000000e+07 3.011832826278598674e+01
1.987960300000000000e+07 3.025548867019378463e+01
1.999948100000000000e+07 3.032147770419857835e+01
2.011599700000000000e+07 3.027033755773251755e+01
2.023126600000000000e+07 3.015794298371657689e+01
2.035326200000000000e+07 3.017360395777995308e+01
2.046969400000000000e+07 3.002849023655723215e+01
2.058729200000000000e+07 2.958047320726287666e+01
2.070585600000000000e+07 2.940771297860502997e+01
2.082445900000000000e+07 2.909799242058315016e+01
2.094349100000000000e+07 2.903732975019963192e+01
2.106275500000000000e+07 2.913743671959203141e+01
2.118288000000000000e+07 2.907190466084725955e+01
2.130226100000000000e+07 2.895184937457763041e+01
2.142015000000000000e+07 2.890139642665354813e+01
2.154029800000000000e+07 2.877723316086977690e+01
2.165913500000000000e+07 2.870737007753800185e+01
2.177669500000000000e+07 2.864862959517402174e+01
2.189680600000000000e+07 2.864897936453891347e+01
2.201716400000000000e+07 2.864068117439499872e+01
2.213523900000000000e+07 2.844338606441455752e+01
2.225314800000000000e+07 2.827336025964058663e+01
2.237332400000000000e+07 2.837634446152850387e+01
2.249206500000000000e+07 2.826000597283487181e+01
2.260869600000000000e+07 2.809926430110522233e+01
2.272728600000000000e+07 2.805006971039243879e+01
2.284384600000000000e+07 2.791127577485546141e+01
2.296036300000000000e+07 2.776802803852564949e+01
2.307789300000000000e+07 2.771888723121168852e+01
2.319760600000000000e+07 2.763984286416809510e+01
2.331622000000000000e+07 2.782107760486005432e+01
2.343582500000000000e+07 2.778126915905587424e+01
2.355335600000000000e+07 2.769410627256385027e+01
2.367027100000000000e+07 2.761679445160848445e+01
2.378954000000000000e+07 2.740474546666277078e+01
2.390872900000000000e+07 2.724061654163634572e+01
2.402877600000000000e+07 2.724504240153009604e+01
2.414677600000000000e+07 2.722259266199756311e+01
2.426500400000000000e+07 2.728603200770258397e+01
2.438376300000000000e+07 2.717550281606808937e+01
2.450098500000000000e+07 2.710535174964679683e+01
2.461670900000000000e+07 2.716628781370286205e+01
2.473294100000000000e+07 2.703128105033802342e+01
2.485127500000000000e+07 2.709613339453055403e+01
2.497033600000000000e+07 2.698315225405737294e+01
2.509149400000000000e+07 2.679048544620490091e+01
2.520985900000000000e+07 2.663549389291377878e+01
2.532872900000000000e+07 2.650384995365700647e+01
2.544810500000000000e+07 2.651363359110708018e+01
2.556430900000000000e+07 2.638766275779375547e+01
2.568387900000000000e+07 2.637707453986496375e+01
2.580190300000000000e+07 2.640456370627205729e+01
2.592017900000000000e+07 2.630981875320125596e+01
2.603689000000000000e+07 2.615903913223629118e+01
2.615543000000000000e+07 2.613640668490525343e+01
2.627258700000000000e+07 2.607933295834298804e+01
2.639068900000000000e+07 2.599221154246530929e+01
2.651089900000000000e+07 2.597633797438783176e+01
2.662681100000000000e+07 2.591415971486308578e+01
2.674596100000000000e+07 2.586254242850214169e+01
2.686341000000000000e+07 2.581305819126960088e+01
2.698440900000000000e+07 2.581605644797626198e+01
2.710303400000000000e+07 2.569868294283382326e+01
2.722318200000000000e+07 2.567832107147284404e+01
2.733868400000000000e+07 2.562928746792515966e+01
2.745494900000000000e+07 2.548858986435109841e+01
2.757675900000000000e+07 2.529854517649874523e+01
2.769742300000000000e+07 2.522934445103444645e+01
2.781559400000000000e+07 2.512258728634016336e+01
2.793425200000000000e+07 2.511028111045183664e+01
2.805118700000000000e+07 2.505597083971388628e+01
2.816764900000000000e+07 2.507486496942439302e+01
2.828533900000000000e+07 2.505122642844758118e+01
2.840266200000000000e+07 2.492708021725716350e+01
2.852022100000000000e+07 2.490801161519859974e+01
2.863919000000000000e+07 2.486188097802208574e+01
2.876007600000000000e+07 2.471127020173789290e+01
2.887828400000000000e+07 2.464357221054549285e+01
2.899733100000000000e+07 2.466685885233172826e+01
2.911520500000000000e+07 2.441732793709065419e+01
2.923338500000000000e+07 2.442699584314738459e+01
2.934868200000000000e+07 2.428723335027616770e+01
2.946362800000000000e+07 2.435182439436501767e+01
2.958419300000000000e+07 2.431475500489682773e+01
2.969716500000000000e+07 2.429857273144716601e+01
2.981584500000000000e+07 2.423294510022494208e+01
2.993077100000000000e+07 2.413166837024672162e+01
3.004966900000000000e+07 2.408195093235942608e+01
3.016734000000000000e+07 2.410542890220275325e+01
3.028749500000000000e+07 2.413796942856586369e+01
3.040494500000000000e+07 2.410705777755470081e+01
3.052225000000000000e+07 2.417330214345403050e+01
3.063939100000000000e+07 2.406330774815414131e+01
3.075736200000000000e+07 2.395632627124171776e+01
3.087731700000000000e+07 2.385819634460963812e+01
3.099300800000000000e+07 2.390033741499873443e+01
3.111307600000000000e+07 2.397183278476457602e+01
3.123484000000000000e+07 2.392476378950544458e+01
3.135336100000000000e+07 2.381094862872987861e+01
3.147200000000000000e+07 2.382004819819641739e+01
3.159120900000000000e+07 2.379991852176087264e+01
3.171060900000000000e+07 2.383901347206068877e+01
3.182950700000000000e+07 2.380412047559551780e+01
3.194934600000000000e+07 2.376177219651629002e+01
3.206894600000000000e+07 2.361427802083281691e+01
3.218938400000000000e+07 2.364403097978651758e+01
3.231031000000000000e+07 2.363298304147175699e+01
3.242826800000000000e+07 2.355086004174921754e+01
3.254978900000000000e+07 2.364935187855270016e+01
3.266647400000000000e+07 2.361691536578181427e+01
3.278647200000000000e+07 2.349491370118830602e+01
3.290639100000000000e+07 2.351560106766172353e+01
3.302550700000000000e+07 2.337365273886247863e+01
3.314011100000000000e+07 2.343118745151142690e+01
3.325827500000000000e+07 2.349204073079108568e+01
3.337862100000000000e+07 2.347279848948961245e+01
3.349700100000000000e+07 2.346168750464814678e+01
3.361686800000000000e+07 2.327602078718386736e+01
3.373607600000000000e+07 2.323002120288352046e+01
3.385672300000000000e+07 2.315442360491682905e+01
3.397332000000000000e+07 2.314191660158999753e+01
3.409328100000000000e+07 2.304959982572613342e+01
3.421141200000000000e+07 2.291178707109483526e+01
3.433463600000000000e+07 2.290680116109638575e+01
3.445292600000000000e+07 2.285794644554058763e+01
3.457366300000000000e+07 2.274949785693694793e+01
3.469354600000000000e+07 2.276161559031385906e+01
3.480920400000000000e+07 2.271563656483233373e+01
3.492628700000000000e+07 2.273296710133087828e+01
3.504375000000000000e+07 2.271775134342828295e+01
3.516089600000000000e+07 2.287891552823712260e+01
3.527914400000000000e+07 2.289861575209864242e+01
3.539796200000000000e+07 2.284350096152984477e+01
3.551531200000000000e+07 2.273885533947352400e+01
3.563313500000000000e+07 2.275560598774545440e+01
3.575197400000000000e+07 2.273734652395729938e+01
3.587236900000000000e+07 2.280415071952197437e+01
3.599158000000000000e+07 2.268503221123080849e+01
3.611080100000000000e+07 2.276044525027428733e+01
3.623069400000000000e+07 2.280103835154453407e+01
3.635048100000000000e+07 2.270931969600009381e+01
3.646858500000000000e+07 2.259851555649865418e+01
3.658456000000000000e+07 2.261736702874047822e+01
3.670466500000000000e+07 2.255592073811456189e+01
3.682096100000000000e+07 2.254689419296487785e+01
3.693936400000000000e+07 2.246492256526383358e+01
3.705753900000000000e+07 2.239870054012163791e+01
3.717022700000000000e+07 2.224824920469849587e+01
3.728770300000000000e+07 2.225019201593301688e+01
3.740225300000000000e+07 2.222620075213415447e+01
3.752205500000000000e+07 2.219296680008043765e+01
3.764014800000000000e+07 2.212280108977874704e+01
3.775780800000000000e+07 2.201629220474728044e+01
3.787396500000000000e+07 2.195731820814479107e+01
3.799116200000000000e+07 2.183508742608552922e+01
3.810816300000000000e+07 2.178383085596048119e+01
3.822789000000000000e+07 2.169593970709597386e+01
3.834127000000000000e+07 2.162474190609182401e+01
3.846207800000000000e+07 2.163794106468444767e+01
3.857830600000000000e+07 2.166176189625125659e+01
3.869335800000000000e+07 2.161867170261047022e+01
3.881494800000000000e+07 2.153108310863046881e+01
3.893409700000000000e+07 2.150704184899105442e+01
3.905170900000000000e+07 2.148370889886704660e+01
3.916957100000000000e+07 2.144705338266100725e+01
3.929401600000000000e+07 2.145099142501646483e+01
3.941238000000000000e+07 2.136109164327805487e+01
3.953145300000000000e+07 2.137311446380814672e+01
3.965201800000000000e+07 2.134014633209303113e+01
3.976832600000000000e+07 2.127010369840940029e+01
3.988948900000000000e+07 2.121293135456843615e+01
4.000829200000000000e+07 2.115320092061953261e+01
4.012602600000000000e+07 2.110230629128894009e+01
4.024422500000000000e+07 2.107314933644520139e+01
4.036216800000000000e+07 2.113312129405781192e+01
4.048020400000000000e+07 2.115961701994688937e+01
4.059700700000000000e+07 2.115766475529887813e+01
4.071732700000000000e+07 2.118321572680478226e+01
4.083587900000000000e+07 2.111183009678463307e+01
4.095300900000000000e+07 2.111193930202471591e+01
4.107433900000000000e+07 2.109507904528500077e+01
4.119196500000000000e+07 2.104073630988286681e+01
4.131106800000000000e+07 2.100601857860359090e+01
4.142977200000000000e+07 2.101526031071019673e+01
4.154918400000000000e+07 2.105706936557194808e+01
4.166692200000000000e+07 2.102608344688145436e+01
4.178775200000000000e+07 2.100760227693762161e+01
4.190593300000000000e+07 2.095239407417756183e+01
4.202603400000000000e+07 2.083366363686807432e+01
4.214436000000000000e+07 2.073989632628063617e+01
4.226021000000000000e+07 2.070461817234265212e+01
4.237535000000000000e+07 2.077820138224900859e+01
4.249339600000000000e+07 2.068937371206244435e+01
4.261090700000000000e+07 2.073732980179723739e+01
4.272890400000000000e+07 2.077319015446674655e+01
4.284531200000000000e+07 2.075655233800392097e+01
4.296204700000000000e+07 2.072916049225846180e+01
4.307874100000000000e+07 2.067411211477907074e+01
4.319697200000000000e+07 2.068664731666317635e+01
4.331776300000000000e+07 2.066588161540379787e+01
4.343681800000000000e+07 2.067900854706305580e+01
4.355867500000000000e+07 2.063829442941795378e+01
4.367457600000000000e+07 2.061980412400056650e+01
4.379180500000000000e+07 2.055986204468534595e+01
4.391185500000000000e+07 2.049927302290663178e+01
4.403014800000000000e+07 2.047176496774831378e+01
4.414611000000000000e+07 2.041665050054646002e+01
4.426025000000000000e+07 2.042501807755719057e+01
4.438115900000000000e+07 2.039714951998567116e+01
4.449834300000000000e+07 2.037429324367380445e+01
4.461509000000000000e+07 2.025307812938092411e+01
4.473375400000000000e+07 2.022049310931107513e+01
4.485452500000000000e+07 2.017598413244737543e+01
4.497460800000000000e+07 2.015091937760242402e+01
4.509745900000000000e+07 2.008753813416353395e+01
4.521530900000000000e+07 2.002645655023315996e+01
4.533098800000000000e+07 1.997356585659605344e+01
4.545319900000000000e+07 1.995364838455885348e+01
4.557117600000000000e+07 1.997127138014589320e+01
4.568686500000000000e+07 2.000084669809375271e+01
4.580615200000000000e+07 1.994576769287652596e+01
4.592473800000000000e+07 1.992004184817502477e+01
4.604617500000000000e+07 1.989548605754990618e+01
4.616249400000000000e+07 1.990728831054306625e+01
4.628288200000000000e+07 1.986016138552989574e+01
4.640102900000000000e+07 1.984886709645494562e+01
4.651620900000000000e+07 1.982767962423735852e+01
4.663595500000000000e+07 1.977488161263043054e+01
4.674928600000000000e+07 1.973771809533990051e+01
4.686457000000000000e+07 1.970389504031283678e+01
4.698266000000000000e+07 1.957680029139777034e+01
4.710114500000000000e+07 1.954827113976491404e+01
4.722202600000000000e+07 1.947791716518727867e+01
4.734269700000000000e+07 1.945495903328108511e+01
4.746252700000000000e+07 1.940285002620837673e+01
4.758180200000000000e+07 1.934874902677854180e+01
4.770111500000000000e+07 1.936821946569518005e+01
4.781880700000000000e+07 1.937294093645743587e+01
4.793770100000000000e+07 1.933891814315611057e+01
4.805440800000000000e+07 1.925860727024115349e+01
4.817323700000000000e+07 1.927356555913789649e+01
4.829283100000000000e+07 1.925847993341440656e+01
4.841539800000000000e+07 1.918819248356325957e+01
4.853363200000000000e+07 1.920515167282994540e+01
4.865105000000000000e+07 1.914645472443287133e+01
4.877243000000000000e+07 1.907836557301284586e+01
4.889167600000000000e+07 1.909274548585090514e+01
4.901005400000000000e+07 1.913039629503715489e+01
4.912975300000000000e+07 1.911373501338651337e+01
4.924433900000000000e+07 1.910051731902145278e+01
4.935960300000000000e+07 1.902175343729617651e+01
4.947765900000000000e+07 1.898183789096745855e+01
4.959399800000000000e+07 1.892733190589047609e+01
4.971424400000000000e+07 1.900797366243073228e+01
4.983487800000000000e+07 1.887092988265295901e+01
4.995454300000000000e+07 1.884619543625920812e+01
5.007264400000000000e+07 1.876900604086587165e+01
5.018711500000000000e+07 1.869493747537796935e+01
5.030568800000000000e+07 1.863271995194996222e+01
5.042328800000000000e+07 1.860399834643787642e+01
5.054154800000000000e+07 1.860064471378774087e+01
5.066006400000000000e+07 1.861826631698846413e+01
5.077661900000000000e+07 1.862080463784501916e+01
5.089516500000000000e+07 1.855786464528803137e+01
5.101175200000000000e+07 1.857630345475366695e+01
5.113084100000000000e+07 1.847164961041632836e+01
5.124985000000000000e+07 1.847318048080595076e+01
5.136647100000000000e+07 1.839361810661902297e+01
5.148360300000000000e+07 1.843768227954863903e+01
5.160298100000000000e+07 1.842271812278869803e+01
5.172265900000000000e+07 1.838978231143236286e+01
5.184300400000000000e+07 1.837715880825933112e+01
5.195825300000000000e+07 1.839766707925176803e+01
5.207774700000000000e+07 1.838213959757245775e+01
5.219938400000000000e+07 1.834538514258515107e+01
5.232009500000000000e+07 1.827552688423733329e+01
5.243951600000000000e+07 1.825963788127084797e+01
5.255541200000000000e+07 1.825342781258240876e+01
5.267130100000000000e+07 1.819663392291175441e+01
5.279168200000000000e+07 1.819943664645898096e+01
5.290979600000000000e+07 1.821269334191582701e+01
5.303032200000000000e+07 1.820545798491766476e+01
5.314820300000000000e+07 1.821477508384885979e+01
5.326816100000000000e+07 1.815220773754033345e+01
5.338554500000000000e+07 1.814848713338445663e+01
5.350470700000000000e+07 1.809384648941533413e+01
5.362133800000000000e+07 1.807211783611347400e+01
5.373703100000000000e+07 1.803589802180442803e+01
5.385567200000000000e+07 1.799969152287802387e+01
5.397497700000000000e+07 1.794609655943570559e+01
5.409383600000000000e+07 1.790760089573184644e+01
5.421293900000000000e+07 1.789650415404264550e+01
5.433014800000000000e+07 1.787838628614256109e+01
5.444949500000000000e+07 1.790355198026088601e+01
5.457010400000000000e+07 1.790608362903346062e+01
5.468545800000000000e+07 1.789506293847977858e+01
5.480411900000000000e+07 1.786122919419401001e+01
5.492263300000000000e+07 1.786599357247670383e+01
5.503886900000000000e+07 1.782189959093232545e+01
5.515383600000000000e+07 1.786636469992132348e+01
5.527160400000000000e+07 1.783263534262786365e+01
5.539411400000000000e+07 1.784150385527216187e+01
5.551263800000000000e+07 1.784582886271740421e+01
5.563050500000000000e+07 1.785526892457284021e+01
5.575018300000000000e+07 1.781958007257479792e+01
5.586783200000000000e+07 1.783259389361142411e+01
5.598554100000000000e+07 1.782461275578748428e+01
5.610461000000000000e+07 1.776484397750130384e+01
5.622637900000000000e+07 1.775454043459295406e+01
5.634483900000000000e+07 1.775378672989743478e+01
5.646294400000000000e+07 1.775651959224446941e+01
5.658310300000000000e+07 1.775150695889285757e+01
5.670058700000000000e+07 1.776005758909916921e+01
5.681950200000000000e+07 1.779213581936335231e+01
5.693530000000000000e+07 1.782637340015433125e+01
5.705353200000000000e+07 1.778228739693901161e+01
5.716964600000000000e+07 1.781047099343495788e+01
5.728520000000000000e+07 1.774967626977930024e+01
5.740143200000000000e+07 1.771122876307831717e+01
5.751940900000000000e+07 1.768389353958168542e+01
5.763508000000000000e+07 1.767652236124555287e+01
5.775482400000000000e+07 1.765663661468153478e+01
5.787326400000000000e+07 1.764266710046430831e+01
5.799388700000000000e+07 1.758542184081959547e+01
5.811422400000000000e+07 1.754297369760310943e+01
5.823075100000000000e+07 1.754811561804771358e+01
5.835016000000000000e+07 1.756731421097683565e+01
5.846963100000000000e+07 1.750673951741477552e+01
5.859196300000000000e+07 1.749417043412454120e+01
5.871107500000000000e+07 1.751800570829569992e+01
5.883355000000000000e+07 1.752667131913281295e+01
5.895239900000000000e+07 1.755189800076165696e+01
5.907185300000000000e+07 1.753920917901361065e+01
5.919283400000000000e+07 1.747832525431254780e+01
5.931097100000000000e+07 1.746226957240660838e+01
5.942764000000000000e+07 1.745769269816608826e+01
5.954783900000000000e+07 1.741446496484890716e+01
5.966569100000000000e+07 1.737355332355227588e+01
5.978508500000000000e+07 1.738581709115432972e+01
5.990507400000000000e+07 1.738297049017428364e+01
6.002189900000000000e+07 1.739579953179406857e+01
6.013775800000000000e+07 1.740417519677430036e+01
6.025969000000000000e+07 1.736669438772303309e+01
6.037984200000000000e+07 1.735239271537629691e+01
6.049613900000000000e+07 1.737447706948667303e+01
6.061423600000000000e+07 1.736147666807191925e+01
6.073287700000000000e+07 1.738288868562411693e+01
6.085291600000000000e+07 1.734713380215720591e+01
6.097306000000000000e+07 1.732510319508224228e+01
6.109105000000000000e+07 1.732463604826028813e+01
6.120938100000000000e+07 1.730342301282382778e+01
6.132766800000000000e+07 1.726999459378780344e+01
6.144444400000000000e+07 1.731568341953820678e+01
6.156088600000000000e+07 1.727295149648695016e+01
6.167616200000000000e+07 1.729088975292610542e+01
6.179377700000000000e+07 1.728021481383751734e+01
6.191419900000000000e+07 1.722689264090370642e+01
6.202883700000000000e+07 1.725931053647629554e+01
6.214900200000000000e+07 1.721145527793881769e+01
6.226704600000000000e+07 1.719781773459601126e+01
6.238503900000000000e+07 1.716258482872052227e+01
6.250131400000000000e+07 1.712835054566871662e+01
6.261709600000000000e+07 1.711414337856038159e+01
6.273700000000000000e+07 1.712170791195165265e+01
6.285821000000000000e+07 1.708735353169765503e+01
6.297589500000000000e+07 1.710155053112910650e+01
6.309490000000000000e+07 1.709875103899534921e+01
6.321255100000000000e+07 1.710107088450520152e+01
6.333249600000000000e+07 1.707126767434930059e+01
6.344865800000000000e+07 1.704681756732483677e+01
6.356781300000000000e+07 1.698554441950875571e+01
6.368412100000000000e+07 1.695766099385024006e+01
6.379978500000000000e+07 1.692832580142296095e+01
6.392008000000000000e+07 1.695404531317880270e+01
6.404096600000000000e+07 1.692644427483707759e+01
6.415878100000000000e+07 1.689011548936851881e+01
6.427630100000000000e+07 1.684204620248940287e+01
6.439398300000000000e+07 1.680973353804482784e+01
6.451288400000000000e+07 1.679178404997333018e+01
6.463412700000000000e+07 1.680190911209369631e+01
6.475562500000000000e+07 1.680866019196490768e+01
6.487226500000000000e+07 1.680952739049657652e+01
6.499259300000000000e+07 1.677310523757013172e+01
6.511020700000000000e+07 1.673560942023114251e+01
6.522954700000000000e+07 1.672092741488807732e+01
6.534799300000000000e+07 1.667591404423334467e+01
6.546742700000000000e+07 1.665418630691297608e+01
6.558466900000000000e+07 1.663331096802065545e+01
6.570191300000000000e+07 1.665389983352015335e+01
6.582406600000000000e+07 1.668269872712151525e+01
6.594127900000000000e+07 1.668026640856936993e+01
6.606088000000000000e+07 1.667809330716636396e+01
6.617726600000000000e+07 1.663649053746115669e+01
6.629599600000000000e+07 1.661547244774461873e+01
6.641479600000000000e+07 1.659652245602579512e+01
6.653449900000000000e+07 1.662363315408859421e+01
6.665209400000000000e+07 1.661790691669146725e+01
6.677132100000000000e+07 1.660700033786480390e+01
6.688628000000000000e+07 1.659195394926998546e+01
6.700474100000000000e+07 1.659844536394475156e+01
6.712442800000000000e+07 1.656874187378477714e+01
6.724347400000000000e+07 1.653598951351857238e+01
6.736154600000000000e+07 1.651218037124013094e+01
6.748221200000000000e+07 1.650690356898874711e+01
6.760607600000000000e+07 1.653364578216765324e+01
6.772505700000000000e+07 1.649386315655340596e+01
6.784433500000000000e+07 1.648970095658517820e+01
6.796166500000000000e+07 1.647425774801998699e+01
6.808362300000000000e+07 1.644173395973733776e+01
6.820199500000000000e+07 1.641661634622867538e+01
6.832165300000000000e+07 1.637957311984462905e+01
6.844059700000000000e+07 1.633139110602256139e+01
6.855950500000000000e+07 1.631039604668624676e+01
6.867748000000000000e+07 1.633720204305297941e+01
6.879268500000000000e+07 1.633696291373635034e+01
6.890823500000000000e+07 1.631878353279164529e+01
6.902646400000000000e+07 1.625532301133993940e+01
6.914654100000000000e+07 1.621850413380727574e+01
6.926427200000000000e+07 1.618745029922591172e+01
6.938074300000000000e+07 1.615349914368002970e+01
6.949516200000000000e+07 1.612728298866564458e+01
6.961167000000000000e+07 1.611161939587429615e+01
6.972618700000000000e+07 1.608015066739302767e+01
6.984488000000000000e+07 1.607653963154732324e+01
6.996126000000000000e+07 1.602230192595922631e+01
7.007904000000000000e+07 1.602350094618319076e+01
7.019506700000000000e+07 1.602519899710664930e+01
7.031376500000000000e+07 1.599768366905849248e+01
7.043504100000000000e+07 1.599971596503461946e+01
7.055086800000000000e+07 1.601014006319539362e+01
7.066819400000000000e+07 1.600377491959504539e+01
7.078493700000000000e+07 1.599492010548827281e+01
7.090300800000000000e+07 1.600070327150497462e+01
7.102131200000000000e+07 1.602170768338090667e+01
7.114078700000000000e+07 1.601343555595345691e+01
7.126110200000000000e+07 1.600969739364371591e+01
7.137917900000000000e+07 1.599539491753048281e+01
7.149731500000000000e+07 1.593373799399594049e+01
7.161620200000000000e+07 1.593964339363704319e+01
7.173509100000000000e+07 1.591935049554036929e+01
7.185272000000000000e+07 1.590718241684247758e+01
7.197106900000000000e+07 1.593523248864248032e+01
7.209114200000000000e+07 1.590990236743048314e+01
7.220650800000000000e+07 1.590358136406550216e+01
7.232395900000000000e+07 1.589199941074908828e+01
7.244388900000000000e+07 1.586017427801939839e+01
7.256283900000000000e+07 1.583960497698896219e+01
7.268074000000000000e+07 1.585562505759083507e+01
7.279675300000000000e+07 1.585025079696118944e+01
7.291454700000000000e+07 1.585287940708357013e+01
7.303367300000000000e+07 1.583092672688350966e+01
7.314794300000000000e+07 1.583124234568089861e+01
7.326615200000000000e+07 1.581621533193698070e+01
7.338193200000000000e+07 1.583777552850670745e+01
7.350221700000000000e+07 1.581845821556922971e+01
7.361758200000000000e+07 1.577192057532615621e+01
7.373677800000000000e+07 1.575725024902729210e+01
7.385694200000000000e+07 1.571739046138951501e+01
7.397629500000000000e+07 1.571023274006421033e+01
7.409665700000000000e+07 1.569197922745659568e+01
7.421348000000000000e+07 1.567432954826894687e+01
7.433401000000000000e+07 1.564947733112452433e+01
7.445126800000000000e+07 1.563351313783815932e+01
7.456962000000000000e+07 1.561719920086918911e+01
7.468474100000000000e+07 1.558821265795105759e+01
7.480259500000000000e+07 1.556817087435473290e+01
7.491871900000000000e+07 1.557652870619308416e+01
7.503778800000000000e+07 1.552302000739333288e+01
7.515757900000000000e+07 1.548830564939680521e+01
7.527584800000000000e+07 1.549200538630008417e+01
7.539571000000000000e+07 1.545416119687374668e+01
7.551188400000000000e+07 1.544958335285675943e+01
7.563233800000000000e+07 1.543902937914905671e+01
7.575033700000000000e+07 1.540659785176677588e+01
7.586929900000000000e+07 1.536738177321433163e+01
7.598730400000000000e+07 1.532472360087448493e+01
7.610576400000000000e+07 1.531511212347554007e+01
7.622396700000000000e+07 1.530020951875680169e+01
7.633881700000000000e+07 1.531249829284945640e+01
7.645973500000000000e+07 1.529710165242440922e+01
7.658088300000000000e+07 1.528168528821395888e+01
7.669796000000000000e+07 1.527647238669069374e+01
7.681532000000000000e+07 1.525848243335017784e+01
7.693451900000000000e+07 1.526321112517244671e+01
7.705425300000000000e+07 1.526359334672752333e+01
7.717293000000000000e+07 1.524025795194381239e+01
7.729112700000000000e+07 1.522398633738110263e+01
7.740911600000000000e+07 1.522078769066366988e+01
7.752738200000000000e+07 1.522766663548169319e+01
7.764498200000000000e+07 1.523000252117003583e+01
7.776164700000000000e+07 1.525368998749813088e+01
7.788156000000000000e+07 1.525600671162793454e+01
7.800224500000000000e+07 1.525508826903569037e+01
7.812128500000000000e+07 1.525070046764082043e+01
7.824045100000000000e+07 1.524992780863924757e+01
7.836076100000000000e+07 1.526675708583350222e+01
7.848171800000000000e+07 1.526335340236437332e+01
7.859691900000000000e+07 1.522042712839106571e+01
7.871570900000000000e+07 1.518546879654283899e+01
7.883436100000000000e+07 1.515548452418580716e+01
7.895277800000000000e+07 1.516016602869681940e+01
7.907086400000000000e+07 1.514357782220526794e+01
7.919125100000000000e+07 1.511294207907737430e+01
7.930978000000000000e+07 1.507828395159883605e+01
7.942917200000000000e+07 1.509642029820349229e+01
7.954716400000000000e+07 1.510784191028076506e+01
7.966348600000000000e+07 1.508582912097219264e+01
7.978021200000000000e+07 1.504544489461543044e+01
7.990016900000000000e+07 1.501603664914335212e+01
8.002191400000000000e+07 1.498082858122679184e+01
8.014260700000000000e+07 1.499023523747384701e+01
8.025858400000000000e+07 1.498858265540172319e+01
8.037424800000000000e+07 1.499072641739838119e+01
8.049264800000000000e+07 1.497097901774512607e+01
8.061172900000000000e+07 1.497342014501530194e+01
8.073140800000000000e+07 1.497544089865084160e+01
8.084783500000000000e+07 1.499701427721866054e+01
8.096520700000000000e+07 1.502174070956988849e+01
8.108517300000000000e+07 1.502923157994906944e+01
8.120432900000000000e+07 1.502421296345772994e+01
8.132136400000000000e+07 1.500961745133868774e+01
8.144101900000000000e+07 1.500271352204748965e+01
8.156090600000000000e+07 1.497477466563600856e+01
8.167885100000000000e+07 1.495672703757444033e+01
8.179874200000000000e+07 1.493099339213443777e+01
8.191331900000000000e+07 1.490151422524245994e+01
8.203041500000000000e+07 1.490663797153693082e+01
8.214887100000000000e+07 1.490578269568683112e+01
8.226603600000000000e+07 1.491318137768098850e+01
8.238357800000000000e+07 1.494439780764888681e+01
8.250226800000000000e+07 1.498072262714345548e+01
8.262060300000000000e+07 1.496202445869509035e+01
8.274007300000000000e+07 1.495252130458212747e+01
8.285735800000000000e+07 1.496365315395801332e+01
8.297322200000000000e+07 1.497195237091164444e+01
8.309450700000000000e+07 1.497006089387274308e+01
8.321361000000000000e+07 1.494413528094355037e+01
8.333033200000000000e+07 1.492594288921629442e+01
8.344909700000000000e+07 1.487949920024735384e+01
8.356762100000000000e+07 1.488290640215885219e+01
8.368659200000000000e+07 1.487746764193245319e+01
8.380524300000000000e+07 1.487804284548482414e+01
8.392436000000000000e+07 1.489162800428282196e+01
8.404146000000000000e+07 1.487864491242088150e+01
8.416096100000000000e+07 1.486537419286739947e+01
8.428010400000000000e+07 1.484645316708477836e+01
8.439531200000000000e+07 1.482170291991946698e+01
8.451443600000000000e+07 1.482308903528368660e+01
8.463090400000000000e+07 1.482629958279741444e+01
8.474864000000000000e+07 1.479767725445429782e+01
8.486264100000000000e+07 1.481393830086441277e+01
8.497963600000000000e+07 1.476555201525939864e+01
8.509530700000000000e+07 1.475535115869507408e+01
8.521343500000000000e+07 1.474472095381949543e+01
8.533343700000000000e+07 1.475462156828012894e+01
8.545038300000000000e+07 1.472412505279207195e+01
8.556879300000000000e+07 1.474039314727333405e+01
8.568798100000000000e+07 1.472557125483747065e+01
8.580474400000000000e+07 1.472688880704809122e+01
8.592392100000000000e+07 1.474842046195689171e+01
8.604255400000000000e+07 1.471653599505368959e+01
8.616518200000000000e+07 1.472733844537031800e+01
8.628368600000000000e+07 1.473550932541030001e+01
8.640308900000000000e+07 1.474212855457063576e+01
8.652208300000000000e+07 1.474168765274312776e+01
8.664101500000000000e+07 1.473878985607206538e+01
8.675905700000000000e+07 1.476828746658265068e+01
8.687815900000000000e+07 1.473116799331775617e+01
8.699733100000000000e+07 1.472396148191706367e+01
8.711533700000000000e+07 1.475328072275960167e+01
8.723496200000000000e+07 1.473041157441201676e+01
8.735171000000000000e+07 1.474964440779934449e+01
8.747090500000000000e+07 1.474524680075904648e+01
8.758936800000000000e+07 1.475263737549858334e+01
8.770804900000000000e+07 1.474279140643693253e+01
8.782502900000000000e+07 1.471241329725028457e+01
8.794311300000000000e+07 1.469684035464200633e+01
8.806109100000000000e+07 1.470655504255303470e+01
8.817898800000000000e+07 1.470882497576971559e+01
8.829944900000000000e+07 1.468440226250412550e+01
8.841741500000000000e+07 1.464868801162454126e+01
8.853494700000000000e+07 1.462309106717249918e+01
8.865305600000000000e+07 1.462326519491041488e+01
8.877306100000000000e+07 1.462972540761612983e+01
8.889394600000000000e+07 1.463154301494706644e+01
8.901211200000000000e+07 1.463439395102359519e+01
8.913056000000000000e+07 1.462117117351280626e+01
8.924744300000000000e+07 1.461711737051457760e+01
8.936738900000000000e+07 1.462914811199673437e+01
8.949138000000000000e+07 1.461725214662308581e+01
8.960871900000000000e+07 1.460081952782710601e+01
8.972259800000000000e+07 1.461081919236895565e+01
8.984373800000000000e+07 1.465184584665427714e+01
8.995934300000000000e+07 1.468283353764593713e+01
9.008182100000000000e+07 1.465041048376788879e+01
9.020150100000000000e+07 1.463223289798736459e+01
9.031659700000000000e+07 1.458935356267880756e+01
9.043619300000000000e+07 1.461503974294822150e+01
9.055606500000000000e+07 1.461362588503763860e+01
9.067394000000000000e+07 1.460437094494158750e+01
9.079066200000000000e+07 1.454566060383143622e+01
9.090706500000000000e+07 1.455521641310071779e+01
9.102586300000000000e+07 1.456701984028357799e+01
9.114612600000000000e+07 1.455310846418986515e+01
9.126270900000000000e+07 1.455423518161380869e+01
9.138298900000000000e+07 1.453945751998961988e+01
9.150262000000000000e+07 1.452362835786890471e+01
9.161776700000000000e+07 1.450165010911503849e+01
9.173891100000000000e+07 1.447478124461715332e+01
9.185443700000000000e+07 1.446094562496032410e+01
9.197261300000000000e+07 1.440364761317836795e+01
9.209103500000000000e+07 1.437588528484031691e+01
9.220963200000000000e+07 1.437319936457731373e+01
9.232710100000000000e+07 1.440896127754763256e+01
9.244275500000000000e+07 1.436585865157138109e+01
9.255925600000000000e+07 1.435202307432897051e+01
9.267719600000000000e+07 1.432572123593462265e+01
9.279618800000000000e+07 1.430265360674829367e+01
9.291551600000000000e+07 1.428516895308633039e+01
9.302994900000000000e+07 1.428805107067116609e+01
9.315092000000000000e+07 1.429051938624982121e+01
9.327153700000000000e+07 1.425948378606731026e+01
9.339332100000000000e+07 1.424090558861399636e+01
9.351053100000000000e+07 1.421966277753461227e+01
9.363128400000000000e+07 1.422119986759454235e+01
9.374998400000000000e+07 1.420374316412870641e+01
9.386722400000000000e+07 1.416972881149858310e+01
9.398824500000000000e+07 1.412044261797226241e+01
9.410560600000000000e+07 1.411024525515978567e+01
9.422393800000000000e+07 1.407145265691997338e+01
9.434374400000000000e+07 1.406785446313871546e+01
9.446293000000000000e+07 1.409677931232863024e+01
9.458127100000000000e+07 1.412252390996869877e+01
9.470154300000000000e+07 1.414203336272052880e+01
9.482036000000000000e+07 1.411723942454187330e+01
9.493980200000000000e+07 1.408273643163006206e+01
9.505655300000000000e+07 1.404395350319252422e+01
9.517639700000000000e+07 1.401403037477070512e+01
9.529408200000000000e+07 1.401571532546626209e+01
9.541349900000000000e+07 1.401096051626906380e+01
9.553006100000000000e+07 1.398607217463898778e+01
9.564775500000000000e+07 1.401705193970506969e+01
9.576410200000000000e+07 1.405789012986812914e+01
9.588263100000000000e+07 1.404870594601592693e+01
9.600165000000000000e+07 1.405274883614612413e+01
9.611811300000000000e+07 1.404173581913869207e+01
9.623343500000000000e+07 1.401633670211913163e+01
9.635352300000000000e+07 1.402694234750878799e+01
9.646811000000000000e+07 1.401712595174507925e+01
9.658810200000000000e+07 1.402782079543523786e+01
9.670761700000000000e+07 1.403184316099843976e+01
9.682767200000000000e+07 1.402767490957829466e+01
9.694521100000000000e+07 1.399799855085427680e+01
9.706674400000000000e+07 1.399399893252707550e+01
9.718855500000000000e+07 1.398373820239472209e+01
9.730895700000000000e+07 1.396728314211049948e+01
9.742686600000000000e+07 1.394917919651205551e+01
9.754681500000000000e+07 1.396542229593929108e+01
9.766756400000000000e+07 1.395936521661592167e+01
9.778765200000000000e+07 1.395127625232665380e+01
9.790394200000000000e+07 1.396830443028533608e+01
9.802160400000000000e+07 1.395512012794588763e+01
9.813914800000000000e+07 1.396590140925775181e+01
9.825532300000000000e+07 1.398334553905003119e+01
9.837780900000000000e+07 1.398233275879916171e+01
9.849655300000000000e+07 1.395248351943409482e+01
9.861664100000000000e+07 1.392943870337330203e+01
9.873511400000000000e+07 1.392499500389546618e+01
9.885276100000000000e+07 1.389086613823931593e+01
9.897134100000000000e+07 1.387523517118766136e+01
9.908822300000000000e+07 1.387037518882194753e+01
9.920528000000000000e+07 1.387006038273909958e+01
9.932158700000000000e+07 1.387575029871939236e+01
9.943803300000000000e+07 1.386303818205624339e+01
9.955808700000000000e+07 1.388738088821046190e+01
9.967424800000000000e+07 1.385154277308063087e+01
9.979220000000000000e+07 1.386269319946751111e+01
9.991000700000000000e+07 1.385051964451664830e+01
1.000298770000000000e+08 1.385633002894754462e+01
1.001470580000000000e+08 1.382075446883821535e+01
1.002641780000000000e+08 1.383856975388229316e+01
1.003845130000000000e+08 1.385597944424248595e+01
1.005010940000000000e+08 1.390650961749200221e+01
1.006183640000000000e+08 1.391204413687870201e+01
1.007357950000000000e+08 1.392483256962855265e+01
1.008545710000000000e+08 1.387688398767777898e+01
1.009731710000000000e+08 1.384561770981009055e+01
1.010918100000000000e+08 1.384007729862503666e+01
1.012095610000000000e+08 1.380748691355652369e+01
1.013268000000000000e+08 1.375064720650595085e+01
1.014458170000000000e+08 1.374594298093673750e+01
1.015667910000000000e+08 1.372785414750081401e+01
1.016868490000000000e+08 1.367229752682140642e+01
1.018087810000000000e+08 1.367347601972793214e+01
1.019312790000000000e+08 1.365050607477729017e+01
1.020511560000000000e+08 1.366083507365059901e+01
1.021711600000000000e+08 1.363144317592498389e+01
1.022869910000000000e+08 1.365152095420408429e+01
1.024034960000000000e+08 1.363796075327693202e+01
1.025214670000000000e+08 1.362937002488241944e+01
1.026385080000000000e+08 1.362615075598673364e+01
1.027604130000000000e+08 1.363629044004244051e+01
1.028788780000000000e+08 1.363593798403585211e+01
1.029961830000000000e+08 1.362046512029188250e+01
1.031109450000000000e+08 1.359987379761532722e+01
1.032275110000000000e+08 1.359813835241829771e+01
1.033466780000000000e+08 1.359955907752698323e+01
1.034657620000000000e+08 1.359305998166782814e+01
1.035835700000000000e+08 1.356651239444921053e+01
1.037035560000000000e+08 1.357136555457942251e+01
1.038232670000000000e+08 1.357218649687294842e+01
1.039414650000000000e+08 1.356719688773928389e+01
1.040615590000000000e+08 1.358455556985946622e+01
1.041815570000000000e+08 1.356674484292434713e+01
1.043014130000000000e+08 1.356219952797972184e+01
1.044184360000000000e+08 1.359029135760357399e+01
1.045377280000000000e+08 1.359142381522583776e+01
1.046593290000000000e+08 1.357278261986011891e+01
1.047755610000000000e+08 1.354445530547410570e+01
1.048947680000000000e+08 1.351303734982678684e+01
1.050112900000000000e+08 1.352211211944139713e+01
1.051283580000000000e+08 1.353270022148842600e+01
1.052491040000000000e+08 1.354051610347425516e+01
1.053661220000000000e+08 1.352286845718895592e+01
1.054796790000000000e+08 1.351764545997251155e+01
1.055953310000000000e+08 1.352426970713491805e+01
1.057112490000000000e+08 1.352914948572616893e+01
1.058291750000000000e+08 1.350325993838915117e+01
1.059502850000000000e+08 1.353752539044035430e+01
1.060688560000000000e+08 1.355594751443087453e+01
1.061880120000000000e+08 1.355582046705622368e+01
1.063087440000000000e+08 1.355355610281595169e+01
1.064281590000000000e+08 1.357310674209778334e+01
1.065469480000000000e+08 1.358088911804044230e+01
1.066674740000000000e+08 1.357194510279738608e+01
1.067834170000000000e+08 1.358975809716894823e+01
1.069034630000000000e+08 1.356938720250761143e+01
1.070201350000000000e+08 1.357343177061982509e+01
1.071383360000000000e+08 1.357265508739878257e+01
1.072548770000000000e+08 1.354622366360829844e+01
1.073749020000000000e+08 1.352958741188011871e+01
1.074933350000000000e+08 1.348717379582800646e+01
1.076104200000000000e+08 1.345427098193758653e+01
1.077276950000000000e+08 1.342902146652176931e+01
1.078459460000000000e+08 1.342235551755348233e+01
1.079662330000000000e+08 1.342237704018060640e+01
1.080850530000000000e+08 1.342162011566959556e+01
1.082026920000000000e+08 1.344159568460271004e+01
1.083223060000000000e+08 1.344581631460528826e+01
1.084444640000000000e+08 1.345454925442267502e+01
1.085624910000000000e+08 1.343090758572174082e+01
1.086807660000000000e+08 1.341260183676380535e+01
1.088017830000000000e+08 1.339872467893252228e+01
1.089192490000000000e+08 1.339528053729649848e+01
1.090378730000000000e+08 1.337748307826580252e+01
1.091569210000000000e+08 1.339770496536132427e+01
1.092742480000000000e+08 1.339330612411660226e+01
1.093942500000000000e+08 1.335775309192632676e+01
1.095120760000000000e+08 1.335111505712287361e+01
1.096307710000000000e+08 1.332354571580333946e+01
1.097504890000000000e+08 1.333886742225324973e+01
1.098679910000000000e+08 1.333460317920076932e+01
1.099891590000000000e+08 1.334466243666721752e+01
1.101062630000000000e+08 1.335684344743186713e+01
1.102221920000000000e+08 1.334023658777073962e+01
1.103424020000000000e+08 1.330112100145912457e+01
1.104571720000000000e+08 1.331716017139414987e+01
1.105745430000000000e+08 1.331991927200883197e+01
1.106944920000000000e+08 1.330916595752696452e+01
1.108131490000000000e+08 1.330173062379339477e+01
1.109301230000000000e+08 1.327618010697947781e+01
1.110472920000000000e+08 1.328297674164685205e+01
1.111675050000000000e+08 1.328933325503357210e+01
1.112851520000000000e+08 1.330956828221701294e+01
1.114025950000000000e+08 1.328901219334748873e+01
1.115236170000000000e+08 1.329962865611043199e+01
1.116417220000000000e+08 1.333264415769522593e+01
1.117601900000000000e+08 1.333560191478213319e+01
1.118787000000000000e+08 1.330440072857189548e+01
1.119951930000000000e+08 1.329906216819097153e+01
1.121141720000000000e+08 1.329383852596280846e+01
1.122323170000000000e+08 1.329499460757810780e+01
1.123530580000000000e+08 1.329030726756897884e+01
1.124711850000000000e+08 1.326275801464993442e+01
1.125903780000000000e+08 1.326790024794449252e+01
1.127113410000000000e+08 1.325160174349953124e+01
1.128296510000000000e+08 1.326782325890022918e+01
1.129460740000000000e+08 1.330148015725414545e+01
1.130605580000000000e+08 1.334129364543142060e+01
1.131793030000000000e+08 1.333208523923425126e+01
1.132971890000000000e+08 1.331607600553412141e+01
1.134151600000000000e+08 1.327776558439087751e+01
1.135363520000000000e+08 1.321928666029359434e+01
1.136530550000000000e+08 1.323386996756268807e+01
1.137686920000000000e+08 1.320470581311191438e+01
1.138853340000000000e+08 1.321466082099985861e+01
1.140062470000000000e+08 1.324757912586777842e+01
1.141253040000000000e+08 1.325988180260823590e+01
1.142451330000000000e+08 1.326183355487299664e+01
1.143666530000000000e+08 1.324108758527839136e+01
1.144844930000000000e+08 1.321107738763234174e+01
1.146059750000000000e+08 1.321111414305683951e+01
1.147238910000000000e+08 1.321481588209321067e+01
1.148434410000000000e+08 1.317136909207820494e+01
1.149651660000000000e+08 1.315222997418993423e+01
1.150832810000000000e+08 1.311774216506156243e+01
1.152026260000000000e+08 1.310743796711805231e+01
1.153236880000000000e+08 1.312365471414751994e+01
1.154419600000000000e+08 1.311108688405801637e+01
1.155600980000000000e+08 1.310776466267770779e+01
1.156784350000000000e+08 1.308205278795133708e+01
1.157982380000000000e+08 1.306758464551559484e+01
1.159171590000000000e+08 1.305329508447191245e+01
1.160340950000000000e+08 1.301173340002468315e+01
1.161530760000000000e+08 1.301965849748445159e+01
1.162709190000000000e+08 1.300380350956246645e+01
1.163858800000000000e+08 1.300981076926338176e+01
1.165037540000000000e+08 1.302712252147487959e+01
1.166203380000000000e+08 1.302627744700632384e+01
1.167359260000000000e+08 1.304096333451659184e+01
1.168552000000000000e+08 1.307206440459317420e+01
1.169739890000000000e+08 1.306783502397808761e+01
1.170923100000000000e+08 1.299759208901074459e+01
1.172111250000000000e+08 1.297756236369948724e+01
1.173300820000000000e+08 1.297130746765818010e+01
1.174521530000000000e+08 1.300679456365706699e+01
1.175700690000000000e+08 1.302520187795941808e+01
1.176874010000000000e+08 1.303411844951788723e+01
1.178047720000000000e+08 1.302650212056229329e+01
1.179219810000000000e+08 1.301284053363392701e+01
1.180386300000000000e+08 1.301149147134186990e+01
1.181564500000000000e+08 1.300937829413906144e+01
1.182781730000000000e+08 1.299019631448119583e+01
1.183966350000000000e+08 1.296028180149802367e+01
1.185146760000000000e+08 1.297561135024506740e+01
1.186320700000000000e+08 1.295679104571484075e+01
1.187516650000000000e+08 1.294411034436375374e+01
1.188710740000000000e+08 1.292431394954325263e+01
1.189856870000000000e+08 1.293936935928577370e+01
1.191024960000000000e+08 1.289865236342195232e+01
1.192200120000000000e+08 1.289710078238564961e+01
1.193419670000000000e+08 1.291094540614767894e+01
1.194637900000000000e+08 1.295874173301720056e+01
1.195814250000000000e+08 1.291647344984435186e+01
1.197013120000000000e+08 1.287449708877852927e+01
1.198187230000000000e+08 1.287359316527846786e+01
1.199386320000000000e+08 1.287844129389545778e+01
1.200558440000000000e+08 1.289771858183221731e+01
1.201757950000000000e+08 1.293402429022341948e+01
1.202910040000000000e+08 1.290249833038205018e+01
1.204074480000000000e+08 1.286822922081583975e+01
1.205258410000000000e+08 1.285800918401710646e+01
1.206437120000000000e+08 1.284945614009988191e+01
1.207620880000000000e+08 1.283810448253992043e+01
1.208782600000000000e+08 1.286702840410088200e+01
1.209953780000000000e+08 1.284398782857890886e+01
1.211146960000000000e+08 1.284277558845839096e+01
1.212330960000000000e+08 1.279107808104942023e+01
1.213517250000000000e+08 1.279275165754872035e+01
1.214695480000000000e+08 1.278625861491369520e+01
1.215876580000000000e+08 1.281466655343649563e+01
1.217063880000000000e+08 1.281307318917480487e+01
1.218250950000000000e+08 1.283890899360573634e+01
1.219434710000000000e+08 1.283120467483439242e+01
1.220624580000000000e+08 1.279986805048344500e+01
1.221792730000000000e+08 1.278474202892878964e+01
1.222946380000000000e+08 1.278349806235092601e+01
1.224158070000000000e+08 1.279659520072072176e+01
1.225344450000000000e+08 1.276986374222490284e+01
1.226515530000000000e+08 1.276487852787415456e+01
1.227673620000000000e+08 1.274980107268800467e+01
1.228862340000000000e+08 1.276295029575943296e+01
1.230051180000000000e+08 1.279246570234029434e+01
1.231214720000000000e+08 1.278130048390038098e+01
1.232409340000000000e+08 1.278943238585834763e+01
1.233586870000000000e+08 1.277684850565534447e+01
1.234768320000000000e+08 1.276090620389486574e+01
1.235959870000000000e+08 1.275599239136727725e+01
1.237146310000000000e+08 1.275980686735294078e+01
1.238330760000000000e+08 1.277426142601152392e+01
1.239537610000000000e+08 1.277916462795869279e+01
1.240729750000000000e+08 1.278201070261508221e+01
1.241935620000000000e+08 1.278443376511499885e+01
1.243134510000000000e+08 1.278481755752424220e+01
1.244340510000000000e+08 1.278710493021958783e+01
1.245534000000000000e+08 1.280785110794998438e+01
1.246695660000000000e+08 1.279932723574713194e+01
1.247887670000000000e+08 1.281950819587085455e+01
1.249062860000000000e+08 1.283106314509008072e+01
1.250241710000000000e+08 1.280960209240426906e+01
1.251423060000000000e+08 1.275921765852556078e+01
1.252617980000000000e+08 1.276664385790940415e+01
1.253819010000000000e+08 1.278853942647812403e+01
1.254978190000000000e+08 1.278830938672734163e+01
1.256161650000000000e+08 1.276797335350226170e+01
1.257335550000000000e+08 1.277675062539800876e+01
1.258520070000000000e+08 1.277308211707917174e+01
1.259706970000000000e+08 1.279582144837288382e+01
1.260899590000000000e+08 1.280372182780137891e+01
1.262096960000000000e+08 1.278947259519314628e+01
1.263294840000000000e+08 1.281700412843379588e+01
1.264478900000000000e+08 1.282983605520652937e+01
1.265646510000000000e+08 1.284454142544671384e+01
1.266836430000000000e+08 1.282418596190787063e+01
1.267997290000000000e+08 1.282475218095165737e+01
1.269205770000000000e+08 1.281255755469400981e+01
1.270419490000000000e+08 1.278070650760950322e+01
1.271640930000000000e+08 1.277146761216953408e+01
1.272840010000000000e+08 1.281414522604454831e+01
1.274036330000000000e+08 1.284655645611936947e+01
1.275195590000000000e+08 1.287663690004435857e+01
1.276372570000000000e+08 1.286785497278918911e+01
1.277567980000000000e+08 1.289765028206986663e+01
1.278730560000000000e+08 1.290056066848848815e+01
1.279914550000000000e+08 1.293663341969011782e+01
1.281121010000000000e+08 1.291480005827987121e+01
1.282310700000000000e+08 1.286102941479590811e+01
1.283458680000000000e+08 1.288050269291397498e+01
1.284660150000000000e+08 1.285227336792642916e+01
1.285868810000000000e+08 1.281976166490622049e+01
1.287030970000000000e+08 1.281350266124280246e+01
1.288242440000000000e+08 1.279129942658031638e+01
1.289408090000000000e+08 1.277194162973840541e+01
1.290553760000000000e+08 1.278483947287480227e+01
1.291752440000000000e+08 1.276907594181175476e+01
1.292964870000000000e+08 1.275175410064192327e+01
1.294151500000000000e+08 1.274674654077169933e+01
1.295309100000000000e+08 1.274770105898768335e+01
1.296501250000000000e+08 1.274298279361980946e+01
1.297704150000000000e+08 1.275403758911800445e+01
1.298902860000000000e+08 1.272516120402557327e+01
1.300081740000000000e+08 1.274682940461999792e+01
1.301298270000000000e+08 1.275266569891823742e+01
1.302481470000000000e+08 1.274124556265504360e+01
1.303672570000000000e+08 1.275202257407585194e+01
1.304865430000000000e+08 1.275699781138687072e+01
1.306043850000000000e+08 1.275385021316198753e+01
1.307221540000000000e+08 1.273429116930911142e+01
1.308406770000000000e+08 1.271949781050504313e+01
1.309585400000000000e+08 1.268859371930748026e+01
1.310746270000000000e+08 1.272104482757164057e+01
1.311929860000000000e+08 1.272222354440708258e+01
1.313130790000000000e+08 1.271322626497562958e+01
1.314335900000000000e+08 1.268849075703186102e+01
1.315497910000000000e+08 1.268486715585172853e+01
1.316699830000000000e+08 1.271435883234611097e+01
1.317895730000000000e+08 1.272710238033413788e+01
1.319054190000000000e+08 1.273185190538596778e+01
1.320241390000000000e+08 1.274018673860867246e+01
1.321420890000000000e+08 1.271923885189179515e+01
1.322597630000000000e+08 1.271725908114402159e+01
1.323776300000000000e+08 1.267105303599105248e+01
1.324958170000000000e+08 1.266127259729054266e+01
1.326123750000000000e+08 1.261039062236705455e+01
1.327311290000000000e+08 1.257323309777527953e+01
1.328504460000000000e+08 1.253611922517960053e+01
1.329641450000000000e+08 1.254394050638417646e+01
1.330842610000000000e+08 1.256001013233499108e+01
1.332014010000000000e+08 1.254473025752696635e+01
1.333173510000000000e+08 1.256000804667959514e+01
1.334359240000000000e+08 1.255433281469008655e+01
1.335547740000000000e+08 1.256290278365460189e+01
1.336729020000000000e+08 1.253569020981842819e+01
1.337918110000000000e+08 1.251586364039087940e+01
1.339095840000000000e+08 1.254256497460349884e+01
1.340257250000000000e+08 1.252408393566603273e+01
1.341453170000000000e+08 1.248741207948261334e+01
1.342622320000000000e+08 1.248149747984671620e+01
1.343821850000000000e+08 1.248365139592078954e+01
1.345016350000000000e+08 1.243188458400666363e+01
1.346225770000000000e+08 1.241785345443286026e+01
1.347413900000000000e+08 1.239459063024263585e+01
1.348563690000000000e+08 1.236993072072955613e+01
1.349735030000000000e+08 1.235045113284522955e+01
1.350897670000000000e+08 1.236229267672227472e+01
1.352042560000000000e+08 1.237235638086288603e+01
1.353227230000000000e+08 1.236250155008348273e+01
1.354417120000000000e+08 1.233401043824703969e+01
1.355565250000000000e+08 1.232004854503307989e+01
1.356701520000000000e+08 1.230869102663831072e+01
1.357861270000000000e+08 1.229751629626733944e+01
1.359028100000000000e+08 1.229841277266964283e+01
1.360216690000000000e+08 1.229492994497240765e+01
1.361392850000000000e+08 1.231258231024939853e+01
1.362560200000000000e+08 1.231982257818631687e+01
1.363742790000000000e+08 1.233708458840018807e+01
1.364919070000000000e+08 1.235430819955389303e+01
1.366078530000000000e+08 1.234248008149819142e+01
1.367302820000000000e+08 1.232696888556438175e+01
1.368498200000000000e+08 1.232548457838209011e+01
1.369678040000000000e+08 1.232536961070166726e+01
1.370863780000000000e+08 1.232741099224416104e+01
1.372053540000000000e+08 1.227711269237804537e+01
1.373226980000000000e+08 1.226614079927048451e+01
1.374429900000000000e+08 1.227531833694127883e+01
1.375614660000000000e+08 1.230736260396903248e+01
1.376818220000000000e+08 1.232941074558382688e+01
1.377996200000000000e+08 1.228939089439494659e+01
1.379217670000000000e+08 1.230007616163794282e+01
1.380404590000000000e+08 1.229648020997819202e+01
1.381581560000000000e+08 1.230567882786442979e+01
1.382766080000000000e+08 1.229407534727816298e+01
1.383942090000000000e+08 1.230551007980805700e+01
1.385108150000000000e+08 1.230657468565818746e+01
1.386265050000000000e+08 1.228114634033509489e+01
1.387416230000000000e+08 1.231481668053535650e+01
1.388596760000000000e+08 1.231724369333987212e+01
1.389809110000000000e+08 1.229403643347585984e+01
1.391021970000000000e+08 1.227709929738679051e+01
1.392214510000000000e+08 1.226609662139434320e+01
1.393399280000000000e+08 1.226169153547214030e+01
1.394605510000000000e+08 1.226244551862427556e+01
1.395801060000000000e+08 1.227444321216791501e+01
1.396994390000000000e+08 1.225682161361342182e+01
1.398156830000000000e+08 1.225889313675677883e+01
1.399323850000000000e+08 1.226169601367950790e+01
1.400525170000000000e+08 1.225696733970287866e+01
1.401710560000000000e+08 1.226158431505244373e+01
1.402900730000000000e+08 1.223502528877257589e+01
1.404066000000000000e+08 1.220767894529328146e+01
1.405256220000000000e+08 1.220528759273397768e+01
1.406426760000000000e+08 1.219042631664013676e+01
1.407619530000000000e+08 1.218904018384408694e+01
1.408797280000000000e+08 1.218723273490987502e+01
1.409996540000000000e+08 1.219653806033673682e+01
1.411205300000000000e+08 1.221324767106734122e+01
1.412391770000000000e+08 1.220852096775785256e+01
1.413536890000000000e+08 1.219767511665128801e+01
1.414711980000000000e+08 1.220646221504261320e+01
1.415897170000000000e+08 1.218661879724879604e+01
1.417062670000000000e+08 1.218188439904154308e+01
1.418229170000000000e+08 1.219422665657295113e+01
1.419415780000000000e+08 1.215779291125044281e+01
1.420580230000000000e+08 1.217298662406313348e+01
1.421768530000000000e+08 1.216344116747859694e+01
1.422932840000000000e+08 1.214444692707033191e+01
1.424128160000000000e+08 1.213412334726089448e+01
1.425303450000000000e+08 1.213575258481444230e+01
1.426467820000000000e+08 1.216257658526951069e+01
1.427680700000000000e+08 1.217425833027023607e+01
1.428874490000000000e+08 1.217196015795990505e+01
1.430044880000000000e+08 1.216483214177000960e+01
1.431235440000000000e+08 1.216988446547800251e+01
1.432457450000000000e+08 1.217051581310133912e+01
1.433644100000000000e+08 1.216248981188526557e+01
1.434830980000000000e+08 1.214344320903248509e+01
1.435986710000000000e+08 1.212763495956816229e+01
1.437188400000000000e+08 1.212442137747657966e+01
1.438336790000000000e+08 1.210432390787623902e+01
1.439511370000000000e+08 1.209571509896971442e+01
1.440726870000000000e+08 1.208857117359664457e+01
1.441902700000000000e+08 1.205355594421546783e+01
1.443105540000000000e+08 1.203034521777200183e+01
1.444253390000000000e+08 1.204003748976258414e+01
1.445466180000000000e+08 1.205221944834656256e+01
1.446667990000000000e+08 1.207461232127447204e+01
1.447843780000000000e+08 1.208210049219805882e+01
1.449029640000000000e+08 1.206532094209689632e+01
1.450203290000000000e+08 1.206558676292132226e+01
1.451395540000000000e+08 1.206704814117497371e+01
1.452553370000000000e+08 1.206784089227857670e+01
1.453755210000000000e+08 1.207040862191007768e+01
1.454926610000000000e+08 1.205980255266933909e+01
1.456092330000000000e+08 1.210139284951331362e+01
1.457295570000000000e+08 1.208325988596399903e+01
1.458466370000000000e+08 1.207264800382011494e+01
1.459617170000000000e+08 1.209190904185583015e+01
1.460816520000000000e+08 1.211374694537667196e+01
1.461992630000000000e+08 1.213779580686166071e+01
1.463173170000000000e+08 1.212994337729983130e+01
1.464377610000000000e+08 1.212323879231117019e+01
1.465562720000000000e+08 1.212315713795014638e+01
1.466778590000000000e+08 1.211669689523972870e+01
1.467965280000000000e+08 1.210609131285924711e+01
1.469110570000000000e+08 1.213952558341240362e+01
1.470277970000000000e+08 1.212791188917219465e+01
1.471453520000000000e+08 1.209819368563296926e+01
1.472620510000000000e+08 1.210263208298428239e+01
1.473826040000000000e+08 1.209598378745802627e+01
1.475010240000000000e+08 1.207742485458319415e+01
1.476206240000000000e+08 1.206264611729338654e+01
1.477376720000000000e+08 1.202514344023718351e+01
1.478543060000000000e+08 1.202090305144063187e+01
1.479717460000000000e+08 1.201864750965354744e+01
1.480877610000000000e+08 1.201155155328970636e+01
1.482054490000000000e+08 1.204180764858778829e+01
1.483264320000000000e+08 1.208181121934118174e+01
1.484411300000000000e+08 1.206371316509514635e+01
1.485577370000000000e+08 1.204741509569157643e+01
1.486784440000000000e+08 1.206720998665445777e+01
1.487958310000000000e+08 1.209543250449939578e+01
1.489158670000000000e+08 1.209840230174438780e+01
1.490324250000000000e+08 1.212695115828042169e+01
1.491483600000000000e+08 1.211112667075410698e+01
1.492644940000000000e+08 1.208936918151726303e+01
1.493822180000000000e+08 1.208616422367532550e+01
1.495016050000000000e+08 1.207151617457680004e+01
1.496172860000000000e+08 1.206796505639034223e+01
1.497340660000000000e+08 1.210363123304953881e+01
1.498508630000000000e+08 1.206416729175841951e+01
1.499718100000000000e+08 1.205594328495245193e+01
1.500913300000000000e+08 1.205227688779028661e+01
1.502106750000000000e+08 1.203325129664647619e+01
1.503257760000000000e+08 1.201239494959483878e+01
1.504399690000000000e+08 1.199740204619706496e+01
1.505592840000000000e+08 1.198841654132026591e+01
1.506752870000000000e+08 1.198800432116837378e+01
1.507935860000000000e+08 1.197844874476480825e+01
1.509111540000000000e+08 1.197741157165879855e+01
1.510319850000000000e+08 1.200533543954256643e+01
1.511513460000000000e+08 1.200079522140233479e+01
1.512686500000000000e+08 1.200039754525804447e+01
1.513874660000000000e+08 1.199216368388818132e+01
1.515035770000000000e+08 1.197743670803483163e+01
1.516221430000000000e+08 1.199102350152515406e+01
1.517397440000000000e+08 1.195327700537082727e+01
1.518581980000000000e+08 1.198525683480196236e+01
1.519807290000000000e+08 1.198577773438712768e+01
1.520987120000000000e+08 1.197143291898538209e+01
1.522185140000000000e+08 1.195962091142496675e+01
1.523357750000000000e+08 1.197246053335059024e+01
1.524536140000000000e+08 1.199719729504767507e+01
1.525708050000000000e+08 1.197388617934752020e+01
1.526887260000000000e+08 1.196098563210249210e+01
1.528053840000000000e+08 1.195605271645249701e+01
1.529242330000000000e+08 1.197817043716217356e+01
1.530426110000000000e+08 1.196489908356640264e+01
1.531619350000000000e+08 1.197386109862897818e+01
1.532807800000000000e+08 1.197525452801313861e+01
1.534022160000000000e+08 1.197002999834404058e+01
1.535223870000000000e+08 1.196489655678521657e+01
1.536409920000000000e+08 1.196549992871467438e+01
1.537612130000000000e+08 1.195139510687977591e+01
1.538804570000000000e+08 1.194424019952268168e+01
1.540020910000000000e+08 1.191855451911522756e+01
1.541198120000000000e+08 1.190469448830799415e+01
1.542384840000000000e+08 1.192123340440598867e+01
1.543551470000000000e+08 1.190173432045113344e+01
1.544718200000000000e+08 1.186660995902581561e+01
1.545866290000000000e+08 1.185456970958366085e+01
1.547027290000000000e+08 1.184444806770390279e+01
1.548232360000000000e+08 1.184568430681390261e+01
1.549413960000000000e+08 1.182320314357316704e+01
1.550619300000000000e+08 1.182122506832565634e+01
1.551791350000000000e+08 1.184001114240154351e+01
1.552987200000000000e+08 1.182869473431330753e+01
1.554145280000000000e+08 1.184914288856971609e+01
1.555323620000000000e+08 1.182682314532791423e+01
1.556524510000000000e+08 1.180394194766505223e+01
1.557711440000000000e+08 1.180090722267171088e+01
1.558917360000000000e+08 1.179278442802487348e+01
1.560107870000000000e+08 1.179655552453723644e+01
1.561318080000000000e+08 1.177691711821299769e+01
1.562500390000000000e+08 1.177147068647331096e+01
1.563708040000000000e+08 1.175614314184239717e+01
1.564885550000000000e+08 1.173787805028665154e+01
1.566087550000000000e+08 1.173647397084710065e+01
1.567255070000000000e+08 1.174559029638595042e+01
1.568450350000000000e+08 1.170630625694104232e+01
1.569657460000000000e+08 1.169029964186615800e+01
1.570814020000000000e+08 1.167051635938356036e+01
1.572022670000000000e+08 1.165395930446273631e+01
1.573192880000000000e+08 1.163478934957409905e+01
1.574406310000000000e+08 1.163849448573719769e+01
1.575584400000000000e+08 1.165001228328638661e+01
1.576762750000000000e+08 1.160701885703194414e+01
1.577930810000000000e+08 1.155971222911135499e+01
1.579107590000000000e+08 1.155889219599577267e+01
1.580273670000000000e+08 1.155898178064519222e+01
1.581429220000000000e+08 1.157062370700005260e+01
1.582638590000000000e+08 1.155867990873877993e+01
1.583832000000000000e+08 1.154097994665319149e+01
1.584997350000000000e+08 1.154533694043499281e+01
1.586170690000000000e+08 1.155873992144685047e+01
1.587369610000000000e+08 1.155421787907645914e+01
1.588548390000000000e+08 1.154640354483809617e+01
1.589747290000000000e+08 1.154510052182063262e+01
1.590925700000000000e+08 1.155550296873716576e+01
1.592142360000000000e+08 1.157277263275384627e+01
1.593338200000000000e+08 1.157528164871997411e+01
1.594544480000000000e+08 1.157170358537645427e+01
1.595742200000000000e+08 1.157708918599072589e+01
1.596928090000000000e+08 1.156820830709471437e+01
1.598140690000000000e+08 1.157016347953859814e+01
1.599356130000000000e+08 1.158108795574455563e+01
1.600532130000000000e+08 1.156264242257569208e+01
1.601723630000000000e+08 1.154045286904838008e+01
1.602912890000000000e+08 1.151757662232984458e+01
1.604126490000000000e+08 1.151129371559873782e+01
1.605321130000000000e+08 1.150304603452952357e+01
1.606499720000000000e+08 1.150146444315981142e+01
1.607706290000000000e+08 1.148841377119435947e+01
1.608902330000000000e+08 1.149643414801033536e+01
1.610071280000000000e+08 1.150741053104825617e+01
1.611289400000000000e+08 1.151144225385287356e+01
1.612505800000000000e+08 1.150612623063755002e+01
1.613678980000000000e+08 1.149655282257612399e+01
1.614885090000000000e+08 1.149516639267067930e+01
1.616070750000000000e+08 1.150808146652093455e+01
1.617252150000000000e+08 1.152416803327956529e+01
1.618424270000000000e+08 1.151684675688701454e+01
1.619632030000000000e+08 1.151908531410335002e+01
1.620829120000000000e+08 1.150677897067971500e+01
1.622001760000000000e+08 1.153257706021647166e+01
1.623194100000000000e+08 1.151307053508848277e+01
1.624391430000000000e+08 1.149492149473882030e+01
1.625578710000000000e+08 1.149698985178109467e+01
1.626740600000000000e+08 1.149416637270605257e+01
1.627910800000000000e+08 1.146457582945867415e+01
1.629100480000000000e+08 1.145733085324865819e+01
1.630322810000000000e+08 1.145470968957333291e+01
1.631512820000000000e+08 1.144981394588340962e+01
1.632699580000000000e+08 1.144632439098964483e+01
1.633890960000000000e+08 1.144015144147744323e+01
1.635090270000000000e+08 1.144622944439078971e+01
1.636284500000000000e+08 1.145196840233875335e+01
1.637486400000000000e+08 1.145221930108591124e+01
1.638680500000000000e+08 1.145418754855731258e+01
1.639874500000000000e+08 1.144833219265475854e+01
1.641051190000000000e+08 1.145742526608341194e+01
1.642210320000000000e+08 1.144128263735971629e+01
1.643380120000000000e+08 1.141223360471607329e+01
1.644536250000000000e+08 1.141090525942159850e+01
1.645736230000000000e+08 1.141038814134620338e+01
1.646923580000000000e+08 1.140440360703868983e+01
1.648115160000000000e+08 1.138977248383116248e+01
1.649302390000000000e+08 1.138260274194328403e+01
1.650494640000000000e+08 1.140064875437255587e+01
1.651662630000000000e+08 1.140095579298963457e+01
1.652881460000000000e+08 1.139605765469935328e+01
1.654076870000000000e+08 1.141284150388180052e+01
1.655274340000000000e+08 1.139920192708497027e+01
1.656458800000000000e+08 1.139520725989745387e+01
1.657659560000000000e+08 1.139327127240429860e+01
1.658890750000000000e+08 1.136018566013940934e+01
1.660064620000000000e+08 1.136531857484604480e+01
1.661267890000000000e+08 1.135547132759592337e+01
1.662448380000000000e+08 1.135572144646359760e+01
1.663643350000000000e+08 1.134801969317013004e+01
1.664825670000000000e+08 1.135045981890315225e+01
1.666038650000000000e+08 1.135608495330355971e+01
1.667231990000000000e+08 1.134659290672780152e+01
1.668401550000000000e+08 1.135609666568298692e+01
1.669584430000000000e+08 1.135174308496138806e+01
1.670797750000000000e+08 1.132478763468911787e+01
1.671976260000000000e+08 1.134054204855287651e+01
1.673162550000000000e+08 1.133910442141028341e+01
1.674326670000000000e+08 1.136419891384247727e+01
1.675507720000000000e+08 1.136465478917018324e+01
1.676660740000000000e+08 1.135695825524214619e+01
1.677870070000000000e+08 1.136468337504162740e+01
1.679062510000000000e+08 1.136880912914673303e+01
1.680235630000000000e+08 1.138527947744497659e+01
1.681419320000000000e+08 1.139300144129720493e+01
1.682603310000000000e+08 1.138650404229935376e+01
1.683778370000000000e+08 1.137338775735667262e+01
1.684939780000000000e+08 1.135321246800007877e+01
1.686136290000000000e+08 1.133624355124350735e+01
1.687347800000000000e+08 1.131817560165544734e+01
1.688531680000000000e+08 1.132996470585279702e+01
1.689729210000000000e+08 1.134292388158671727e+01
1.690906690000000000e+08 1.135762978660783951e+01
1.692094550000000000e+08 1.133203862237882831e+01
1.693311650000000000e+08 1.133512764413822893e+01
1.694504170000000000e+08 1.133483546094231720e+01
1.695665460000000000e+08 1.135547646233206542e+01
1.696857910000000000e+08 1.136594760727597730e+01
1.698066700000000000e+08 1.137841835890860942e+01
1.699231680000000000e+08 1.139394689232874747e+01
1.700403970000000000e+08 1.142746840112096507e+01
1.701610280000000000e+08 1.140636004260921155e+01
1.702796150000000000e+08 1.141138938502593447e+01
1.703958410000000000e+08 1.141169039011713870e+01
1.705160760000000000e+08 1.139745265926665319e+01
1.706350200000000000e+08 1.137257926602383584e+01
1.707520800000000000e+08 1.134783406433991004e+01
1.708716750000000000e+08 1.134389020692546168e+01
1.709912170000000000e+08 1.134437946964476751e+01
1.711119940000000000e+08 1.134206603452435758e+01
1.712287110000000000e+08 1.133541268900508570e+01
1.713486520000000000e+08 1.130981526782469615e+01
1.714666850000000000e+08 1.131131865335258446e+01
1.715864470000000000e+08 1.131233577427188841e+01
1.717051580000000000e+08 1.130753959125419073e+01
1.718239570000000000e+08 1.134037263394431960e+01
1.719406100000000000e+08 1.134359586009339438e+01
1.720601300000000000e+08 1.134849013800290685e+01
1.721795920000000000e+08 1.137501693381957146e+01
1.722993860000000000e+08 1.137979062385705831e+01
1.724194030000000000e+08 1.139239687240586463e+01
1.725369440000000000e+08 1.140911318620396386e+01
1.726553910000000000e+08 1.141193723557936401e+01
1.727719240000000000e+08 1.142198275153676512e+01
1.728891900000000000e+08 1.142074099699163980e+01
1.730048370000000000e+08 1.143282141385203587e+01
1.731248870000000000e+08 1.145846461744634404e+01
1.732438960000000000e+08 1.145076979581734200e+01
1.733664420000000000e+08 1.142969206199834531e+01
1.734791670000000000e+08 1.141660056957502078e+01
1.735975110000000000e+08 1.143132409618990764e+01
1.737171070000000000e+08 1.141933786615929058e+01
1.738368540000000000e+08 1.140644366010168298e+01
1.739570900000000000e+08 1.137948793392822289e+01
1.740721600000000000e+08 1.137316264762205265e+01
1.741913310000000000e+08 1.137870756010018702e+01
1.743107450000000000e+08 1.138524161499519316e+01
1.744305030000000000e+08 1.138700972391275634e+01
1.745514350000000000e+08 1.136607267320550818e+01
1.746669280000000000e+08 1.137815601275485911e+01
1.747842390000000000e+08 1.139226810310130666e+01
1.749023620000000000e+08 1.136019045645232595e+01
1.750219450000000000e+08 1.137666352513559609e+01
1.751437490000000000e+08 1.135800078727885065e+01
1.752621710000000000e+08 1.135679989374539467e+01
1.753776540000000000e+08 1.134507459543306851e+01
1.754947590000000000e+08 1.133326462610430951e+01
1.756133540000000000e+08 1.132091424993809348e+01
1.757300040000000000e+08 1.132119576781144410e+01
1.758482840000000000e+08 1.128368232727952858e+01
1.759651430000000000e+08 1.126633021279060110e+01
1.760833440000000000e+08 1.125983421204816359e+01
1.762007250000000000e+08 1.126801027229621432e+01
1.763189550000000000e+08 1.127507514792314147e+01
1.764381550000000000e+08 1.125857341961085467e+01
1.765560720000000000e+08 1.127137991061418987e+01
1.766746780000000000e+08 1.127840316849197677e+01
1.767942460000000000e+08 1.126837113399028034e+01
1.769136280000000000e+08 1.123807401562640784e+01
1.770345660000000000e+08 1.126197215724344680e+01
1.771526930000000000e+08 1.127132005120430236e+01
1.772742710000000000e+08 1.125827228456925155e+01
1.773935480000000000e+08 1.124898238638472669e+01
1.775094660000000000e+08 1.121704806100753160e+01
1.776282270000000000e+08 1.120516568998553808e+01
1.777448290000000000e+08 1.116712879479946707e+01
1.778627180000000000e+08 1.115735845906017154e+01
1.779819720000000000e+08 1.115692099350746957e+01
1.780986770000000000e+08 1.115946604709534462e+01
1.782175890000000000e+08 1.115373037687276359e+01
1.783315340000000000e+08 1.117528334945362722e+01
1.784483370000000000e+08 1.118289030631629544e+01
1.785649580000000000e+08 1.115752515737338335e+01
1.786807150000000000e+08 1.113888647814621180e+01
1.788007540000000000e+08 1.114424545911481523e+01
1.789186020000000000e+08 1.114098952846029889e+01
1.790359980000000000e+08 1.114565131549800370e+01
1.791522570000000000e+08 1.113141246564723197e+01
1.792715280000000000e+08 1.112300846455917913e+01
1.793909100000000000e+08 1.112574337578875650e+01
1.795128600000000000e+08 1.112205834271729366e+01
1.796299410000000000e+08 1.112042082985390756e+01
1.797480940000000000e+08 1.111322560837253626e+01
1.798667240000000000e+08 1.112741586948864025e+01
1.799869850000000000e+08 1.112209867506060412e+01
1.801063770000000000e+08 1.111881995294531045e+01
1.802256210000000000e+08 1.113460283153303720e+01
1.803424200000000000e+08 1.111461384835168609e+01
1.804600880000000000e+08 1.109426000705017756e+01
1.805795440000000000e+08 1.109637545158760119e+01
1.806990120000000000e+08 1.110145986927673611e+01
1.808167830000000000e+08 1.109300151891516961e+01
1.809328450000000000e+08 1.107121731183652535e+01
1.810540690000000000e+08 1.106219669328188893e+01
1.811743560000000000e+08 1.105151626534619602e+01
1.812904970000000000e+08 1.103069094326325761e+01
1.814063770000000000e+08 1.102531465396498866e+01
1.815221540000000000e+08 1.102946537408282168e+01
1.816414130000000000e+08 1.101714717126493959e+01
1.817549420000000000e+08 1.099468361239684100e+01
1.818724160000000000e+08 1.099375925393012032e+01
1.819904520000000000e+08 1.098335366414845460e+01
1.821077530000000000e+08 1.098837476248762890e+01
1.822265120000000000e+08 1.098428494627458285e+01
1.823443240000000000e+08 1.099349070791148186e+01
1.824656940000000000e+08 1.097863230495422471e+01
1.825852970000000000e+08 1.095498252519625204e+01
1.827065290000000000e+08 1.094727499400660164e+01
1.828244100000000000e+08 1.095331555203576812e+01
1.829424310000000000e+08 1.095474669546099555e+01
1.830610670000000000e+08 1.094430755759777796e+01
1.831814060000000000e+08 1.094288614560911377e+01
1.833005270000000000e+08 1.095329327079812742e+01
1.834226630000000000e+08 1.095702947671686189e+01
1.835404510000000000e+08 1.095123495033505456e+01
1.836571970000000000e+08 1.094270736441116831e+01
1.837779550000000000e+08 1.093546884655980556e+01
1.838964250000000000e+08 1.093559334214789303e+01
1.840124450000000000e+08 1.093058411385131912e+01
1.841316100000000000e+08 1.092398409453821095e+01
1.842492320000000000e+08 1.092777746264792427e+01
1.843674720000000000e+08 1.091655711443472754e+01
1.844884320000000000e+08 1.094493002418100502e+01
1.846022890000000000e+08 1.093099297549244575e+01
1.847181670000000000e+08 1.092536208395113029e+01
1.848384850000000000e+08 1.091514264582977844e+01
1.849574570000000000e+08 1.091431536387214329e+01
1.850750920000000000e+08 1.089418083995822606e+01
1.851935790000000000e+08 1.089198276797165121e+01
1.853108770000000000e+08 1.088129301048557984e+01
1.854315040000000000e+08 1.086094702810046542e+01
1.855494390000000000e+08 1.086391888082988544e+01
1.856657340000000000e+08 1.086964829105185260e+01
1.857837930000000000e+08 1.087654554745311941e+01
1.859026120000000000e+08 1.088583303324612217e+01
1.860234200000000000e+08 1.086946879979067226e+01
1.861430750000000000e+08 1.087291018321893965e+01
1.862590340000000000e+08 1.084765387977570228e+01
1.863756740000000000e+08 1.085162766712030624e+01
1.864940960000000000e+08 1.085112110003165498e+01
1.866113710000000000e+08 1.085546348180485055e+01
1.867313710000000000e+08 1.086227349891138871e+01
1.868524450000000000e+08 1.086402644727054678e+01
1.869708960000000000e+08 1.085458357176712596e+01
1.870882670000000000e+08 1.083902813218473682e+01
1.872048050000000000e+08 1.082593597811642638e+01
1.873203180000000000e+08 1.082446429332140880e+01
1.874392690000000000e+08 1.081618415098153640e+01
1.875570160000000000e+08 1.081422940077844075e+01
1.876747160000000000e+08 1.081376602521075903e+01
1.877927620000000000e+08 1.082527034340858840e+01
1.879095270000000000e+08 1.082755285058771477e+01
1.880267740000000000e+08 1.083160852079614855e+01
1.881429250000000000e+08 1.083928617071662437e+01
1.882625110000000000e+08 1.084654518039028126e+01
1.883810150000000000e+08 1.085322220158889728e+01
1.884963660000000000e+08 1.086852735607429743e+01
1.886149130000000000e+08 1.087506472750598796e+01
1.887332900000000000e+08 1.088182205282173420e+01
1.888531530000000000e+08 1.088246172491237651e+01
1.889720650000000000e+08 1.088520655265213222e+01
1.890891690000000000e+08 1.088208512917858073e+01
1.892077950000000000e+08 1.088118272062013858e+01
1.893249140000000000e+08 1.084888242829410920e+01
1.894439900000000000e+08 1.083979166497302771e+01
1.895623380000000000e+08 1.083017638606132138e+01
1.896806420000000000e+08 1.083147210875827859e+01
1.898016460000000000e+08 1.084013526667758320e+01
1.899207940000000000e+08 1.082777968272414171e+01
1.900396680000000000e+08 1.081464140853765699e+01
1.901579890000000000e+08 1.082037687088438283e+01
1.902794450000000000e+08 1.081641005452036275e+01
1.903961890000000000e+08 1.082643348125842664e+01
1.905146510000000000e+08 1.081625489454197719e+01
1.906354790000000000e+08 1.081331129139823943e+01
1.907555170000000000e+08 1.081460338847715974e+01
1.908754920000000000e+08 1.081436719711491534e+01
1.909930080000000000e+08 1.080124355142433146e+01
1.911155720000000000e+08 1.079127890401018952e+01
1.912343640000000000e+08 1.079749748876774085e+01
1.913522750000000000e+08 1.080224491808489873e+01
1.914692280000000000e+08 1.077862701636422393e+01
1.915866710000000000e+08 1.077662061842246288e+01
1.917055990000000000e+08 1.076875369666105797e+01
1.918216980000000000e+08 1.075358212007721903e+01
1.919374590000000000e+08 1.073149781681733650e+01
1.920560720000000000e+08 1.072225256130758275e+01
1.921767870000000000e+08 1.071573455607864922e+01
1.922963130000000000e+08 1.071319776055774575e+01
1.924117100000000000e+08 1.072473256084590787e+01
1.925331860000000000e+08 1.072117999661064580e+01
1.926529410000000000e+08 1.071954810105014921e+01
1.927736160000000000e+08 1.070827819599298536e+01
1.928912890000000000e+08 1.070927095529474471e+01
1.930138060000000000e+08 1.069722863798947898e+01
1.931324570000000000e+08 1.070439523555228156e+01
1.932518460000000000e+08 1.069121051592019533e+01
1.933703660000000000e+08 1.066759161429132519e+01
1.934875690000000000e+08 1.066332993849331778e+01
1.936040450000000000e+08 1.066009395049369601e+01
1.937245990000000000e+08 1.065083713106222518e+01
1.938415160000000000e+08 1.063222519963914792e+01
1.939611990000000000e+08 1.063293044851157099e+01
1.940793320000000000e+08 1.061938320499829658e+01
1.941958910000000000e+08 1.060058126486464403e+01
1.943102970000000000e+08 1.060968175621566267e+01
1.944307460000000000e+08 1.061029630439577787e+01
1.945475480000000000e+08 1.061032488281347597e+01
1.946675560000000000e+08 1.061499502752396396e+01
1.947874030000000000e+08 1.059191799654382393e+01
1.949059330000000000e+08 1.060556963050181167e+01
1.950255040000000000e+08 1.060327151967496384e+01
1.951419520000000000e+08 1.060850631091784990e+01
1.952579350000000000e+08 1.060668954952729237e+01
1.953775450000000000e+08 1.061276084249531415e+01
1.954924210000000000e+08 1.062341525029860811e+01
1.956083860000000000e+08 1.061733250133583972e+01
1.957283670000000000e+08 1.060849687595363200e+01
1.958449890000000000e+08 1.060865927020521049e+01
1.959637640000000000e+08 1.060264995180347825e+01
1.960793270000000000e+08 1.059460267374301345e+01
1.962002620000000000e+08 1.058756995522903033e+01
1.963188950000000000e+08 1.058090033074253888e+01
1.964380450000000000e+08 1.055919305377734752e+01
1.965567650000000000e+08 1.056549721657955132e+01
1.966765520000000000e+08 1.056564943680034041e+01
1.967967180000000000e+08 1.054264967082472282e+01
1.969159720000000000e+08 1.054751129258841935e+01
1.970340960000000000e+08 1.054097946402858632e+01
1.971515210000000000e+08 1.053358025450193658e+01
1.972685510000000000e+08 1.052245315371566292e+01
1.973878750000000000e+08 1.053197846415063488e+01
1.975049220000000000e+08 1.052037052511231252e+01
1.976243670000000000e+08 1.050548835660244862e+01
1.977415510000000000e+08 1.050654871423188119e+01
1.978590770000000000e+08 1.050531198763382967e+01
1.979792460000000000e+08 1.049791066644461246e+01
1.980940850000000000e+08 1.050340630441022505e+01
1.982156730000000000e+08 1.050716670587228307e+01
1.983360490000000000e+08 1.050095716275822078e+01
1.984533580000000000e+08 1.050189534203146202e+01
1.985705160000000000e+08 1.048632136595778874e+01
1.986876990000000000e+08 1.046960548665938617e+01
1.988049050000000000e+08 1.045787708085701162e+01
1.989248620000000000e+08 1.045300469836949020e+01
1.990433410000000000e+08 1.046313465542335663e+01
1.991597260000000000e+08 1.046093660735918718e+01
1.992820970000000000e+08 1.044147674564958805e+01
1.994021740000000000e+08 1.045037285903488566e+01
1.995220220000000000e+08 1.043820511777942883e+01
1.996413270000000000e+08 1.042791099880679795e+01
1.997612690000000000e+08 1.042810251406350552e+01
1.998814450000000000e+08 1.044017756253855644e+01
2.000026010000000000e+08 1.043561154561524340e+01
2.001206440000000000e+08 1.043376147567774659e+01
2.002410610000000000e+08 1.043595762123413628e+01
2.003605390000000000e+08 1.043830850086301787e+01
2.004791740000000000e+08 1.043149728959361333e+01
2.005979780000000000e+08 1.041060008631649758e+01
2.007162320000000000e+08 1.041102326382628540e+01
2.008360140000000000e+08 1.041984735303839926e+01
2.009546060000000000e+08 1.040615607170851220e+01
2.010741530000000000e+08 1.040056100273186068e+01
2.011966000000000000e+08 1.039480997703168264e+01
2.013151590000000000e+08 1.037241949388308271e+01
2.014320530000000000e+08 1.036235036662401221e+01
2.015490940000000000e+08 1.034661724017144380e+01
2.016672260000000000e+08 1.034443693975180878e+01
2.017870710000000000e+08 1.033974743258961659e+01
2.019059900000000000e+08 1.033146546144526923e+01
2.020218490000000000e+08 1.033415015532604286e+01
2.021388580000000000e+08 1.033589663652482393e+01
2.022589320000000000e+08 1.035989605881974995e+01
2.023763060000000000e+08 1.035226104178192585e+01
2.024953860000000000e+08 1.036706790705444980e+01
2.026115740000000000e+08 1.036358258291208756e+01
2.027274860000000000e+08 1.037014754019433838e+01
2.028453740000000000e+08 1.036577194107983324e+01
2.029673210000000000e+08 1.036131971171905874e+01
2.030851740000000000e+08 1.035406850116210720e+01
2.032040940000000000e+08 1.032991880709703914e+01
2.033219200000000000e+08 1.033703030362286057e+01
2.034368270000000000e+08 1.032405579537811491e+01
2.035551820000000000e+08 1.031782937347628781e+01
2.036707710000000000e+08 1.031805705558035946e+01
2.037890640000000000e+08 1.032102294254267072e+01
2.039046690000000000e+08 1.030272290368941412e+01
2.040248380000000000e+08 1.029497230329594615e+01
2.041437110000000000e+08 1.029362909343638144e+01
2.042603330000000000e+08 1.028349592997096096e+01
2.043791730000000000e+08 1.027737695861253542e+01
2.044982780000000000e+08 1.027194641562941335e+01
2.046147960000000000e+08 1.026090238819692146e+01
2.047337520000000000e+08 1.026412035531333089e+01
2.048516920000000000e+08 1.025349617934018198e+01
2.049683970000000000e+08 1.025311007319222867e+01
2.050884130000000000e+08 1.024817825573990504e+01
2.052046030000000000e+08 1.024082929415658860e+01
2.053220460000000000e+08 1.021695085991106566e+01
2.054400830000000000e+08 1.020896801676405374e+01
2.055581230000000000e+08 1.021009648941312520e+01
2.056797950000000000e+08 1.020842120285898247e+01
2.057980320000000000e+08 1.020320873369964687e+01
2.059169270000000000e+08 1.019783342393531811e+01
2.060401340000000000e+08 1.019901460013502792e+01
2.061577400000000000e+08 1.020420641947776907e+01
2.062737050000000000e+08 1.020144755588482610e+01
2.063919580000000000e+08 1.020705389899541693e+01
2.065108200000000000e+08 1.020064337015393008e+01
2.066282000000000000e+08 1.018887829484793528e+01
2.067458010000000000e+08 1.018959836049559975e+01
2.068657650000000000e+08 1.018102573442029346e+01
2.069856280000000000e+08 1.017273177952299612e+01
2.071055050000000000e+08 1.016227164755633439e+01
2.072217650000000000e+08 1.016774839427393573e+01
2.073414020000000000e+08 1.016232076775801119e+01
2.074574620000000000e+08 1.016116609762499934e+01
2.075772050000000000e+08 1.015245415795122419e+01
2.076969730000000000e+08 1.015008613967324536e+01
2.078168640000000000e+08 1.015011922942157696e+01
2.079326630000000000e+08 1.015319765813145381e+01
2.080504190000000000e+08 1.014330150235790917e+01
2.081701470000000000e+08 1.013817639147114491e+01
2.082891630000000000e+08 1.012724005164541197e+01
2.084062850000000000e+08 1.012882707101094404e+01
2.085270910000000000e+08 1.013852352089352138e+01
2.086467210000000000e+08 1.014362497319066136e+01
2.087663590000000000e+08 1.015114350344524574e+01
2.088850540000000000e+08 1.014966362068001260e+01
2.090017590000000000e+08 1.013971764442940149e+01
2.091210610000000000e+08 1.014183051737056118e+01
2.092393840000000000e+08 1.015315682411740994e+01
2.093561490000000000e+08 1.014309629346067787e+01
2.094707170000000000e+08 1.015622567113458530e+01
2.095951800000000000e+08 1.015570065864802274e+01
2.097085250000000000e+08 1.015095328650677153e+01
2.098284910000000000e+08 1.015419322674190816e+01
2.099464470000000000e+08 1.015498764525834829e+01
2.100654150000000000e+08 1.016039738953010740e+01
2.101845640000000000e+08 1.018565567611032208e+01
2.103016080000000000e+08 1.016432813548001235e+01
2.104177050000000000e+08 1.016529802942113037e+01
2.105364820000000000e+08 1.016763166630248172e+01
2.106546450000000000e+08 1.015919667070230581e+01
2.107713060000000000e+08 1.016423639683892333e+01
2.108892570000000000e+08 1.015406212250328721e+01
2.110076750000000000e+08 1.014331445442424595e+01
2.111270640000000000e+08 1.014208188425348744e+01
2.112452530000000000e+08 1.013789021292514647e+01
2.113623160000000000e+08 1.014607077303408822e+01
2.114830130000000000e+08 1.012993802439478941e+01
2.115990330000000000e+08 1.012803616617349967e+01
2.117147000000000000e+08 1.012774312638490670e+01
2.118328470000000000e+08 1.012804208545703588e+01
2.119521230000000000e+08 1.012077257702555322e+01
2.120702770000000000e+08 1.012180316549420489e+01
2.121871260000000000e+08 1.012871875401715904e+01
2.123071170000000000e+08 1.010915892774573344e+01
2.124284220000000000e+08 1.010162399968210600e+01
2.125492410000000000e+08 1.009893684393944646e+01
2.126702380000000000e+08 1.008890292605428485e+01
2.127887220000000000e+08 1.008404465459170396e+01
2.129088420000000000e+08 1.008565528900962960e+01
2.130289710000000000e+08 1.007233801848124699e+01
2.131452180000000000e+08 1.006176808150171453e+01
2.132588340000000000e+08 1.005640444470388140e+01
2.133761500000000000e+08 1.005543136732972442e+01
2.134956950000000000e+08 1.006099511595539830e+01
2.136131760000000000e+08 1.006063488762945646e+01
2.137324900000000000e+08 1.004993647469751927e+01
2.138493990000000000e+08 1.004758810057100860e+01
2.139675280000000000e+08 1.005979426111186292e+01
2.140853750000000000e+08 1.005903963433905446e+01
2.142051730000000000e+08 1.005643392881465381e+01
2.143233890000000000e+08 1.004100342416670522e+01
2.144412620000000000e+08 1.003360951114225408e+01
2.145616930000000000e+08 1.004651171411905075e+01
2.146814890000000000e+08 1.004404835430069198e+01
2.148020240000000000e+08 1.004000844951908533e+01
2.149223350000000000e+08 1.004175654220217417e+01
2.150407340000000000e+08 1.001861807180509523e+01
2.151581200000000000e+08 1.000855052761946418e+01
2.152764420000000000e+08 1.000419077673786994e+01
2.153985870000000000e+08 1.000772453323635425e+01
2.155164740000000000e+08 1.000517180721248955e+01
2.156330900000000000e+08 9.992395215878323356e+00
2.157517060000000000e+08 9.989970635356447914e+00
2.158680750000000000e+08 9.978312729491225497e+00
2.159883750000000000e+08 9.988714476377408502e+00
2.161051120000000000e+08 9.998607239515283851e+00
2.162245410000000000e+08 1.000261544898536314e+01
2.163431340000000000e+08 1.000331443309940838e+01
2.164622800000000000e+08 1.000438137875398681e+01
2.165786140000000000e+08 1.001165369274523442e+01
2.167014100000000000e+08 1.001579977144465339e+01
2.168175560000000000e+08 1.001961370583716082e+01
2.169323070000000000e+08 1.002202377354681850e+01
2.170518970000000000e+08 1.002524819810734868e+01
2.171727540000000000e+08 1.001846582685901410e+01
2.172919410000000000e+08 1.001131445870129610e+01
2.174075090000000000e+08 1.000277097189655962e+01
2.175253180000000000e+08 1.000236894758772621e+01
2.176410070000000000e+08 1.001518983952710684e+01
2.177582120000000000e+08 1.002449447867184773e+01
2.178770020000000000e+08 1.002466525169265310e+01
2.179980270000000000e+08 1.002497646130812115e+01
2.181112680000000000e+08 1.002328618558198059e+01
2.182280500000000000e+08 1.001477072360558829e+01
2.183455380000000000e+08 1.002838379103745758e+01
2.184632730000000000e+08 1.001752498711505623e+01
2.185763140000000000e+08 1.001511072201982877e+01
2.186988390000000000e+08 1.001501829090229201e+01
2.188153930000000000e+08 1.001331458453588397e+01
2.189338890000000000e+08 1.001959903424541487e+01
2.190522950000000000e+08 1.002319386638872167e+01
2.191711960000000000e+08 1.002174246209308173e+01
2.192866010000000000e+08 1.000997793692009274e+01
2.194035690000000000e+08 1.000463478333933409e+01
2.195202930000000000e+08 1.000394035549920702e+01
2.196393930000000000e+08 9.991735298201598781e+00
2.197588850000000000e+08 9.999205914985690669e+00
2.198800400000000000e+08 1.001652917896067407e+01
2.199956690000000000e+08 1.001185750401572605e+01
2.201150660000000000e+08 1.002467449466199056e+01
2.202303030000000000e+08 1.002876481579090040e+01
2.203498560000000000e+08 1.003452290471867769e+01
2.204691160000000000e+08 1.003051869952356334e+01
2.205847270000000000e+08 1.002471417650268037e+01
2.207014080000000000e+08 1.003231310724568459e+01
2.208146880000000000e+08 1.002862181468012714e+01
2.209333740000000000e+08 1.004559179424118298e+01
2.210502670000000000e+08 1.004039343617354696e+01
2.211704360000000000e+08 1.003914945930548797e+01
2.212870930000000000e+08 1.004090987163162119e+01
2.214051730000000000e+08 1.004651185506603284e+01
2.215241240000000000e+08 1.003428568689783873e+01
2.216408230000000000e+08 1.005183797966960491e+01
2.217623380000000000e+08 1.005170347748653548e+01
2.218806720000000000e+08 1.005209745304449953e+01
2.220022290000000000e+08 1.005471284566704782e+01
2.221177250000000000e+08 1.006991657391972872e+01
2.222374400000000000e+08 1.007692482247878019e+01
2.223554290000000000e+08 1.007772888808063882e+01
2.224705850000000000e+08 1.007487562084021704e+01
2.225900200000000000e+08 1.006668618426270356e+01
2.227086130000000000e+08 1.009431327122973876e+01
2.228282920000000000e+08 1.008599829117989621e+01
2.229492210000000000e+08 1.008252911743620217e+01
2.230656310000000000e+08 1.008719593440354956e+01
2.231815950000000000e+08 1.008871262047337680e+01
2.233009260000000000e+08 1.008072367927369051e+01
2.234210900000000000e+08 1.008221327737492778e+01
2.235380450000000000e+08 1.007041658466238765e+01
2.236599200000000000e+08 1.005259825254521289e+01
2.237786550000000000e+08 1.004825816076982115e+01
2.238973300000000000e+08 1.003815748161627397e+01
2.240201630000000000e+08 1.003455627726562582e+01
2.241373260000000000e+08 1.002595395795296263e+01
2.242545790000000000e+08 1.002606471785499487e+01
2.243712640000000000e+08 1.002447612235725849e+01
2.244862130000000000e+08 1.003352835169362578e+01
2.246015410000000000e+08 1.003134749038300022e+01
2.247187920000000000e+08 1.001220936330994071e+01
2.248388350000000000e+08 1.001586972732648384e+01
2.249574310000000000e+08 1.002386906708180980e+01
2.250749720000000000e+08 1.002375780137947814e+01
2.251917680000000000e+08 1.001664987267232476e+01
2.253105670000000000e+08 1.001535013712831912e+01
2.254314410000000000e+08 1.001232128618545936e+01
2.255450080000000000e+08 1.001157984697410086e+01
2.256676310000000000e+08 1.001194425519960696e+01
2.257868780000000000e+08 1.001267912297654128e+01
2.259049790000000000e+08 9.998922217209047503e+00
2.260235140000000000e+08 9.987477980909245545e+00
2.261416570000000000e+08 9.993812775210816568e+00
2.262606390000000000e+08 9.986170434253338613e+00
2.263781460000000000e+08 9.975873774576120567e+00
2.264960630000000000e+08 9.975774570314705159e+00
2.266144990000000000e+08 9.994584909424316876e+00
2.267361950000000000e+08 9.992720613037057831e+00
2.268566380000000000e+08 9.977907698958581761e+00
2.269749480000000000e+08 9.988818840603309823e+00
2.270916500000000000e+08 9.983456072177894214e+00
2.272082840000000000e+08 9.981220407485123403e+00
2.273253370000000000e+08 9.978415159571408566e+00
2.274470750000000000e+08 9.980356543019533788e+00
2.275633610000000000e+08 9.988064843132285375e+00
2.276828240000000000e+08 9.988003820899811203e+00
2.278040120000000000e+08 9.999205688157873695e+00
2.279215060000000000e+08 1.000045022796158811e+01
2.280379530000000000e+08 9.989944367382664225e+00
2.281563100000000000e+08 9.992311815636345074e+00
2.282766360000000000e+08 9.980293441062629611e+00
2.283964690000000000e+08 9.976973270756365864e+00
2.285154850000000000e+08 9.970147359934765419e+00
2.286307060000000000e+08 9.961548283192286135e+00
2.287495560000000000e+08 9.957086754494142156e+00
2.288700290000000000e+08 9.961581440170983015e+00
2.289863680000000000e+08 9.948693475730255642e+00
2.291048570000000000e+08 9.946234464525963048e+00
2.292191610000000000e+08 9.942781660749350436e+00
2.293364680000000000e+08 9.934097409213077157e+00
2.294549870000000000e+08 9.935586048978780838e+00
2.295740510000000000e+08 9.940822798800674320e+00
2.296925710000000000e+08 9.944826037938025109e+00
2.298105060000000000e+08 9.948392691248580277e+00
2.299268690000000000e+08 9.949168129343904710e+00
2.300476820000000000e+08 9.953302690123171814e+00
2.301660470000000000e+08 9.946369717260763466e+00
2.302877770000000000e+08 9.946279779237649166e+00
2.304070890000000000e+08 9.930506141706473500e+00
2.305274970000000000e+08 9.919816720823147804e+00
2.306486210000000000e+08 9.926558969416268141e+00
2.307672730000000000e+08 9.932430472576280422e+00
2.308869250000000000e+08 9.924643027885087676e+00
2.310052910000000000e+08 9.926812295128710772e+00
2.311232850000000000e+08 9.911641675110907101e+00
2.312391190000000000e+08 9.915595327915157853e+00
2.313567180000000000e+08 9.918717910682111949e+00
2.314750100000000000e+08 9.910955049149718477e+00
2.315928550000000000e+08 9.923742197967088785e+00
2.317109290000000000e+08 9.935357029274305418e+00
2.318282590000000000e+08 9.939206389959824861e+00
2.319482010000000000e+08 9.970508399220101126e+00
2.320681200000000000e+08 9.974545568836006737e+00
2.321878350000000000e+08 9.975686373111503968e+00
2.323079320000000000e+08 9.970031960461012588e+00
2.324269080000000000e+08 9.971433606357155810e+00
2.325442600000000000e+08 9.972352825183909530e+00
2.326661160000000000e+08 9.967099735120783066e+00
2.327823390000000000e+08 9.966857391846962955e+00
2.328983850000000000e+08 9.977617064301998795e+00
2.330173730000000000e+08 9.992198409616309007e+00
2.331363640000000000e+08 9.986063699873918509e+00
2.332583720000000000e+08 9.986704597926356897e+00
2.333761070000000000e+08 9.972105636372734949e+00
2.334929660000000000e+08 9.965139211560599009e+00
2.336113390000000000e+08 9.949959025983323713e+00
2.337296260000000000e+08 9.941998418852568520e+00
2.338461030000000000e+08 9.920537432609732420e+00
2.339638090000000000e+08 9.926664287466513414e+00
2.340813820000000000e+08 9.918297441280691018e+00
2.341971750000000000e+08 9.921689594331407847e+00
2.343143740000000000e+08 9.922684794791264196e+00
2.344305290000000000e+08 9.931768044642668158e+00
2.345481110000000000e+08 9.951438131053969016e+00
2.346673340000000000e+08 9.940657740144166254e+00
2.347867030000000000e+08 9.929664444815623270e+00
2.349059460000000000e+08 9.933825682983908223e+00
2.350232390000000000e+08 9.936778264906292790e+00
2.351438050000000000e+08 9.925990007451110486e+00
2.352645630000000000e+08 9.920825118279555710e+00
2.353839470000000000e+08 9.936941027810018312e+00
2.355047100000000000e+08 9.928621126477969128e+00
2.356232530000000000e+08 9.921978077895701631e+00
2.357426740000000000e+08 9.922666487100373800e+00
2.358628320000000000e+08 9.922018903225911401e+00
2.359837450000000000e+08 9.914930037221608927e+00
2.361020490000000000e+08 9.914592542876363268e+00
2.362190370000000000e+08 9.925556342742535065e+00
2.363393060000000000e+08 9.936446076456480370e+00
2.364584620000000000e+08 9.925796596449428577e+00
2.365794600000000000e+08 9.923803004919864890e+00
2.366974710000000000e+08 9.912402332369962821e+00
2.368161810000000000e+08 9.912787562683107012e+00
2.369326310000000000e+08 9.896421507551250940e+00
2.370544030000000000e+08 9.909823648302356958e+00
2.371709450000000000e+08 9.920814295083649981e+00
2.372880580000000000e+08 9.913281806040318500e+00
2.374039710000000000e+08 9.909925008765011256e+00
2.375211760000000000e+08 9.911344788685582330e+00
2.376395840000000000e+08 9.899830642575238926e+00
2.377599470000000000e+08 9.903110617740439992e+00
2.378777570000000000e+08 9.909164218094426602e+00
2.379941400000000000e+08 9.898996896030942239e+00
2.381119850000000000e+08 9.905311779981248677e+00
2.382267760000000000e+08 9.907501027172056496e+00
2.383425950000000000e+08 9.917962338460551308e+00
2.384622130000000000e+08 9.908589305542143677e+00
2.385788590000000000e+08 9.899070920774109439e+00
2.386964990000000000e+08 9.897286839199928465e+00
2.388151430000000000e+08 9.882185435079088975e+00
2.389317840000000000e+08 9.891781020491496434e+00
2.390467290000000000e+08 9.889347295032624885e+00
2.391637190000000000e+08 9.905118871335172770e+00
2.392823290000000000e+08 9.894377168904288311e+00
2.394013480000000000e+08 9.897564828764393141e+00
2.395194190000000000e+08 9.886737566666845112e+00
2.396399470000000000e+08 9.890930560789913173e+00
2.397552560000000000e+08 9.902087563289235561e+00
2.398748840000000000e+08 9.914905896917847627e+00
2.399972310000000000e+08 9.919403012782687767e+00
2.401162880000000000e+08 9.917630375507984652e+00
2.402349580000000000e+08 9.924052005213875205e+00
2.403519450000000000e+08 9.920414207984796562e+00
2.404669570000000000e+08 9.909325449452921930e+00
2.405855790000000000e+08 9.905256871755398151e+00
2.407038980000000000e+08 9.931832451123476346e+00
2.408240250000000000e+08 9.923399535131952831e+00
2.409405990000000000e+08 9.930397428232833335e+00
2.410586950000000000e+08 9.929852800351683939e+00
2.411794700000000000e+08 9.921115300473058340e+00
2.412994280000000000e+08 9.917658279916953035e+00
2.414221710000000000e+08 9.917817422968962404e+00
2.415410580000000000e+08 9.922167747442561136e+00
2.416630150000000000e+08 9.916518242476650258e+00
2.417836920000000000e+08 9.928990366375554544e+00
2.419012390000000000e+08 9.921241957426781610e+00
2.420201210000000000e+08 9.920731765128193658e+00
2.421345380000000000e+08 9.918491296805054702e+00
2.422488660000000000e+08 9.914788393907008057e+00
2.423674370000000000e+08 9.893704885720163489e+00
2.424861640000000000e+08 9.894264346187222614e+00
2.426054290000000000e+08 9.889490852048709257e+00
2.427223220000000000e+08 9.879554599373614465e+00
2.428407200000000000e+08 9.864991042484144046e+00
2.429608360000000000e+08 9.873603399269889280e+00
2.430784170000000000e+08 9.873348183318361393e+00
2.431958130000000000e+08 9.893504846973989686e+00
2.433173680000000000e+08 9.884812542091921728e+00
2.434364270000000000e+08 9.877180978038436976e+00
2.435560710000000000e+08 9.880438497693770472e+00
2.436731140000000000e+08 9.879931369717247946e+00
2.437870020000000000e+08 9.875820923209216673e+00
2.439055080000000000e+08 9.868382533332482609e+00
2.440226200000000000e+08 9.861682920417452536e+00
2.441406840000000000e+08 9.864031508417168581e+00
2.442591350000000000e+08 9.872634269852884614e+00
2.443797180000000000e+08 9.867848864231191897e+00
2.445003770000000000e+08 9.861502469438242713e+00
2.446184930000000000e+08 9.868412718486638369e+00
2.447371820000000000e+08 9.866927687955431736e+00
2.448531310000000000e+08 9.864638538562207515e+00
2.449709250000000000e+08 9.856561244397262556e+00
2.450913320000000000e+08 9.847229444959364031e+00
2.452102500000000000e+08 9.835657377835911319e+00
2.453282050000000000e+08 9.851568559774294798e+00
2.454456690000000000e+08 9.849471986940729451e+00
2.455629520000000000e+08 9.841673109259636121e+00
2.456800530000000000e+08 9.845051785532321631e+00
2.458005880000000000e+08 9.846440348781047902e+00
2.459201000000000000e+08 9.833111747389454038e+00
2.460387350000000000e+08 9.807913454757436256e+00
2.461571030000000000e+08 9.790102023913624052e+00
2.462737730000000000e+08 9.788797179850018182e+00
2.463933550000000000e+08 9.797717614424513499e+00
2.465144130000000000e+08 9.807179138630949922e+00
2.466300920000000000e+08 9.801439585332834881e+00
2.467478000000000000e+08 9.791967843938504501e+00
2.468683230000000000e+08 9.790025479601901282e+00
2.469859250000000000e+08 9.802896715266216532e+00
2.471034380000000000e+08 9.794146077483086188e+00
2.472231000000000000e+08 9.799728110540669945e+00
2.473434200000000000e+08 9.786469346415968218e+00
2.474627020000000000e+08 9.801771284995533406e+00
2.475844520000000000e+08 9.801174031003878184e+00
2.477033410000000000e+08 9.785254492941751536e+00
2.478204010000000000e+08 9.779816043564082406e+00
2.479381950000000000e+08 9.771501953511965155e+00
2.480592500000000000e+08 9.756326604935331659e+00
2.481758900000000000e+08 9.747590480312203098e+00
2.482928530000000000e+08 9.741960850522939808e+00
2.484080220000000000e+08 9.739467101665832516e+00
2.485244880000000000e+08 9.738892684037361747e+00
2.486442750000000000e+08 9.736579353520108171e+00
2.487655910000000000e+08 9.730353551411383251e+00
2.488823680000000000e+08 9.719594132122232111e+00
2.490004790000000000e+08 9.708662143004865186e+00
2.491218180000000000e+08 9.705741881039857688e+00
2.492436210000000000e+08 9.709061247406564732e+00
2.493622130000000000e+08 9.710886215186743442e+00
2.494797830000000000e+08 9.724672529744726290e+00
2.495977580000000000e+08 9.723493378618123018e+00
2.497175750000000000e+08 9.726392841806044132e+00
2.498369100000000000e+08 9.722645284873140170e+00
2.499557110000000000e+08 9.734654457231176394e+00
2.500753840000000000e+08 9.726932421966443698e+00
2.501941620000000000e+08 9.723344977793042077e+00
2.503091110000000000e+08 9.713414411724679454e+00
2.504243890000000000e+08 9.715957236249060713e+00
2.505420760000000000e+08 9.714769615824693005e+00
2.506594780000000000e+08 9.708870073643655729e+00
2.507767840000000000e+08 9.723631011832054583e+00
2.508944500000000000e+08 9.718284483738219848e+00
2.510141340000000000e+08 9.704584502999649587e+00
2.511343830000000000e+08 9.707783751248733495e+00
2.512521760000000000e+08 9.713753934312208571e+00
2.513697260000000000e+08 9.701768494529584785e+00
2.514858750000000000e+08 9.704147899739162142e+00
2.516031690000000000e+08 9.701104158577438241e+00
2.517255890000000000e+08 9.730515967850694281e+00
2.518438900000000000e+08 9.731347674741105180e+00
2.519639420000000000e+08 9.746384787258110194e+00
2.520796670000000000e+08 9.741543235190508909e+00
2.521967390000000000e+08 9.733034996014895412e+00
2.523146960000000000e+08 9.731845947871626379e+00
2.524308190000000000e+08 9.717743117949900977e+00
2.525497450000000000e+08 9.699201476268006772e+00
2.526673680000000000e+08 9.698988295991284758e+00
2.527860800000000000e+08 9.703416200420774018e+00
2.529067630000000000e+08 9.693095219710214039e+00
2.530245640000000000e+08 9.692536204319273097e+00
2.531430910000000000e+08 9.696344634887527292e+00
2.532616110000000000e+08 9.682891507124864461e+00
2.533766950000000000e+08 9.665120637662756309e+00
2.534953750000000000e+08 9.662579300083862677e+00
2.536130880000000000e+08 9.661751913935695768e+00
2.537313180000000000e+08 9.658884257048958588e+00
2.538514120000000000e+08 9.659276852544429914e+00
2.539685910000000000e+08 9.652328515086885830e+00
2.540846820000000000e+08 9.653412047017955189e+00
2.542041760000000000e+08 9.665257269129744699e+00
2.543226380000000000e+08 9.657905140322748494e+00
2.544403170000000000e+08 9.639461752019434115e+00
2.545585580000000000e+08 9.649926504233775404e+00
2.546767320000000000e+08 9.636380532212930561e+00
2.547962180000000000e+08 9.630797497353452030e+00
2.549132990000000000e+08 9.640841894122560873e+00
2.550269350000000000e+08 9.645435595513925264e+00
2.551443100000000000e+08 9.645898425648685048e+00
2.552615930000000000e+08 9.632820621720771470e+00
2.553812260000000000e+08 9.619159431620705192e+00
2.554997870000000000e+08 9.605574901030273338e+00
2.556189750000000000e+08 9.602094577506091966e+00
2.557352080000000000e+08 9.606005802917879421e+00
2.558507320000000000e+08 9.597666016760671326e+00
2.559689010000000000e+08 9.587696366179502050e+00
2.560869710000000000e+08 9.583904892745668036e+00
2.562061390000000000e+08 9.591470585159877160e+00
2.563276380000000000e+08 9.602675813174533559e+00
2.564446300000000000e+08 9.593141504784496121e+00
2.565646560000000000e+08 9.584978853644557262e+00
2.566861730000000000e+08 9.583172911318190046e+00
2.568057500000000000e+08 9.579053426593343801e+00
2.569233250000000000e+08 9.572051393545706333e+00
2.570444460000000000e+08 9.561093558119306834e+00
2.571595070000000000e+08 9.552630317845611785e+00
2.572805330000000000e+08 9.547905005142418133e+00
2.573996280000000000e+08 9.549059404760045666e+00
2.575175580000000000e+08 9.556104903354919244e+00
2.576377910000000000e+08 9.575370755471688256e+00
2.577551950000000000e+08 9.558018763367249093e+00
2.578745260000000000e+08 9.555079751781830666e+00
2.579932140000000000e+08 9.552733234750808933e+00
2.581112730000000000e+08 9.546738932755173934e+00
2.582305710000000000e+08 9.545154971639565389e+00
2.583511440000000000e+08 9.540067492804798377e+00
2.584654560000000000e+08 9.532375159430928946e+00
2.585845660000000000e+08 9.529392959396460583e+00
2.587042670000000000e+08 9.529112224100151352e+00
2.588233230000000000e+08 9.519649703921061246e+00
2.589410800000000000e+08 9.515207813084851196e+00
2.590601850000000000e+08 9.516511829571518533e+00
2.591789440000000000e+08 9.507200734549902776e+00
2.592959090000000000e+08 9.506639569371968079e+00
2.594146820000000000e+08 9.498416374115416616e+00
2.595333670000000000e+08 9.502068909505638317e+00
2.596556930000000000e+08 9.516440401146025962e+00
2.597732310000000000e+08 9.513618607767391211e+00
2.598912500000000000e+08 9.511040671294052729e+00
2.600115670000000000e+08 9.519166351346608934e+00
2.601304040000000000e+08 9.534248687749489193e+00
2.602485010000000000e+08 9.537537418520130927e+00
2.603679150000000000e+08 9.541346204126339714e+00
2.604831860000000000e+08 9.538641600392482545e+00
2.606009220000000000e+08 9.548540024552785610e+00
2.607217000000000000e+08 9.538056642826379772e+00
2.608386340000000000e+08 9.539278253421482390e+00
2.609553160000000000e+08 9.530275667009902918e+00
2.610745960000000000e+08 9.538971690998323538e+00
2.611944900000000000e+08 9.535567089799569018e+00
2.613128300000000000e+08 9.531133761479882338e+00
2.614301930000000000e+08 9.532433008590091461e+00
2.615505630000000000e+08 9.538669203647566874e+00
2.616695890000000000e+08 9.542915115542740523e+00
2.617855310000000000e+08 9.544362556106138484e+00
2.619011800000000000e+08 9.539534997768106095e+00
2.620173420000000000e+08 9.537173339209971346e+00
2.621370260000000000e+08 9.522048897642811482e+00
2.622562380000000000e+08 9.523850000054798315e+00
2.623740210000000000e+08 9.510258996814108912e+00
2.624947600000000000e+08 9.507457772029411558e+00
2.626115830000000000e+08 9.502858655804763188e+00
2.627275980000000000e+08 9.500815340061704362e+00
2.628455310000000000e+08 9.492650213422860972e+00
2.629682910000000000e+08 9.494084335225794646e+00
2.630880690000000000e+08 9.497537681905308560e+00
2.632033710000000000e+08 9.504840577050613248e+00
2.633197660000000000e+08 9.515938576403083715e+00
2.634389040000000000e+08 9.521749829178929758e+00
2.635571890000000000e+08 9.525880433686234383e+00
2.636765980000000000e+08 9.530429238240824219e+00
2.637942030000000000e+08 9.522760666322803047e+00
2.639094840000000000e+08 9.523972311361383447e+00
2.640289980000000000e+08 9.533328513096050116e+00
2.641467890000000000e+08 9.522691967779206124e+00
2.642662670000000000e+08 9.524918750039731208e+00
2.643862300000000000e+08 9.542320494438280676e+00
2.645024240000000000e+08 9.540504423000877310e+00
2.646202820000000000e+08 9.532432308147431144e+00
2.647395140000000000e+08 9.529475708709210124e+00
2.648566360000000000e+08 9.539559200073272294e+00
2.649732630000000000e+08 9.528395511722326461e+00
2.650933850000000000e+08 9.539821770094224718e+00
2.652100130000000000e+08 9.541460225877317569e+00
2.653269280000000000e+08 9.551230063874175613e+00
2.654456230000000000e+08 9.529257502992283690e+00
2.655615740000000000e+08 9.516608723557968830e+00
2.656794920000000000e+08 9.512488982201125154e+00
2.658003970000000000e+08 9.506452800151000915e+00
2.659190690000000000e+08 9.513209894056430471e+00
2.660379350000000000e+08 9.496767302465817906e+00
2.661586800000000000e+08 9.490708883749677582e+00
2.662752950000000000e+08 9.482919033985425017e+00
2.663940990000000000e+08 9.474108135251448459e+00
2.665087800000000000e+08 9.471489534379802677e+00
2.666280540000000000e+08 9.469280583590895972e+00
2.667500140000000000e+08 9.473190766268700713e+00
2.668690460000000000e+08 9.475481089893042608e+00
2.669850740000000000e+08 9.467325091312513763e+00
2.671047860000000000e+08 9.470136970958748179e+00
2.672219790000000000e+08 9.459884087234170735e+00
2.673409890000000000e+08 9.447078470660260407e+00
2.674609240000000000e+08 9.449746412322108213e+00
2.675820600000000000e+08 9.445592446358661576e+00
2.677014340000000000e+08 9.436006934520815292e+00
2.678171980000000000e+08 9.430208184673960048e+00
2.679373790000000000e+08 9.434508183242636292e+00
2.680541930000000000e+08 9.430972123526300877e+00
2.681754910000000000e+08 9.432067426226934614e+00
2.682925150000000000e+08 9.414776332862750508e+00
2.684141580000000000e+08 9.408282395518252628e+00
2.685340150000000000e+08 9.414975491210265446e+00
2.686547230000000000e+08 9.404716198879073730e+00
2.687737070000000000e+08 9.394713471258294035e+00
2.688929410000000000e+08 9.398253940249155391e+00
2.690121720000000000e+08 9.395411281590879682e+00
2.691300170000000000e+08 9.396817961852136136e+00
2.692500060000000000e+08 9.400717537608729302e+00
2.693697470000000000e+08 9.406056877008651895e+00
2.694904980000000000e+08 9.406317543107105550e+00
2.696103140000000000e+08 9.392965209484152922e+00
2.697252230000000000e+08 9.379610517844053419e+00
2.698432810000000000e+08 9.376446941833338045e+00
2.699604740000000000e+08 9.375711892331095143e+00
2.700785950000000000e+08 9.359673975772061283e+00
2.701984340000000000e+08 9.348650170490339306e+00
2.703138420000000000e+08 9.331438925436078335e+00
2.704360150000000000e+08 9.329338593684905589e+00
2.705546650000000000e+08 9.309792506222288822e+00
2.706746820000000000e+08 9.313810743806085313e+00
2.707925350000000000e+08 9.306796149969056131e+00
2.709109690000000000e+08 9.306695441004707803e+00
2.710296800000000000e+08 9.299781030479890021e+00
2.711475860000000000e+08 9.308126888611219840e+00
2.712667120000000000e+08 9.308776032903960385e+00
2.713834270000000000e+08 9.302600118116918892e+00
2.714978310000000000e+08 9.297519501133034936e+00
2.716159640000000000e+08 9.306022178555252822e+00
2.717332770000000000e+08 9.304950869258126644e+00
2.718552320000000000e+08 9.312325782107881977e+00
2.719754730000000000e+08 9.315047889466914199e+00
2.720941480000000000e+08 9.321737079112930147e+00
2.722140520000000000e+08 9.314296748470702880e+00
2.723293710000000000e+08 9.317366586448383003e+00
2.724487800000000000e+08 9.318376046828296566e+00
2.725692640000000000e+08 9.319281730732878799e+00
2.726879800000000000e+08 9.317538864899500339e+00
2.728082530000000000e+08 9.313033004649367896e+00
2.729293980000000000e+08 9.299528712277187026e+00
2.730460580000000000e+08 9.288479542112915155e+00
2.731621960000000000e+08 9.289567901681961004e+00
2.732797110000000000e+08 9.288890141308526083e+00
2.733970620000000000e+08 9.298985538786785909e+00
2.735155250000000000e+08 9.293316070486557834e+00
2.736315510000000000e+08 9.285183933050426219e+00
2.737538170000000000e+08 9.292251196218705545e+00
2.738707400000000000e+08 9.307203205225452081e+00
2.739870230000000000e+08 9.305698774491313330e+00
2.741057410000000000e+08 9.296646678331946134e+00
2.742267280000000000e+08 9.287010245772808759e+00
2.743434790000000000e+08 9.287541481568155177e+00
2.744601200000000000e+08 9.284435254613340405e+00
2.745798350000000000e+08 9.275861838548316030e+00
2.746976890000000000e+08 9.268316614607636339e+00
2.748181450000000000e+08 9.273666716569264779e+00
2.749404310000000000e+08 9.284065366269746988e+00
2.750616270000000000e+08 9.278113123387907279e+00
2.751822880000000000e+08 9.269666691917636925e+00
2.753017270000000000e+08 9.271627134503843237e+00
2.754200740000000000e+08 9.283302734075327578e+00
2.755393540000000000e+08 9.282330123239111330e+00
2.756589620000000000e+08 9.278865312433058676e+00
2.757754900000000000e+08 9.287719463980586454e+00
2.758936590000000000e+08 9.285563356108493593e+00
2.760112330000000000e+08 9.283357998749290019e+00
2.761336830000000000e+08 9.297048611343290858e+00
2.762532450000000000e+08 9.286994954685839687e+00
2.763739830000000000e+08 9.293207998711261908e+00
2.764920750000000000e+08 9.292152085262909367e+00
2.766080390000000000e+08 9.294375081028187324e+00
2.767268600000000000e+08 9.284874321352296178e+00
2.768465120000000000e+08 9.284942686042921167e+00
2.769644010000000000e+08 9.278803558789553207e+00
2.770838630000000000e+08 9.286674280049023622e+00
2.772058170000000000e+08 9.292177244262408209e+00
2.773246020000000000e+08 9.295852842245167835e+00
2.774413600000000000e+08 9.301755577912960149e+00
2.775632940000000000e+08 9.297888754077643370e+00
2.776791420000000000e+08 9.288400046207771155e+00
2.777995190000000000e+08 9.287498409896251417e+00
2.779177440000000000e+08 9.291602622418352553e+00
2.780337130000000000e+08 9.303283970463374075e+00
2.781527770000000000e+08 9.298584056031595324e+00
2.782714360000000000e+08 9.305276557684411642e+00
2.783888420000000000e+08 9.304043902027924418e+00
2.785074750000000000e+08 9.300469598191169140e+00
2.786225810000000000e+08 9.308437705748890068e+00
2.787410320000000000e+08 9.316275153966858014e+00
2.788608450000000000e+08 9.309391801839115743e+00
2.789737560000000000e+08 9.310229947064698308e+00
2.790915890000000000e+08 9.307363032786893697e+00
2.792108830000000000e+08 9.302665289900415857e+00
2.793282880000000000e+08 9.298596448891188970e+00
2.794475080000000000e+08 9.303213976121085693e+00
2.795649620000000000e+08 9.289886362258837238e+00
2.796839140000000000e+08 9.291620208982745766e+00
2.798042360000000000e+08 9.289739532664853527e+00
2.799237000000000000e+08 9.291138282317831454e+00
2.800387280000000000e+08 9.291860125573824902e+00
2.801544800000000000e+08 9.288964019290880003e+00
2.802761090000000000e+08 9.303196085487819289e+00
2.803919390000000000e+08 9.320541445255056345e+00
2.805105460000000000e+08 9.320578345165674961e+00
2.806260850000000000e+08 9.321890052023604767e+00
2.807445650000000000e+08 9.321594130673030776e+00
2.808630950000000000e+08 9.322131562745187949e+00
2.809807060000000000e+08 9.322576777386416325e+00
2.810971590000000000e+08 9.324734805224318634e+00
2.812171910000000000e+08 9.315203239108489797e+00
2.813362530000000000e+08 9.322843997325058751e+00
2.814561390000000000e+08 9.317890519735003707e+00
2.815769100000000000e+08 9.311005857322856016e+00
2.816956720000000000e+08 9.306613554635344343e+00
2.818151130000000000e+08 9.289267399598241326e+00
2.819338120000000000e+08 9.287151379765210990e+00
2.820541790000000000e+08 9.283980475612452210e+00
2.821704250000000000e+08 9.280785497276106355e+00
2.822903040000000000e+08 9.272199707667052593e+00
2.824119510000000000e+08 9.269973550153251196e+00
2.825286920000000000e+08 9.263707961039090222e+00
2.826453490000000000e+08 9.273742753218158441e+00
2.827641400000000000e+08 9.266743880631601371e+00
2.828830970000000000e+08 9.261401832108617782e+00
2.829999480000000000e+08 9.272997287858895987e+00
2.831190300000000000e+08 9.259200333846568043e+00
2.832408030000000000e+08 9.255098385045865683e+00
2.833589710000000000e+08 9.258817218882782640e+00
2.834771800000000000e+08 9.253262993515654955e+00
2.835991570000000000e+08 9.236766873990887916e+00
2.837153400000000000e+08 9.231745316581267957e+00
2.838324240000000000e+08 9.233438484030083160e+00
2.839511760000000000e+08 9.230947350427296527e+00
2.840717680000000000e+08 9.239270375298305638e+00
2.841891600000000000e+08 9.239161506601112350e+00
2.843089920000000000e+08 9.259478799591487785e+00
2.844288650000000000e+08 9.261225030083760856e+00
2.845472540000000000e+08 9.268314431749068660e+00
2.846648800000000000e+08 9.262391547723225926e+00
2.847853440000000000e+08 9.255318752078059319e+00
2.849048770000000000e+08 9.249668637123171777e+00
2.850268320000000000e+08 9.246859215103254925e+00
2.851442020000000000e+08 9.246559937466136248e+00
2.852644040000000000e+08 9.241849786857830651e+00
2.853811490000000000e+08 9.243210624667282715e+00
2.854999880000000000e+08 9.241216674929317421e+00
2.856229340000000000e+08 9.243505778889250735e+00
2.857445340000000000e+08 9.256257797875619531e+00
2.858669820000000000e+08 9.271642256341536381e+00
2.859849430000000000e+08 9.262570485186083502e+00
2.861009620000000000e+08 9.265170680475529608e+00
2.862181070000000000e+08 9.259403805617392180e+00
2.863386940000000000e+08 9.252421274855008093e+00
2.864575160000000000e+08 9.245789907557732334e+00
2.865735320000000000e+08 9.257588010683571511e+00
2.866943880000000000e+08 9.257069971375937456e+00
2.868072990000000000e+08 9.246041741911072975e+00
2.869282770000000000e+08 9.252980545015502045e+00
2.870466180000000000e+08 9.249766224344282861e+00
2.871642930000000000e+08 9.254407007100496685e+00
2.872815750000000000e+08 9.249348907706682610e+00
2.874019630000000000e+08 9.260323857079729493e+00
2.875178720000000000e+08 9.269205114589796679e+00
2.876364110000000000e+08 9.263333006265696667e+00
2.877543490000000000e+08 9.260555229188529580e+00
2.878724440000000000e+08 9.257291266003756292e+00
2.879919160000000000e+08 9.264085070147359602e+00
2.881087430000000000e+08 9.264022054031567421e+00
2.882285860000000000e+08 9.248079473208960621e+00
2.883458030000000000e+08 9.240809667641800118e+00
2.884630030000000000e+08 9.235683133627286878e+00
2.885846530000000000e+08 9.227433008444970497e+00
2.886972610000000000e+08 9.228600193055914502e+00
2.888153250000000000e+08 9.231558783785896338e+00
2.889375170000000000e+08 9.232972841643119821e+00
2.890534040000000000e+08 9.224803620352810540e+00
2.891727320000000000e+08 9.221350609438740520e+00
2.892920740000000000e+08 9.212671929149765404e+00
2.894107900000000000e+08 9.216002276455865783e+00
2.895283800000000000e+08 9.209403232602271672e+00
2.896489880000000000e+08 9.217434459218976528e+00
2.897650100000000000e+08 9.209939189538891569e+00
2.898864330000000000e+08 9.207360658584194724e+00
2.900041480000000000e+08 9.200476517702407264e+00
2.901231820000000000e+08 9.202887994237746838e+00
2.902411410000000000e+08 9.199935381318292471e+00
2.903619400000000000e+08 9.205387861675058403e+00
2.904793180000000000e+08 9.200655902136205100e+00
2.905973860000000000e+08 9.205668415174457664e+00
2.907164660000000000e+08 9.204254499014673740e+00
2.908343240000000000e+08 9.201996701228459585e+00
2.909527350000000000e+08 9.197635761304507440e+00
2.910687240000000000e+08 9.196622845777776334e+00
2.911907070000000000e+08 9.198864546254771568e+00
2.913100710000000000e+08 9.199138465805290821e+00
2.914280240000000000e+08 9.206679534567175693e+00
2.915485330000000000e+08 9.198683038088669051e+00
2.916654890000000000e+08 9.197452918333521410e+00
2.917841260000000000e+08 9.210325973089762641e+00
2.919006640000000000e+08 9.202060820059065449e+00
2.920186840000000000e+08 9.193531920266302393e+00
2.921376700000000000e+08 9.202893429110226009e+00
2.922570720000000000e+08 9.200806908488559088e+00
2.923744700000000000e+08 9.202555601027398779e+00
2.924935460000000000e+08 9.203500021626275895e+00
2.926120670000000000e+08 9.211710279965050319e+00
2.927281360000000000e+08 9.220295336956205290e+00
2.928465800000000000e+08 9.218440233986020971e+00
2.929643400000000000e+08 9.217760969201114207e+00
2.930845020000000000e+08 9.216468162319692681e+00
2.931984060000000000e+08 9.221830071443758214e+00
2.933164460000000000e+08 9.217812310649792451e+00
2.934332510000000000e+08 9.227275127145315281e+00
2.935513600000000000e+08 9.247854791342586367e+00
2.936699780000000000e+08 9.241503399134463947e+00
2.937892030000000000e+08 9.239137573458284791e+00
2.939079890000000000e+08 9.239759045924015979e+00
2.940276720000000000e+08 9.228170750518289722e+00
2.941478190000000000e+08 9.237603633858578078e+00
2.942666950000000000e+08 9.244787014609396891e+00
2.943856070000000000e+08 9.240646164755412784e+00
2.945065140000000000e+08 9.238296904304320378e+00
2.946237650000000000e+08 9.241216723027747548e+00
2.947448580000000000e+08 9.231789557579364924e+00
2.948656800000000000e+08 9.238160291960445747e+00
2.949851260000000000e+08 9.231593118591234770e+00
2.951051770000000000e+08 9.246706982948692755e+00
2.952216870000000000e+08 9.253634368751196604e+00
2.953392370000000000e+08 9.250947265001448372e+00
2.954564110000000000e+08 9.252083142149086115e+00
2.955740370000000000e+08 9.248286583925835913e+00
2.956922480000000000e+08 9.250086381564738502e+00
2.958125800000000000e+08 9.241339997010076246e+00
2.959303700000000000e+08 9.244175260721393173e+00
2.960462260000000000e+08 9.237247297912936972e+00
2.961620810000000000e+08 9.230501385837873940e+00
2.962824960000000000e+08 9.223919506455876771e+00
2.963984560000000000e+08 9.200337330634049238e+00
2.965158140000000000e+08 9.195397509453663076e+00
2.966342190000000000e+08 9.198121692385766934e+00
2.967518900000000000e+08 9.201894546349837611e+00
2.968727350000000000e+08 9.205214769207573866e+00
2.969880000000000000e+08 9.213159708054162067e+00
2.971088620000000000e+08 9.212339024895344508e+00
2.972273840000000000e+08 9.205738872749282820e+00
2.973446480000000000e+08 9.185009426237659369e+00
2.974639760000000000e+08 9.171430702521071510e+00
2.975809980000000000e+08 9.176889303323637392e+00
2.976967030000000000e+08 9.162761909618986067e+00
2.978198430000000000e+08 9.163713399220357658e+00
2.979361500000000000e+08 9.153757368230335700e+00
2.980540330000000000e+08 9.159535357583123982e+00
2.981697390000000000e+08 9.165302236565119998e+00
2.982904820000000000e+08 9.163358057719502625e+00
2.984094620000000000e+08 9.173406810219123741e+00
2.985291630000000000e+08 9.174006824091174295e+00
2.986471680000000000e+08 9.168874544015981343e+00
2.987667330000000000e+08 9.171755943109626941e+00
2.988867530000000000e+08 9.173754295880215182e+00
2.990070120000000000e+08 9.169069926756515443e+00
2.991238780000000000e+08 9.181200268963534583e+00
2.992439270000000000e+08 9.185516351398652191e+00
2.993613050000000000e+08 9.177957300909437066e+00
2.994762650000000000e+08 9.182455157468185192e+00
2.995945810000000000e+08 9.192769894476271020e+00
2.997112060000000000e+08 9.191904181811773711e+00
2.998301650000000000e+08 9.189521534995030549e+00
2.999498810000000000e+08 9.198110101534057392e+00
3.000712110000000000e+08 9.212313460388639186e+00
3.001911670000000000e+08 9.207310078236073281e+00
3.003065300000000000e+08 9.209287193796470206e+00
3.004260650000000000e+08 9.205202140997272409e+00
3.005421110000000000e+08 9.210290650290893666e+00
3.006575230000000000e+08 9.197620112950634308e+00
3.007749130000000000e+08 9.189809169829104007e+00
3.008959890000000000e+08 9.181261616118774782e+00
3.010145210000000000e+08 9.177696035030727728e+00
3.011322130000000000e+08 9.169550559967179382e+00
3.012497250000000000e+08 9.175398461393804439e+00
3.013720600000000000e+08 9.181111521348702453e+00
3.014896880000000000e+08 9.197213969994930238e+00
3.016060310000000000e+08 9.204246231944484435e+00
3.017257930000000000e+08 9.213429445469087042e+00
3.018447220000000000e+08 9.200719959440592177e+00
3.019615420000000000e+08 9.206468981998067846e+00
3.020801060000000000e+08 9.210137426306557629e+00
3.022005850000000000e+08 9.207683194511529834e+00
3.023221890000000000e+08 9.223442000914545247e+00
3.024412880000000000e+08 9.226062393209947032e+00
3.025566980000000000e+08 9.216759270424864425e+00
3.026755980000000000e+08 9.211873534407967412e+00
3.027897690000000000e+08 9.209408059819244485e+00
3.029076730000000000e+08 9.216802519855162856e+00
3.030263930000000000e+08 9.218831723467355133e+00
3.031455880000000000e+08 9.216477808418957807e+00
3.032611340000000000e+08 9.210694625903029120e+00
3.033830030000000000e+08 9.212068720180580428e+00
3.035034560000000000e+08 9.213759025665561708e+00
3.036225340000000000e+08 9.202827783087235147e+00
3.037431730000000000e+08 9.202863343321032730e+00
3.038620880000000000e+08 9.202077857903059765e+00
3.039820570000000000e+08 9.209092062548680957e+00
3.041005860000000000e+08 9.191969094781590854e+00
3.042181240000000000e+08 9.194162597931763159e+00
3.043369830000000000e+08 9.188434188610305142e+00
3.044531200000000000e+08 9.178824359416598355e+00
3.045753430000000000e+08 9.182114837623867487e+00
3.046922880000000000e+08 9.189734553723187815e+00
3.048096020000000000e+08 9.180321639254568566e+00
3.049293800000000000e+08 9.188367720781936754e+00
3.050469540000000000e+08 9.189733387898417760e+00
3.051647810000000000e+08 9.188980710260933549e+00
3.052844760000000000e+08 9.190084747963894074e+00
3.054064160000000000e+08 9.191764526039253980e+00
3.055267160000000000e+08 9.189656886690755755e+00
3.056463630000000000e+08 9.179975132054327247e+00
3.057627520000000000e+08 9.188764862196840966e+00
3.058831810000000000e+08 9.183248656711471725e+00
3.059998900000000000e+08 9.172776356612814652e+00
3.061157210000000000e+08 9.173087772135552598e+00
3.062312310000000000e+08 9.173860971942291442e+00
3.063472830000000000e+08 9.178593163123286658e+00
3.064692150000000000e+08 9.179450654823362754e+00
3.065858040000000000e+08 9.186523479654253421e+00
3.067054850000000000e+08 9.191266367140331184e+00
3.068211420000000000e+08 9.185432752441711202e+00
3.069378270000000000e+08 9.177409023009969857e+00
3.070560940000000000e+08 9.170390574252127891e+00
3.071741220000000000e+08 9.159171388581015094e+00
3.072920420000000000e+08 9.156596020971042194e+00
3.074105650000000000e+08 9.157440359110436745e+00
3.075314330000000000e+08 9.155501573392683667e+00
3.076501900000000000e+08 9.144716215124748970e+00
3.077660940000000000e+08 9.142669309685357959e+00
3.078834850000000000e+08 9.134371863102622058e+00
3.080028740000000000e+08 9.130431874480766652e+00
3.081221660000000000e+08 9.128340451207195727e+00
3.082386290000000000e+08 9.124362611427782710e+00
3.083606480000000000e+08 9.116716739299530303e+00
3.084801970000000000e+08 9.128450255329212837e+00
3.085991110000000000e+08 9.116438550612967262e+00
3.087184930000000000e+08 9.102225506245915199e+00
3.088376330000000000e+08 9.102370985020353800e+00
3.089561730000000000e+08 9.098118907228833763e+00
3.090759890000000000e+08 9.080581418045992947e+00
3.091972230000000000e+08 9.068862699115040726e+00
3.093164560000000000e+08 9.056451150635885128e+00
3.094302530000000000e+08 9.055779931274221539e+00
3.095478220000000000e+08 9.058943130498223084e+00
3.096657380000000000e+08 9.064667872608794141e+00
3.097866620000000000e+08 9.060198886162364573e+00
3.099057790000000000e+08 9.072489058340583057e+00
3.100256170000000000e+08 9.066016187295714346e+00
3.101465040000000000e+08 9.069300160692984392e+00
3.102667940000000000e+08 9.071556416643726806e+00
3.103805550000000000e+08 9.077643084722573974e+00
3.105002540000000000e+08 9.071589454839426026e+00
3.106198600000000000e+08 9.073922537438567915e+00
3.107410800000000000e+08 9.079314508549025220e+00
3.108568890000000000e+08 9.074483188230367148e+00
3.109774030000000000e+08 9.071246435074849401e+00
3.110982100000000000e+08 9.063264018136756306e+00
3.112164580000000000e+08 9.052349787381807289e+00
3.113358980000000000e+08 9.043433072240917525e+00
3.114520540000000000e+08 9.056452453933953706e+00
3.115691740000000000e+08 9.056287551598575902e+00
3.116874520000000000e+08 9.060397099299555279e+00
3.118065210000000000e+08 9.061978077307262680e+00
3.119246810000000000e+08 9.061436425228412972e+00
3.120420160000000000e+08 9.063218096199415541e+00
3.121606240000000000e+08 9.053257525686193574e+00
3.122812360000000000e+08 9.054741090247569346e+00
3.123998830000000000e+08 9.054991784074642780e+00
3.125189740000000000e+08 9.043308261987853314e+00
3.126389330000000000e+08 9.044860949314614373e+00
3.127566800000000000e+08 9.044467261924648227e+00
3.128780700000000000e+08 9.048621383176813637e+00
3.129962190000000000e+08 9.051827527385489347e+00
3.131125560000000000e+08 9.045697161125266561e+00
3.132317610000000000e+08 9.038732629233878768e+00
3.133514780000000000e+08 9.026609752803292253e+00
3.134717740000000000e+08 9.021152942065134184e+00
3.135893540000000000e+08 9.024284626178145530e+00
3.137099590000000000e+08 9.014532180121218374e+00
3.138289410000000000e+08 9.013458591326859448e+00
3.139463380000000000e+08 9.007515864999986022e+00
3.140681020000000000e+08 9.003596208688371405e+00
3.141868460000000000e+08 8.992077204718478711e+00
3.143045360000000000e+08 8.989886596426833520e+00
3.144273570000000000e+08 8.991818563901764705e+00
3.145478250000000000e+08 8.991408259821152882e+00
3.146676620000000000e+08 8.997833268080082547e+00
3.147845670000000000e+08 8.999619640845395452e+00
3.149020520000000000e+08 8.983871527292418335e+00
3.150208640000000000e+08 8.987479986730011916e+00
3.151389860000000000e+08 8.976800593968418340e+00
3.152564680000000000e+08 8.970746676340349168e+00
3.153736940000000000e+08 8.963461544149550875e+00
3.154936700000000000e+08 8.962017745186578566e+00
3.156115980000000000e+08 8.968016022646953189e+00
3.157284600000000000e+08 8.960893173309763426e+00
3.158474850000000000e+08 8.964796207035170994e+00
3.159680800000000000e+08 8.977158246551493193e+00
3.160858300000000000e+08 8.984946533148599812e+00
3.162065650000000000e+08 8.978713591349741563e+00
3.163239690000000000e+08 8.979713119605088778e+00
3.164407960000000000e+08 8.988804179892182944e+00
3.165622210000000000e+08 8.993639612130694516e+00
3.166835080000000000e+08 8.990035794935804958e+00
3.168056770000000000e+08 8.979401355981455168e+00
3.169220780000000000e+08 8.993680039611687604e+00
3.170465890000000000e+08 9.003163200235132280e+00
3.171664270000000000e+08 8.999290670495952327e+00
3.172852030000000000e+08 8.995952675979392410e+00
3.174055340000000000e+08 8.995822326229118815e+00
3.175242730000000000e+08 8.982464787705275455e+00
3.176413270000000000e+08 8.982618206524447757e+00
3.177580140000000000e+08 8.986115964585204452e+00
3.178770680000000000e+08 8.980277178046417674e+00
3.179934870000000000e+08 8.970711264737508017e+00
3.181153400000000000e+08 8.974593867264573532e+00
3.182341310000000000e+08 8.963599269676473469e+00
3.183526130000000000e+08 8.957174566548603778e+00
3.184696060000000000e+08 8.964168511011767038e+00
3.185858700000000000e+08 8.959375407404149172e+00
3.187059630000000000e+08 8.957036842145942757e+00
3.188252440000000000e+08 8.955975813537872199e+00
3.189466180000000000e+08 8.955554929524843999e+00
3.190641910000000000e+08 8.941729122941243446e+00
3.191810450000000000e+08 8.948555462493294144e+00
3.192977850000000000e+08 8.950520469089088493e+00
3.194161890000000000e+08 8.943481700223831155e+00
3.195337520000000000e+08 8.935557337756071306e+00
3.196498750000000000e+08 8.933106507491494597e+00
3.197660690000000000e+08 8.936559595947192847e+00
3.198828930000000000e+08 8.938393664050780174e+00
3.200008660000000000e+08 8.942990583393426007e+00
3.201208470000000000e+08 8.950958632482624466e+00
3.202390320000000000e+08 8.953868509343593018e+00
3.203566200000000000e+08 8.940654070926681740e+00
3.204756920000000000e+08 8.942982229033324515e+00
3.205928890000000000e+08 8.937619173847421550e+00
3.207095080000000000e+08 8.938194641677160490e+00
3.208305140000000000e+08 8.930200756476864399e+00
3.209494000000000000e+08 8.932236692083533214e+00
3.210684330000000000e+08 8.925423935304831247e+00
3.211877890000000000e+08 8.925256483504439231e+00
3.213049720000000000e+08 8.927201987003508421e+00
3.214238690000000000e+08 8.918917114002153923e+00
3.215424950000000000e+08 8.910388073260993025e+00
3.216641870000000000e+08 8.899468213436716013e+00
3.217833210000000000e+08 8.894219205952632379e+00
3.219019730000000000e+08 8.905088479555821834e+00
3.220203090000000000e+08 8.898402292098470667e+00
3.221393370000000000e+08 8.899534064784523579e+00
3.222582870000000000e+08 8.905008540476620382e+00
3.223776430000000000e+08 8.913812490049121351e+00
3.224992350000000000e+08 8.909993886109106143e+00
3.226160430000000000e+08 8.910980978033585131e+00
3.227362220000000000e+08 8.921409840389793899e+00
3.228534930000000000e+08 8.920436910635377359e+00
3.229689920000000000e+08 8.920803480692452325e+00
3.230873170000000000e+08 8.919345391234726250e+00
3.232043010000000000e+08 8.913669501957672381e+00
3.233210080000000000e+08 8.902506202859497009e+00
3.234395090000000000e+08 8.898313662599850460e+00
3.235578900000000000e+08 8.904154887459496237e+00
3.236734140000000000e+08 8.896467182547787900e+00
3.237932730000000000e+08 8.890841358626932589e+00
3.239117830000000000e+08 8.882658456041827577e+00
3.240271550000000000e+08 8.877725791582065540e+00
3.241465470000000000e+08 8.877419005899712445e+00
3.242643080000000000e+08 8.870097031645229890e+00
3.243818480000000000e+08 8.858953073792045885e+00
3.244997550000000000e+08 8.858221942243750036e+00
3.246188660000000000e+08 8.855321657497796650e+00
3.247387020000000000e+08 8.846793639924610986e+00
3.248553600000000000e+08 8.852033246256366894e+00
3.249708440000000000e+08 8.849686959884285997e+00
3.250894460000000000e+08 8.831756040028524879e+00
3.252125920000000000e+08 8.831241048720391618e+00
3.253311040000000000e+08 8.829343953765897979e+00
3.254524210000000000e+08 8.840908350092751888e+00
3.255708950000000000e+08 8.837991272862602443e+00
3.256891890000000000e+08 8.856466435486591848e+00
3.258079110000000000e+08 8.856797641028011370e+00
3.259279720000000000e+08 8.853677231097387690e+00
3.260455500000000000e+08 8.847493333441759589e+00
3.261644180000000000e+08 8.834250141336731588e+00
3.262886610000000000e+08 8.820689031412484837e+00
3.264091160000000000e+08 8.818450371346859384e+00
3.265299350000000000e+08 8.828201565648299720e+00
3.266485470000000000e+08 8.836447171634230102e+00
3.267660930000000000e+08 8.826144866108387887e+00
3.268823420000000000e+08 8.823285709301268653e+00
3.270007490000000000e+08 8.824544401546397410e+00
3.271186650000000000e+08 8.823907616970798173e+00
3.272352670000000000e+08 8.817941337727287276e+00
3.273495060000000000e+08 8.815018355946129702e+00
3.274686670000000000e+08 8.829838939794564467e+00
3.275847800000000000e+08 8.825993869744255704e+00
3.277034430000000000e+08 8.826551103080616301e+00
3.278235700000000000e+08 8.823213363658561903e+00
3.279420850000000000e+08 8.830685766917522272e+00
3.280618240000000000e+08 8.828684941391378160e+00
3.281794850000000000e+08 8.830479972943324540e+00
3.282978660000000000e+08 8.829715107073237590e+00
3.284157900000000000e+08 8.821965342508740093e+00
3.285356220000000000e+08 8.812593124017904955e+00
3.286512610000000000e+08 8.799785773506208386e+00
3.287700780000000000e+08 8.801195477780161980e+00
3.288904330000000000e+08 8.811204869050015986e+00
3.290061660000000000e+08 8.818831182054459816e+00
3.291233440000000000e+08 8.818740317288424890e+00
3.292394530000000000e+08 8.821600281125316911e+00
3.293573910000000000e+08 8.818520834310266565e+00
3.294778100000000000e+08 8.816667195976119586e+00
3.295967800000000000e+08 8.809341606800719759e+00
3.297117280000000000e+08 8.806634572968201624e+00
3.298309740000000000e+08 8.809625657861039016e+00
3.299495320000000000e+08 8.806387496730762265e+00
3.300682780000000000e+08 8.803306458524781775e+00
3.301893630000000000e+08 8.807473911189401150e+00
3.303120620000000000e+08 8.806639500142340538e+00
3.304335350000000000e+08 8.799873144195750285e+00
3.305548290000000000e+08 8.793435962329178679e+00
3.306729590000000000e+08 8.800549200212795853e+00
3.307902840000000000e+08 8.800438028238591670e+00
3.309093050000000000e+08 8.806653929105667800e+00
3.310282420000000000e+08 8.807835570976363826e+00
3.311449880000000000e+08 8.796518543531503198e+00
3.312633840000000000e+08 8.793966254936433913e+00
3.313816340000000000e+08 8.806401286424906161e+00
3.315009630000000000e+08 8.814627405087625434e+00
3.316180240000000000e+08 8.808886777948245594e+00
3.317360770000000000e+08 8.805674501455108327e+00
3.318564590000000000e+08 8.797978120051411111e+00
3.319785090000000000e+08 8.788874437304645681e+00
3.320990290000000000e+08 8.793859209720649162e+00
3.322181380000000000e+08 8.791457795292876298e+00
3.323346140000000000e+08 8.787185857227596486e+00
3.324543460000000000e+08 8.796058339745966848e+00
3.325717700000000000e+08 8.806564143501521613e+00
3.326876310000000000e+08 8.799623389728058243e+00
3.328070480000000000e+08 8.809831004451945446e+00
3.329238380000000000e+08 8.809769801101655418e+00
3.330402420000000000e+08 8.802817064399601321e+00
3.331590560000000000e+08 8.793078896144141510e+00
3.332762330000000000e+08 8.777809998972205818e+00
3.333967260000000000e+08 8.780572784400888509e+00
3.335148530000000000e+08 8.783008350809556219e+00
3.336347590000000000e+08 8.777877277702307524e+00
3.337532730000000000e+08 8.770205496258412836e+00
3.338727230000000000e+08 8.773627727051394487e+00
3.339924120000000000e+08 8.781136962836548321e+00
3.341107800000000000e+08 8.785550774734598889e+00
3.342310070000000000e+08 8.793181885395105368e+00
3.343485790000000000e+08 8.798087036880660960e+00
3.344679630000000000e+08 8.794603164753489466e+00
3.345863190000000000e+08 8.796628540587889233e+00
3.347066010000000000e+08 8.792969491799221160e+00
3.348279310000000000e+08 8.792517894289991531e+00
3.349462900000000000e+08 8.802256686820459919e+00
3.350628430000000000e+08 8.798166736281366695e+00
3.351815270000000000e+08 8.789769139875380333e+00
3.352999780000000000e+08 8.789547664887344069e+00
3.354213930000000000e+08 8.784069553585680978e+00
3.355374930000000000e+08 8.784534085132790437e+00
3.356538760000000000e+08 8.789970353581361806e+00
3.357713680000000000e+08 8.791472472096186763e+00
3.358896360000000000e+08 8.784629735572899278e+00
3.360073700000000000e+08 8.780130983136755773e+00
3.361234760000000000e+08 8.775524783078550328e+00
3.362412450000000000e+08 8.766286973943357097e+00
3.363578600000000000e+08 8.758644950001036378e+00
3.364729060000000000e+08 8.764287715674532464e+00
3.365905680000000000e+08 8.757050386850998791e+00
3.367112380000000000e+08 8.746007919694349653e+00
3.368296440000000000e+08 8.755009660052699871e+00
3.369462230000000000e+08 8.750422251608112489e+00
3.370643070000000000e+08 8.738033186391730212e+00
3.371830120000000000e+08 8.735030198820169289e+00
3.372992800000000000e+08 8.732986024253083457e+00
3.374203660000000000e+08 8.725635719821468683e+00
3.375382490000000000e+08 8.717856239765033877e+00
3.376568320000000000e+08 8.707855182896933499e+00
3.377767050000000000e+08 8.695710990106086058e+00
3.378992420000000000e+08 8.694365043791627556e+00
3.380148080000000000e+08 8.681492343984036353e+00
3.381347310000000000e+08 8.683591508831019823e+00
3.382555110000000000e+08 8.671892717789997818e+00
3.383737150000000000e+08 8.684775719872247279e+00
3.384935220000000000e+08 8.687300485181086884e+00
3.386114430000000000e+08 8.678178685349143606e+00
3.387296680000000000e+08 8.674483684597110056e+00
3.388481510000000000e+08 8.662179990939048224e+00
3.389654570000000000e+08 8.664570450683438452e+00
3.390872580000000000e+08 8.669675321189926009e+00
3.392036800000000000e+08 8.675665639738776136e+00
3.393216160000000000e+08 8.673738070465921268e+00
3.394368090000000000e+08 8.670826654350118901e+00
3.395545190000000000e+08 8.678304500333213767e+00
3.396762610000000000e+08 8.673429559189930416e+00
3.397939990000000000e+08 8.676110087674077320e+00
3.399116620000000000e+08 8.673841686016150021e+00
3.400262230000000000e+08 8.672133940324794565e+00
3.401437880000000000e+08 8.663750955443941137e+00
3.402627250000000000e+08 8.664251355643637353e+00
3.403812220000000000e+08 8.662799906968654540e+00
3.405002590000000000e+08 8.654554594705004433e+00
3.406208820000000000e+08 8.651282213363952422e+00
3.407408820000000000e+08 8.652273313907567598e+00
3.408569930000000000e+08 8.643127699494177918e+00
3.409767020000000000e+08 8.646405931944743273e+00
3.410961940000000000e+08 8.643371823446621249e+00
3.412148560000000000e+08 8.637297215772413495e+00
3.413306690000000000e+08 8.633157819964225155e+00
3.414500730000000000e+08 8.630215025452866229e+00
3.415649620000000000e+08 8.628407063257178322e+00
3.416874070000000000e+08 8.625923149122872502e+00
3.418048310000000000e+08 8.622453414147667417e+00
3.419219760000000000e+08 8.608538679101116031e+00
3.420399680000000000e+08 8.605298573548335384e+00
3.421606280000000000e+08 8.604135765169729666e+00
3.422792300000000000e+08 8.602653313264399415e+00
3.423982620000000000e+08 8.603128718493177729e+00
3.425147160000000000e+08 8.603018261374613118e+00
3.426318730000000000e+08 8.606761238397789171e+00
3.427500430000000000e+08 8.602539582447008115e+00
3.428690850000000000e+08 8.611837602360109756e+00
3.429888890000000000e+08 8.614410258116697250e+00
3.431058210000000000e+08 8.617366064196049891e+00
3.432220380000000000e+08 8.622621849703085317e+00
3.433378720000000000e+08 8.619240017317451930e+00
3.434551780000000000e+08 8.619776561999101361e+00
3.435743970000000000e+08 8.625512493930997948e+00
3.436923390000000000e+08 8.635800126088202688e+00
3.438120630000000000e+08 8.626139524944363757e+00
3.439306570000000000e+08 8.621418903872909212e+00
3.440505740000000000e+08 8.618204057138232344e+00
3.441700950000000000e+08 8.624951207567303157e+00
3.442889500000000000e+08 8.624638883598446881e+00
3.444076220000000000e+08 8.626102254657016744e+00
3.445290000000000000e+08 8.620972406937804422e+00
3.446445840000000000e+08 8.626382515548600693e+00
3.447631380000000000e+08 8.625673818170820795e+00
3.448818540000000000e+08 8.637334602273824657e+00
3.449994330000000000e+08 8.626634376060600573e+00
3.451161290000000000e+08 8.626351119807836199e+00
3.452341020000000000e+08 8.625672763964653100e+00
3.453517270000000000e+08 8.621034166093600959e+00
3.454683000000000000e+08 8.630135656901199326e+00
3.455885610000000000e+08 8.626061863747299441e+00
3.457033860000000000e+08 8.621579203100054656e+00
3.458224330000000000e+08 8.625049025546850601e+00
3.459427920000000000e+08 8.632340299442644138e+00
3.460601810000000000e+08 8.628369940947402839e+00
3.461787850000000000e+08 8.626837897697187785e+00
3.462971330000000000e+08 8.629607507348836748e+00
3.464119740000000000e+08 8.624402489137155570e+00
3.465319900000000000e+08 8.618208203231713327e+00
3.466509700000000000e+08 8.616783962630586657e+00
3.467669730000000000e+08 8.613454985980949274e+00
3.468878370000000000e+08 8.609730028208037567e+00
3.470059960000000000e+08 8.609668693877834400e+00
3.471251440000000000e+08 8.612514769735602371e+00
3.472406020000000000e+08 8.615376976900599004e+00
3.473592750000000000e+08 8.617338701649110533e+00
3.474774530000000000e+08 8.613020074334729159e+00
3.475941180000000000e+08 8.605087251051065422e+00
3.477124010000000000e+08 8.608192541241665552e+00
3.478350830000000000e+08 8.610249201351610537e+00
3.479541410000000000e+08 8.615922209225301387e+00
3.480715970000000000e+08 8.611532201418793164e+00
3.481895690000000000e+08 8.601575628879421842e+00
3.483085900000000000e+08 8.597340846947654214e+00
3.484274780000000000e+08 8.585322921252961592e+00
3.485469440000000000e+08 8.575811347619739067e+00
3.486666130000000000e+08 8.579703318415749180e+00
3.487856260000000000e+08 8.578782746328222686e+00
3.489042780000000000e+08 8.574474348478778651e+00
3.490207820000000000e+08 8.565469970001670319e+00
3.491382040000000000e+08 8.562796303912005413e+00
3.492543010000000000e+08 8.561675150954638269e+00
3.493728650000000000e+08 8.570608515878427980e+00
3.494933570000000000e+08 8.569483809251382311e+00
3.496147490000000000e+08 8.571997140433296636e+00
3.497316910000000000e+08 8.576234933055459919e+00
3.498520730000000000e+08 8.572733394005375374e+00
3.499692720000000000e+08 8.572939608152559288e+00
3.500900490000000000e+08 8.574927565887113801e+00
3.502082620000000000e+08 8.561028461191225958e+00
3.503225300000000000e+08 8.553624263512988435e+00
3.504415420000000000e+08 8.554058817038805884e+00
3.505628090000000000e+08 8.549303042516918083e+00
3.506819770000000000e+08 8.556326188726549375e+00
3.507999560000000000e+08 8.554195402915254931e+00
3.509183230000000000e+08 8.556132820756195301e+00
3.510358030000000000e+08 8.544545946026966377e+00
3.511544740000000000e+08 8.544114402754116711e+00
3.512738900000000000e+08 8.552386263656464038e+00
3.513891920000000000e+08 8.538683698668856792e+00
3.515054000000000000e+08 8.538019963562442527e+00
3.516187620000000000e+08 8.533742304278389312e+00
3.517387020000000000e+08 8.526118131658218857e+00
3.518562490000000000e+08 8.534908500749907034e+00
3.519770470000000000e+08 8.527799969795330171e+00
3.520937670000000000e+08 8.534943153671857630e+00
3.522131360000000000e+08 8.532871313181153994e+00
3.523319470000000000e+08 8.531352081330771497e+00
3.524511500000000000e+08 8.527055310795006449e+00
3.525731550000000000e+08 8.537436836849245481e+00
3.526869850000000000e+08 8.531567667475725258e+00
3.528060430000000000e+08 8.532487017029177778e+00
3.529241290000000000e+08 8.531084655690106544e+00
3.530407200000000000e+08 8.522666274437796119e+00
3.531604220000000000e+08 8.527855991406847025e+00
3.532829970000000000e+08 8.520616185702724721e+00
3.534007620000000000e+08 8.530363786108583923e+00
3.535186890000000000e+08 8.522501131427404175e+00
3.536354360000000000e+08 8.519231384821484454e+00
3.537526640000000000e+08 8.522282777934703901e+00
3.538689600000000000e+08 8.518936271187145692e+00
3.539906390000000000e+08 8.517237192518077649e+00
3.541098430000000000e+08 8.518908412890477067e+00
3.542274400000000000e+08 8.518066624089792427e+00
3.543450450000000000e+08 8.515553256860433962e+00
3.544640490000000000e+08 8.525114562737330814e+00
3.545834620000000000e+08 8.519981306881044603e+00
3.547032910000000000e+08 8.512082629369135844e+00
3.548215420000000000e+08 8.510369571887224538e+00
3.549428420000000000e+08 8.510217928510243723e+00
3.550586310000000000e+08 8.513085777560755574e+00
3.551800610000000000e+08 8.508612801695614181e+00
3.552980460000000000e+08 8.504942072363759209e+00
3.554162570000000000e+08 8.492990317746711426e+00
3.555339570000000000e+08 8.493063021834700521e+00
3.556522420000000000e+08 8.489266891958669348e+00
3.557705400000000000e+08 8.495253725292190694e+00
3.558885630000000000e+08 8.496312727328735548e+00
3.560074540000000000e+08 8.495968425084770459e+00
3.561260020000000000e+08 8.498366227496859437e+00
3.562417030000000000e+08 8.498858824444209148e+00
3.563611520000000000e+08 8.501273733392629595e+00
3.564820350000000000e+08 8.500281972256034990e+00
3.565988660000000000e+08 8.501930689296331778e+00
3.567165570000000000e+08 8.503831832608403474e+00
3.568351750000000000e+08 8.498837971300345018e+00
3.569534200000000000e+08 8.491303630795634660e+00
3.570719390000000000e+08 8.492771746743308370e+00
3.571918490000000000e+08 8.492080991655253541e+00
3.573107860000000000e+08 8.496560049636821432e+00
3.574293620000000000e+08 8.498930479215363931e+00
3.575491910000000000e+08 8.502306268220394259e+00
3.576654650000000000e+08 8.497754668788230603e+00
3.577871210000000000e+08 8.489032582286746731e+00
3.579047860000000000e+08 8.488404182685812316e+00
3.580257380000000000e+08 8.489071982626823498e+00
3.581396990000000000e+08 8.489303624641303614e+00
3.582609150000000000e+08 8.485324952279434285e+00
3.583752010000000000e+08 8.490316195372878738e+00
3.584965330000000000e+08 8.497345113508629311e+00
3.586131750000000000e+08 8.496055057152315015e+00
3.587321040000000000e+08 8.501352286022894944e+00
3.588503460000000000e+08 8.498206397857131833e+00
3.589677360000000000e+08 8.491744041608985327e+00
3.590868630000000000e+08 8.490426178878072605e+00
3.592051380000000000e+08 8.495519825312998208e+00
3.593284010000000000e+08 8.500320101794429206e+00
3.594479980000000000e+08 8.496581449701853472e+00
3.595661020000000000e+08 8.498754617133279510e+00
3.596850690000000000e+08 8.493126751921117545e+00
3.598018630000000000e+08 8.488929924059268828e+00
3.599171440000000000e+08 8.499760646541998810e+00
3.600329470000000000e+08 8.499321018235509229e+00
3.601510710000000000e+08 8.506187301224944264e+00
3.602656320000000000e+08 8.496644029122480291e+00
3.603865930000000000e+08 8.490213433847413782e+00
3.605050920000000000e+08 8.496169997920194561e+00
3.606234070000000000e+08 8.500506594309651831e+00
3.607413490000000000e+08 8.498746543571984446e+00
3.608596930000000000e+08 8.494413035587601968e+00
3.609806160000000000e+08 8.501935374741458773e+00
3.610991560000000000e+08 8.503900887628285332e+00
3.612172020000000000e+08 8.499373735553572118e+00
3.613370740000000000e+08 8.504761443409481814e+00
3.614590540000000000e+08 8.505669639155801320e+00
3.615771770000000000e+08 8.507253540917107060e+00
3.616942440000000000e+08 8.501769044569968514e+00
3.618125220000000000e+08 8.493563501821320472e+00
3.619324570000000000e+08 8.491539689661996348e+00
3.620520830000000000e+08 8.492266065136341524e+00
3.621749950000000000e+08 8.490881980434114240e+00
3.622935570000000000e+08 8.490851374208263636e+00
3.624122510000000000e+08 8.499332610386545639e+00
3.625294220000000000e+08 8.497926674026381022e+00
3.626501960000000000e+08 8.507771201818108864e+00
3.627729490000000000e+08 8.505439418629096693e+00
3.628912970000000000e+08 8.505672905514060744e+00
3.630114690000000000e+08 8.510136602680782758e+00
3.631299470000000000e+08 8.499648065327290780e+00
3.632500340000000000e+08 8.502092478993972691e+00
3.633704500000000000e+08 8.509817712243554766e+00
3.634887250000000000e+08 8.505318531183883479e+00
3.636100890000000000e+08 8.503412819066934247e+00
3.637287630000000000e+08 8.501433845525538047e+00
3.638453030000000000e+08 8.497519046229632167e+00
3.639630360000000000e+08 8.502171881842837564e+00
3.640804840000000000e+08 8.499355610095893354e+00
3.641995220000000000e+08 8.505616496407071736e+00
3.643179090000000000e+08 8.499701959581576816e+00
3.644357300000000000e+08 8.497459064656098349e+00
3.645549640000000000e+08 8.494935436070429446e+00
3.646747880000000000e+08 8.495176538862395432e+00
3.647919300000000000e+08 8.498630734481977811e+00
3.649110420000000000e+08 8.509886983940232241e+00
3.650311410000000000e+08 8.500146872207709592e+00
3.651525090000000000e+08 8.503419927681083124e+00
3.652720980000000000e+08 8.511918985921633762e+00
3.653897810000000000e+08 8.512673994742975481e+00
3.655084650000000000e+08 8.507364635580675127e+00
3.656277350000000000e+08 8.513736549965766898e+00
3.657480070000000000e+08 8.506316026798437235e+00
3.658685460000000000e+08 8.507417000010613961e+00
3.659871160000000000e+08 8.493197609728696307e+00
3.661082730000000000e+08 8.491283473121889358e+00
3.662256100000000000e+08 8.493512297037019820e+00
3.663437610000000000e+08 8.491933402642978024e+00
3.664635000000000000e+08 8.492167620378287651e+00
3.665829300000000000e+08 8.494452051188394748e+00
3.666988970000000000e+08 8.499343185284994107e+00
3.668193250000000000e+08 8.495442735213794450e+00
3.669395260000000000e+08 8.492260510356238967e+00
3.670584640000000000e+08 8.487123707250262328e+00
3.671801320000000000e+08 8.479905520424349419e+00
3.673017030000000000e+08 8.470346996584037669e+00
3.674205820000000000e+08 8.470114491601872686e+00
3.675418700000000000e+08 8.471695230606446358e+00
3.676602450000000000e+08 8.467952979092208565e+00
3.677797850000000000e+08 8.476491528242483753e+00
3.678998980000000000e+08 8.469228903861244717e+00
3.680191890000000000e+08 8.470616646027332663e+00
3.681382170000000000e+08 8.471511471524060255e+00
3.682578690000000000e+08 8.473600661019323965e+00
3.683747100000000000e+08 8.463427666246875702e+00
3.684979840000000000e+08 8.470245560182998901e+00
3.686166390000000000e+08 8.476235592182824519e+00
3.687375130000000000e+08 8.472756645305011602e+00
3.688598740000000000e+08 8.465995342477301122e+00
3.689781300000000000e+08 8.463614567353538121e+00
3.690986180000000000e+08 8.476610383608592869e+00
3.692178370000000000e+08 8.480266174309557314e+00
3.693354190000000000e+08 8.473075935898373601e+00
3.694555320000000000e+08 8.467476239234727586e+00
3.695709930000000000e+08 8.466952710021690365e+00
3.696924720000000000e+08 8.468833146532032785e+00
3.698077110000000000e+08 8.462561229506153637e+00
3.699288460000000000e+08 8.463178647539773891e+00
3.700432530000000000e+08 8.459737091859501845e+00
3.701623820000000000e+08 8.449546174099820561e+00
3.702808670000000000e+08 8.447910575297337132e+00
3.703966610000000000e+08 8.455023679790148350e+00
3.705180200000000000e+08 8.448815343468098149e+00
3.706351530000000000e+08 8.444504826514609874e+00
3.707547000000000000e+08 8.433852606303922528e+00
3.708722260000000000e+08 8.432683576062787623e+00
3.709913790000000000e+08 8.426987862080267178e+00
3.711082010000000000e+08 8.428521932862031107e+00
3.712302120000000000e+08 8.420414885988813936e+00
3.713463550000000000e+08 8.422887278203887718e+00
3.714660500000000000e+08 8.426779069063812244e+00
3.715852460000000000e+08 8.416622851729815835e+00
3.717038040000000000e+08 8.409271121783124414e+00
3.718225020000000000e+08 8.400966601700597280e+00
3.719409010000000000e+08 8.397348251513880868e+00
3.720590900000000000e+08 8.391585380152191576e+00
3.721776330000000000e+08 8.390067347718813906e+00
3.722965270000000000e+08 8.388115460216271302e+00
3.724138400000000000e+08 8.384645649215572760e+00
3.725316300000000000e+08 8.379938108845689015e+00
3.726508300000000000e+08 8.377885470551781566e+00
3.727691540000000000e+08 8.374916165993713690e+00
3.728907170000000000e+08 8.387464059549822437e+00
3.730083350000000000e+08 8.380216322947966034e+00
3.731287230000000000e+08 8.372306301215832747e+00
3.732463980000000000e+08 8.378337425789357695e+00
3.733643930000000000e+08 8.384696870576091143e+00
3.734818760000000000e+08 8.385941334555662152e+00
3.736000480000000000e+08 8.384305866912880489e+00
3.737175740000000000e+08 8.380103173881773060e+00
3.738346320000000000e+08 8.384301586010675322e+00
3.739553220000000000e+08 8.392965780162464640e+00
3.740693840000000000e+08 8.392202235162891100e+00
3.741888480000000000e+08 8.395927304055414098e+00
3.743112710000000000e+08 8.409725188963962594e+00
3.744327600000000000e+08 8.410017833849289914e+00
3.745537010000000000e+08 8.392449369609467524e+00
3.746711540000000000e+08 8.396023096341686198e+00
3.747899880000000000e+08 8.402470366480571329e+00
3.749091530000000000e+08 8.395748588380335775e+00
3.750258060000000000e+08 8.400901225478033751e+00
3.751435450000000000e+08 8.394582544138406988e+00
3.752619450000000000e+08 8.389535569619058109e+00
3.753820890000000000e+08 8.389121214441697560e+00
3.755007820000000000e+08 8.386437978443478158e+00
3.756164050000000000e+08 8.382256146045595102e+00
3.757337650000000000e+08 8.381934460211143190e+00
3.758507120000000000e+08 8.397503857630336910e+00
3.759672790000000000e+08 8.400341980812028098e+00
3.760881210000000000e+08 8.396867662917614439e+00
3.762088900000000000e+08 8.390137631845359323e+00
3.763214130000000000e+08 8.386862243566405084e+00
3.764424570000000000e+08 8.380846034764262598e+00
3.765619900000000000e+08 8.367982560609775078e+00
3.766805670000000000e+08 8.368034951139357247e+00
3.767971590000000000e+08 8.362709313640783293e+00
3.769172930000000000e+08 8.356570740655765661e+00
3.770338230000000000e+08 8.361845564172460499e+00
3.771533130000000000e+08 8.366027373093338326e+00
3.772731360000000000e+08 8.364381001201046217e+00
3.773941190000000000e+08 8.368163833533563079e+00
3.775162030000000000e+08 8.363675955533061313e+00
3.776345000000000000e+08 8.352921855585888622e+00
3.777543440000000000e+08 8.345615482757143155e+00
3.778740960000000000e+08 8.352435832913442937e+00
3.779917400000000000e+08 8.352375386746309971e+00
3.781084820000000000e+08 8.348110456797893875e+00
3.782284490000000000e+08 8.345777537513168198e+00
3.783473640000000000e+08 8.343590011524749883e+00
3.784681580000000000e+08 8.337305806032983213e+00
3.785865880000000000e+08 8.341367523437050124e+00
3.787062020000000000e+08 8.342730332525370329e+00
3.788240440000000000e+08 8.346273640386996817e+00
3.789420730000000000e+08 8.337776573185513129e+00
3.790601080000000000e+08 8.338815917536269495e+00
3.791791490000000000e+08 8.339882252685301367e+00
3.792961160000000000e+08 8.339127570481846163e+00
3.794146760000000000e+08 8.332915705985046273e+00
3.795298440000000000e+08 8.331928393789198140e+00
3.796493580000000000e+08 8.325798862043129134e+00
3.797707640000000000e+08 8.321312592003721420e+00
3.798910190000000000e+08 8.319133105443697218e+00
3.800128760000000000e+08 8.311346039951631681e+00
3.801307280000000000e+08 8.305457191267365147e+00
3.802515180000000000e+08 8.310000485288362881e+00
3.803703930000000000e+08 8.304762935207252283e+00
3.804895000000000000e+08 8.302469814875182763e+00
3.806122860000000000e+08 8.292511003176512574e+00
3.807282260000000000e+08 8.288342624003060877e+00
3.808481310000000000e+08 8.297811055435206029e+00
3.809670270000000000e+08 8.306937378275028649e+00
3.810812920000000000e+08 8.312229587813140697e+00
3.812025300000000000e+08 8.310000376519131038e+00
3.813194740000000000e+08 8.307781566636698756e+00
3.814355540000000000e+08 8.303404227550522876e+00
3.815503720000000000e+08 8.300402610361585332e+00
3.816694860000000000e+08 8.296904814825040830e+00
3.817825570000000000e+08 8.285897930068978567e+00
3.819021720000000000e+08 8.277974667145963750e+00
3.820207160000000000e+08 8.274887357842795055e+00
3.821366190000000000e+08 8.275343078328603497e+00
3.822586770000000000e+08 8.276704432754504737e+00
3.823756990000000000e+08 8.271123871204251188e+00
3.824924120000000000e+08 8.271782095003700874e+00
3.826113100000000000e+08 8.272580072901369874e+00
3.827305490000000000e+08 8.269960569875486556e+00
3.828502490000000000e+08 8.274606223120271054e+00
3.829695570000000000e+08 8.279504204795181010e+00
3.830873100000000000e+08 8.270095117482574310e+00
3.832067440000000000e+08 8.274826526308757479e+00
3.833241160000000000e+08 8.266770252834957589e+00
3.834457150000000000e+08 8.265555604298606696e+00
3.835622600000000000e+08 8.261463570952752633e+00
3.836821170000000000e+08 8.257977020180831573e+00
3.838036990000000000e+08 8.257434114893776211e+00
3.839228250000000000e+08 8.248266761448061146e+00
3.840426350000000000e+08 8.241548969029800276e+00
3.841619490000000000e+08 8.238396750016578451e+00
3.842838270000000000e+08 8.239747344396906925e+00
3.844023970000000000e+08 8.239865084258552130e+00
3.845219490000000000e+08 8.235681896258601142e+00
3.846417980000000000e+08 8.243880548373979877e+00
3.847617350000000000e+08 8.243610794751184301e+00
3.848801870000000000e+08 8.246733814593596890e+00
3.850014310000000000e+08 8.253734577940328165e+00
3.851216150000000000e+08 8.256465577749203533e+00
3.852386420000000000e+08 8.251905273968146659e+00
3.853543550000000000e+08 8.241162522541818802e+00
3.854707850000000000e+08 8.237964532954906716e+00
3.855865360000000000e+08 8.233773700985263844e+00
3.857013730000000000e+08 8.223063949021632624e+00
3.858191870000000000e+08 8.224841364572641922e+00
3.859324980000000000e+08 8.217631413244065541e+00
3.860493420000000000e+08 8.221742691827783389e+00
3.861688340000000000e+08 8.228644666883040415e+00
3.862880480000000000e+08 8.222773768776159287e+00
3.864080260000000000e+08 8.219565330272578407e+00
3.865236740000000000e+08 8.222302985315163681e+00
3.866395150000000000e+08 8.227315227771523354e+00
3.867574600000000000e+08 8.220563779779075375e+00
3.868780260000000000e+08 8.221074940726081692e+00
3.869993320000000000e+08 8.225761426358904060e+00
3.871175490000000000e+08 8.215169757982838661e+00
3.872341500000000000e+08 8.224985925801474806e+00
3.873514340000000000e+08 8.226237689315944124e+00
3.874690650000000000e+08 8.227877344367373169e+00
3.875879940000000000e+08 8.236826341249896544e+00
3.877065560000000000e+08 8.235735236660206127e+00
3.878262350000000000e+08 8.238348470678207747e+00
3.879455390000000000e+08 8.235917276014028232e+00
3.880644450000000000e+08 8.228397684081182106e+00
3.881810610000000000e+08 8.225792488534535707e+00
3.882977440000000000e+08 8.219232816838626832e+00
3.884162280000000000e+08 8.219526170471908699e+00
3.885333160000000000e+08 8.223172817803527934e+00
3.886525600000000000e+08 8.219656681305973933e+00
3.887694970000000000e+08 8.219029740713576615e+00
3.888909070000000000e+08 8.219141913962785040e+00
3.890082650000000000e+08 8.214418232832072064e+00
3.891252140000000000e+08 8.212313934913655800e+00
3.892470050000000000e+08 8.214926510765190315e+00
3.893646740000000000e+08 8.209568297346907073e+00
3.894850190000000000e+08 8.209705303618651584e+00
3.896025920000000000e+08 8.204433533719235783e+00
3.897242220000000000e+08 8.207292599587297843e+00
3.898429310000000000e+08 8.203372912862825217e+00
3.899583820000000000e+08 8.195741689065345170e+00
3.900805810000000000e+08 8.188850348211566654e+00
3.901987350000000000e+08 8.191574371747302408e+00
3.903192380000000000e+08 8.189100906684931402e+00
3.904401700000000000e+08 8.183276767636378679e+00
3.905581280000000000e+08 8.180525379719961521e+00
3.906731700000000000e+08 8.182250016385765434e+00
3.907931580000000000e+08 8.172876683179245205e+00
3.909107250000000000e+08 8.176602567261880949e+00
3.910290920000000000e+08 8.174197520349487434e+00
3.911459260000000000e+08 8.181554076320491475e+00
3.912648590000000000e+08 8.175337444274337173e+00
3.913836030000000000e+08 8.171394744330248372e+00
3.914998170000000000e+08 8.163688555463377128e+00
3.916175850000000000e+08 8.163397023371238959e+00
3.917297960000000000e+08 8.158585628012239965e+00
3.918464950000000000e+08 8.164405611466037271e+00
3.919647140000000000e+08 8.161050204452983792e+00
3.920852090000000000e+08 8.163760335590254158e+00
3.922029520000000000e+08 8.166763803570363578e+00
3.923238220000000000e+08 8.168772607300081035e+00
3.924396180000000000e+08 8.168540024374143727e+00
3.925570910000000000e+08 8.163990685750491139e+00
3.926754240000000000e+08 8.164335444813080045e+00
3.927948320000000000e+08 8.159124499846102552e+00
3.929123880000000000e+08 8.155184811037363701e+00
3.930318550000000000e+08 8.161699174664780898e+00
3.931488850000000000e+08 8.154238430971167517e+00
3.932676060000000000e+08 8.143856710413707845e+00
3.933885880000000000e+08 8.140536622320107440e+00
3.935064260000000000e+08 8.138360013326597198e+00
3.936258210000000000e+08 8.139354072127462203e+00
3.937385820000000000e+08 8.136400268749607534e+00
3.938550800000000000e+08 8.132794870408993404e+00
3.939733020000000000e+08 8.142819594095616509e+00
3.940886580000000000e+08 8.149182392232875216e+00
3.942068860000000000e+08 8.154446184339198211e+00
3.943251840000000000e+08 8.152790872448157700e+00
3.944431900000000000e+08 8.158807546471201988e+00
3.945620980000000000e+08 8.158002032622658106e+00
3.946828270000000000e+08 8.155788958732825833e+00
3.948030560000000000e+08 8.153874974674025111e+00
3.949232640000000000e+08 8.163534709660311250e+00
3.950396090000000000e+08 8.153888110085418361e+00
3.951577560000000000e+08 8.149225996854516652e+00
3.952779040000000000e+08 8.144243907057918008e+00
3.953963710000000000e+08 8.144088125846739246e+00
3.955141260000000000e+08 8.146357165292656077e+00
3.956348020000000000e+08 8.142460796105790877e+00
3.957503390000000000e+08 8.143273231430969261e+00
3.958691740000000000e+08 8.138568823791791473e+00
3.959860510000000000e+08 8.137051450086074667e+00
3.961039100000000000e+08 8.149039284576197417e+00
3.962268290000000000e+08 8.151711398907920625e+00
3.963443020000000000e+08 8.151451251644845186e+00
3.964671570000000000e+08 8.143105617496361859e+00
3.965881680000000000e+08 8.142628596847806932e+00
3.967052070000000000e+08 8.138147343884496010e+00
3.968233180000000000e+08 8.140947473323167927e+00
3.969424840000000000e+08 8.140097474145171930e+00
3.970601250000000000e+08 8.136693365564520164e+00
3.971803330000000000e+08 8.148001365211603897e+00
3.972973860000000000e+08 8.151748109012274313e+00
3.974151360000000000e+08 8.147836469351195987e+00
3.975337960000000000e+08 8.144451546550405041e+00
3.976529610000000000e+08 8.141572052217036060e+00
3.977713260000000000e+08 8.138972119968139296e+00
3.978896220000000000e+08 8.135137583774067593e+00
3.980093730000000000e+08 8.141270761724687333e+00
3.981318540000000000e+08 8.143518499661812626e+00
3.982497270000000000e+08 8.139258585336600405e+00
3.983677910000000000e+08 8.137668495941838387e+00
3.984903020000000000e+08 8.133304694952947500e+00
3.986087390000000000e+08 8.135634690026568805e+00
3.987261060000000000e+08 8.131283558968805281e+00
3.988468540000000000e+08 8.123351310086343702e+00
3.989670600000000000e+08 8.120910002413712192e+00
3.990813350000000000e+08 8.114473353574519265e+00
3.991964050000000000e+08 8.108376136254253908e+00
3.993162810000000000e+08 8.105534765600040714e+00
3.994348100000000000e+08 8.099237333696475361e+00
3.995533630000000000e+08 8.096165654231862518e+00
3.996712050000000000e+08 8.095659553663463015e+00
3.997881080000000000e+08 8.092320936575799095e+00
3.999038520000000000e+08 8.097421589873116332e+00
4.000205810000000000e+08 8.101805937890706133e+00
4.001369460000000000e+08 8.103125565376050332e+00
4.002586050000000000e+08 8.097516902565310204e+00
4.003766970000000000e+08 8.099309965337727846e+00
4.004978230000000000e+08 8.103810438727350629e+00
4.006153490000000000e+08 8.103149393122448529e+00
4.007316460000000000e+08 8.097933719738616531e+00
4.008497340000000000e+08 8.101629471705253493e+00
4.009651310000000000e+08 8.107251322386195724e+00
4.010849960000000000e+08 8.111638202521058716e+00
4.012026710000000000e+08 8.104825279702392749e+00
4.013203310000000000e+08 8.102651925144686018e+00
4.014378680000000000e+08 8.096704221732036189e+00
4.015563580000000000e+08 8.096493518275098111e+00
4.016752720000000000e+08 8.090481192220950746e+00
4.017944720000000000e+08 8.091462414379353874e+00
4.019121910000000000e+08 8.094792361599006725e+00
4.020279700000000000e+08 8.090671106836824222e+00
4.021461730000000000e+08 8.087127967373673343e+00
4.022638680000000000e+08 8.086443256110189992e+00
4.023818020000000000e+08 8.095994602575443011e+00
4.024969290000000000e+08 8.093989976327037539e+00
4.026171280000000000e+08 8.090668654253180492e+00
4.027374690000000000e+08 8.086704705522842929e+00
4.028570120000000000e+08 8.085819984567628183e+00
4.029742210000000000e+08 8.087964403344882314e+00
4.030922250000000000e+08 8.083547864578848774e+00
4.032119260000000000e+08 8.090684261551496448e+00
4.033305340000000000e+08 8.095706321861984023e+00
4.034477000000000000e+08 8.092279488915805175e+00
4.035664960000000000e+08 8.092502680715645269e+00
4.036829340000000000e+08 8.093077955231510856e+00
4.037984580000000000e+08 8.091380518169021485e+00
4.039174320000000000e+08 8.087568066348278961e+00
4.040358480000000000e+08 8.084935788690129854e+00
4.041518470000000000e+08 8.082518806661834532e+00
4.042714730000000000e+08 8.086036231292364818e+00
4.043898950000000000e+08 8.087084034068960037e+00
4.045044590000000000e+08 8.083879645928533364e+00
4.046218080000000000e+08 8.084071949957415626e+00
4.047370920000000000e+08 8.083766097097221603e+00
4.048540790000000000e+08 8.078951785946202335e+00
4.049747590000000000e+08 8.077355454578313498e+00
4.050915910000000000e+08 8.071105778173304657e+00
4.052103680000000000e+08 8.065396486628376493e+00
4.053262700000000000e+08 8.061623778453153477e+00
4.054428970000000000e+08 8.063296037881872991e+00
4.055623510000000000e+08 8.061803245137076246e+00
4.056771130000000000e+08 8.058028149110171512e+00
4.057937280000000000e+08 8.056662343061484322e+00
4.059100780000000000e+08 8.055680390718549688e+00
4.060295350000000000e+08 8.057997682150759289e+00
4.061526630000000000e+08 8.049209116386645491e+00
4.062688760000000000e+08 8.055412292540488295e+00
4.063884180000000000e+08 8.055254123231078367e+00
4.065056020000000000e+08 8.062352470590727904e+00
4.066210960000000000e+08 8.059436146000935608e+00
4.067379070000000000e+08 8.060524087540288818e+00
4.068572340000000000e+08 8.058636050903814407e+00
4.069755350000000000e+08 8.060572149956350074e+00
4.070955200000000000e+08 8.059727347850822454e+00
4.072177170000000000e+08 8.056275990840617851e+00
4.073386830000000000e+08 8.059476543599634724e+00
4.074579590000000000e+08 8.051991773749421100e+00
4.075755720000000000e+08 8.060037086466996570e+00
4.076942900000000000e+08 8.062324345145984950e+00
4.078139300000000000e+08 8.054988510161269488e+00
4.079326650000000000e+08 8.053864904654897572e+00
4.080519870000000000e+08 8.046727020897659344e+00
4.081718210000000000e+08 8.041654390896017190e+00
4.082889590000000000e+08 8.046894864432271532e+00
4.084059640000000000e+08 8.045478244132658219e+00
4.085271610000000000e+08 8.041702012143749911e+00
4.086443380000000000e+08 8.038888981145595025e+00
4.087634520000000000e+08 8.040960221817282871e+00
4.088825220000000000e+08 8.042231504945183573e+00
4.089974860000000000e+08 8.045424379478369303e+00
4.091165160000000000e+08 8.047526697303513998e+00
4.092362740000000000e+08 8.053851283944201356e+00
4.093569350000000000e+08 8.052571579028931836e+00
4.094765920000000000e+08 8.057222673066627650e+00
4.095969470000000000e+08 8.051603568470072858e+00
4.097166620000000000e+08 8.046280228095968212e+00
4.098372620000000000e+08 8.046173135554713696e+00
4.099545540000000000e+08 8.048417012523550795e+00
4.100720190000000000e+08 8.049057045114583531e+00
4.101932000000000000e+08 8.048450410455140869e+00
4.103105150000000000e+08 8.042242429286645233e+00
4.104298590000000000e+08 8.051531803223845429e+00
4.105470300000000000e+08 8.050825983321145074e+00
4.106662590000000000e+08 8.041108327857656946e+00
4.107857420000000000e+08 8.044498040234561387e+00
4.109055540000000000e+08 8.049658375557868339e+00
4.110257650000000000e+08 8.049115921288571229e+00
4.111420590000000000e+08 8.046797782951996325e+00
4.112600670000000000e+08 8.042553294688696397e+00
4.113766400000000000e+08 8.045422527582609007e+00
4.114944250000000000e+08 8.043781963620592279e+00
4.116141700000000000e+08 8.041958370607090956e+00
4.117354110000000000e+08 8.048937830184124564e+00
4.118553630000000000e+08 8.044195067357067686e+00
4.119703840000000000e+08 8.039843679381297292e+00
4.120884280000000000e+08 8.039631662807114054e+00
4.122069130000000000e+08 8.038802283308401186e+00
4.123241010000000000e+08 8.036958050944628340e+00
4.124448370000000000e+08 8.036626625237467181e+00
4.125653490000000000e+08 8.030901958415732622e+00
4.126835820000000000e+08 8.028873914393713562e+00
4.128000500000000000e+08 8.027497206802397756e+00
4.129160720000000000e+08 8.023900777725884836e+00
4.130370990000000000e+08 8.023484143101498489e+00
4.131539510000000000e+08 8.026947273882342415e+00
4.132707910000000000e+08 8.026836929127687981e+00
4.133904420000000000e+08 8.026081425245473966e+00
4.135083500000000000e+08 8.035782711902250242e+00
4.136278620000000000e+08 8.034083178790851321e+00
4.137450400000000000e+08 8.031891565292605506e+00
4.138649230000000000e+08 8.029274520826900741e+00
4.139844290000000000e+08 8.022157928549205508e+00
4.141040690000000000e+08 8.017686623554785896e+00
4.142202420000000000e+08 8.020651334285531675e+00
4.143375470000000000e+08 8.014992175314935352e+00
4.144567250000000000e+08 8.013051098373047409e+00
4.145778240000000000e+08 8.017007346855864469e+00
4.146983780000000000e+08 8.008720476783357967e+00
4.148178390000000000e+08 8.004888305364772805e+00
4.149365090000000000e+08 8.003633859778187087e+00
4.150560840000000000e+08 8.006356306224033048e+00
4.151741960000000000e+08 8.006569323102660007e+00
4.152952190000000000e+08 7.999870113220651113e+00
4.154149350000000000e+08 7.997866024281337083e+00
4.155358810000000000e+08 7.993397446954336516e+00
4.156518370000000000e+08 7.992229567212887353e+00
4.157700160000000000e+08 7.981082554108994920e+00
4.158859700000000000e+08 7.974868862355722676e+00
4.160065520000000000e+08 7.973091561841519237e+00
4.161265200000000000e+08 7.975249660640225002e+00
4.162446360000000000e+08 7.975277100543074482e+00
4.163627590000000000e+08 7.966128314391863974e+00
4.164793180000000000e+08 7.968114405815526879e+00
4.165947980000000000e+08 7.961011058333429702e+00
4.167167730000000000e+08 7.954913381160852559e+00
4.168347330000000000e+08 7.952857883735586775e+00
4.169505240000000000e+08 7.951849142276555149e+00
4.170669990000000000e+08 7.954415854113187301e+00
4.171828800000000000e+08 7.950519937566517648e+00
4.173015880000000000e+08 7.947427052942072301e+00
4.174172960000000000e+08 7.947834472454377241e+00
4.175349900000000000e+08 7.948067151353201076e+00
4.176561060000000000e+08 7.947849912877200218e+00
4.177742220000000000e+08 7.949573952707727820e+00
4.178895980000000000e+08 7.944729714930155673e+00
4.180063670000000000e+08 7.942928897712972613e+00
4.181271550000000000e+08 7.934026070888688054e+00
4.182425580000000000e+08 7.937237715024754614e+00
4.183609840000000000e+08 7.939815399423631348e+00
4.184804780000000000e+08 7.947189530536421742e+00
4.185976180000000000e+08 7.946538320615119666e+00
4.187157150000000000e+08 7.952063637095919901e+00
4.188366270000000000e+08 7.948858651807536368e+00
4.189576220000000000e+08 7.939832459954716093e+00
4.190775720000000000e+08 7.941071200665413166e+00
4.191953290000000000e+08 7.946610638734227017e+00
4.193122800000000000e+08 7.938259422867849580e+00
4.194306110000000000e+08 7.940425336647636279e+00
4.195479500000000000e+08 7.943809033953812992e+00
4.196649580000000000e+08 7.932252745856223086e+00
4.197813500000000000e+08 7.936336693946647536e+00
4.198994920000000000e+08 7.936337019058625764e+00
4.200185190000000000e+08 7.931899560404350069e+00
4.201366390000000000e+08 7.932590546633435657e+00
4.202532140000000000e+08 7.928630689174958945e+00
4.203707810000000000e+08 7.923067119565165406e+00
4.204904140000000000e+08 7.921938027479496824e+00
4.206114390000000000e+08 7.919706828684848432e+00
4.207302280000000000e+08 7.918469933425811291e+00
4.208469240000000000e+08 7.916631992484407299e+00
4.209651350000000000e+08 7.913738349845530706e+00
4.210823260000000000e+08 7.914312341769761616e+00
4.212024760000000000e+08 7.920459512110490152e+00
4.213212780000000000e+08 7.925551084034362148e+00
4.214394980000000000e+08 7.930958694235243911e+00
4.215533900000000000e+08 7.929206342285715081e+00
4.216713990000000000e+08 7.930023018724171813e+00
4.217896500000000000e+08 7.934411050123819642e+00
4.219072190000000000e+08 7.924986212446602174e+00
4.220278470000000000e+08 7.921192276091665541e+00
4.221448530000000000e+08 7.916775442079466707e+00
4.222628860000000000e+08 7.913806319641508047e+00
4.223815140000000000e+08 7.914433453850591604e+00
4.225008420000000000e+08 7.906445870469367421e+00
4.226191350000000000e+08 7.906532832288622359e+00
4.227332920000000000e+08 7.901092152165444027e+00
4.228541090000000000e+08 7.898589307812253324e+00
4.229732740000000000e+08 7.897877651062501059e+00
4.230919830000000000e+08 7.894610924101707283e+00
4.232101860000000000e+08 7.894050879575729596e+00
4.233305900000000000e+08 7.895255864344465024e+00
4.234496230000000000e+08 7.902377191892368202e+00
4.235675970000000000e+08 7.900475824431528515e+00
4.236846290000000000e+08 7.896092913145574599e+00
4.238026280000000000e+08 7.894611219703923766e+00
4.239187170000000000e+08 7.891127417112543618e+00
4.240393460000000000e+08 7.886504248090778546e+00
4.241567330000000000e+08 7.888424762206848406e+00
4.242758970000000000e+08 7.881377619415500746e+00
4.243922840000000000e+08 7.878936455846249132e+00
4.245099220000000000e+08 7.879346680698208871e+00
4.246259860000000000e+08 7.881118925252867946e+00
4.247420200000000000e+08 7.884020250693469123e+00
4.248587710000000000e+08 7.888518675096806376e+00
4.249775720000000000e+08 7.889298342033198352e+00
4.250968170000000000e+08 7.888416833957761831e+00
4.252156740000000000e+08 7.885244245370903293e+00
4.253324180000000000e+08 7.878583519471641594e+00
4.254499890000000000e+08 7.876550513953620936e+00
4.255692820000000000e+08 7.882615144046883238e+00
4.256866750000000000e+08 7.881706161066627914e+00
4.258045970000000000e+08 7.877107272606757249e+00
4.259274570000000000e+08 7.881840762582378979e+00
4.260443030000000000e+08 7.875098069033539261e+00
4.261608210000000000e+08 7.885626825287394226e+00
4.262776390000000000e+08 7.889122315749540704e+00
4.263952360000000000e+08 7.884878614466240165e+00
4.265130700000000000e+08 7.884464698570988972e+00
4.266307620000000000e+08 7.887050938442309977e+00
4.267477500000000000e+08 7.889531907379858211e+00
4.268676390000000000e+08 7.885219483853752820e+00
4.269850270000000000e+08 7.885293588957781985e+00
4.271008560000000000e+08 7.882809227979894473e+00
4.272208410000000000e+08 7.882697318911523254e+00
4.273380830000000000e+08 7.884210274359254811e+00
4.274590320000000000e+08 7.887858224007490371e+00
4.275778770000000000e+08 7.881354332551685715e+00
4.276957800000000000e+08 7.882964852465726757e+00
4.278179770000000000e+08 7.883945556916007291e+00
4.279349340000000000e+08 7.884644825534676826e+00
4.280523380000000000e+08 7.882574515766585854e+00
4.281702140000000000e+08 7.879733099637996396e+00
4.282906510000000000e+08 7.875046274898880760e+00
4.284063360000000000e+08 7.870366220136719271e+00
4.285221490000000000e+08 7.870000953740398764e+00
4.286437110000000000e+08 7.867587386751758061e+00
4.287653430000000000e+08 7.864624574804198076e+00
4.288851100000000000e+08 7.858446298861387014e+00
4.289997810000000000e+08 7.857837686006098998e+00
4.291174530000000000e+08 7.857930498254046547e+00
4.292364520000000000e+08 7.855592283816838162e+00
4.293552480000000000e+08 7.855818441371081207e+00
4.294716160000000000e+08 7.855225421043778411e+00
4.295881150000000000e+08 7.844035770337885793e+00
4.297060920000000000e+08 7.845753436418546833e+00
4.298258170000000000e+08 7.852455241637854577e+00
4.299434660000000000e+08 7.847646939087248086e+00
4.300596900000000000e+08 7.844723129302751730e+00
4.301772950000000000e+08 7.852644591911433380e+00
4.302978830000000000e+08 7.854238053412767151e+00
4.304154830000000000e+08 7.851235433277174103e+00
4.305347770000000000e+08 7.841546642342831497e+00
4.306516720000000000e+08 7.837597234048821804e+00
4.307697440000000000e+08 7.843824166401801357e+00
4.308877430000000000e+08 7.843437890390871914e+00
4.310042830000000000e+08 7.838961557068921948e+00
4.311209820000000000e+08 7.831964579790690273e+00
4.312402150000000000e+08 7.833192315780536319e+00
4.313574300000000000e+08 7.830052772459557886e+00
4.314760000000000000e+08 7.831160767789286936e+00
4.315910010000000000e+08 7.832845534322452785e+00
4.317084120000000000e+08 7.832775148255295861e+00
4.318286290000000000e+08 7.830726206357651265e+00
4.319454660000000000e+08 7.826398295763682178e+00
4.320624020000000000e+08 7.825004807089452008e+00
4.321806280000000000e+08 7.823743580121397478e+00
4.322961410000000000e+08 7.823463011101051912e+00
4.324145560000000000e+08 7.820955901935046306e+00
4.325312500000000000e+08 7.817250709539009357e+00
4.326527750000000000e+08 7.817435850816958798e+00
4.327701570000000000e+08 7.818109046632032211e+00
4.328878210000000000e+08 7.812067001808874700e+00
4.330070190000000000e+08 7.815843928745545455e+00
4.331262790000000000e+08 7.823545723483872116e+00
4.332448450000000000e+08 7.822330429474838809e+00
4.333659020000000000e+08 7.819567597202006226e+00
4.334833690000000000e+08 7.816854495208526821e+00
4.336025360000000000e+08 7.813516594037947627e+00
4.337201820000000000e+08 7.812453512189163618e+00
4.338397260000000000e+08 7.813792545925223543e+00
4.339577100000000000e+08 7.816359861141831900e+00
4.340791300000000000e+08 7.820653016565007221e+00
4.341988970000000000e+08 7.817747646421427277e+00
4.343148610000000000e+08 7.819817006259818015e+00
4.344302040000000000e+08 7.818139485159321111e+00
4.345485490000000000e+08 7.815912921592465423e+00
4.346681460000000000e+08 7.813545040509548123e+00
4.347882980000000000e+08 7.810538885212075400e+00
4.349067710000000000e+08 7.813787086384229141e+00
4.350237860000000000e+08 7.807680741764144727e+00
4.351452920000000000e+08 7.805372136807180894e+00
4.352655180000000000e+08 7.807659126943915950e+00
4.353851570000000000e+08 7.804803912837016355e+00
4.355058690000000000e+08 7.809875551026204121e+00
4.356250250000000000e+08 7.807836050142419992e+00
4.357396010000000000e+08 7.803122003032978427e+00
4.358576440000000000e+08 7.802986342446759593e+00
4.359780070000000000e+08 7.799671533634435328e+00
4.360973910000000000e+08 7.798014747021865034e+00
4.362152360000000000e+08 7.803215269536494247e+00
4.363342170000000000e+08 7.797912592592534331e+00
4.364547330000000000e+08 7.805333660444389032e+00
4.365707940000000000e+08 7.807132564171177513e+00
4.366897730000000000e+08 7.816066243505435551e+00
4.368086320000000000e+08 7.814981574065878789e+00
4.369255270000000000e+08 7.816057093664147359e+00
4.370449750000000000e+08 7.806847292654630621e+00
4.371622680000000000e+08 7.800694142986799307e+00
4.372801580000000000e+08 7.803926793682430585e+00
4.373957760000000000e+08 7.799234013588680625e+00
4.375143970000000000e+08 7.798885552652722986e+00
4.376327720000000000e+08 7.792548364405794459e+00
4.377516030000000000e+08 7.802058902244964678e+00
4.378689590000000000e+08 7.804025917770895049e+00
4.379880340000000000e+08 7.797357844496560553e+00
4.381063430000000000e+08 7.800419013121531187e+00
4.382286230000000000e+08 7.807549328021480939e+00
4.383456580000000000e+08 7.801184672046657553e+00
4.384650260000000000e+08 7.798356642753461188e+00
4.385851330000000000e+08 7.796370142636912526e+00
4.387053200000000000e+08 7.788705423116558890e+00
4.388260980000000000e+08 7.788010286281485506e+00
4.389431620000000000e+08 7.787158819425563649e+00
4.390611840000000000e+08 7.786990257348937128e+00
4.391799740000000000e+08 7.788553705888936918e+00
4.392976180000000000e+08 7.787682343524427786e+00
4.394134820000000000e+08 7.791368618933761425e+00
4.395299510000000000e+08 7.792718289018986333e+00
4.396475630000000000e+08 7.790311789313932422e+00
4.397644830000000000e+08 7.788855212363737124e+00
4.398807050000000000e+08 7.792261203081149112e+00
4.399980570000000000e+08 7.801728679761077423e+00
4.401144990000000000e+08 7.799588658985005196e+00
4.402309610000000000e+08 7.801403514419804175e+00
4.403505270000000000e+08 7.800649095718481085e+00
4.404668420000000000e+08 7.794732025874612447e+00
4.405858700000000000e+08 7.797125257108392660e+00
4.407027130000000000e+08 7.795948045337606658e+00
4.408200930000000000e+08 7.795494607636795692e+00
4.409396910000000000e+08 7.800256366495438520e+00
4.410605600000000000e+08 7.801569821453575138e+00
4.411787800000000000e+08 7.805870372190256035e+00
4.412985090000000000e+08 7.804258863869416807e+00
4.414210830000000000e+08 7.803119652634538106e+00
4.415408030000000000e+08 7.802736659482715886e+00
4.416587040000000000e+08 7.808882530269690925e+00
4.417778770000000000e+08 7.810985473724996631e+00
4.418969540000000000e+08 7.808323836485836722e+00
4.420118080000000000e+08 7.798567924745595903e+00
4.421302040000000000e+08 7.801676229162289644e+00
4.422474990000000000e+08 7.807037880196071811e+00
4.423631300000000000e+08 7.804954032773121497e+00
4.424792020000000000e+08 7.815383228690902406e+00
4.426007310000000000e+08 7.811279572577070951e+00
4.427216370000000000e+08 7.810845064185230946e+00
4.428421830000000000e+08 7.809160532179640235e+00
4.429591060000000000e+08 7.808339297102242504e+00
4.430732700000000000e+08 7.810734656504314088e+00
4.431937750000000000e+08 7.815385160938716602e+00
4.433115250000000000e+08 7.815838017047838093e+00
4.434297700000000000e+08 7.815612623246795287e+00
4.435481840000000000e+08 7.812181290597212779e+00
4.436674240000000000e+08 7.808011749655218381e+00
4.437823100000000000e+08 7.807562832143428722e+00
4.438996180000000000e+08 7.800797842892876588e+00
4.440179660000000000e+08 7.804981488232607845e+00
4.441332860000000000e+08 7.801194104070807711e+00
4.442542190000000000e+08 7.801531166113140792e+00
4.443715570000000000e+08 7.801561637410998173e+00
4.444906410000000000e+08 7.805615229721515114e+00
4.446074240000000000e+08 7.811541921913241815e+00
4.447252700000000000e+08 7.811598186113544173e+00
4.448416630000000000e+08 7.809478327494300487e+00
4.449624210000000000e+08 7.806314843669001746e+00
4.450828400000000000e+08 7.805889331174441281e+00
4.451997550000000000e+08 7.807479915577721918e+00
4.453174090000000000e+08 7.809131240326737888e+00
4.454377630000000000e+08 7.812513030816535142e+00
4.455570970000000000e+08 7.811790799438621313e+00
4.456781860000000000e+08 7.822000668248570321e+00
4.457978420000000000e+08 7.817005116235869799e+00
4.459169870000000000e+08 7.814067853511505568e+00
4.460332970000000000e+08 7.818475299160055236e+00
4.461528400000000000e+08 7.820061914876717424e+00
4.462722230000000000e+08 7.816655953519794586e+00
4.463885660000000000e+08 7.814842620367263848e+00
4.465074260000000000e+08 7.814157966774874176e+00
4.466250690000000000e+08 7.815849048220496087e+00
4.467429510000000000e+08 7.816358529172730663e+00
4.468609140000000000e+08 7.819339514934785740e+00
4.469796560000000000e+08 7.818495496513354404e+00
4.471010960000000000e+08 7.811021319059409329e+00
4.472199190000000000e+08 7.811710564268896206e+00
4.473397400000000000e+08 7.814168999856291542e+00
4.474568620000000000e+08 7.810111793006679015e+00
4.475745990000000000e+08 7.808209158294367569e+00
4.476906210000000000e+08 7.800601825083114171e+00
4.478103580000000000e+08 7.801883471580338458e+00
4.479272400000000000e+08 7.798920552797218519e+00
4.480431550000000000e+08 7.802060761485408058e+00
4.481625910000000000e+08 7.797983528088121119e+00
4.482818930000000000e+08 7.802480755674707780e+00
4.484002720000000000e+08 7.806370071610037265e+00
4.485198380000000000e+08 7.806549528314770114e+00
4.486377240000000000e+08 7.804769209187839785e+00
4.487585700000000000e+08 7.804541389591411082e+00
4.488771670000000000e+08 7.804369958745868807e+00
4.489944040000000000e+08 7.803974049442191863e+00
4.491138410000000000e+08 7.803130886355813978e+00
4.492311320000000000e+08 7.805872171035760587e+00
4.493455620000000000e+08 7.799188410912376135e+00
4.494627940000000000e+08 7.800483678368467011e+00
4.495836090000000000e+08 7.799445168107106419e+00
4.496998600000000000e+08 7.800687696980826757e+00
4.498194020000000000e+08 7.799244060694642933e+00
4.499343990000000000e+08 7.798483024404527342e+00
4.500532910000000000e+08 7.797335638338532604e+00
4.501751300000000000e+08 7.789224340945644975e+00
4.502960760000000000e+08 7.787000919293357803e+00
4.504126500000000000e+08 7.793424155578080104e+00
4.505307060000000000e+08 7.789395748971548628e+00
4.506474190000000000e+08 7.779580437787661396e+00
4.507661300000000000e+08 7.777613597320950589e+00
4.508829070000000000e+08 7.784363810199085520e+00
4.509999410000000000e+08 7.786730518550657898e+00
4.511175350000000000e+08 7.782772233844375442e+00
4.512365550000000000e+08 7.781788918977076364e+00
4.513566820000000000e+08 7.786663250423850435e+00
4.514756600000000000e+08 7.795696479278366731e+00
4.515921850000000000e+08 7.796789982781340278e+00
4.517093130000000000e+08 7.790333332763035301e+00
4.518274200000000000e+08 7.793294866958765610e+00
4.519446500000000000e+08 7.794124526348792159e+00
4.520627910000000000e+08 7.801233060161417043e+00
4.521808530000000000e+08 7.795929866867991720e+00
4.523016020000000000e+08 7.794679407404129456e+00
4.524178080000000000e+08 7.790892328629475116e+00
4.525374490000000000e+08 7.796510805489160312e+00
4.526562080000000000e+08 7.791999225867911605e+00
4.527762520000000000e+08 7.786822691511162020e+00
4.528948060000000000e+08 7.791804351942190010e+00
4.530139650000000000e+08 7.785263122878361308e+00
4.531327050000000000e+08 7.782494746924832008e+00
4.532521320000000000e+08 7.773968518359947844e+00
4.533706540000000000e+08 7.772918590294630725e+00
4.534908470000000000e+08 7.766455609164467866e+00
4.536103270000000000e+08 7.764317027367340529e+00
4.537316680000000000e+08 7.768375143741973687e+00
4.538519410000000000e+08 7.774529134394803975e+00
4.539703930000000000e+08 7.777623917140767063e+00
4.540865150000000000e+08 7.778510303144873461e+00
4.542053090000000000e+08 7.781248470145701646e+00
4.543238750000000000e+08 7.776959635822626282e+00
4.544435660000000000e+08 7.774446285286503944e+00
4.545602360000000000e+08 7.762387794561479204e+00
4.546776700000000000e+08 7.764117877749899144e+00
4.547974580000000000e+08 7.760300641109484587e+00
4.549161740000000000e+08 7.756403481795187460e+00
4.550355490000000000e+08 7.755926158988984298e+00
4.551541750000000000e+08 7.760409667432174530e+00
4.552730090000000000e+08 7.756995806530010640e+00
4.553912690000000000e+08 7.756515316361447532e+00
4.555116460000000000e+08 7.756332222780466523e+00
4.556298340000000000e+08 7.756619210117730034e+00
4.557491600000000000e+08 7.754933912740820112e+00
4.558676920000000000e+08 7.755553444294596588e+00
4.559851590000000000e+08 7.754416591327193409e+00
4.561039130000000000e+08 7.753904672710801194e+00
4.562209530000000000e+08 7.759457900000562347e+00
4.563407120000000000e+08 7.761299458274881324e+00
4.564584560000000000e+08 7.762450148633346814e+00
4.565776960000000000e+08 7.761021892767859143e+00
4.566949810000000000e+08 7.765392678651154235e+00
4.568145080000000000e+08 7.771240161366372412e+00
4.569337130000000000e+08 7.772348584382226200e+00
4.570505470000000000e+08 7.776900769607984820e+00
4.571656610000000000e+08 7.779233732899091258e+00
4.572860850000000000e+08 7.785720057435258745e+00
4.574057460000000000e+08 7.789788701671873206e+00
4.575241070000000000e+08 7.788148521413162939e+00
4.576419590000000000e+08 7.788423633297751003e+00
4.577600550000000000e+08 7.788552189035124584e+00
4.578766970000000000e+08 7.782494815813093325e+00
4.579929850000000000e+08 7.782330733298413072e+00
4.581099910000000000e+08 7.781542661265024918e+00
4.582252750000000000e+08 7.774262972079021949e+00
4.583445620000000000e+08 7.775804786971048266e+00
4.584635760000000000e+08 7.776664640137653350e+00
4.585843250000000000e+08 7.780285775328809272e+00
4.587006030000000000e+08 7.776551915152668748e+00
4.588181770000000000e+08 7.778106058993660810e+00
4.589344150000000000e+08 7.779892843536987179e+00
4.590539330000000000e+08 7.778622082238856983e+00
4.591737420000000000e+08 7.776200063207109991e+00
4.592938910000000000e+08 7.778145538625871325e+00
4.594114210000000000e+08 7.781380578682376203e+00
4.595268080000000000e+08 7.780206195937057423e+00
4.596434270000000000e+08 7.778032454170202392e+00
4.597619070000000000e+08 7.775853576492190555e+00
4.598800260000000000e+08 7.774566742041499445e+00
4.599994190000000000e+08 7.779358483590909756e+00
4.601169760000000000e+08 7.782133875429521730e+00
4.602338210000000000e+08 7.781687871237898513e+00
4.603540000000000000e+08 7.780840164443255880e+00
4.604701150000000000e+08 7.777901717807581328e+00
4.605869580000000000e+08 7.784099186643730128e+00
4.607083890000000000e+08 7.782780209478563194e+00
4.608285530000000000e+08 7.781325276127586399e+00
4.609466430000000000e+08 7.781642289955644998e+00
4.610649070000000000e+08 7.776721727217952740e+00
4.611811620000000000e+08 7.777601841321970078e+00
4.612998120000000000e+08 7.779367451982838411e+00
4.614185150000000000e+08 7.778949009567615036e+00
4.615375910000000000e+08 7.775010693215450353e+00
4.616550420000000000e+08 7.776650956768560441e+00
4.617750400000000000e+08 7.775680570212821330e+00
4.618961910000000000e+08 7.778680570986371556e+00
4.620121220000000000e+08 7.772533598254772080e+00
4.621331260000000000e+08 7.775825877199394220e+00
4.622531800000000000e+08 7.777861991914782891e+00
4.623752780000000000e+08 7.771705360224637538e+00
4.624913920000000000e+08 7.771285349623981986e+00
4.626092650000000000e+08 7.776846946588285903e+00
4.627296550000000000e+08 7.779880828594964548e+00
4.628483880000000000e+08 7.776073238837364343e+00
4.629673010000000000e+08 7.770401912641037967e+00
4.630824260000000000e+08 7.775870411452419972e+00
4.631961480000000000e+08 7.768262189505565907e+00
4.633159080000000000e+08 7.769361272310199240e+00
4.634338400000000000e+08 7.772777648197006783e+00
4.635509180000000000e+08 7.778438452028967554e+00
4.636729540000000000e+08 7.775417500305004559e+00
4.637918050000000000e+08 7.771474323940125828e+00
4.639105300000000000e+08 7.771606313456580040e+00
4.640282850000000000e+08 7.768632631508097575e+00
4.641468490000000000e+08 7.764281271134886531e+00
4.642634430000000000e+08 7.766044066427185477e+00
4.643850220000000000e+08 7.771586085107244912e+00
4.645038510000000000e+08 7.773661632624872198e+00
4.646217600000000000e+08 7.771263649242833971e+00
4.647420640000000000e+08 7.767693116211837889e+00
4.648636260000000000e+08 7.764410302493338634e+00
4.649818010000000000e+08 7.764409492308002925e+00
4.650994190000000000e+08 7.761594875681634420e+00
4.652177480000000000e+08 7.766205825370956717e+00
4.653363750000000000e+08 7.772464609477655273e+00
4.654566500000000000e+08 7.765335076180883256e+00
4.655743320000000000e+08 7.763660655931243326e+00
4.656927020000000000e+08 7.766679023423027850e+00
4.658101830000000000e+08 7.769678437380752811e+00
4.659287030000000000e+08 7.775757036364288055e+00
4.660430220000000000e+08 7.774478221377367326e+00
4.661634970000000000e+08 7.778518234693788003e+00
4.662824770000000000e+08 7.780230519782591614e+00
4.663994200000000000e+08 7.779424849624676064e+00
4.665178700000000000e+08 7.785182477385933275e+00
4.666370520000000000e+08 7.782400977710596912e+00
4.667539070000000000e+08 7.778809745027370326e+00
4.668739240000000000e+08 7.776130103953916795e+00
4.669952590000000000e+08 7.775254954934695206e+00
4.671148550000000000e+08 7.774784077088941814e+00
4.672322240000000000e+08 7.771227169215615405e+00
4.673485910000000000e+08 7.764710547057012135e+00
4.674682140000000000e+08 7.767413200662455885e+00
4.675893630000000000e+08 7.766343027778042973e+00
4.677069040000000000e+08 7.754997497956868990e+00
4.678246320000000000e+08 7.757600772444432913e+00
4.679410240000000000e+08 7.755277661521777333e+00
4.680576310000000000e+08 7.764664405318430163e+00
4.681754590000000000e+08 7.768111485294936003e+00
4.682903640000000000e+08 7.764709528313260556e+00
4.684098220000000000e+08 7.757928480292817675e+00
4.685289760000000000e+08 7.764214210728601628e+00
4.686478480000000000e+08 7.757154753767148136e+00
4.687605540000000000e+08 7.762684419200109431e+00
4.688779270000000000e+08 7.761763522530021220e+00
4.690015280000000000e+08 7.761825109956165925e+00
4.691207600000000000e+08 7.758893774510746688e+00
4.692369330000000000e+08 7.762173353724894476e+00
4.693527260000000000e+08 7.761824856576300391e+00
4.694724640000000000e+08 7.758577021687984576e+00
4.695868370000000000e+08 7.751436137914291535e+00
4.697081440000000000e+08 7.745792532683131171e+00
4.698246780000000000e+08 7.747061528839853217e+00
4.699460950000000000e+08 7.739389101051187936e+00
4.700644600000000000e+08 7.736460796667191886e+00
4.701850610000000000e+08 7.742389377161096320e+00
4.703034690000000000e+08 7.736798312751791862e+00
4.704225730000000000e+08 7.735959332229754182e+00
4.705423470000000000e+08 7.735260941030338344e+00
4.706624210000000000e+08 7.735513941609815092e+00
4.707794320000000000e+08 7.728711626553867120e+00
4.708995810000000000e+08 7.724520911026101722e+00
4.710186990000000000e+08 7.720918947829717105e+00
4.711371990000000000e+08 7.719955382717387238e+00
4.712555570000000000e+08 7.713756177571594819e+00
4.713714890000000000e+08 7.708460848110942010e+00
4.714894310000000000e+08 7.706845758818666070e+00
4.716082500000000000e+08 7.706407667293979635e+00
4.717275570000000000e+08 7.704088101352975393e+00
4.718436480000000000e+08 7.706539502816883491e+00
4.719582440000000000e+08 7.700446346589621349e+00
4.720756790000000000e+08 7.697964763613973638e+00
4.721962630000000000e+08 7.694376371625372357e+00
4.723132890000000000e+08 7.696413993389976227e+00
4.724303290000000000e+08 7.698143943667121292e+00
4.725481570000000000e+08 7.699324743832459461e+00
4.726650230000000000e+08 7.704625802205925744e+00
4.727832570000000000e+08 7.702674564831577975e+00
4.729006650000000000e+08 7.709478433123336139e+00
4.730187860000000000e+08 7.710994189241344721e+00
4.731378190000000000e+08 7.703873306067591464e+00
4.732578180000000000e+08 7.696325831215326652e+00
4.733775090000000000e+08 7.692009423601352758e+00
4.734951720000000000e+08 7.694045460469565612e+00
4.736140080000000000e+08 7.696010559646643046e+00
4.737351530000000000e+08 7.693064480971303354e+00
4.738538820000000000e+08 7.687881008538042238e+00
4.739713880000000000e+08 7.684709597367818112e+00
4.740893410000000000e+08 7.685286181344824108e+00
4.742064180000000000e+08 7.679857188669505952e+00
4.743284480000000000e+08 7.685380090991987601e+00
4.744458610000000000e+08 7.678988326020968813e+00
4.745663330000000000e+08 7.673096712736725777e+00
4.746833690000000000e+08 7.668652631799809605e+00
4.748003960000000000e+08 7.670224495786760244e+00
4.749186620000000000e+08 7.667528249355401115e+00
4.750352430000000000e+08 7.672365825754621227e+00
4.751539120000000000e+08 7.671176302475398501e+00
4.752703410000000000e+08 7.669563762576979471e+00
4.753901680000000000e+08 7.668219143022828810e+00
4.755081890000000000e+08 7.665391605999703373e+00
4.756263020000000000e+08 7.663608061300442920e+00
4.757447930000000000e+08 7.663788507603652711e+00
4.758632330000000000e+08 7.665428830860391507e+00
4.759834470000000000e+08 7.665271684479971093e+00
4.761009880000000000e+08 7.672234179715830216e+00
4.762192590000000000e+08 7.668052464828516435e+00
4.763394110000000000e+08 7.674893749392092346e+00
4.764556470000000000e+08 7.673187151856454058e+00
4.765739900000000000e+08 7.673378918566209350e+00
4.766949190000000000e+08 7.678392854021362623e+00
4.768108640000000000e+08 7.679418690750400955e+00
4.769321610000000000e+08 7.681279411570180571e+00
4.770494490000000000e+08 7.684154197957084875e+00
4.771724030000000000e+08 7.683363862623914464e+00
4.772891030000000000e+08 7.682202371015700137e+00
4.774100330000000000e+08 7.691885924111474537e+00
4.775281420000000000e+08 7.689927482217529864e+00
4.776464570000000000e+08 7.691993179352937915e+00
4.777668290000000000e+08 7.700119670423471341e+00
4.778833650000000000e+08 7.697859564230837393e+00
4.780026330000000000e+08 7.700235724983025776e+00
4.781226540000000000e+08 7.704753131019428380e+00
4.782431260000000000e+08 7.703386587888111592e+00
4.783636650000000000e+08 7.695883966445753899e+00
4.784840950000000000e+08 7.699126017630110397e+00
4.786012880000000000e+08 7.692031156501735190e+00
4.787204850000000000e+08 7.684670878591765231e+00
4.788360830000000000e+08 7.675434428504582129e+00
4.789572900000000000e+08 7.675094379745223350e+00
4.790774160000000000e+08 7.669366048512962664e+00
4.791970520000000000e+08 7.667967433594546911e+00
4.793166430000000000e+08 7.669226356160678826e+00
4.794340190000000000e+08 7.666024502893163728e+00
4.795527890000000000e+08 7.669781006476323881e+00
4.796762090000000000e+08 7.676504973961749911e+00
4.797971190000000000e+08 7.675131245144394043e+00
4.799162020000000000e+08 7.675156105183218003e+00
4.800352540000000000e+08 7.669023265586117688e+00
4.801534290000000000e+08 7.675438724596894247e+00
4.802741480000000000e+08 7.672431605099394147e+00
4.803943890000000000e+08 7.670648714946889157e+00
4.805138600000000000e+08 7.663096235996573746e+00
4.806301830000000000e+08 7.664721081317915186e+00
4.807495220000000000e+08 7.661193765793507637e+00
4.808664050000000000e+08 7.668697941230824711e+00
4.809839920000000000e+08 7.669813017440751501e+00
4.810994980000000000e+08 7.663673027703272744e+00
4.812169380000000000e+08 7.662962925415174098e+00
4.813357070000000000e+08 7.657717533295555157e+00
4.814566410000000000e+08 7.654426987740905908e+00
4.815753900000000000e+08 7.659764236640254076e+00
4.816919960000000000e+08 7.659360569126882012e+00
4.818116340000000000e+08 7.657285088394306882e+00
4.819316420000000000e+08 7.657779660165956237e+00
4.820477940000000000e+08 7.653538268571721481e+00
4.821669720000000000e+08 7.651103743164549442e+00
4.822858270000000000e+08 7.650343752061883329e+00
4.824043750000000000e+08 7.655823804028973889e+00
4.825221110000000000e+08 7.658601826112886535e+00
4.826412150000000000e+08 7.661185351480833461e+00
4.827575380000000000e+08 7.657910461968866933e+00
4.828734390000000000e+08 7.654017099808263502e+00
4.829921880000000000e+08 7.660567556941009215e+00
4.831131070000000000e+08 7.662332666036896001e+00
4.832310200000000000e+08 7.667362934543175967e+00
4.833494610000000000e+08 7.671710707252756833e+00
4.834686920000000000e+08 7.678940025175100992e+00
4.835858390000000000e+08 7.675997521280063296e+00
4.837040000000000000e+08 7.677345728018289073e+00
4.838241690000000000e+08 7.665723413451779322e+00
4.839450120000000000e+08 7.670201387833266438e+00
4.840629000000000000e+08 7.673484081340432361e+00
4.841816610000000000e+08 7.674785981093974918e+00
4.842987500000000000e+08 7.669116162686149707e+00
4.844154630000000000e+08 7.671699362516804399e+00
4.845323740000000000e+08 7.675240539502940607e+00
4.846527010000000000e+08 7.676076222993204468e+00
4.847704480000000000e+08 7.668943107763048772e+00
4.848859930000000000e+08 7.673086416854482117e+00
4.850034260000000000e+08 7.670468318565452748e+00
4.851222940000000000e+08 7.672426084272075286e+00
4.852417120000000000e+08 7.671227824904383041e+00
4.853542400000000000e+08 7.668652231725511470e+00
4.854723290000000000e+08 7.675666571466474686e+00
4.855915320000000000e+08 7.668827861227062392e+00
4.857106300000000000e+08 7.664972874915158663e+00
4.858296840000000000e+08 7.661934549539748396e+00
4.859507720000000000e+08 7.665177881984761576e+00
4.860666570000000000e+08 7.664379387342671990e+00
4.861836390000000000e+08 7.659506882219659474e+00
4.863052410000000000e+08 7.653924416010754683e+00
4.864245680000000000e+08 7.667066447302318011e+00
4.865418570000000000e+08 7.661105774708103056e+00
4.866605740000000000e+08 7.657916928583935245e+00
4.867832290000000000e+08 7.654441728513148746e+00
4.869038850000000000e+08 7.657523090452329484e+00
4.870216490000000000e+08 7.655993313266544753e+00
4.871415020000000000e+08 7.651828670959527123e+00
4.872567570000000000e+08 7.646290424865731516e+00
4.873699380000000000e+08 7.648943622538022957e+00
4.874841970000000000e+08 7.642523742014558863e+00
4.876014510000000000e+08 7.646322018869375015e+00
4.877195970000000000e+08 7.650756355170293510e+00
4.878375170000000000e+08 7.645338783884826128e+00
4.879568300000000000e+08 7.651698640115247585e+00
4.880756820000000000e+08 7.646172430931070352e+00
4.881906830000000000e+08 7.646059357781245680e+00
4.883121350000000000e+08 7.644059850749210128e+00
4.884314290000000000e+08 7.645112390121763468e+00
4.885508700000000000e+08 7.638536235202319169e+00
4.886683840000000000e+08 7.640716111625159179e+00
4.887886310000000000e+08 7.641911097479343162e+00
4.889116170000000000e+08 7.645312524868979054e+00
4.890289320000000000e+08 7.645578852085588295e+00
4.891462570000000000e+08 7.646143813694226132e+00
4.892637470000000000e+08 7.641650125153079287e+00
4.893842900000000000e+08 7.636826743729418610e+00
4.895005730000000000e+08 7.633778904440323920e+00
4.896168930000000000e+08 7.635811617264655737e+00
4.897364280000000000e+08 7.631659631169408264e+00
4.898548260000000000e+08 7.627043228742618197e+00
4.899728600000000000e+08 7.631861686916183274e+00
4.900890210000000000e+08 7.628806571168956552e+00
4.902066360000000000e+08 7.627572122547124245e+00
4.903243370000000000e+08 7.624286859035733777e+00
4.904418110000000000e+08 7.621421893771746170e+00
4.905553890000000000e+08 7.623473248932919333e+00
4.906733900000000000e+08 7.625314569464287651e+00
4.907903450000000000e+08 7.625356017439226086e+00
4.909082200000000000e+08 7.622331467513269843e+00
4.910246380000000000e+08 7.626057301614637574e+00
4.911442900000000000e+08 7.617314988322227087e+00
4.912611330000000000e+08 7.616279447247726431e+00
4.913788030000000000e+08 7.611540166676614483e+00
4.914951790000000000e+08 7.612743853774766478e+00
4.916129160000000000e+08 7.611791218589567976e+00
4.917324030000000000e+08 7.616058281845202060e+00
4.918514100000000000e+08 7.618966032267191046e+00
4.919694300000000000e+08 7.616039259120221949e+00
4.920868180000000000e+08 7.617407311080134136e+00
4.922048390000000000e+08 7.621097266861480257e+00
4.923213040000000000e+08 7.622497045721448927e+00
4.924420810000000000e+08 7.629875811371571004e+00
4.925597230000000000e+08 7.629216149615990261e+00
4.926799070000000000e+08 7.633564395422158810e+00
4.927964610000000000e+08 7.635066813698334620e+00
4.929168600000000000e+08 7.636614074627487980e+00
4.930356140000000000e+08 7.636678644565540353e+00
4.931546310000000000e+08 7.642191952856155268e+00
4.932766260000000000e+08 7.642435721902483436e+00
4.933934520000000000e+08 7.643510891840632482e+00
4.935113370000000000e+08 7.644024543372744951e+00
4.936312060000000000e+08 7.643894703179283212e+00
4.937474970000000000e+08 7.643067882220679010e+00
4.938677820000000000e+08 7.652057758584828839e+00
4.939881600000000000e+08 7.653967225331501645e+00
4.941049920000000000e+08 7.648393311940049344e+00
4.942234340000000000e+08 7.652912701269213969e+00
4.943415530000000000e+08 7.650941156003691290e+00
4.944606490000000000e+08 7.653881604161620444e+00
4.945841220000000000e+08 7.648875857115508659e+00
4.947044690000000000e+08 7.653816793055346679e+00
4.948241660000000000e+08 7.650532877967913592e+00
4.949451730000000000e+08 7.652838577049787538e+00
4.950637280000000000e+08 7.657063058444053993e+00
4.951794810000000000e+08 7.657870094482091439e+00
4.952988220000000000e+08 7.655896079319870040e+00
4.954154550000000000e+08 7.649846892113008501e+00
4.955320180000000000e+08 7.647014014505606028e+00
4.956490140000000000e+08 7.655088747333388177e+00
4.957683870000000000e+08 7.655194471215153840e+00
4.958842190000000000e+08 7.662900138289426621e+00
4.960019460000000000e+08 7.660262095919273762e+00
4.961213130000000000e+08 7.665538795445541176e+00
4.962406260000000000e+08 7.665498349421317137e+00
4.963590280000000000e+08 7.660421516773578965e+00
4.964759250000000000e+08 7.657407977140730182e+00
4.965959230000000000e+08 7.659920749062585799e+00
4.967146510000000000e+08 7.654090438124848461e+00
4.968328250000000000e+08 7.648394872370799291e+00
4.969518650000000000e+08 7.651198288175837803e+00
4.970711050000000000e+08 7.654930306356235725e+00
4.971872770000000000e+08 7.655632490667683143e+00
4.973084380000000000e+08 7.656232722583213857e+00
4.974263980000000000e+08 7.647654287256166583e+00
4.975468190000000000e+08 7.653169953677026349e+00
4.976694230000000000e+08 7.657233969077775981e+00
4.977859030000000000e+08 7.656060064787566510e+00
4.979041460000000000e+08 7.651106247476207045e+00
4.980258060000000000e+08 7.653247708425802820e+00
4.981434810000000000e+08 7.650948121665156698e+00
4.982605760000000000e+08 7.651982797831834660e+00
4.983799910000000000e+08 7.647853616968275148e+00
4.984967000000000000e+08 7.643815413837275585e+00
4.986142430000000000e+08 7.644361056706099333e+00
4.987331460000000000e+08 7.639137565862077928e+00
4.988508660000000000e+08 7.639120327628393881e+00
4.989671780000000000e+08 7.644731813316390401e+00
4.990864500000000000e+08 7.646208532110883915e+00
4.992075940000000000e+08 7.644048841260694616e+00
4.993260180000000000e+08 7.642319447467529336e+00
4.994496500000000000e+08 7.640618030550594852e+00
4.995671230000000000e+08 7.635519632272594670e+00
4.996845610000000000e+08 7.630498273530666786e+00
4.998053250000000000e+08 7.628072623866605007e+00
4.999218510000000000e+08 7.629358866934886407e+00
5.000386330000000000e+08 7.623878215446858064e+00
5.001563690000000000e+08 7.626501845128010437e+00
5.002773260000000000e+08 7.626259866799020237e+00
5.003969660000000000e+08 7.623522445256281088e+00
5.005149910000000000e+08 7.623746484143034685e+00
5.006332000000000000e+08 7.624899297872712367e+00
5.007541370000000000e+08 7.627484639017437118e+00
5.008735320000000000e+08 7.620894517372002852e+00
5.009921730000000000e+08 7.614409798595461965e+00
5.011091010000000000e+08 7.615863977035081334e+00
5.012288770000000000e+08 7.610500858037280381e+00
5.013468840000000000e+08 7.609991199358296043e+00
5.014655990000000000e+08 7.615026762405464389e+00
5.015840370000000000e+08 7.600707154533466792e+00
5.017026320000000000e+08 7.599526332229156189e+00
5.018229610000000000e+08 7.590720014441826535e+00
5.019436190000000000e+08 7.592531107625929643e+00
5.020621370000000000e+08 7.589864559509010178e+00
5.021801990000000000e+08 7.580538001539524728e+00
5.023007920000000000e+08 7.580780545046295948e+00
5.024164710000000000e+08 7.584813788112884758e+00
5.025337590000000000e+08 7.586143156816369526e+00
5.026527010000000000e+08 7.585343555372064728e+00
5.027727780000000000e+08 7.578057756922678578e+00
5.028909390000000000e+08 7.579531845412747160e+00
5.030094310000000000e+08 7.579805776957483587e+00
5.031302230000000000e+08 7.576005545408568409e+00
5.032512020000000000e+08 7.575760138982950309e+00
5.033677630000000000e+08 7.570764200767954755e+00
5.034833770000000000e+08 7.572836122788097590e+00
5.036031320000000000e+08 7.573263922084892741e+00
5.037194070000000000e+08 7.573202465891152535e+00
5.038396100000000000e+08 7.578093499763119745e+00
5.039592830000000000e+08 7.574330652533495467e+00
5.040790560000000000e+08 7.576065327139049899e+00
5.041978510000000000e+08 7.574414675987935830e+00
5.043166160000000000e+08 7.572428688407716102e+00
5.044341550000000000e+08 7.571260977370557477e+00
5.045534240000000000e+08 7.573850300382499512e+00
5.046712470000000000e+08 7.572411160561488330e+00
5.047916180000000000e+08 7.568619752771196474e+00
5.049108500000000000e+08 7.566173720644903788e+00
5.050292290000000000e+08 7.565208265484611339e+00
5.051448870000000000e+08 7.567363380793780792e+00
5.052600180000000000e+08 7.565586216592616431e+00
5.053769290000000000e+08 7.570178417344710198e+00
5.054946910000000000e+08 7.570853679792822533e+00
5.056126940000000000e+08 7.561909088208436103e+00
5.057301450000000000e+08 7.555837455482407705e+00
5.058463170000000000e+08 7.561956427197889852e+00
5.059608960000000000e+08 7.561209254811711133e+00
5.060777250000000000e+08 7.556978402985174093e+00
5.061960600000000000e+08 7.557974047425707553e+00
5.063145620000000000e+08 7.557239169089375430e+00
5.064358350000000000e+08 7.552188804405219003e+00
5.065529830000000000e+08 7.551446706007857834e+00
5.066753860000000000e+08 7.552337219044189531e+00
5.067911890000000000e+08 7.548217428113850325e+00
5.069090420000000000e+08 7.555417246574306134e+00
5.070278190000000000e+08 7.550930274810021992e+00
5.071462040000000000e+08 7.546914147433207987e+00
5.072664320000000000e+08 7.543007575810577237e+00
5.073862490000000000e+08 7.545385224471969465e+00
5.075054390000000000e+08 7.541410588369223511e+00
5.076229840000000000e+08 7.537856033394398025e+00
5.077395560000000000e+08 7.536512994782897046e+00
5.078561500000000000e+08 7.540341298990963281e+00
5.079787330000000000e+08 7.540946021632684904e+00
5.080992140000000000e+08 7.539268074953071164e+00
5.082175580000000000e+08 7.537534756732974905e+00
5.083353550000000000e+08 7.538782268820134469e+00
5.084534380000000000e+08 7.541813622752214563e+00
5.085697260000000000e+08 7.543528149703490726e+00
5.086894800000000000e+08 7.531806986559820061e+00
5.088076470000000000e+08 7.525828698855658416e+00
5.089249280000000000e+08 7.526866370750589397e+00
5.090460710000000000e+08 7.530943943074930758e+00
5.091636600000000000e+08 7.529313422229164665e+00
5.092838480000000000e+08 7.529793862774766922e+00
5.094043840000000000e+08 7.526745549639660027e+00
5.095228850000000000e+08 7.530058367310887846e+00
5.096422730000000000e+08 7.534863312243087030e+00
5.097592040000000000e+08 7.530421351109827022e+00
5.098776360000000000e+08 7.537101227956272353e+00
5.099940930000000000e+08 7.538800075455897698e+00
5.101105770000000000e+08 7.544748897969814294e+00
5.102305660000000000e+08 7.542167774175069894e+00
5.103481650000000000e+08 7.536833509461498437e+00
5.104677040000000000e+08 7.541768300290340399e+00
5.105868490000000000e+08 7.538036812681172094e+00
5.107042300000000000e+08 7.535116367428029704e+00
5.108226150000000000e+08 7.539488421025691167e+00
5.109406570000000000e+08 7.536515255649758771e+00
5.110573610000000000e+08 7.536749842175217040e+00
5.111752660000000000e+08 7.534857793617073973e+00
5.112942410000000000e+08 7.534766519804944274e+00
5.114126340000000000e+08 7.538838944700958500e+00
5.115327670000000000e+08 7.542453591847235295e+00
5.116510180000000000e+08 7.536137246757308894e+00
5.117676660000000000e+08 7.535061541451706368e+00
5.118826880000000000e+08 7.535767290278040598e+00
5.120030820000000000e+08 7.537255489613358783e+00
5.121193440000000000e+08 7.541545270846889082e+00
5.122368300000000000e+08 7.534476798166338085e+00
5.123529760000000000e+08 7.530495689169218743e+00
5.124706200000000000e+08 7.538254325785882060e+00
5.125876960000000000e+08 7.534933774276963980e+00
5.127062080000000000e+08 7.537359008991856513e+00
5.128255920000000000e+08 7.536302837484242012e+00
5.129451220000000000e+08 7.529303394903081426e+00
5.130670420000000000e+08 7.525447388548225369e+00
5.131864240000000000e+08 7.522745975634410165e+00
5.133021380000000000e+08 7.523558880351841616e+00
5.134196260000000000e+08 7.520324213857775497e+00
5.135366000000000000e+08 7.523178884090581775e+00
5.136553850000000000e+08 7.523385298816132050e+00
5.137757570000000000e+08 7.518592225409046925e+00
5.138916740000000000e+08 7.513632186290373660e+00
5.140117410000000000e+08 7.509427230132683206e+00
5.141271920000000000e+08 7.510249335258762926e+00
5.142485330000000000e+08 7.510293872745741339e+00
5.143701230000000000e+08 7.510988387921333498e+00
5.144907030000000000e+08 7.505240616922481678e+00
5.146094550000000000e+08 7.502643496456594896e+00
5.147310660000000000e+08 7.501603557644832776e+00
5.148500470000000000e+08 7.501991868859790635e+00
5.149712040000000000e+08 7.504308935211911447e+00
5.150915290000000000e+08 7.506765457687268217e+00
5.152088060000000000e+08 7.505690936737376084e+00
5.153266790000000000e+08 7.504960851485333428e+00
5.154436890000000000e+08 7.510386805578250780e+00
5.155623260000000000e+08 7.509790948180683046e+00
5.156767750000000000e+08 7.513143934862366535e+00
5.157968430000000000e+08 7.511480643663392520e+00
5.159137860000000000e+08 7.517791175048145647e+00
5.160320070000000000e+08 7.519240953446399089e+00
5.161506060000000000e+08 7.522705241476214333e+00
5.162700310000000000e+08 7.524806633658410071e+00
5.163870920000000000e+08 7.525624906859900598e+00
5.165076350000000000e+08 7.526142505235493552e+00
5.166271470000000000e+08 7.528162281102357412e+00
5.167429630000000000e+08 7.525952357961469552e+00
5.168592830000000000e+08 7.526103646016601978e+00
5.169805300000000000e+08 7.524364416318162441e+00
5.170978830000000000e+08 7.528493484158667925e+00
5.172140760000000000e+08 7.531015288113129813e+00
5.173359120000000000e+08 7.537440878208334638e+00
5.174552480000000000e+08 7.534773416000644986e+00
5.175724390000000000e+08 7.531166220961532431e+00
5.176912510000000000e+08 7.527063122839940945e+00
5.178099550000000000e+08 7.526905950310263549e+00
5.179284120000000000e+08 7.524602849497560975e+00
5.180479360000000000e+08 7.519828300198279969e+00
5.181666070000000000e+08 7.514237305924680754e+00
5.182850150000000000e+08 7.519839638595014364e+00
5.184044210000000000e+08 7.514587151380086816e+00
5.185217860000000000e+08 7.519569707209837972e+00
5.186383440000000000e+08 7.527990117927444658e+00
5.187539750000000000e+08 7.529200349329037145e+00
5.188702110000000000e+08 7.535233137536955894e+00
5.189883750000000000e+08 7.538346338423421500e+00
5.191070050000000000e+08 7.535738480555232321e+00
5.192278880000000000e+08 7.537064912347038792e+00
5.193446370000000000e+08 7.536994757952921731e+00
5.194634210000000000e+08 7.533243082225089537e+00
5.195806450000000000e+08 7.537543772455054025e+00
5.196980870000000000e+08 7.535932220448517072e+00
5.198163600000000000e+08 7.536953389782091506e+00
5.199315710000000000e+08 7.535853087371941150e+00
5.200505560000000000e+08 7.537476506048094826e+00
5.201712860000000000e+08 7.535983613730776298e+00
5.202911650000000000e+08 7.536065780888300480e+00
5.204087610000000000e+08 7.541153924982938683e+00
5.205312600000000000e+08 7.541927016961871288e+00
5.206524630000000000e+08 7.548568671981240819e+00
5.207709470000000000e+08 7.550879457871738865e+00
5.208920440000000000e+08 7.559611496923538176e+00
5.210081950000000000e+08 7.560073066905490968e+00
5.211285490000000000e+08 7.560260194641736042e+00
5.212440330000000000e+08 7.563256257128749382e+00
5.213608140000000000e+08 7.564195289619188856e+00
5.214843270000000000e+08 7.557628534297213818e+00
5.216069870000000000e+08 7.555578148747466471e+00
5.217245150000000000e+08 7.546591365525058492e+00
5.218405440000000000e+08 7.541946064040340403e+00
5.219596210000000000e+08 7.533973794223983056e+00
5.220787080000000000e+08 7.523219284258869877e+00
5.222002750000000000e+08 7.520260699020431261e+00
5.223163760000000000e+08 7.515988701936695549e+00
5.224320790000000000e+08 7.515238299403989686e+00
5.225506220000000000e+08 7.515127463057448054e+00
5.226693200000000000e+08 7.517571875773233714e+00
5.227879570000000000e+08 7.512322431553275948e+00
5.229017340000000000e+08 7.509185864330918392e+00
5.230172430000000000e+08 7.516564477586928916e+00
5.231352760000000000e+08 7.517113566989642948e+00
5.232543730000000000e+08 7.520545597870698984e+00
5.233757320000000000e+08 7.517936347274255304e+00
5.234947900000000000e+08 7.520632716331141943e+00
5.236123770000000000e+08 7.518726613298333916e+00
5.237275800000000000e+08 7.517739422360559587e+00
5.238457990000000000e+08 7.517165632116685536e+00
5.239640660000000000e+08 7.519708536586786174e+00
5.240819990000000000e+08 7.519528782155836311e+00
5.242010750000000000e+08 7.510700126629908269e+00
5.243184330000000000e+08 7.515523140942979907e+00
5.244360280000000000e+08 7.511682032731920700e+00
5.245546960000000000e+08 7.507233465806816497e+00
5.246736120000000000e+08 7.503336707894572299e+00
5.247916210000000000e+08 7.503150541617922720e+00
5.249104060000000000e+08 7.509581292939289554e+00
5.250280200000000000e+08 7.507614005028123039e+00
5.251492530000000000e+08 7.508186804686477700e+00
5.252678690000000000e+08 7.511078341606012287e+00
5.253864100000000000e+08 7.508602485087832790e+00
5.255051960000000000e+08 7.506916758599698092e+00
5.256230560000000000e+08 7.504661754540312479e+00
5.257357830000000000e+08 7.500587321590653112e+00
5.258549700000000000e+08 7.502053835245256153e+00
5.259720170000000000e+08 7.510273784618126669e+00
5.260914510000000000e+08 7.504433958781561387e+00
5.262067730000000000e+08 7.508073294433640577e+00
5.263255690000000000e+08 7.509867512811778667e+00
5.264457260000000000e+08 7.515111297874093488e+00
5.265620620000000000e+08 7.514039122924460301e+00
5.266793890000000000e+08 7.509355402502801979e+00
5.267988660000000000e+08 7.512565297968211375e+00
5.269168390000000000e+08 7.505911583268522591e+00
5.270331420000000000e+08 7.504977926695906021e+00
5.271503690000000000e+08 7.499632068501740356e+00
5.272710270000000000e+08 7.503786802239020837e+00
5.273876600000000000e+08 7.501048313747060270e+00
5.275059380000000000e+08 7.507563784892476555e+00
5.276265550000000000e+08 7.513262187686478022e+00
5.277418200000000000e+08 7.515079290674005819e+00
5.278596920000000000e+08 7.522886888143953676e+00
5.279765450000000000e+08 7.521454789505307659e+00
5.280937560000000000e+08 7.517222693837478431e+00
5.282122000000000000e+08 7.514491434091635114e+00
5.283311830000000000e+08 7.522785600607830858e+00
5.284471640000000000e+08 7.518232598100524022e+00
5.285659470000000000e+08 7.522250899273263514e+00
5.286874390000000000e+08 7.519498025434717015e+00
5.288063700000000000e+08 7.515059762307689795e+00
5.289254520000000000e+08 7.519222701225571903e+00
5.290438520000000000e+08 7.521150632245981349e+00
5.291632160000000000e+08 7.522889179417426853e+00
5.292811100000000000e+08 7.518343009585750636e+00
5.294003640000000000e+08 7.523136366908136807e+00
5.295200640000000000e+08 7.519137796583129862e+00
5.296390270000000000e+08 7.520537658052841579e+00
5.297575660000000000e+08 7.516609252547415743e+00
5.298729010000000000e+08 7.522885866136181932e+00
5.299904430000000000e+08 7.520430554990768179e+00
5.301090280000000000e+08 7.527100537450346351e+00
5.302281950000000000e+08 7.521512212752390347e+00
5.303481530000000000e+08 7.521080963305258216e+00
5.304669790000000000e+08 7.517024094785792698e+00
5.305861370000000000e+08 7.517965094963829920e+00
5.307019980000000000e+08 7.513630706679433224e+00
5.308215580000000000e+08 7.509989639356469127e+00
5.309416880000000000e+08 7.508581584116559071e+00
5.310602700000000000e+08 7.506558009417790167e+00
5.311825800000000000e+08 7.509263307779761476e+00
5.313016730000000000e+08 7.503723214995801527e+00
5.314198650000000000e+08 7.501382401059336402e+00
5.315371660000000000e+08 7.502598409682963876e+00
5.316541960000000000e+08 7.504114293369742228e+00
5.317752480000000000e+08 7.496963621170524839e+00
5.318933210000000000e+08 7.494394498528635040e+00
5.320138470000000000e+08 7.496135115780580449e+00
5.321310070000000000e+08 7.493423703969498639e+00
5.322475930000000000e+08 7.486738530063109742e+00
5.323654560000000000e+08 7.486108204376877850e+00
5.324840400000000000e+08 7.484739516730738451e+00
5.326041720000000000e+08 7.491232066662087519e+00
5.327250440000000000e+08 7.494406688361381796e+00
5.328428850000000000e+08 7.498638453151417416e+00
5.329639960000000000e+08 7.503085484012892437e+00
5.330860840000000000e+08 7.502413577944544443e+00
5.332046170000000000e+08 7.505722849824500109e+00
5.333244780000000000e+08 7.502298373543470511e+00
5.334417680000000000e+08 7.497537588401782749e+00
5.335627310000000000e+08 7.503172299984870008e+00
5.336801910000000000e+08 7.506690381658282618e+00
5.338011250000000000e+08 7.504703362268034361e+00
5.339201090000000000e+08 7.503029633044993041e+00
5.340365560000000000e+08 7.501770665130678140e+00
5.341521570000000000e+08 7.500642603852474721e+00
5.342699780000000000e+08 7.494556594482067347e+00
5.343873120000000000e+08 7.490274084761797901e+00
5.345059590000000000e+08 7.478163454650983866e+00
5.346254340000000000e+08 7.487266907355680345e+00
5.347428210000000000e+08 7.478269444017263012e+00
5.348597240000000000e+08 7.474547862368891238e+00
5.349795990000000000e+08 7.486315252429273315e+00
5.350973360000000000e+08 7.489792574886457999e+00
5.352160930000000000e+08 7.489847142349196574e+00
5.353339910000000000e+08 7.484819687224524287e+00
5.354518120000000000e+08 7.487001672137314934e+00
5.355695670000000000e+08 7.485626581024131809e+00
5.356873470000000000e+08 7.486360059136111467e+00
5.358039610000000000e+08 7.483232973755938211e+00
5.359214280000000000e+08 7.477767760605635416e+00
5.360360850000000000e+08 7.479439441579654790e+00
5.361530280000000000e+08 7.486880562945261275e+00
5.362733870000000000e+08 7.485860894516265240e+00
5.363913880000000000e+08 7.487951973728646848e+00
5.365109730000000000e+08 7.487574966007514377e+00
5.366305660000000000e+08 7.493747373016195645e+00
5.367502430000000000e+08 7.495760208214771403e+00
5.368695500000000000e+08 7.489374610561513101e+00
5.369871170000000000e+08 7.492543570615495696e+00
5.371055130000000000e+08 7.495966688139588996e+00
5.372251440000000000e+08 7.492618460673740266e+00
5.373431490000000000e+08 7.494216464785710130e+00
5.374566170000000000e+08 7.489394206099107443e+00
5.375749810000000000e+08 7.491836076734191607e+00
5.376931170000000000e+08 7.494400315682135272e+00
5.378097770000000000e+08 7.490861571373417682e+00
5.379279830000000000e+08 7.485414886244181609e+00
5.380480840000000000e+08 7.482607980242923063e+00
5.381647360000000000e+08 7.480418177468896701e+00
5.382833430000000000e+08 7.477856638963603864e+00
5.384047910000000000e+08 7.473563528954207058e+00
5.385197550000000000e+08 7.462414811981695983e+00
5.386358730000000000e+08 7.465329124686546969e+00
5.387508850000000000e+08 7.466412348547269318e+00
5.388685620000000000e+08 7.471830629341089214e+00
5.389868050000000000e+08 7.474126108483720721e+00
5.391048440000000000e+08 7.467205277767416050e+00
5.392224480000000000e+08 7.464642201575488301e+00
5.393409380000000000e+08 7.464907999380483439e+00
5.394584690000000000e+08 7.464149102058851959e+00
5.395750750000000000e+08 7.467678321515346163e+00
5.396934490000000000e+08 7.469868996885232093e+00
5.398116720000000000e+08 7.465899971095410592e+00
5.399331460000000000e+08 7.460311961724856999e+00
5.400520910000000000e+08 7.464012993719503442e+00
5.401685080000000000e+08 7.464976504189089646e+00
5.402837730000000000e+08 7.459515096706823556e+00
5.404032410000000000e+08 7.460488119757042291e+00
5.405204200000000000e+08 7.457740212200749674e+00
5.406384930000000000e+08 7.461543184005748230e+00
5.407581270000000000e+08 7.462185088933216193e+00
5.408777570000000000e+08 7.453271734994128650e+00
5.409964340000000000e+08 7.453415321372581559e+00
5.411165890000000000e+08 7.448356939060490234e+00
5.412330340000000000e+08 7.444633495460948325e+00
5.413519610000000000e+08 7.441054714706017315e+00
5.414719620000000000e+08 7.441419146776128812e+00
5.415921430000000000e+08 7.442639638582801531e+00
5.417112760000000000e+08 7.438241632370061751e+00
5.418296640000000000e+08 7.441024627657244039e+00
5.419475120000000000e+08 7.442810596104467713e+00
5.420679550000000000e+08 7.437631370294463196e+00
5.421886010000000000e+08 7.440803535725347473e+00
5.423061160000000000e+08 7.444427188780659677e+00
5.424224610000000000e+08 7.446806727725761910e+00
5.425385010000000000e+08 7.449125564050234516e+00
5.426574440000000000e+08 7.442512664261633049e+00
5.427784450000000000e+08 7.442595894306962556e+00
5.428982750000000000e+08 7.434075984072408438e+00
5.430160920000000000e+08 7.427232812873306500e+00
5.431331940000000000e+08 7.420107356747887017e+00
5.432545660000000000e+08 7.420409650032300242e+00
5.433724660000000000e+08 7.417874424938528222e+00
5.434912720000000000e+08 7.418549467909278050e+00
5.436111850000000000e+08 7.415320175323300234e+00
5.437285750000000000e+08 7.415045184950856516e+00
5.438436690000000000e+08 7.417273778062568823e+00
5.439626130000000000e+08 7.427657984362931565e+00
5.440817300000000000e+08 7.431950442290486514e+00
5.441995580000000000e+08 7.434948060756890520e+00
5.443160830000000000e+08 7.434376992833620967e+00
5.444357100000000000e+08 7.437750380141225470e+00
5.445564150000000000e+08 7.440299611939820146e+00
5.446789060000000000e+08 7.441373719191307856e+00
5.447959910000000000e+08 7.445620550352920475e+00
5.449151590000000000e+08 7.446204797131400710e+00
5.450337290000000000e+08 7.439926526299506904e+00
5.451543700000000000e+08 7.443649987473769158e+00
5.452723280000000000e+08 7.440186650164429594e+00
5.453903580000000000e+08 7.436270034407013618e+00
5.455079030000000000e+08 7.438601904277368781e+00
5.456278330000000000e+08 7.445823028642275965e+00
5.457469710000000000e+08 7.444898696167682850e+00
5.458674940000000000e+08 7.437901703514361529e+00
5.459871500000000000e+08 7.435008259537903896e+00
5.461060490000000000e+08 7.441033641576635382e+00
5.462256210000000000e+08 7.442689896741544686e+00
5.463424120000000000e+08 7.442607655085407004e+00
5.464586060000000000e+08 7.439133113306352740e+00
5.465809880000000000e+08 7.441067118973105465e+00
5.466981520000000000e+08 7.440601839313419674e+00
5.468150660000000000e+08 7.441046815581517926e+00
5.469332800000000000e+08 7.436190415464289494e+00
5.470507790000000000e+08 7.431244827423557631e+00
5.471707850000000000e+08 7.431838019767165626e+00
5.472906520000000000e+08 7.429332084610656750e+00
5.474078300000000000e+08 7.428583429656562487e+00
5.475248520000000000e+08 7.429052849308159345e+00
5.476410830000000000e+08 7.427066075287116931e+00
5.477569350000000000e+08 7.423156113117920896e+00
5.478752460000000000e+08 7.424373475494268071e+00
5.479922950000000000e+08 7.431295941398778027e+00
5.481115680000000000e+08 7.436321169441823642e+00
5.482337380000000000e+08 7.427445079026202990e+00
5.483526270000000000e+08 7.428735618704289223e+00
5.484702240000000000e+08 7.424268684146905883e+00
5.485873080000000000e+08 7.424108274160209575e+00
5.487061840000000000e+08 7.425235625864994304e+00
5.488260360000000000e+08 7.426478574863892845e+00
5.489456640000000000e+08 7.424738178983750103e+00
5.490665770000000000e+08 7.422939653572916185e+00
5.491812870000000000e+08 7.420725365682815600e+00
5.492987380000000000e+08 7.420922000544133645e+00
5.494148580000000000e+08 7.423673585546433529e+00
5.495354750000000000e+08 7.425159775715738597e+00
5.496530780000000000e+08 7.424369324811826765e+00
5.497709240000000000e+08 7.424348575445366194e+00
5.498907760000000000e+08 7.428770099270354699e+00
5.500059640000000000e+08 7.432543858078078713e+00
5.501265340000000000e+08 7.429782580247542789e+00
5.502442710000000000e+08 7.431442946712555120e+00
5.503637910000000000e+08 7.430778997436843447e+00
5.504811080000000000e+08 7.428240941068811054e+00
5.506004260000000000e+08 7.427628728695029992e+00
5.507188890000000000e+08 7.428933626993080352e+00
5.508371290000000000e+08 7.432281616607321340e+00
5.509558940000000000e+08 7.426562709297077625e+00
5.510730960000000000e+08 7.425130608135232180e+00
5.511921710000000000e+08 7.424055097167769901e+00
5.513124130000000000e+08 7.424700383643449086e+00
5.514305740000000000e+08 7.419561833801297190e+00
5.515499290000000000e+08 7.417567272076588836e+00
5.516672730000000000e+08 7.424012730857556086e+00
5.517854340000000000e+08 7.422604080307512397e+00
5.519025180000000000e+08 7.417457291851035528e+00
5.520163790000000000e+08 7.426300231469909363e+00
5.521328310000000000e+08 7.423995433539750444e+00
5.522508950000000000e+08 7.427914476703224800e+00
5.523706030000000000e+08 7.425668753840259484e+00
5.524919880000000000e+08 7.418450779678592788e+00
5.526098590000000000e+08 7.421529389428917156e+00
5.527300510000000000e+08 7.421857990279483452e+00
5.528516990000000000e+08 7.427651341864697443e+00
5.529697250000000000e+08 7.429096865545480100e+00
5.530876660000000000e+08 7.428678420393923787e+00
5.532075420000000000e+08 7.425707738970796612e+00
5.533229210000000000e+08 7.429726799865247422e+00
5.534409480000000000e+08 7.430450098322245012e+00
5.535597780000000000e+08 7.428183829350335721e+00
5.536766350000000000e+08 7.428921764919392601e+00
5.537944060000000000e+08 7.433630097648580737e+00
5.539130310000000000e+08 7.429680347339589375e+00
5.540302230000000000e+08 7.427766272128630831e+00
5.541492750000000000e+08 7.429915368305247902e+00
5.542730130000000000e+08 7.434540281668148509e+00
5.543926970000000000e+08 7.438685904124586301e+00
5.545148890000000000e+08 7.439092514365981401e+00
5.546363200000000000e+08 7.440506073829872058e+00
5.547532460000000000e+08 7.442737236053837968e+00
5.548698040000000000e+08 7.438536843969231427e+00
5.549887700000000000e+08 7.442688592980554851e+00
5.551027800000000000e+08 7.445071468724007602e+00
5.552230910000000000e+08 7.444081724307881842e+00
5.553428190000000000e+08 7.440727453566378991e+00
5.554597000000000000e+08 7.434517288902466881e+00
5.555806200000000000e+08 7.436093008487294043e+00
5.557013120000000000e+08 7.443879172702114744e+00
5.558166580000000000e+08 7.441199048802843663e+00
5.559340450000000000e+08 7.440598423038339959e+00
5.560516760000000000e+08 7.440493778632363941e+00
5.561706420000000000e+08 7.441759823164453280e+00
5.562907400000000000e+08 7.445430599951000872e+00
5.564092560000000000e+08 7.450788992787484410e+00
5.565262240000000000e+08 7.457816315136872376e+00
5.566458160000000000e+08 7.459635988147224062e+00
5.567671150000000000e+08 7.462772312825775245e+00
5.568848170000000000e+08 7.463172663950982333e+00
5.570011410000000000e+08 7.460562207230465148e+00
5.571213110000000000e+08 7.454954468689395597e+00
5.572393620000000000e+08 7.453969876311957066e+00
5.573592130000000000e+08 7.453151445776911466e+00
5.574766000000000000e+08 7.454203648843719776e+00
5.575919470000000000e+08 7.452277257537843091e+00
5.577127470000000000e+08 7.454902038718374868e+00
5.578308630000000000e+08 7.450001684245719957e+00
5.579481700000000000e+08 7.458103931258684760e+00
5.580682560000000000e+08 7.453607969153434709e+00
5.581870270000000000e+08 7.446469406275669556e+00
5.583037900000000000e+08 7.442761317972287571e+00
5.584210180000000000e+08 7.435036104067244800e+00
5.585369470000000000e+08 7.438830143107051818e+00
5.586556780000000000e+08 7.434679856637906425e+00
5.587726450000000000e+08 7.432875578163018915e+00
5.588930120000000000e+08 7.428939094071859373e+00
5.590132250000000000e+08 7.429272444796893637e+00
5.591344710000000000e+08 7.422858296328167071e+00
5.592514120000000000e+08 7.425959259089590425e+00
5.593728060000000000e+08 7.427402802963318784e+00
5.594927290000000000e+08 7.433713044586243157e+00
5.596113930000000000e+08 7.435139989967455065e+00
5.597273020000000000e+08 7.433807559454608693e+00
5.598470930000000000e+08 7.435013066028105300e+00
5.599676650000000000e+08 7.433147594336867670e+00
5.600859490000000000e+08 7.435202935224797471e+00
5.602040920000000000e+08 7.435322154536143202e+00
5.603229830000000000e+08 7.433548473456983885e+00
5.604403290000000000e+08 7.431238628298722837e+00
5.605579810000000000e+08 7.424028138632937868e+00
5.606772370000000000e+08 7.433709928068360284e+00
5.607935430000000000e+08 7.433677875791104839e+00
5.609122410000000000e+08 7.430889640426211251e+00
5.610314150000000000e+08 7.435092612244827315e+00
5.611486550000000000e+08 7.437470490736873607e+00
5.612699840000000000e+08 7.441891572819486989e+00
5.613860910000000000e+08 7.437473453384333411e+00
5.615039950000000000e+08 7.436410113027699609e+00
5.616200430000000000e+08 7.438375513913815240e+00
5.617364960000000000e+08 7.437175247146848633e+00
5.618556420000000000e+08 7.449309101014449652e+00
5.619702200000000000e+08 7.455182033064466474e+00
5.620891060000000000e+08 7.458178934685057548e+00
5.622088550000000000e+08 7.454509845984786054e+00
5.623298960000000000e+08 7.456411504777369359e+00
5.624493080000000000e+08 7.450161863744034996e+00
5.625690660000000000e+08 7.447910989333125897e+00
5.626888080000000000e+08 7.441589881172343546e+00
5.628069650000000000e+08 7.439321984202392102e+00
5.629220320000000000e+08 7.438419093663440229e+00
5.630393680000000000e+08 7.442362010867078936e+00
5.631550330000000000e+08 7.446497994693791256e+00
5.632718920000000000e+08 7.443011304754407753e+00
5.633888830000000000e+08 7.439749959043551186e+00
5.635049010000000000e+08 7.434424613114407165e+00
5.636225160000000000e+08 7.428562350747102805e+00
5.637416340000000000e+08 7.435060639599038623e+00
5.638588040000000000e+08 7.433415905429832549e+00
5.639787060000000000e+08 7.436434831233696308e+00
5.640978820000000000e+08 7.440111499495850822e+00
5.642145080000000000e+08 7.445975153780968192e+00
5.643341110000000000e+08 7.445891199492796098e+00
5.644515280000000000e+08 7.451944492354394711e+00
5.645682180000000000e+08 7.454760856065019148e+00
5.646866730000000000e+08 7.459071181999003208e+00
5.648038950000000000e+08 7.456256426611233223e+00
5.649201870000000000e+08 7.454199761454292528e+00
5.650380410000000000e+08 7.459441765731146035e+00
5.651581980000000000e+08 7.459569581755246759e+00
5.652742670000000000e+08 7.465143474753947572e+00
5.653954300000000000e+08 7.458434413183859135e+00
5.655134540000000000e+08 7.462764903030505437e+00
5.656303080000000000e+08 7.451650795920222947e+00
5.657512660000000000e+08 7.447174589417516977e+00
5.658702170000000000e+08 7.445267028847617929e+00
5.659881180000000000e+08 7.441346666645879182e+00
5.661072630000000000e+08 7.450952638487413182e+00
5.662226440000000000e+08 7.449200617732281593e+00
5.663412890000000000e+08 7.451600675487899395e+00
5.664610850000000000e+08 7.449289319755292738e+00
5.665773550000000000e+08 7.449243666414832710e+00
5.666947370000000000e+08 7.452359287383228725e+00
5.668093710000000000e+08 7.455059704126968612e+00
5.669286810000000000e+08 7.456300916371510823e+00
5.670475560000000000e+08 7.454593780352944066e+00
5.671646790000000000e+08 7.453358870380493606e+00
5.672835340000000000e+08 7.448720605029456543e+00
5.674058130000000000e+08 7.443843764263732510e+00
5.675262850000000000e+08 7.440906678445895928e+00
5.676447390000000000e+08 7.435482730776346472e+00
5.677613780000000000e+08 7.440104653408288193e+00
5.678839160000000000e+08 7.435529975255891877e+00
5.680029760000000000e+08 7.434619080376521083e+00
5.681208500000000000e+08 7.429739277914889861e+00
5.682362650000000000e+08 7.435311767211454814e+00
5.683544180000000000e+08 7.436224495820894731e+00
5.684722610000000000e+08 7.441410457979006132e+00
5.685893790000000000e+08 7.434575668812937188e+00
5.687092070000000000e+08 7.438147668499677678e+00
5.688287810000000000e+08 7.445498738913700620e+00
5.689474990000000000e+08 7.444937469809570274e+00
5.690641960000000000e+08 7.448653789596976438e+00
5.691808340000000000e+08 7.448484261905987225e+00
5.692959380000000000e+08 7.445457312995533705e+00
5.694126010000000000e+08 7.437211135683150509e+00
5.695290510000000000e+08 7.442828213550631844e+00
5.696465810000000000e+08 7.436404187871234583e+00
5.697640090000000000e+08 7.436161854011695382e+00
5.698803250000000000e+08 7.440655891114444920e+00
5.699979580000000000e+08 7.438802959372460499e+00
5.701165760000000000e+08 7.437868619154406780e+00
5.702367200000000000e+08 7.435475597945396586e+00
5.703513450000000000e+08 7.433302360096028849e+00
5.704697940000000000e+08 7.427962540192629248e+00
5.705870330000000000e+08 7.430513785803227300e+00
5.707038680000000000e+08 7.440600123145358680e+00
5.708241700000000000e+08 7.438985776158926200e+00
5.709408970000000000e+08 7.437603364393463146e+00
5.710629020000000000e+08 7.438636481167330672e+00
5.711806650000000000e+08 7.442207354165866207e+00
5.713016460000000000e+08 7.437622825041326990e+00
5.714211870000000000e+08 7.435965754933712368e+00
5.715369410000000000e+08 7.438167036316023939e+00
5.716528390000000000e+08 7.431822433180226284e+00
5.717747290000000000e+08 7.441783823664010811e+00
5.718937730000000000e+08 7.442338476132412062e+00
5.720112400000000000e+08 7.444787799278991258e+00
5.721267040000000000e+08 7.446018971893180627e+00
5.722479580000000000e+08 7.451042120733229801e+00
5.723681040000000000e+08 7.446531072238780524e+00
5.724856430000000000e+08 7.436255884191795396e+00
5.726065480000000000e+08 7.440741784810223969e+00
5.727235470000000000e+08 7.431187261077661255e+00
5.728413640000000000e+08 7.427762338133263142e+00
5.729580970000000000e+08 7.432909710415059656e+00
5.730778740000000000e+08 7.433876400349196167e+00
5.731970630000000000e+08 7.430046989006098279e+00
5.733152370000000000e+08 7.430582874646346703e+00
5.734348300000000000e+08 7.430563799729958063e+00
5.735548470000000000e+08 7.433012618510018932e+00
5.736711670000000000e+08 7.434929276420727540e+00
5.737894580000000000e+08 7.433643861860706359e+00
5.739042530000000000e+08 7.432206386216316574e+00
5.740210180000000000e+08 7.428329546741916367e+00
5.741415340000000000e+08 7.430574695462821566e+00
5.742617750000000000e+08 7.424228905931219202e+00
5.743807760000000000e+08 7.421071392938874745e+00
5.744945690000000000e+08 7.423310690716657056e+00
5.746114820000000000e+08 7.424846825930676353e+00
5.747334770000000000e+08 7.422704760014719128e+00
5.748520280000000000e+08 7.426428692537989207e+00
5.749691800000000000e+08 7.422972309529278334e+00
5.750846560000000000e+08 7.423578207562793629e+00
5.752040150000000000e+08 7.423524908711732095e+00
5.753196370000000000e+08 7.422691140053101932e+00
5.754352400000000000e+08 7.422270820860484619e+00
5.755528590000000000e+08 7.419913215560459463e+00
5.756718730000000000e+08 7.415047706056523857e+00
5.757914120000000000e+08 7.416458560649020981e+00
5.759090350000000000e+08 7.421143083333174850e+00
5.760280760000000000e+08 7.423168418585621708e+00
5.761486880000000000e+08 7.418100447176766643e+00
5.762671220000000000e+08 7.416843387446840907e+00
5.763890120000000000e+08 7.420162480285562800e+00
5.765110510000000000e+08 7.418710007650078708e+00
5.766293910000000000e+08 7.422115895877492875e+00
5.767485930000000000e+08 7.424145856365850449e+00
5.768680240000000000e+08 7.421705273162405803e+00
5.769861530000000000e+08 7.423656803676125016e+00
5.771029770000000000e+08 7.420408546954448958e+00
5.772212760000000000e+08 7.420753921044788370e+00
5.773382010000000000e+08 7.418463798276059507e+00
5.774569700000000000e+08 7.421156927410028636e+00
5.775802630000000000e+08 7.418792523233494585e+00
5.777010170000000000e+08 7.420197721878915686e+00
5.778212970000000000e+08 7.422259969833796767e+00
5.779402730000000000e+08 7.419637107949646371e+00
5.780557250000000000e+08 7.421175429534002888e+00
5.781760430000000000e+08 7.428224500795835183e+00
5.782935570000000000e+08 7.428235984467146835e+00
5.784121100000000000e+08 7.433809220937936502e+00
5.785308190000000000e+08 7.431026044437581746e+00
5.786487210000000000e+08 7.438774132653166227e+00
5.787685260000000000e+08 7.437082411201757282e+00
5.788848220000000000e+08 7.435371693208756128e+00
5.790035820000000000e+08 7.434849821769228484e+00
5.791217170000000000e+08 7.434723124317045517e+00
5.792435030000000000e+08 7.432705035254854486e+00
5.793627070000000000e+08 7.436630327058650458e+00
5.794833800000000000e+08 7.433844749472685365e+00
5.796034570000000000e+08 7.427389109110047904e+00
5.797218760000000000e+08 7.431219443843639638e+00
5.798400820000000000e+08 7.424246246536192473e+00
5.799615750000000000e+08 7.427182749227490000e+00
5.800808820000000000e+08 7.424460182895732174e+00
5.801978800000000000e+08 7.419327406872064046e+00
5.803152900000000000e+08 7.418569238837101842e+00
5.804306370000000000e+08 7.414479685536282005e+00
5.805487540000000000e+08 7.412388816280814474e+00
5.806680310000000000e+08 7.413559487285409588e+00
5.807888510000000000e+08 7.411559250232825136e+00
5.809075220000000000e+08 7.412932891236629018e+00
5.810259530000000000e+08 7.409805381897132115e+00
5.811445340000000000e+08 7.409164416091247318e+00
5.812622630000000000e+08 7.413905866671226086e+00
5.813794970000000000e+08 7.408498015667430714e+00
5.814969940000000000e+08 7.413108441996901554e+00
5.816129630000000000e+08 7.408051705253415165e+00
5.817336110000000000e+08 7.408102517407640697e+00
5.818517580000000000e+08 7.408295604118757538e+00
5.819710160000000000e+08 7.406166577222943914e+00
5.820906430000000000e+08 7.406494847129430070e+00
5.822110330000000000e+08 7.396769130154657645e+00
5.823270030000000000e+08 7.396368776874555628e+00
5.824459190000000000e+08 7.396643758373854460e+00
5.825650630000000000e+08 7.404241515405497687e+00
5.826838400000000000e+08 7.403783910028472803e+00
5.828014610000000000e+08 7.407616301076239473e+00
5.829219070000000000e+08 7.409618725220894042e+00
5.830397640000000000e+08 7.407688932443037721e+00
5.831576650000000000e+08 7.406005931479326065e+00
5.832778820000000000e+08 7.401245497875247992e+00
5.833987060000000000e+08 7.409722582252177503e+00
5.835188240000000000e+08 7.405294715596976829e+00
5.836363910000000000e+08 7.405568445315919845e+00
5.837529260000000000e+08 7.402925277726765785e+00
5.838738450000000000e+08 7.401529667320584593e+00
5.839903910000000000e+08 7.403516044072684821e+00
5.841083990000000000e+08 7.398007348736936883e+00
5.842275790000000000e+08 7.399583626226381661e+00
5.843437570000000000e+08 7.403792109260346699e+00
5.844626650000000000e+08 7.394668430172510298e+00
5.845825470000000000e+08 7.391099480881767825e+00
5.847020670000000000e+08 7.389149303956135562e+00
5.848205290000000000e+08 7.389024304972556578e+00
5.849404850000000000e+08 7.391872512474032320e+00
5.850605260000000000e+08 7.391211271746313649e+00
5.851783120000000000e+08 7.392303114388925067e+00
5.852953000000000000e+08 7.390629254657117286e+00
5.854125010000000000e+08 7.391302687057047294e+00
5.855283040000000000e+08 7.387610153513157307e+00
5.856447050000000000e+08 7.390640630629775387e+00
5.857645210000000000e+08 7.383905969552760240e+00
5.858809100000000000e+08 7.379820806287750834e+00
5.860014130000000000e+08 7.385725583662745564e+00
5.861186580000000000e+08 7.382996450881581296e+00
5.862402970000000000e+08 7.378239714910333369e+00
5.862945020000000000e+08 7.379740438262759383e+00
